1	500000000000004620	ぐんぶす@生涯下僕	1654623
2	100000000000079726	あがちゃん	1187774
3	45989	とらぽ	1039855
4	1400000000000004393	あな	1004258
5	900000000000000349	メレリア	801790
6	300000000000023818	ユタカ@ラウメン募集中	716316
7	300000000000001586	ぺそ	684641
8	700000000000000268	eko	659304
9	1500000000000051854	ゆと	647747
10	700000000000057048	HARTMAN08	609784
11	1100000000000006983	こーじん	592662
12	1000000000000010126	もっち	563140
13	1200000000000062588	アマツキ	562980
14	1100000000000026770	zumi@1FA	534633
15	100000000000085175	ぱちぇ	514297
16	75558	ヒカル	450307
17	200000000000008341	旋律の蒼	441021
18	1000000000000072603	マの字	438976
19	1200000000000024109	ハンマーＰ@hanmer927	438686
20	500000000000005407	こっぺり	429483
21	800000000000081445	HaRi	429331
22	700000000000003459	よっしー	425155
23	1400000000000005598	ぼんた＠百合子P	425062
24	100000000000017056	笹来	411641
25	300000000000001831	ガオ(ラウメン募集中)	401245
26	51679	けろP	385380
27	1000000000000007842	御影夢月PことTERURU	380782
28	500000000000014553	鈴衣	370634
29	800000000000002247	ユニロデ	366529
30	800000000000026981	sei	362080
31	400000000000001977	naonao	355703
32	800000000000005624	TOGO	355249
33	500000000000006747	Puccaリボン	353017
34	1100000000000057779	ガチムチボーイ	350711
35	1300000000000007004	ぎば	343102
36	900000000000020708	シソ	340709
37	1000000000000019681	kei	336258
38	1500000000000007346	あいす	333848
39	700000000000082064	れいあ	332651
40	1500000000000002038	靖臣	330035
41	900000000000080364	ゆうほー	325874
42	200000000000082606	くめふじ	325760
43	1500000000000001581	がんとぅ	324184
44	700000000000088728	凸口	320876
45	100000000000003269	ede-pyon	320332
46	300000000000081912	20thboys	317671
47	1300000000000006187	ナオ	315715
48	200000000000002923	うずら	315203
49	700000000000075495	チャパ	314494
50	900000000000051147	ドヤP	312155
51	8433	すとら	309478
52	1000000000000094111	YEBISU	307379
53	500000000000094246	ナビスコ	303947
54	1400000000000026140	八馬	303301
55	900000000000003413	凸ちゃん	301165
56	600000000000000608	ミラン	300762
57	400000000000000846	二十日。	298881
58	400000000000078546	優等生	298134
59	600000000000045411	くらげ	297136
60	900000000000048401	コンマ26	289948
61	1500000000000017494	ﾊｽﾌﾞﾚﾛー	287608
62	78073	淡丁	283883
63	100000000000036557	ana(アナ)	279203
64	1400000000000019551	ヤマノウエ	276386
65	600000000000012752	あつし	273184
66	300000000000079949	しょう	255904
67	900000000000035786	おにぎり	251339
68	1400000000000016192	すばるん　放置	250483
69	1400000000000055732	かたたたき	247442
70	300000000000085295	零	242728
71	500000000000003559	い	231740
72	1300000000000005733	ｶﾞﾙｼｱ	230873
73	500000000000037314	パルパロ	230017
74	300000000000012068	涼月＠瑞希P（元：篠宮）	229378
75	79940	たまきん@様子見	225919
76	1100000000000085617	のーち	222953
77	1400000000000000840	かすけ～ど	218687
78	1500000000000003442	しろん	215879
79	400000000000051282	カケハ	211596
80	800000000000015317	しづー	208351
81	1300000000000006850	Generation3	203408
82	1000000000000076312	毬尻尾	198849
83	200000000000076482	ユキナリ	196548
84	1200000000000018159	花摘み	195424
85	100000000000039002	かめこ	194380
86	200000000000004253	れいしき	194197
87	500000000000079335	小豆嶋	194090
88	1200000000000001954	よしP	192533
89	900000000000094639	p	190204
90	1300000000000057696	新さん	189567
91	400000000000001121	防御リツ	183861
92	500000000000027653	ヒロMK-2	182230
93	200000000000052926	やんし	179156
94	600000000000051447	はる	178162
95	1000000000000005433	drzzub553	175648
96	1200000000000024302	スカルちく	174830
97	1100000000000003636	aiSuzuki	174012
98	1500000000000052147	Or@nge	170225
99	900000000000005302	御霞月	169880
100	900000000000000233	空井	167952
101	600000000000037098	tsq@真全所持	167910
102	400000000000001439	たけち	167003
103	1200000000000082502	doma	166740
104	800000000000057106	su3	166020
105	700000000000051826	ろうし	165010
106	600000000000045749	Zin	164982
107	200000000000060307	ぺけ	163941
108	12510	dai	162921
109	1400000000000077745	ちよー	161068
110	700000000000097647	LABY	160704
111	1100000000000012626	ふにゅう	158969
112	400000000000052253	ぜっきー	158911
113	100000000000004451	taka	158869
114	196	しゃるるP	153661
115	1200000000000011622	レク	153642
116	1000000000000059849	misa.	153586
117	1500000000000007832	あき	152615
118	900000000000003986	さいちん	151353
119	700000000000006728	とりあえづ	150997
120	1200000000000002062	とまちゃー	149492
121	200000000000028105	ひてん	147626
122	700000000000024886	ジョージ	147140
123	300000000000061122	ぐりこ	146950
124	3849	西岡Ｐ＠求)Vo属性R　出)他属性R	146434
125	200000000000014350	ごうクロ！	146166
126	1300000000000003977	ギレンP@ラウメン募集中！	145673
127	800000000000005054	taki	142275
128	300000000000082615	さなやた	141729
129	500000000000014571	けすごり	138273
130	1300000000000007572	ラッピー	136148
131	900000000000002983	はにまる	135080
132	900000000000010889	BCP	133783
133	1000000000000011393	eg	133263
134	900000000000001190	すかわら	133108
135	800000000000002100	篠瀬	132773
136	20412	さくら	132767
137	400000000000009661	デンチュラ	132569
138	600000000000031829	遊佐	131928
139	400000000000014880	モスト	131240
140	400000000000086536	火鳥	131063
141	400000000000031032	イクスシスχ夢魅て眠る†夜雲月∮	127608
142	800000000000074013	街星[支店長]	127422
143	1500000000000082053	桜井礫	125457
144	800000000000096676	おおとり	125064
145	1000000000000052244	もよもと	124966
146	100000000000022700	わー	124665
147	200000000000063347	あるぅ	123210
148	1400000000000023289	ナかT@i	121868
149	1300000000000007887	きしょう	120386
150	700000000000005978	にゃんこ丼	119951
151	1500000000000013333	ふじよPP	119394
152	900000000000001034	ぽむぽむ	118809
153	1400000000000060132	クララ	118651
154	700000000000073877	1kk	117045
155	200000000000061492	かいじゃりん	116662
156	1500000000000084431	こいこい	116511
157	1100000000000032853	まこつ｡＠ウニP	116479
158	1300000000000030113	エリコスキー	116474
159	1100000000000008049	TIJA	114898
160	1500000000000001717	むささび/BMD相互埋め募集	114321
161	1300000000000052945	Ctake	113196
162	1300000000000027842	わしゃおζ*'ヮ')ζ	111254
163	900000000000056841	のん	110631
164	300000000000021590	アース	110377
165	700000000000004721	GSXZ	109491
166	1300000000000081353	文萌	106890
167	1500000000000039105	nights	106733
168	100000000000050988	あつもり	106713
169	1200000000000015880	kyoka	106229
170	1200000000000026552	悠馬	105810
171	1200000000000001507	ばし	105648
172	600000000000038540	ママカリ	105396
173	1300000000000002305	ですてぃにー	104788
174	600000000000000156	ぼっくる	104707
175	1300000000000000051	ちゅうsan	104247
176	1200000000000079657	くらぐら	104106
177	1200000000000094652	cysteine	103937
178	1100000000000016260	すぴ	103391
179	300000000000022696	コジ	103343
180	80290	Wolfnagi	102647
181	100000000000003582	めふ@同僚募集中	102510
182	1000000000000083795	87	102453
183	1500000000000061549	ml	100201
184	428	クアル	99688
185	1100000000000097600	7匹のドドブランゴ	97191
186	800000000000055781	NT	96280
187	900000000000085479	生春巻き	95648
188	1300000000000043333	イカル	95524
189	200000000000051302	なおたけP	94654
190	1000000000000020715	マサト	94287
191	700000000000054694	おとこむらた	93572
192	1400000000000000352	めたいぬ	93424
193	1500000000000009453	アカ	93346
194	1300000000000032795	sue	93196
195	79528	みっぷる	92940
196	85327	いろい	92031
197	56788	Alteisen777	91892
198	1200000000000068054	shindy	91372
199	200000000000039578	ASH	91239
200	800000000000096110	躑躅ヶ崎	90220
201	300000000000027099	ぽに～侍	90165
202	900000000000051396	エムエイ	89529
203	300000000000075145	メグミ	89476
204	900000000000034087	アルト	89411
205	300000000000045882	ぞんぼると	89355
206	1500000000000006330	hata8823	89345
207	1200000000000092396	セカンドランク	89193
208	1000000000000000158	まるま	88049
209	1300000000000072469	レオン	87893
210	300000000000013428	源蔵	87765
211	700000000000070308	よしやん	87667
212	100000000000000239	井上トモ	87627
213	900000000000041332	toj31	87204
214	700000000000002075	Tomasson846	86607
215	100000000000001103	レコ	86085
216	600000000000058673	ベッティー	85967
217	800000000000071754	沢野日紅	84531
218	700000000000076159	舐めぬマゴンP	83961
219	700000000000008202	アケやん	83754
220	800000000000085932	ゆう	83075
221	900000000000005490	智	82792
222	1100000000000064279	Mobius1	82453
223	200000000000004274	N・A・Ga	82375
224	200000000000022713	あずき@BMD美奈子あり（日記に埋めリス）	80781
225	800000000000015557	トモモ	80767
226	500000000000059054	しょくぱんまん	80151
227	1000000000000041747	GI	80130
228	71343	らっど	79437
229	1100000000000066360	びとれいやー	79182
230	200000000000004105	mdgpmjtp	78327
231	1500000000000005623	Ｅｖａ∽術式兵装｢氷の女王｣∽	77981
232	800000000000079438	れぐはと	77860
233	1200000000000056355	よっしーP	77414
234	1400000000000077739	soni	76506
235	26425	きょうこ	76375
236	85297	エルレア	76125
237	1500000000000005347	COA	75902
238	12166	しじゅうし@所恵美P	75901
239	900000000000094784	チヌーク	75640
240	1500000000000080750	hayate	75383
241	700000000000053596	悠沙	75370
242	60970	実蝶寺与太犬	75230
243	1400000000000037097	ハルメ	74946
244	1400000000000066261	Ken	74697
245	1400000000000027511	mono	74684
246	1200000000000023650	ratsh	74652
247	500000000000050070	ムギ介	74203
248	600000000000096884	やきりんご	74180
249	1200000000000002850	リク	73548
250	91990	海老ボクサー	72939
251	1300000000000010182	なーが	72911
252	100000000000024451	こしあん	72822
253	100000000000004256	はさみ	72698
254	1400000000000041967	エリー	72334
255	1300000000000096876	シン	72198
256	100000000000005866	よし子	72121
257	400000000000050334	ケダチク	71903
258	10406	magatu＠同僚募集中	71640
259	1100000000000054052	ジロー	71565
260	700000000000099422	ゆきの	71336
261	1400000000000093922	小澤祀梨	71276
262	800000000000041915	びち.よっちゃん △	70575
263	600000000000025995	Shiro	70355
264	700000000000097714	chikuden	69958
265	600000000000053938	まぁこ＠	69680
266	1000000000000079023	ユキ	69663
267	1500000000000001256	鹿渡	68774
268	300000000000006826	西枕	68720
269	1400000000000011088	ZZ	68553
270	1300000000000081027	しろ	68204
271	1200000000000052231	ななしのごん	68042
271	1300000000000016327	マグロ	68042
273	1500000000000000210	るー	67977
274	1500000000000004928	ジュン	67115
275	1500000000000080921	タグP	67100
276	500000000000045230	ぁゎゎ	67054
277	1000000000000002809	エニ	66814
278	1000000000000081408	クルック	66623
279	700000000000000722	でっく	66501
280	900000000000052150	くねくね	66473
281	1500000000000030310	THE PEACE	66266
282	1200000000000003110	こばＰ	65975
283	600000000000004200	竜党	65860
284	1000000000000001917	ふたば＠ζ*'ヮ')ζ＜BMD 奈緒 エミリー 麗花	65454
285	700000000000052593	ニワリス	65426
286	1500000000000056462	ぽてこ	64842
287	1300000000000074343	やおあら	64589
288	600000000000083458	ニオビスト	64533
289	400000000000095807	龍	64427
290	400000000000021918	ほたる	64408
291	800000000000043649	ZOFFY	64308
292	1500000000000016179	愛沙	64147
293	1100000000000019336	スクリュードライバー	64129
294	700000000000096834	HI I AM YUI	64104
295	200000000000074335	ミナギ	63834
296	1200000000000081603	アラン	63521
297	1400000000000074663	ギン	63400
298	300000000000055583	こめっと	63365
299	200000000000000346	コウ	62887
300	200000000000081221	にゃんたP	62566
301	700000000000057071	620P	62409
302	1100000000000022390	三原色	62270
303	1000000000000000016	ろう	61962
304	600000000000054277	monta_7749	61427
305	400000000000003346	リヨ	61124
306	200000000000050908	柚砂	60308
307	200000000000036506	eggto	60275
308	1100000000000056136	2najung	60135
309	600000000000028623	おむすびまん	60073
310	1200000000000075394	ひるげりょ	59880
311	200000000000018129	ヒロ	59688
312	1300000000000028597	まろす	59514
313	800000000000003639	PKDICK	59428
314	1400000000000000441	マグス	59411
315	1300000000000011172	よこさん	59083
316	200000000000007542	さいとぅー	59047
317	100000000000030501	O・K@平凡な無(理のない)課金P	58921
318	200000000000095233	さなころ	58812
319	1300000000000005157	あるく	58769
320	500000000000087050	おみそ＠同僚募集中	58305
321	400000000000019231	咲希(saki)	58198
322	1400000000000007374	大河@モチベ低下中。	57784
323	5238	ぶらうぐらな@痛さは強さ！	57692
324	300000000000055542	R団＠愛と真実の悪を貫くラブリ(ry	57674
325	100000000000012053	oox18999	57185
326	200000000000007496	ねういちさん	57110
327	300000000000054149	ももかん	57084
328	5507	フィル	56846
329	1200000000000001066	ぬっP	56801
330	600000000000015332	球体巡り	56781
331	100000000000082225	sakaz21	56605
332	200000000000001017	しゃれこうべ	56419
333	300000000000005313	じ	56172
334	1400000000000018426	秋月律子	56004
335	80880	ふぁんとむ	55892
336	800000000000022105	ろあぁく	55863
337	600000000000003789	トム	55744
338	1400000000000055879	miami38《C2》	55708
339	700000000000085851	アキラ	54525
340	8217	にくじん	54316
341	1100000000000054618	幻の学院生	54070
342	1200000000000040952	もやもや	54034
343	400000000000085633	あそやま	54021
344	800000000000051668	きくぱすてる	54014
345	100000000000062271	つきのかける	53987
346	74038	くぅたん　	53901
347	700000000000000330	じた	53888
348	100000000000004553	タカタカ	53846
349	100000000000006963	玉王	53484
350	1000000000000074760	マック	53431
351	800000000000079911	しっかりします!!	53300
352	1200000000000019044	いお	53262
353	1100000000000025596	シャルロット@.402 41 116 48 BMD相互募集中((出 可憐	53232
354	1000000000000034679	ノリス	53158
355	1100000000000017170	蒼夜	52792
356	1200000000000053318	呼弥門	52788
357	14269	シリュウ	52746
358	300000000000040128	ギルバート	52720
359	1200000000000005238	ワダ	52173
360	800000000000096138	むん	52130
361	1300000000000007096	まっさン	52101
362	1200000000000009495	ら～めん派	51992
363	1200000000000055715	ひじ	51987
364	800000000000038168	ころりん	51922
365	1200000000000098040	mtk	51778
366	900000000000030202	コウ	51736
367	4603	かぼちゃ	51649
368	500000000000002714	リンゴ酢大好き	51633
369	700000000000007130	カナ	51366
370	1200000000000033477	浅葱影鷹	51119
371	100000000000002069	真希波･ﾘﾂｺ feat.秋月ねるのP	51057
372	1100000000000061941	ティオ	50934
373	1200000000000023227	Rarity	50526
374	900000000000096337	うめうめこ	50337
375	900000000000084780	EPYON	50336
376	800000000000022596	コロモ	50247
377	300000000000082418	桐乃	50208
378	400000000000059824	ガイアグル	50096
379	59792	S.S.T.	49648
380	1300000000000076112	かい	49597
381	600000000000029426	メルカ	49384
382	1400000000000051435	そめたん	49259
383	1500000000000035246	ユーザン	49079
384	1400000000000026917	ねこポチ	49009
385	1000000000000003654	普通くんP	48924
386	800000000000081853	Tonnura	48903
387	500000000000020439	Blue-Rain	48878
388	500000000000047584	へなちさん	48861
389	600000000000027343	あい	48627
390	700000000000002076	HACHI_ROCK	48553
391	1000000000000065857	リオ	48545
392	300000000000075077	パルプンテ	48292
393	400000000000052569	ナカムラ	48160
394	4989	エディ	48013
395	100000000000004378	わっぷ	48007
396	1300000000000086873	マルシェ	47882
397	1100000000000002600	こはらー	47709
398	200000000000034805	栗りん	47667
399	100000000000003010	ひやま	47534
400	100000000000076211	taKa	47436
401	1200000000000022654	はいちゃん	47306
402	800000000000078047	ちあき	47102
403	400000000000096880	ハル	46826
404	100000000000058028	talk	46671
405	400000000000019160	ルーシア	46546
406	700000000000059260	琥珀	46323
407	300000000000087612	ch	45986
408	500000000000029805	曹田　龍矢	45918
409	600000000000046324	はる。	45390
410	100000000000079554	アヴァロン	45362
411	1300000000000015337	Reiryu	45227
412	1000000000000050063	シキータ	44960
413	1000000000000053733	さちこ◎	44892
414	1200000000000001746	ハイゼンベルク	44680
415	1500000000000032577	砂葵＊saki＊	44660
416	50337	がるみ	44467
417	1200000000000043502	よっち	44329
418	1200000000000073929	枇杷お	44246
419	300000000000005546	みさき	44082
420	1100000000000025918	華月†SBR桂馬†空○	44067
421	400000000000096271	のーべんばー	43900
422	700000000000026417	k	43717
423	100000000000058565	宇宙忍者ゴームズ	43676
424	600000000000025843	シキ	43589
425	700000000000097506	咲崎桜子	43521
426	1200000000000052384	ケンプトン	43187
427	200000000000061044	ATOKIA	42841
428	100000000000010340	Escha Malier	42712
429	600000000000021026	邪風	42703
430	800000000000006441	ＫＥＩ	42519
431	1500000000000081195	★スター★	42172
432	400000000000093245	ユウ	41943
433	7133	アホイドル	41538
434	200000000000039795	ポストレス	41522
435	1300000000000084624	石井歩	41491
436	400000000000052483	聖水s	41341
437	200000000000055900	ゆきみち	41309
438	1500000000000075444	Chord	41086
439	1400000000000042195	ＹＹ	40997
440	1500000000000004577	Ｂダッシュ(*^-')b	40976
441	1100000000000018212	ごん	40950
442	1500000000000062021	よしあき	40946
443	100000000000021331	a123a	40854
444	300000000000036956	ぱぷたん	40795
445	1400000000000000880	ヤマ	40763
446	1000000000000062047	シバ	40699
447	500000000000011717	ももぞの（ちなヤク）	40524
448	1400000000000096817	よっしー	40505
449	700000000000023235	KAHARA	40232
450	1000000000000053053	Yukiti	39985
451	400000000000008822	とっきー	39720
452	1300000000000003013	パエリア	39684
453	1100000000000010135	セセリ	39508
454	1300000000000051996	ますたー	39435
455	700000000000034889	へるり	39022
456	300000000000050726	おーずP	39012
457	1400000000000049529	ﾙｰｸ Dｺﾚ･しろつく中心	38998
458	300000000000046389	two-forty	38664
459	900000000000010886	ゆぐ	38591
460	1100000000000076605	のいん	38556
461	600000000000087866	tong@mi	38403
462	800000000000014955	sakusaku	38357
463	300000000000052161	nkmt	38157
464	1500000000000094101	吉雄	38151
465	1500000000000093154	けんta	38142
466	700000000000073519	ボブ野	38061
467	200000000000011232	フォース	37935
468	1200000000000009689	とこま	37737
469	300000000000011927	じゃらし	37660
470	200000000000098126	X-FILE6	37632
471	600000000000004526	ttss3	37585
472	1500000000000000234	いっさん	37437
473	600000000000045351	果子p	37192
474	1400000000000009171	ぐぎゅるるる	37166
475	600000000000001599	ゴリン	37129
476	1500000000000027331	おばゆ～	37030
477	900000000000000253	リュウセイ	36954
478	200000000000051194	ネオマグ	36949
479	800000000000004075	赤宝石P	36900
480	1200000000000057944	への	36882
481	1500000000000072234	すわはる	36797
482	1500000000000002682	龍	36750
483	1100000000000050467	ヒゲ	36744
484	1100000000000078644	お餅	36726
485	400000000000003344	メロスケ	36551
486	1000000000000020406	つっちー	36460
487	800000000000055717	shun-ki	35869
488	1200000000000033434	Vermilion	35816
489	200000000000037140	おれちゃん@図鑑埋めしてくれるかた募集中！	35807
490	400000000000054650	ミニパ	35691
491	100000000000027362	恵	35660
492	1500000000000008923	オキゴンドウ	35588
493	500000000000098235	ゴレムス	35409
494	700000000000001960	じんご	35225
495	300000000000055677	サビ猫祭り	35219
496	1500000000000007592	真夜	35171
497	400000000000091809	Angel Owl!	35095
498	500000000000078388	原口	35094
499	800000000000083522	ヴァイ☆ﾏｲﾍﾟｰｽで頑張ります	34959
500	400000000000013202	かもや@【シャーク団、おそるべし☆】	34865
501	900000000000003953	シャドウ	34749
502	1100000000000029925	なち	34674
503	1300000000000072859	まるさんかく	34245
504	800000000000025929	閻魔 あい	34188
505	700000000000030434	のらこ	34059
506	1100000000000000148	YKO	33816
507	100000000000001347	もうちゃん	33650
508	1400000000000000135	婿固め	33488
509	300000000000000071	st	33394
510	900000000000008847	いーさん(^_^)/	33303
511	400000000000002097	ぞら	33260
512	400000000000002789	ごっち	33259
513	400000000000000010	★がんぞう★	33240
514	600000000000001755	水雪	33218
515	3047	tta (-_-)zzz....	33215
516	1400000000000000122	タラ	33122
517	1000000000000056684	れむ	33014
518	700000000000057396	いろぐち	33008
519	1500000000000008556	Realiz	32869
520	700000000000050140	ガスm@s	32859
521	400000000000052042	神宮寺コゴロー	32665
522	100000000000003017	やよい優	32601
523	1200000000000001282	いるかわ	32356
524	47434	まっちゃん	32298
525	1200000000000013952	ろくがつ	32235
526	600000000000000457	リジェノ	32225
527	800000000000014724	のえる	32177
528	300000000000081679	とっても	32163
529	900000000000000010	ジャイ	32128
530	200000000000086002	nadenadeitoken	32010
531	1200000000000094605	ru8plus	31996
532	1400000000000007332	友和くん	31861
533	1100000000000043100	ベラヒア	31811
534	700000000000008199	shchshch	31641
535	200000000000055048	パワー	31628
536	700000000000081800	タカハス	31518
537	800000000000054469	jellyfish7	31319
538	1000000000000075343	ちゃんまんじ	31221
539	1200000000000067637	ルーティス	31131
540	1000000000000084267	あかき	31129
541	1100000000000092382	ﾀﾞｲﾅﾏｲﾄ棺騎3漆黒	30961
542	66635	toni	30902
543	400000000000054456	パール	30541
544	800000000000010013	紅蓮	30159
545	100000000000000204	ザック	30139
546	100000000000021294	ちょび	30109
547	51320	k	30078
548	700000000000006680	【超高校級の】零崎化識【代替品】	30048
549	1200000000000081579	straydog46	30040
550	400000000000013366	橘P＠直トレOK!	30034
551	500000000000000455	nikoru	29990
552	1300000000000061652	はたけやま	29803
553	1100000000000036885	damedawa	29669
554	600000000000094798	風早	29651
555	1000000000000025013	タカチキ	29435
556	600000000000006589	nino	29335
557	1000000000000046951	青紫蘇	29293
558	1500000000000011087	Kyo	29260
559	700000000000000380	kenbigriver	29258
560	300000000000010247	萃香	29203
561	1500000000000044774	jgad	29098
562	1500000000000036091	ゼリーパクパク	29022
563	1300000000000008520	ヒト	29020
564	1400000000000002491	吉良吉影	28974
565	800000000000091541	Pod	28940
566	1400000000000061183	【シヴァ（765レインボー☆彡）】	28934
567	13666	特撮が好きですが、なにか？	28906
568	1200000000000036446	†うめさん†	28862
569	1500000000000027456	タッツー	28855
570	900000000000092523	みちたロンドン	28837
570	1100000000000001901	ケティン	28837
572	100000000000047279	りょたし	28808
573	1500000000000005702	Ｄ.ゆたか	28444
574	400000000000001359	vento728	28441
574	1100000000000003761	稲妻の螺旋	28441
576	1000000000000084279	不空	28265
577	1300000000000080578	モンコス	28238
578	500000000000008754	セナ	28169
579	1400000000000045309	ともか	28168
580	1500000000000000919	YNAKN	28162
581	500000000000034587	あさひ園長	27978
582	400000000000059648	やまけん	27975
583	730	星澪	27871
584	1000000000000075888	柏	27795
585	800000000000072465	マック	27602
586	100000000000036452	陰獣	27476
587	300000000000094874	earth	27424
588	1000000000000006548	Zone.	27419
589	600000000000082346	カズ	27395
590	900000000000048799	まろ	27346
591	1000000000000060541	みつをver2.75	27247
592	100000000000062717	るな	27058
593	400000000000002619	A Shin Sydney	27001
594	400000000000073222	たこ	26999
595	300000000000022365	fantasia12	26980
596	700000000000003267	がんのすけ	26466
597	1400000000000001654	PIXY	26393
598	500000000000064759	まっすー	26385
599	800000000000084569	モンプチ	26383
600	1200000000000049304	My_ray*	26214
601	600000000000067675	シグナレス	26108
602	600000000000002487	ユキヒカ	26090
603	1300000000000015484	シャア	25998
604	500000000000019222	和雀	25875
605	900000000000002992	仙人坊	25790
606	100000000000050677	ムツハ	25647
607	100000000000061695	雷電	25622
608	200000000000002932	スイッチ	25513
609	900000000000000604	レグルス。	25317
610	1400000000000006605	☆イオリ☆	25316
611	700000000000094909	トキノ	25313
612	500000000000003787	伊園寺康子	25265
613	1100000000000000652	わしじゃて	25215
614	700000000000024348	ルル(´・ω｀)	25200
615	800000000000010884	くわマン☆二世	24920
616	900000000000060882	tei9999	24875
617	1500000000000086759	ユウ	24858
618	300000000000004845	やなぎ	24845
619	1100000000000075122	Player	24835
620	200000000000097258	J9	24798
621	600000000000000212	みょーちゅー	24720
622	1500000000000095922	mauchi6001	24699
623	1500000000000000403	ぱけ@埋め希望 渡BMDのり子	24614
624	1300000000000057381	sage24	24514
625	600000000000074906	ブルクドルフ	24426
626	100000000000099231	かずら助広	24404
627	200000000000086865	千桜。	24268
628	200000000000000930	てんしろ	24071
629	900000000000005852	生ビリーさん	24000
630	1000000000000079392	じっぽ	23992
631	700000000000007384	れがりあ@やみ...	23968
632	800000000000081426	バルキー	23920
633	1500000000000004807	おとはな	23909
634	100000000000000656	しぃ	23829
635	300000000000045988	杉並区2.5次元Ⅱ	23745
636	600000000000001245	梔子	23710
637	300000000000057825	奥田たみを	23669
638	200000000000001936	ケイト	23654
639	700000000000039660	お嬢様ぱるる（真行寺文恵）	23625
640	800000000000085076	くるみ	23560
641	300000000000002860	sat☆	23520
642	700000000000010184	ムッチー	23468
643	1000000000000082123	ジャクソン	23417
644	1000000000000000258	黒桃	23378
645	1200000000000034524	右側(国試に向けて勉強)	23344
646	82816	RR	23324
647	800000000000004549	ぬっこ	23280
648	1400000000000075356	ガラスのチキンハート	23126
649	800000000000097147	SKNK	23110
650	200000000000012665	many	23078
651	1300000000000008389	lordcrimson	23063
652	900000000000077389	ベック	23058
653	100000000000050735	すみれの	22990
654	800000000000000689	_readonly	22976
655	400000000000056625	ぐっすみん	22925
656	1500000000000057362	ふりーむ	22859
657	900000000000015159	hifi316	22848
658	1400000000000001585	こける	22815
659	96595	diarut	22812
660	500000000000004266	つかさ	22728
661	1100000000000050776	佑斗	22601
662	400000000000002125	シロネギ	22577
663	700000000000005824	ZILOW	22568
664	1200000000000042858	いずあや	22447
665	228	悖風	22380
666	500000000000051263	英二士	22347
667	900000000000091756	モリツタ	22322
668	700000000000087007	もちたろう	22303
669	1300000000000062339	かいちょ	22180
670	1000000000000025849	佐藤	22161
671	1500000000000034990	やっち	22158
672	600000000000004062	ゆうじ	22154
673	700000000000090720	YouAre	22135
674	300000000000037493	ゆう	22078
675	75657	ルーベラ	22012
676	600000000000013902	PPk	22010
676	1000000000000009723	merrymew	22010
678	1400000000000002028	角茶	21840
679	200000000000084000	卯月	21830
680	1500000000000002146	リスケ@BMD海美、育、ジュリア埋め対応可能です	21797
681	1000000000000014761	れあ	21780
682	400000000000004365	伏竜	21771
683	1500000000000080085	Sel	21721
684	200000000000060041	長月	21654
685	300000000000080434	いけゆー	21632
686	1000000000000077049	さかとも	21609
687	500000000000043723	ゆぅ	21326
688	800000000000031225	まーたん	21276
689	100000000000087004	イエローピッグ	21225
690	800000000000002027	ひの	21190
691	600000000000049397	ナカジ	21179
692	1100000000000005763	グスタフ・マーラー	21088
693	500000000000004014	しゅんしゅん	21079
694	300000000000002449	copepan@やよい道場	21068
695	500000000000016296	やき	21054
696	100000000000043218	Sforza	21044
697	1200000000000016953	けい	21034
698	200000000000007431	m_t_g	21010
699	300000000000033793	ササノハ	20955
700	600000000000004208	りゅうのすけ☆μ's Finalドーム参戦☆	20887
701	1000000000000007922	ソクラテス	20848
702	900000000000036144	クーイ	20832
703	1100000000000001788	†ARIA†	20824
704	1200000000000055024	ドスタム	20692
705	92799	SHM	20557
706	1400000000000052431	ユウ2	20551
707	800000000000022435	しば	20540
708	1500000000000001125	響マミ	20526
709	1400000000000001462	トモ	20440
710	900000000000023568	ﾐｽﾞ	20347
711	1200000000000052057	Rex	20316
712	1400000000000051937	Snob	20312
713	400000000000094895	豚ちき	20195
714	1400000000000010474	葉皇	20193
715	400000000000031699	やまえもん	20137
716	900000000000053455	赤坂さな	20129
717	100000000000077753	マサ	20113
718	400000000000007445	ノダ	20107
719	1200000000000008786	きたきつね	20054
720	100000000000059134	霧雨 魔理沙	20040
721	100000000000070468	エレナ	19900
722	600000000000000175	ざんにょー	19892
723	1200000000000053718	成田	19685
724	1100000000000075472	バグス	19675
725	1300000000000055448	エマノン	19576
726	900000000000015409	yamaki	19558
727	200000000000001775	マキボン(ドロル)	19435
727	500000000000003501	城崎	19435
729	100000000000033967	幹	19408
730	200000000000028810	ロックオフ	19327
731	500000000000005956	うどんこ	19247
732	1000000000000007554	こさかい	19242
733	1400000000000007100	武ちゃんは17歳P	19228
734	400000000000084053	隣の座布団係	19226
735	1300000000000099153	アルフォート	19150
736	300000000000004617	つねづね	19128
737	1500000000000098413	ペテロ	19080
738	1100000000000061865	趙雲子龍	19058
739	1500000000000092666	五色	19056
740	500000000000011360	BURGER	18982
741	500000000000056651	JHONY	18941
742	300000000000037274	いずみ	18882
743	1000000000000005899	えれ	18880
744	1400000000000037620	あすた	18750
745	100000000000000153	松崎克俊(やさしい雨)	18656
745	800000000000092830	俊輔	18656
747	900000000000007769	小鳥遊桜雪 de R -＠ガンスリンガー兼アークスの神獣使いエージェント	18645
748	700000000000000638	じぇふ	18636
749	1300000000000027830	CMY	18621
750	1400000000000005400	トムたん	18533
751	1500000000000007739	たくあん	18460
752	700000000000047470	Neige marchez	18415
753	1300000000000001853	ヴァイス	18250
754	300000000000022681	ゆー	18163
755	900000000000055003	こんにゃく	18139
756	600000000000052956	カタイヌ	18062
757	300000000000002060	ウサ	17919
758	1200000000000006695	ＰＯ＠ほんとはみんなと一緒にYYしてみたい♪	17909
759	100000000000023265	牛乳に相談だ	17902
760	1200000000000001352	雪うさぎ	17891
761	100000000000004278	ディスガイア	17855
762	1300000000000003988	hoyorin	17853
763	300000000000046252	JUNYAN	17800
764	600000000000000492	ﾏｷｼ	17765
765	600000000000077216	ネオ神田川	17764
766	1500000000000077162	にゃいまる	17738
767	97188	サクラナミ	17735
768	900000000000087990	みっち	17712
769	100000000000007141	ころまろ	17710
770	1100000000000012580	おしょう	17696
771	1200000000000077145	IORI P	17664
772	700000000000047331	はるうさ	17591
773	1200000000000074178	渚	17562
774	1400000000000083729	鶴	17524
775	1000000000000074148	E.coli	17510
776	1400000000000074952	カガリ	17506
777	900000000000007211	飛沫	17490
778	1300000000000059121	kei	17455
779	1300000000000003573	ひょロリだお	17446
780	100000000000096661	やよかず	17389
781	1200000000000012971	メンマ	17387
782	100000000000057884	four9	17353
783	1400000000000081083	msk3	17328
784	1100000000000085151	はね	17318
785	200000000000096985	Morika	17234
786	1200000000000096465	ゆうき	17199
787	400000000000072054	たかや	17136
788	444	ATT	17127
789	500000000000024163	ダイバザール	17108
790	300000000000001382	フリアー	17104
791	700000000000001252	ジェット	17075
792	100000000000009487	牡丹	17038
793	1300000000000015362	On_a_oK	17037
794	1400000000000080504	エグゼ	16970
795	900000000000003844	ナポ	16902
796	1100000000000075875	にゃんこ	16869
797	100000000000097865	カカオ	16858
798	400000000000007232	ちぃ	16829
799	800000000000010925	ジョニー	16799
800	1100000000000021702	蛇の目傘	16718
801	600000000000015201	Twilking	16629
802	1100000000000004102	康之	16626
803	200000000000054259	無駄	16571
804	600000000000097708	A2B	16530
805	900000000000011114	ほうでん	16507
806	1500000000000005836	シェルパ	16471
807	400000000000024068	ゆうさん	16448
808	900000000000080606	ななよんＰ	16396
809	18240	Q83	16380
810	900000000000012151	あみっち（♂）	16368
811	300000000000021297	まめ@ｲﾍﾞﾝﾄご協力感謝です	16346
812	600000000000025335	さなぎさん	16344
813	200000000000076730	ねこ	16297
814	600000000000009696	flog-man	16182
815	900000000000030788	YUKI	16163
816	600000000000008204	フィリー	16116
817	1500000000000013814	ネオグラン	16104
818	900000000000093983	salt40	15999
819	1400000000000051394	Raptor	15989
820	300000000000014556	バレイアーツ	15849
821	600000000000050862	和春	15819
821	1200000000000055071	Qururu	15819
823	400000000000002036	夏本番、楽しい。ケイト	15772
823	500000000000010266	ゆさちん	15772
825	600000000000094359	ｎ＠ｗｂ	15751
826	1000000000000056312	☆チェリオ☆	15682
827	1400000000000041270	乙女plug in実装してくれ（招待無視してください）。	15666
828	1100000000000004978	思惟	15660
829	900000000000021788	さっちん＠こしみず	15635
830	900000000000085338	さにーれたす	15608
831	900000000000007488	EXIA	15596
832	100000000000017241	ミズーリ	15594
833	94222	cherryshe	15589
834	1000000000000098321	紅蓮聖天八極式	15587
835	1400000000000004907	サンサン	15568
836	1400000000000075979	nimo	15535
837	500000000000055422	HaLuKa	15500
838	400000000000025022	R&D	15475
839	1300000000000097950	ナルサス	15418
840	1400000000000014782	ガイヤ	15345
841	200000000000080913	あ	15298
842	1500000000000055259	はんきち	15284
843	200000000000008532	ゆうすけ	15202
844	700000000000009399	留姫	15173
845	600000000000098351	shii	15166
846	1500000000000098017	あるごー	15141
847	1400000000000046114	マニゴルド	15127
848	400000000000009407	samansa	15055
849	100000000000051330	びび	15031
850	79674	みやなかはら	14992
851	500000000000004518	ゴンザレス	14956
852	82275	お客様	14953
853	1100000000000071093	ゆめ@☆	14829
854	60561	こじま	14737
855	19949	りいん　暑中お見舞い申し上げます	14671
856	900000000000002716	のら九龍	14628
857	200000000000011603	yas0806	14616
858	1200000000000008984	リキまる＠	14516
859	1500000000000012773	ＢＬＫ	14496
860	800000000000029380	フォド	14464
861	500000000000011805	天井裏の恋人	14460
862	79235	えびもと	14456
862	1400000000000003673	オイルガン８５	14456
864	900000000000003263	いさん	14443
865	800000000000011629	リョーコ	14432
866	300000000000096011	あさたろ	14424
867	900000000000075317	シン	14421
868	55586	ちつむふ	14417
869	1300000000000007890	シロ	14280
870	100000000000061564	Ray Tse	14275
871	654	wtnb	14245
872	200000000000004505	【特装車】0va300 （Uﾚｱ）	14194
873	400000000000029572	たもりん	14193
874	500000000000087126	相羽衛夫	14191
875	200000000000080340	アスタ	14186
876	800000000000056641	浸透	14159
877	600000000000091154	ゆり	14134
878	200000000000003866	牛九	14061
879	600000000000007328	リョウちん	14060
880	200000000000057763	おにぎり波	14040
881	600000000000024476	クッキー@ラウメン募集中	14032
882	1500000000000010614	超ヤサイ人	14000
883	1400000000000075315	N.N.	13991
884	100000000000080854	bonafides	13958
885	800000000000044143	たんけ	13953
886	500000000000034494	クラビス	13840
887	1200000000000018951	さき(｡･ω･｡)SSS国フォ参戦！	13833
888	1000000000000076626	偽竈馬	13823
889	1500000000000082129	通り雨の隣	13819
890	50969	こばこばこば	13809
891	300000000000096683	悠	13792
892	1000000000000069215	らーん	13740
893	1200000000000049946	マキ@	13716
894	800000000000025022	てっちゃん	13711
895	1400000000000088678	mayashi	13650
896	1500000000000060552	タカちゃん	13642
897	100000000000060574	ﾕｳｷ	13638
898	200000000000093517	無気力少年	13637
899	1400000000000081104	こばまる	13626
900	1100000000000008509	ｺﾞﾀﾞｲ@maison	13574
901	1200000000000085002	よしのん	13561
902	2916	ジレンマン	13560
903	1000000000000007228	黒耀瑠璃 杏奈専属P	13519
904	1500000000000031702	せせり	13517
905	500000000000053098	ちゃくしん☆	13485
906	1000000000000074689	act15	13456
907	1200000000000078045	MOZKU	13455
908	53487	asts	13395
909	800000000000003726	由樹	13363
910	300000000000031511	やよクエ	13271
911	1200000000000005824	翠鈴α	13263
912	1500000000000012952	Palpal	13225
913	200000000000033400	カツオ	13209
914	900000000000076797	DON	13200
915	1000000000000083651	せつな	13195
916	200000000000046823	はにわ	13166
917	1100000000000002651	かぷり	13076
918	300000000000094621	吉矢	13073
919	800000000000001462	実況グループKFSIpoliceman(休止中)	13028
920	600000000000085129	やっすー	13027
921	400000000000013494	しょう	12978
922	1400000000000002521	にく	12884
923	1400000000000098355	まわしげり	12857
924	1300000000000002347	カヤ	12851
925	800000000000034008	わんだー	12833
926	1000000000000037865	沢庵和尚	12786
927	100000000000078415	Player 1003843441	12780
928	1500000000000080402	うみ	12742
929	800000000000029957	KEL	12654
930	300000000000079615	tetsu	12625
931	500000000000083904	Heat End	12619
932	1200000000000007592	caym	12618
933	1500000000000001254	さと	12554
934	400000000000047290	くろあめ	12492
935	100000000000097930	nagi	12491
936	1500000000000087794	Ultraflo	12486
937	1394	ちゃこう	12434
938	1000000000000052719	ケルオロ	12432
939	1200000000000034331	ぷりーぬ	12429
940	500000000000006542	シャルティエミラージュ☆	12418
941	1400000000000002553	G	12375
942	200000000000001270	DiriaP	12367
943	1200000000000085684	KARASU	12365
944	1400000000000062282	カムチェ	12317
945	100000000000085834	nikkle	12285
946	30767	みけ	12281
947	900000000000046045	ひろさん	12240
948	900000000000010671	まあ、なんでも、ちひゃーですけれど｡	12221
949	500000000000004917	kasilva	12204
950	1500000000000036617	jerious	12195
951	100000000000075741	ラーマ	12183
952	500000000000023660	アルト	12158
953	900000000000092803	ナオト	12143
954	100000000000030567	えどがわ	12124
955	1100000000000013448	伽羅	12114
956	600000000000029678	いもけんぴ	12081
957	200000000000054130	きゅあやんきー☆	12001
958	700000000000051820	おにぎり	12000
959	1500000000000098978	MaryI	11982
960	600000000000075711	Irony	11957
961	1300000000000015460	たーみー	11949
962	55434	クルーゼ	11922
963	1300000000000084138	みっちー	11914
964	500000000000085646	ラツマ	11900
965	400000000000011595	リエル	11859
966	600000000000013546	てってってー	11850
967	100000000000050634	rezi	11822
968	700000000000079739	YUIX真田	11762
969	400000000000075127	dino	11756
970	1100000000000032110	まきば	11730
971	500000000000038642	ケン	11707
972	800000000000037414	ろーば	11679
973	600000000000003450	ナナヤ	11672
974	600000000000001053	アミラーゼ ケルベロス要請△空○ ミリマス要請△	11671
975	800000000000005033	ミラクル田中	11662
976	1500000000000003680	かむかむ	11616
977	700000000000099678	イトケン	11569
978	1100000000000003666	シュウ	11563
979	200000000000088370	ともp	11529
980	1000000000000005478	ライセン	11495
981	100000000000020492	桃箱侍@カルタちゃんと凜々蝶ちゃんのおやつ	11464
982	700000000000085917	折敷	11445
983	1400000000000051444	ろじうら	11421
984	500000000000008254	のらぬこ	11380
985	700000000000003813	道化師	11361
986	1200000000000025748	ぴよぴよ	11348
987	1500000000000010751	たか	11316
988	1400000000000098918	緑の奥様	11314
989	600000000000039084	米俵	11261
990	1100000000000094246	わたA.I.E.N	11255
991	400000000000032415	林檎	11201
992	1300000000000010783	kabis	11200
993	400000000000015936	にこにこにー	11195
994	200000000000002818	ベンジャミン	11150
995	1400000000000072412	まりも	11144
996	400000000000063308	serea	11126
997	800000000000002715	KEG	11121
998	1400000000000057802	豚	11117
999	600000000000073774	とらゴリ	11085
1000	1000000000000097366	とうかい	11062
1001	300000000000011175	わあげん	11054
1002	1500000000000030302	むーあ	11030
1003	1200000000000055796	kanata	10989
1004	200000000000001400	iera	10969
1005	1000000000000081119	bisaim	10962
1006	400000000000078730	弾蝶	10896
1007	900000000000023387	ゲキ	10880
1008	500000000000093972	味噌煮込みおうどん	10844
1009	1000000000000079078	しげちゃん	10812
1010	500000000000076515	内山	10797
1011	800000000000005075	アキラ	10760
1012	400000000000005155	ジーニアス	10755
1013	1200000000000098446	ともさと	10743
1014	1200000000000053453	monami	10738
1015	1100000000000036278	ロビ	10735
1016	700000000000076149	ホオズキ	10721
1017	1200000000000013867	茜音色	10623
1018	700000000000030355	ブイタロウ	10604
1019	1500000000000051120	みゃう	10587
1020	900000000000049598	ヒツジ	10573
1021	54314	くろすけ	10558
1022	1500000000000079330	イチロー	10517
1023	800000000000001202	Charlotte	10509
1024	500000000000052794	gene	10452
1025	500000000000009307	Kuro@Yosukek	10394
1026	1100000000000001207	シンタナ	10390
1027	1300000000000054876	高潔なる教皇、	10374
1028	800000000000061570	ズミ	10369
1029	1200000000000027634	さまさる	10366
1030	1300000000000079341	聴診器	10340
1031	900000000000073662	もじもじ君	10324
1032	1200000000000018548	ケイ	10298
1033	400000000000000720	ブルーレモン	10252
1034	900000000000000626	プラチナ	10247
1035	100000000000074302	ないと	10246
1036	200000000000053543	たは～(;D)TZ	10240
1037	200000000000049081	ゆうゆ【女子モード中】	10225
1038	900000000000003110	ヤンツン	10213
1039	1200000000000086259	なおのすけ	10205
1040	300000000000094822	micoto	10201
1041	200000000000077999	茶畑	10187
1042	1300000000000079359	Miluku	10124
1043	500000000000097534	あぴおん	10095
1044	400000000000028872	姫桜	10092
1045	1100000000000092424	渋谷*.横山とpair	10058
1046	300000000000070079	ニッカー	10033
1047	900000000000021973	タケシ	10027
1048	1300000000000046955	昆布森	10020
1049	500000000000011441	いさお	9975
1050	900000000000096687	信天翁	9956
1051	1400000000000021858	カモフラージュ	9950
1052	200000000000003184	きほいる	9905
1053	1300000000000024549	蟹座	9885
1054	22774	三日月夢	9884
1055	85111	Player 1004920576	9869
1056	800000000000035472	鉄丸	9857
1057	300000000000050280	マスカット	9856
1058	700000000000097884	暇人P	9853
1059	46853	れー汰。	9790
1060	1100000000000074163	Polsy	9777
1061	500000000000006332	トウヤ	9765
1062	600000000000009051	いおりん	9761
1063	97050	りけ83	9674
1064	500000000000003035	kazuki	9605
1065	1400000000000013670	ひこ	9567
1066	100000000000001008	緑茶	9558
1067	1200000000000029329	ｋ	9552
1068	800000000000080316	なみ	9549
1069	600000000000000286	trecri	9540
1070	1400000000000014015	ディケイド	9532
1071	800000000000051113	みほ	9495
1072	700000000000059103	wolken	9490
1073	1200000000000080698	モクモーネ	9481
1074	1000000000000023772	赤いきつね	9463
1075	1000000000000077549	多秦	9432
1076	1300000000000008939	かめちゃん	9386
1077	1100000000000003518	しん	9378
1078	1300000000000079555	ペンギン親分	9364
1079	900000000000044546	はづきち	9291
1080	800000000000000692	ダンダン	9276
1081	100000000000031592	くろくろ	9271
1082	1500000000000060939	さよするが	9270
1083	300000000000069397	はる	9261
1084	800000000000009024	有希P	9254
1085	800000000000033944	えとやん	9251
1086	800000000000070036	シオン	9189
1087	200000000000052992	FN MAG	9166
1088	1000000000000086727	REC	9160
1089	500000000000005771	いぶき野.com	9152
1090	100000000000074856	パパ	9096
1091	600000000000007547	課金しない男	9075
1092	1100000000000080506	かも	9067
1093	200000000000057702	野獣先輩	9060
1094	1300000000000051036	Per	9051
1095	200000000000056358	奪取	9037
1096	200000000000061201	ルーブルくろたん	9026
1097	900000000000028970	まいける☆	8963
1098	1200000000000003414	VOXWAHP	8934
1099	900000000000000310	暴走のらねこ	8880
1100	1000000000000061779	むら	8877
1101	1400000000000098420	しめじ	8857
1102	900000000000096802	sora	8856
1103	400000000000060900	キング	8855
1104	1000000000000083332	cappuccino	8822
1105	62394	なる	8798
1106	1500000000000054769	moon-lab	8792
1107	1400000000000087363	seiver	8778
1108	600000000000079030	いつき	8757
1109	1200000000000092875	梅干し	8722
1110	100000000000036902	sりう	8720
1111	300000000000010031	J･P･Y	8710
1112	1300000000000004499	まんじゅう	8662
1113	1000000000000051740	マカク	8658
1114	600000000000008140	tako	8637
1115	1500000000000030301	きょろ	8618
1116	700000000000095244	白原杏	8608
1117	800000000000022900	ウェズレイマウス	8605
1118	1100000000000086331	燻製	8599
1119	100000000000004651	KAD	8585
1120	1100000000000069010	えるこん	8567
1121	1500000000000097343	籠原P	8510
1122	1100000000000088828	優希	8495
1123	200000000000003380	maa	8487
1124	1300000000000063278	Aries	8461
1125	1200000000000096341	暇潰し	8455
1126	1200000000000008482	ヒッサー	8446
1127	400000000000026977	キョン	8442
1128	300000000000050773	koppi	8413
1129	1400000000000056880	TOKO	8406
1130	900000000000026956	わ～や	8399
1131	1000000000000002771	すいか	8370
1132	1000000000000037420	ケンタロウ	8363
1133	1400000000000010634	SEENA	8328
1134	700000000000081164	ロク	8286
1135	37005	Rion	8235
1136	500000000000021422	さうっしゅ	8217
1137	300000000000000531	まこと	8213
1138	500000000000087027	マコト	8206
1139	1400000000000062324	千葉智史	8179
1140	1100000000000013791	らいな/ﾊﾟﾁｪP	8163
1141	400000000000037229	彼方	8142
1142	300000000000080732	はるかっか	8133
1143	1400000000000053183	z27e5b	8121
1144	200000000000027231	コクネギ	8096
1145	1400000000000086231	なんしー	8065
1146	4033	犬鷲	8049
1147	1400000000000026313	竜騎将バラン	8039
1148	1500000000000000637	zendaman7651	8028
1149	200000000000078078	ぞの	8024
1150	900000000000046347	檜本P	8021
1151	1200000000000095928	にっしぃ	8005
1152	1300000000000003589	gatoh10	7997
1153	800000000000005356	ボギー	7993
1154	300000000000061581	ばあちゃん99	7931
1155	900000000000005316	ゆーか	7929
1156	900000000000052264	つかさ令	7905
1157	400000000000001387	くたろ	7882
1158	1100000000000025398	斑鳩	7854
1159	500000000000097752	groove5	7846
1160	600000000000004044	Kotatsu	7818
1161	400000000000060652	いつき	7809
1162	900000000000000536	はるさき	7800
1163	1100000000000077318	cherry	7799
1164	1300000000000081388	四畳半	7796
1165	1000000000000022834	猫茶	7782
1166	28757	だいぞう	7771
1167	1000000000000034477	てるもん	7720
1168	800000000000095867	にしん	7716
1169	1000000000000001517	ぽぽんがぽん	7710
1170	100000000000000543	じょえ	7674
1171	600000000000003275	あつたや	7669
1172	300000000000062065	バルスカ	7642
1173	900000000000052286	イトマル	7634
1174	1000000000000005699	ヅマ	7621
1175	1300000000000000357	あやし	7614
1176	500000000000018931	しげ	7613
1177	700000000000078563	ボン	7609
1178	1400000000000014071	乃愛*	7601
1179	1200000000000029807	ruru	7576
1180	1000000000000082867	トール	7564
1181	1400000000000078239	クライフ	7553
1182	500000000000075484	aki	7546
1183	400000000000075768	なゃう	7506
1184	700000000000001114	たろ	7500
1185	400000000000001507	ガゼル	7488
1186	200000000000020169	フォルテ	7475
1187	700000000000079405	Poodle	7425
1188	200000000000011099	AGK	7410
1189	1400000000000096334	みそたん	7408
1190	1000000000000007473	りへいo(^-^)o	7358
1191	700000000000009494	saxblue	7330
1192	100000000000052932	atbt	7299
1193	900000000000075813	狐火	7296
1194	700000000000019151	バフィー	7290
1195	1400000000000006386	ろっぷ（招待・カムバックメール無視してください）	7281
1196	800000000000060660	シロ06260066	7271
1197	100000000000003671	がやん	7255
1198	100000000000083635	є(･Θ･｡)э	7248
1199	1300000000000019331	小花	7245
1200	200000000000001063	nigo	7236
1201	400000000000054497	さち	7230
1202	1400000000000039443	アッサン()	7212
1203	1200000000000051923	ピヨ彦	7200
1204	1200000000000009515	火村夕	7130
1205	600000000000055122	爆発士=サン	7112
1206	1200000000000062225	星柚	7101
1207	1000000000000026508	エデン@青飴集め隊	7084
1208	100000000000085266	いーぶい	7083
1209	1100000000000038895	マジアカ	7077
1210	300000000000000031	越後屋P	7056
1211	600000000000010358	火憐ちゃん(招待用フレンド募集)	6990
1212	900000000000029280	白城	6983
1213	300000000000032562	天城龍慶	6970
1214	1200000000000002152	恭介	6966
1215	500000000000097951	ut2	6947
1216	1500000000000088125	ウェルフェア	6933
1217	1500000000000038844	まさしぃ	6928
1218	400000000000052348	かずのん	6911
1219	300000000000004977	ショウ	6899
1220	100000000000082019	ウダラッシュ	6884
1221	300000000000070456	桐崎彩夢	6877
1222	1100000000000000567	カイト	6873
1222	1100000000000047117	ヴァレン	6873
1224	1300000000000099609	真P	6817
1225	300000000000052152	おもち	6794
1226	400000000000036056	タツ	6777
1227	600000000000013977	REN	6765
1228	1500000000000086648	Colon	6764
1229	1300000000000085484	POLYPHONICA	6748
1230	1000000000000002241	angstrom	6744
1231	1200000000000004223	occhanF	6741
1232	74310	AkurahEX ｜ ドレミー・スイート「夢獏色の支配夢(ドリームマスター)」	6730
1233	1400000000000051514	hers	6729
1234	1400000000000081318	あしか	6702
1235	1200000000000096206	txexp	6696
1236	800000000000003390	水樹彩奈	6695
1237	700000000000000271	みさき	6690
1238	800000000000006899	赤い彗星	6680
1239	200000000000029654	Melody	6666
1240	900000000000085973	タナヤタ	6655
1241	1400000000000094504	ミャオ	6640
1242	600000000000012930	アキト	6625
1243	1500000000000093123	黒弟にこりょ	6613
1244	900000000000097459	izmy	6604
1245	1100000000000078921	Galinstan	6599
1246	800000000000097019	山ピー	6594
1247	900000000000053417	ももちんＰ	6591
1248	200000000000021349	たなばた野郎	6570
1249	1400000000000002480	かおす	6564
1250	1000000000000050879	まの	6561
1251	300000000000052970	あきぽん(スマホの新ハコニワに移転しました)	6554
1252	500000000000058835	むつ	6510
1253	1000000000000097138	tkp	6502
1254	31014	ラフィカ	6494
1255	800000000000096378	yu	6471
1256	300000000000098644	はっさく	6441
1256	700000000000023023	幽谷響	6441
1258	1200000000000053002	cexen	6439
1259	200000000000081534	どれいん	6428
1260	1100000000000072239	めめ	6417
1261	1400000000000049297	ツナ	6394
1262	200000000000051116	ひげまるP	6392
1263	1200000000000003255	jakalope	6372
1264	1500000000000058144	O.Q	6362
1265	400000000000024173	たいりつ	6355
1266	1000000000000017193	あきら	6350
1267	1100000000000000364	きのこ	6346
1268	500000000000011899	†黒猫†	6335
1269	1100000000000000418	遠心力	6328
1270	1000000000000005449	ふぐ	6314
1271	600000000000002065	そら	6310
1272	700000000000099842	神楽	6280
1273	200000000000047878	a.m	6270
1274	1200000000000081558	ぎゃれン	6269
1275	800000000000045429	nity2013	6264
1276	1300000000000060119	LUKA	6236
1277	1448	tyKe	6195
1278	200000000000003513	ユタカ	6193
1279	500000000000032232	ファーザー	6185
1280	1500000000000061573	横浜県民	6174
1281	400000000000099226	純米大吟醸	6167
1282	300000000000078967	アカグマ	6153
1283	1000000000000077903	空野	6150
1284	800000000000013718	collbrande	6147
1285	700000000000087015	マリオ	6140
1286	800000000000098353	春野菜	6127
1287	1400000000000011426	さのすけ	6117
1288	1200000000000022666	たっつあん	6112
1289	500000000000096574	おすし	6109
1290	23226	ヤカン	6108
1291	1200000000000013042	とーふや	6093
1292	300000000000008640	Rascalov	6075
1293	800000000000042472	クロン	6060
1294	500000000000042715	ｾﾙｼﾞｭ	6032
1295	500000000000006094	馬超	6017
1296	1100000000000056376	マスター・オブ・OZ	5992
1297	1400000000000083047	くとり	5982
1298	1300000000000080070	ナベック	5976
1299	300000000000002306	クライン	5973
1300	500000000000003079	(*･ω･)	5953
1301	1000000000000002504	リビドー７	5936
1302	100000000000027699	高町悠乃	5928
1303	4699	どりあん大佐	5922
1304	100000000000080806	Aucuba	5917
1305	900000000000054728	にゃ	5913
1306	100000000000085998	ビッテン	5894
1307	700000000000074903	Sea bl.bird	5889
1308	400000000000005418	めかふ	5880
1309	1000000000000006368	くー	5879
1310	1200000000000005552	こめこん	5859
1311	100000000000014962	ふぃおたん	5848
1312	500000000000076276	はらぴん	5836
1313	600000000000059025	そりー	5829
1314	1300000000000092503	たけし	5820
1315	500000000000098216	ズンズン	5807
1316	400000000000084160	チルチル	5806
1316	600000000000074576	ひか	5806
1318	200000000000003819	ジョリアン	5794
1319	17402	タカポン《多忙デスin低(*^^*)※無しm(__)m》	5784
1320	600000000000005317	さんしき	5782
1320	1400000000000096259	su_tan	5782
1322	300000000000004352	neospue	5776
1323	300000000000030246	とりとり	5743
1324	300000000000000167	yo.	5736
1325	200000000000003356	ゆきのふ	5727
1326	1300000000000046620	ケットシー	5709
1327	700000000000026726	ぱからん＠まいぺ～す(・д・)P4	5706
1328	1400000000000088254	ひらお	5702
1329	900000000000098920	ひじき	5686
1330	800000000000016989	翔	5676
1330	1000000000000011336	ギザ＠リラックマ	5676
1332	300000000000003351	たまやむ@おいでよまったりラウンジ	5675
1332	900000000000072197	やぎ	5675
1334	700000000000022127	リッキー	5670
1335	1300000000000073686	駄々	5669
1336	400000000000002947	cs	5639
1337	800000000000022428	サナギ	5636
1338	100000000000015379	キーミマ	5634
1339	700000000000002903	頭狂ナバウサギ	5627
1340	1200000000000075316	急接近	5605
1341	200000000000030986	TNT	5604
1342	100000000000095229	もち	5602
1343	200000000000011012	Wreathlit Noel Love	5600
1343	800000000000028147	るかぱい	5600
1345	400000000000090597	Player 1005607588	5594
1346	500000000000003440	創作（ソウサ）	5590
1347	800000000000026888	ｱﾒｼｮｰ(震災支援活動中)*全遅*	5578
1348	500000000000009796	☆ﾚﾝﾀﾛ-☆招待メール無視して	5572
1348	600000000000025258	Karnas	5572
1348	800000000000001403	シズナ	5572
1351	1200000000000000881	ZAWELL	5568
1352	91690	やしゃ	5566
1353	1200000000000010793	喜助	5539
1354	400000000000025311	カーブ＠	5537
1355	700000000000052525	れいく@10th両日	5520
1356	1500000000000072957	aoi	5518
1357	100000000000000005	なかたん	5510
1357	100000000000022533	おかぴー	5510
1359	200000000000082396	トビマル	5505
1360	1000000000000010419	hds	5485
1361	300000000000061743	涼季の季節@ラウンジメンバー募集	5482
1362	900000000000005041	みょげぇ	5478
1363	200000000000099133	つな	5447
1364	1200000000000068172	とも(	5445
1365	400000000000079941	水仙	5443
1366	1200000000000025423	こころん	5430
1367	400000000000003261	こ	5418
1368	300000000000027486	パール	5412
1369	300000000000023551	yama♪	5410
1370	1300000000000056315	鈴木安寿	5408
1371	1300000000000076781	ロベルトうちの	5405
1372	100000000000004541	かおちゃん	5393
1373	900000000000009762	☆ｒｏｔ☆	5366
1374	200000000000076061	るか	5332
1375	800000000000099134	うろたえるもの	5328
1376	400000000000060186	りょう	5327
1377	500000000000030736	まこぷー	5302
1378	600000000000021499	supatarou	5290
1379	1100000000000086463	misn	5285
1380	1000000000000009347	ロイエンタール	5282
1381	600000000000024023	ロリコニア	5278
1381	600000000000031324	TMK	5278
1383	1100000000000004766	るのＰ	5276
1384	1400000000000037457	黒羽	5264
1385	800000000000046075	なな	5250
1386	700000000000067127	Player 1002122919	5239
1387	1300000000000004958	もやし	5238
1388	1500000000000074080	ちうとび	5236
1389	1500000000000004111	ｱﾌﾟﾘｺｯﾄ	5219
1390	900000000000094299	しずく	5204
1391	1500000000000036361	Ｏ！Ｗ	5197
1392	700000000000003626	あじゅ	5196
1393	1500000000000004244	アルロイド	5195
1394	1400000000000004285	ディルーカ	5172
1395	1100000000000048639	時野邦人	5152
1396	1000000000000022340	モリスケ	5148
1397	100000000000097388	博	5131
1398	400000000000096667	橘	5104
1399	800000000000007133	奇策士@七転びっぱなし(>_<)	5102
1400	1100000000000031644	チェフィ	5094
1401	1400000000000014597	ワタル	5085
1402	400000000000025099	なしかん	5048
1403	1200000000000008262	山pP	5042
1404	81634	てっさ	5039
1405	400000000000004935	ルキャラメ	5009
1406	96634	WoLF	5007
1407	700000000000019609	生薑湯	5002
1408	800000000000002600	ふぉるてぃ	4974
1409	100000000000096860	あまがゑる	4968
1410	400000000000074613	とりたつ	4952
1411	300000000000093597	Gwan	4946
1412	200000000000050987	るせりあ	4938
1413	500000000000021973	ocha	4932
1414	1500000000000034974	赤井	4930
1415	700000000000004598	すばる	4928
1416	100000000000038979	しろ	4922
1417	900000000000074091	スナフニャン	4904
1418	1200000000000096555	桐@紗路	4900
1419	400000000000051940	まつおか	4893
1420	1000000000000079815	クロ	4886
1421	800000000000090980	ドリューバリネコ	4869
1422	100000000000073293	アキカン	4866
1422	700000000000051040	かお	4866
1424	800000000000003928	息吹	4860
1425	1500000000000098471	rokukana	4854
1426	700000000000008345	あやがじら	4837
1427	800000000000098197	Player 1007095848	4832
1428	500000000000026028	ぼんばー	4814
1429	700000000000074355	ポム	4794
1430	1100000000000080750	どら	4792
1431	700000000000097138	くー	4789
1432	3059	イインチョ	4784
1433	900000000000075449	飛翔	4774
1434	1000000000000006560	クロサタン	4767
1435	400000000000026981	みう	4763
1436	200000000000005887	にゃんちゅー♪(´ε｀ )	4757
1437	1200000000000052144	冷奴	4755
1438	1300000000000096221	草薙涼子	4752
1439	200000000000003592	ホームズIS	4744
1440	7760	なきぃ～	4743
1441	1300000000000008137	黒海	4715
1442	200000000000074383	エルザム(ﾉｰﾏﾙ+)	4695
1443	1400000000000013143	J-zo	4689
1444	800000000000083986	meke	4678
1445	900000000000058165	みみみ	4649
1446	300000000000003202	mist	4644
1447	200000000000097433	netqia	4642
1448	800000000000079593	urk	4638
1449	100000000000040637	ひぼっち	4622
1449	1400000000000025062	pukka	4622
1451	800000000000000476	けえ	4616
1452	500000000000005247	ダイ	4590
1453	1200000000000058944	樹希	4574
1454	800000000000087846	望月杏奈COREA@P	4565
1455	900000000000081488	ゆーすけ	4563
1456	1500000000000036422	クラフター春香	4548
1457	1200000000000010116	あかい/×in率低	4539
1458	900000000000011282	けんざぶろーちょっと釣りをお休みしますm(__)m	4530
1459	400000000000083216	えりか	4513
1460	600000000000029028	キムキム	4512
1461	700000000000007477	ｱﾙｶｰﾄﾞ	4510
1462	400000000000079936	海導@ﾗｳﾒﾝ募集	4507
1463	1100000000000008293	にな	4506
1464	200000000000003195	赤坂ミズキ	4500
1464	1100000000000001685	歩道橋	4500
1466	700000000000083271	能登	4496
1467	765	dex＠(求HN,R律子	4495
1468	900000000000006555	ツナサンド	4464
1469	1000000000000002333	RX-178摩亜屈	4459
1470	300000000000078969	mnhr24	4454
1470	1100000000000029800	たいぴー	4454
1472	1000000000000052526	真紅	4435
1473	1500000000000000292	水樹つみき･･･ツンネコっす！in率減	4431
1474	600000000000073584	トロ	4429
1475	400000000000007748	霜ヒルドルブ	4396
1475	700000000000021454	maw-maw	4396
1477	78867	今更	4384
1478	200000000000003881	Sou	4363
1479	1500000000000099543	のり	4355
1480	400000000000003966	はるか	4342
1481	500000000000011431	Thousand	4340
1482	700000000000097482	KZワロキエ	4335
1483	1200000000000004406	帷/とばり	4325
1484	300000000000044991	さくら	4310
1485	100000000000097284	tom	4308
1486	500000000000098298	SHIーX	4305
1487	300000000000076131	ぶらっく。	4288
1487	900000000000085865	ハンティ	4288
1489	1100000000000025951	ことぶき	4285
1490	1400000000000074125	マサコフ	4277
1491	800000000000085293	しゅうへい	4268
1492	900000000000003106	かもめ	4253
1493	1100000000000092865	鳳梨78	4249
1494	500000000000000367	ミアキス	4242
1495	55352	月煌	4240
1495	300000000000005970	つっちー	4240
1497	1400000000000068244	健太	4228
1498	1500000000000075055	NoChugo	4207
1499	1300000000000010553	ひつじ	4206
1500	600000000000005474	フト・シエル	4180
1501	900000000000021936	かざな	4179
1502	1300000000000056501	ゆう	4174
1503	1000000000000006459	タカキチ	4172
1504	400000000000012093	min	4170
1504	700000000000032547	藤間	4170
1506	1000000000000005961	こまち	4153
1507	200000000000097351	ゆかるん	4151
1508	1100000000000067287	夜志	4147
1509	700000000000099888	里那	4121
1510	800000000000033729	よるごみ	4090
1511	300000000000080776	Nine@同僚募集中	4089
1511	400000000000000274	ちょめ	4089
1513	100000000000050586	焼き饅頭	4088
1514	1000000000000097695	ふれん	4086
1515	500000000000026888	すやねる	4083
1516	82220	和波	4081
1517	1400000000000002527	Suzutsuki-D-S/涼月	4077
1518	1100000000000094310	きゃに（べ）	4076
1519	400000000000010892	まつかな	4072
1520	1000000000000009132	シブタク＄Ψ＄	4068
1521	700000000000074488	囮蛇	4067
1522	400000000000098830	クライス	4064
1523	97638	イケ	4061
1524	600000000000051016	菊丸☆	4052
1525	1500000000000052131	コスモ	4045
1526	800000000000098993	ヨウスケ	4043
1527	100000000000000789	さべら	4038
1528	400000000000026051	ﾊﾟｰﾁｬﾝ★L'Arc☆VAMPS666×HYDE	4025
1528	400000000000062040	真田安房守	4025
1530	1500000000000012461	コトギリ	4022
1531	100000000000001998	ぬぅとも	4020
1531	1200000000000015187	あなご	4020
1533	800000000000081844	AKIRA	4012
1534	900000000000026741	アール	4010
1535	800000000000096991	シーサー	3978
1536	1500000000000005834	イージィ	3977
1537	600000000000048573	あやち	3975
1538	1000000000000075186	taku	3971
1539	1400000000000005339	AB藏	3970
1540	1300000000000097415	ひろ	3964
1541	600000000000098793	nisemas	3955
1542	1400000000000041423	shin1	3906
1543	300000000000081196	しぐれP	3905
1544	1000000000000037231	GRAMAS_P	3900
1545	1300000000000008107	しとりん	3897
1546	800000000000048016	蒼月  要請▲空○	3879
1547	100000000000031688	マックス	3869
1548	700000000000087063	凜	3855
1549	1300000000000033403	雪ノ狐	3849
1550	600000000000038996	ぐるこん	3846
1551	1500000000000093106	ピコハン	3838
1552	400000000000028733	rkiho	3836
1553	400000000000048286	はたかお@	3831
1554	200000000000006686	K.K	3830
1555	1000000000000054174	ヨウ	3829
1556	700000000000096695	たる	3825
1557	200000000000004062	☆白猫☆	3824
1558	1000000000000004350	らいぞう	3822
1559	300000000000009620	ナイアシン	3817
1560	900000000000078913	雷葵	3816
1561	1400000000000097609	めがね委員長	3785
1562	1300000000000099643	こんぺ*りんごあめlove	3784
1563	100000000000030523	Minis	3780
1564	900000000000078056	るう	3778
1565	93975	つるみん	3775
1566	900000000000004978	えぷ	3766
1567	100000000000055769	gut	3759
1568	1400000000000097204	Rio	3755
1569	1200000000000050567	jivvy	3752
1570	1000000000000080722	キョン吉	3750
1571	1400000000000009299	よしたけ	3741
1572	1000000000000029144	ぜんりん	3738
1573	100000000000003139	そんちょ	3729
1574	200000000000083023	ゆ～おか	3728
1574	400000000000006817	Ertai	3728
1576	1200000000000052503	あすか	3723
1577	600000000000041428	ハジメ	3720
1578	400000000000060948	J-B1st	3711
1579	1400000000000017152	さなぽん	3710
1580	1300000000000099792	ちゃん	3703
1581	1500000000000056680	あらあら	3683
1582	300000000000094597	Ppp	3682
1583	400000000000093005	でんぼω	3681
1584	200000000000004625	もときんぐ	3680
1585	100000000000058183	sor	3671
1586	200000000000096810	junitirouP	3641
1587	1100000000000074586	XV-G	3623
1588	1100000000000000985	katana	3619
1589	1000000000000010038	乙	3618
1590	1000000000000096384	むぎくいねこ	3611
1591	200000000000081227	凛	3604
1592	900000000000001749	浮世‐これ以上アプリ増やしたくない‐	3593
1593	1200000000000003740	イケダマ	3576
1594	100000000000053121	レンたん	3569
1595	1300000000000010271	ひろ-夏の霞のｲｵﾘｽﾄ-	3566
1596	400000000000098730	どんぐり	3565
1597	400000000000069864	一日三食	3557
1598	1000000000000004913	ミズ	3544
1599	500000000000022824	くま吉	3533
1600	2888	Tubalcain	3525
1601	500000000000014339	なのは	3521
1602	1400000000000049634	めーめー	3516
1603	1300000000000005039	ﾃﾞｽﾋﾟｻﾛ	3513
1604	100000000000038411	きら	3507
1605	500000000000030591	西	3492
1606	1400000000000018784	しげ	3488
1607	1400000000000054799	いし	3485
1608	1200000000000085225	k	3474
1609	500000000000079259	つきはみ	3470
1610	200000000000017348	Rar@強化型クラッカー	3461
1611	300000000000080028	Player 1004252259	3432
1611	600000000000049776	まー	3432
1613	700000000000008769	laboneet	3416
1614	800000000000058584	仮面	3403
1615	600000000000001651	銀皿	3387
1616	5086	ミヤビ	3370
1617	1400000000000077824	とときん	3367
1618	300000000000046253	じとね	3354
1619	1200000000000007363	のりべん	3332
1620	300000000000082882	朱兎	3331
1620	400000000000074455	マカロニ	3331
1622	500000000000019210	yk99	3314
1623	900000000000092976	ちゅん	3299
1624	100000000000086557	かりんとう	3297
1625	86769	lumiere	3296
1626	1200000000000077536	基也	3295
1627	1100000000000002439	シマ	3282
1628	100000000000082804	はるからまつ	3281
1628	1500000000000011081	HAGE	3281
1630	56574	ふ～る	3280
1631	300000000000004217	ルーカス	3279
1632	1200000000000007375	やすちぇい	3273
1633	400000000000098226	kino	3267
1634	300000000000002517	ヒロ	3266
1635	700000000000099522	夜市	3263
1636	1200000000000076596	デッキ	3255
1637	800000000000078649	ぷろっきー	3251
1638	1200000000000072232	マーズ	3244
1639	300000000000004985	お気楽@秋月道場	3234
1640	800000000000000684	よっちゃん☆	3230
1641	1100000000000052989	ちんた	3225
1642	1000000000000031405	gdb	3211
1643	200000000000000449	hacktion 日記にグリマスアルバム埋め希望あり 出：BMDひなた	3210
1644	600000000000003701	三万石@DT書き	3206
1645	900000000000094843	299	3201
1646	600000000000073398	seken	3196
1647	79981	藪	3180
1648	100000000000081022	やす	3176
1649	200000000000001778	にふにふ	3160
1650	1400000000000055637	Yana	3159
1651	1500000000000003469	かんち	3152
1652	200000000000093534	J	3146
1653	1000000000000051617	cocoa	3140
1654	5371	OzMi	3132
1655	100000000000015684	ページ	3123
1655	800000000000056377	さんてふ	3123
1657	1200000000000052546	古呂兵衛	3121
1658	1100000000000083603	あるみかん	3107
1659	1500000000000028827	き～む…仕事多忙につき※無しm(__)m	3093
1660	600000000000080598	生田	3090
1661	700000000000082491	Player 1004653591	3080
1662	500000000000034162	まっつん	3075
1663	600000000000075909	こたるる	3071
1664	100000000000008376	鯨P	3062
1665	61254	どびー	3059
1666	1000000000000015910	二藍ニャガ	3053
1667	1300000000000087659	ガッツ	3052
1668	1500000000000080262	けん怠	3050
1669	1500000000000018666	ジュンーシュ	3022
1670	400000000000021632	take	3015
1671	1000000000000003861	マキィーテP	2992
1672	800000000000099153	Player 1007469976	2987
1673	500000000000097021	超伝導X	2960
1674	800000000000000929	KEI@ラウメン募集中！	2949
1675	1400000000000028070	Chicago	2948
1676	100000000000010654	しんらぎ＠挨拶しません	2947
1676	400000000000098420	集	2947
1678	500000000000058381	ジェイコブ	2935
1679	200000000000001302	ばっくす	2929
1680	900000000000052156	わきゅ	2911
1681	1300000000000096365	Y'n	2905
1682	400000000000096383	ken1623	2885
1683	100000000000010003	猿野猿太	2877
1684	1000000000000097208	nVi	2870
1685	400000000000062061	べに	2867
1686	400000000000045373	こま	2856
1687	1400000000000007433	くるみ	2844
1688	81929	ウダラッシュ	2834
1689	72926	Tunwa1988	2829
1690	500000000000079997	モコ	2826
1691	700000000000099994	りたりん	2820
1692	700000000000003790	ｿｰｲﾁ	2815
1693	600000000000096969	laoee	2807
1693	1000000000000046111	ほわいと	2807
1695	400000000000078667	そと	2800
1695	1200000000000039269	ＮＵＭＥ	2800
1697	600000000000059356	AA	2799
1698	200000000000015941	ＤＥＳＰＡＩＲ	2782
1699	1400000000000082781	琥珀	2775
1700	400000000000079065	ヨッシー	2766
1701	1100000000000003002	Besucher	2762
1702	100000000000011316	まお	2759
1702	1000000000000007134	ポツトミー	2759
1704	1100000000000042303	blueQox	2751
1705	85080	15	2742
1706	800000000000051288	(仮)	2734
1707	800000000000002540	先行者	2732
1707	1400000000000098357	東いわ２	2732
1709	300000000000092384	okitananami	2725
1710	1400000000000057144	ハロ	2716
1711	600000000000004797	NAMBO	2697
1712	800000000000008392	こえま	2694
1713	600000000000033636	しまぱん	2690
1713	1300000000000099378	ぺむぺむ	2690
1715	1500000000000030156	ひのくさ@みすな	2681
1716	800000000000045438	いおみお	2679
1717	400000000000096828	ぷのん	2677
1718	1300000000000074551	かにばさみ	2670
1719	600000000000080600	空気	2669
1720	500000000000060257	すのう	2668
1720	700000000000051639	nanashiki	2668
1722	500000000000020258	おかもト	2664
1723	100000000000051648	こなた	2662
1724	800000000000086437	umin5571	2653
1725	600000000000037190	ktktktre	2652
1726	300000000000050060	鶴嘴	2650
1727	1500000000000097148	belonger	2649
1728	100000000000075568	かぷりこーん	2643
1729	300000000000027460	キリノ	2640
1729	900000000000069901	ひろ	2640
1731	100000000000026092	すばる	2637
1732	1400000000000002752	セデス	2634
1733	400000000000074763	河邑	2629
1734	600000000000002994	ちゃみ	2619
1734	700000000000098147	0316	2619
1736	300000000000098265	海色	2615
1737	1100000000000091677	スクーミー・ズー	2600
1738	1400000000000051149	マサオ	2597
1739	1400000000000006852	ｼﾝｼﾝ＊ﾛﾝﾛﾝ	2583
1740	400000000000036622	かんまき	2581
1741	1000000000000051863	ウェイト	2578
1742	700000000000083781	fuchi	2568
1743	600000000000054516	憑猫	2564
1744	700000000000097809	ban	2555
1744	1000000000000016658	銀時	2555
1746	800000000000082258	ゆのき	2546
1747	1400000000000022983	武田蒼一	2542
1748	1100000000000016195	ミミ	2536
1749	1300000000000024589	YASU	2531
1750	300000000000080237	やよい星梨花	2530
1751	100000000000051475	迷い猫	2520
1752	200000000000097665	ジュリ院長	2517
1753	500000000000079467	だしょ	2516
1754	300000000000001877	零門P	2511
1755	800000000000093071	Akari	2510
1756	28450	キャット	2490
1757	100000000000033457	くい	2478
1758	1100000000000007451	ひろっち	2470
1759	100000000000008493	G	2469
1760	1100000000000091090	ＫＥＩ	2466
1761	100000000000060690	tiga1009	2465
1762	600000000000095583	まぁ	2452
1763	300000000000024577	夏みかん	2443
1764	1200000000000018850	コーリン	2441
1765	900000000000098308	ミズクラゲ	2437
1766	500000000000018845	TAKE	2430
1767	1100000000000011912	さとら	2424
1768	1400000000000084307	チンクル	2422
1769	1300000000000007209	バイト戦士	2414
1770	1200000000000031528	ときは	2410
1771	1500000000000059017	xxx	2407
1772	1500000000000032097	たみー	2391
1773	300000000000047446	かずのこ	2388
1773	1100000000000082326	spiral	2388
1775	200000000000003551	チョッパー	2385
1776	1200000000000037415	Ｐたろー	2373
1777	1100000000000075452	まめたろう	2370
1778	300000000000051334	ひろ	2366
1779	1200000000000025026	dee　	2363
1780	1100000000000007290	10mo	2346
1781	100000000000072516	エンジン	2337
1781	200000000000051051	蒼い蠍	2337
1783	900000000000074124	愉快な奴隷たち	2314
1784	500000000000096838	atzgr	2309
1784	600000000000053547	かまど	2309
1786	1500000000000007695	のぶりん	2306
1787	700000000000003527	花織 ことは	2299
1788	800000000000084195	澪	2298
1788	1500000000000055104	ch123	2298
1790	800000000000094785	えのみ	2283
1790	1200000000000001121	超音戦士	2283
1792	800000000000087790	Player 1005521544	2279
1793	1400000000000097322	ひろ(●･▽･●)ももひろ	2276
1794	1400000000000080674	エフテテ	2274
1795	100000000000007673	かぉ	2265
1795	1100000000000000892	bugler【SxL】ｽﾏﾎ	2265
1797	200000000000086794	ダメヨシ	2261
1798	1400000000000097680	レストイン	2258
1799	900000000000060489	マルス	2254
1800	900000000000097688	もちもち町長	2253
1801	6964	ちーちゃん	2250
1802	1500000000000087124	まれ	2248
1803	1500000000000055063	アーク	2247
1804	1000000000000080660	さくらんぼ	2246
1805	1500000000000006345	りべいら	2241
1806	200000000000000288	緋羽みうな	2233
1807	1000000000000098007	ゆきゆき	2220
1808	1500000000000003343	ほー	2218
1809	600000000000061571	16回切りが出来そうな人	2212
1810	300000000000030075	陽鞠	2205
1811	700000000000080607	奏P	2200
1812	1300000000000007073	silver	2199
1813	500000000000005232	タムちゃん	2194
1814	1300000000000087126	enta4393	2193
1815	600000000000001048	からか	2190
1816	500000000000038928	Hp	2184
1817	200000000000037992	よこやん	2179
1817	300000000000003959	タケちゃん	2179
1817	800000000000000571	ちくちくわ	2179
1820	1300000000000099998	ラエル	2170
1821	600000000000051675	モリケン	2165
1822	1300000000000096787	メロントロン	2164
1823	600000000000084253	まぁ～ちゃん	2156
1824	100000000000030519	マサ！？	2154
1825	900000000000004754	ふく（C）	2152
1826	1300000000000045762	成長途中	2151
1827	900000000000011705	Valmanway	2137
1828	1400000000000076980	アリアス	2136
1829	1400000000000097525	おうねずみ	2131
1830	400000000000042043	wagrr	2125
1831	900000000000073800	月善	2122
1831	1300000000000019118	ひー	2122
1833	300000000000003534	プワワ	2118
1834	400000000000038845	ホリシュウ	2111
1835	500000000000071419	P	2099
1836	1500000000000085475	Player 1005006735	2097
1837	1000000000000000005	ドラムン	2088
1838	400000000000000797	ガン	2079
1839	700000000000001026	プギャー	2072
1839	700000000000076518	NekkiChan	2072
1841	900000000000020985	あおの	2064
1842	1000000000000001291	かけ	2060
1843	400000000000010400	たか	2058
1844	700000000000076506	ムーチョ	2056
1845	600000000000080373	ふかっしー	2043
1846	1000000000000012209	アルパカ@雪歩道場運営中	2021
1847	200000000000005062	しゃけ	2020
1848	500000000000004273	ペテン師	2016
1849	1000000000000000582	ｳﾂﾐﾝ	2015
1850	1400000000000078188	miya	2014
1851	900000000000080340	やま	2003
1852	200000000000003753	葱豆腐	2000
1853	200000000000002358	十手	1977
1854	800000000000074017	ryouman	1976
1855	1300000000000096934	ガラヤカ	1975
1856	200000000000005111	さばみーs	1972
1857	200000000000000473	プレミア	1967
1858	1500000000000004333	mabi	1957
1859	100000000000068210	カン	1951
1860	900000000000011129	りな	1949
1861	300000000000028757	†ゆう††	1944
1861	300000000000087048	リュウ	1944
1863	600000000000004707	horn@萌えつきた流星	1940
1864	700000000000008811	SHANA	1939
1865	1500000000000000221	ヤットP	1938
1866	1300000000000098846	諸越	1936
1867	500000000000010696	KEI	1928
1868	54046	t-shiren	1926
1869	74691	みおぽん	1920
1870	800000000000051043	シーエル	1915
1871	1200000000000001806	Uターン	1901
1872	26388	春波	1898
1873	200000000000085872	サマーフリーク	1896
1874	1500000000000035465	(･ωpﾍﾟｲﾝq)釘宮病I型発症	1891
1874	1500000000000093101	skim	1891
1876	300000000000098414	kazryun	1883
1877	1000000000000074720	とーふ	1864
1878	1100000000000029065	ひーせ	1854
1879	800000000000079163	たま	1850
1880	900000000000086321	ますネコ	1842
1881	400000000000055919	侍天使	1833
1882	300000000000057399	藤やん	1828
1883	1400000000000075245	にくてん	1826
1884	1200000000000087725	Ketchap_2	1821
1885	1000000000000008796	ヤマダ	1818
1885	1300000000000004203	Ken	1818
1887	800000000000000033	*	1805
1888	1000000000000051565	ゆず	1790
1889	1200000000000046682	チュ・パリ	1788
1889	1300000000000097974	chamaru	1788
1891	1000000000000081814	夜叉丸	1787
1892	300000000000001199	☆みぃにゃω☆	1785
1893	1200000000000073870	キザハシ	1778
1894	1000000000000098491	ナボナ	1761
1895	1200000000000001521	神無月ねこねこ	1760
1896	400000000000007782	フィリシア	1753
1897	1400000000000026308	見習い魔導師	1748
1898	800000000000098831	恭介	1747
1899	79165	ぼんたんP	1733
1900	58693	郷のくまもん	1730
1901	500000000000028389	クマ	1722
1901	1400000000000019357	ししゃも@響道場	1722
1903	700000000000087586	nickname	1719
1904	1000000000000097259	potti	1709
1905	1300000000000095518	リュウノヒゲ	1708
1906	1100000000000073108	モレ	1706
1907	700000000000097822	MTD	1705
1908	1400000000000093775	クリス	1701
1909	500000000000010035	京阪6000系6001は愛車	1698
1910	1500000000000035082	1号	1697
1911	400000000000097250	ガラスのメンタル	1693
1912	100000000000000510	かじゅＰ	1690
1913	1400000000000001079	おたこれ	1684
1914	1200000000000081014	葉菜	1676
1915	2450	りな＠緑より箱	1671
1916	400000000000012773	ぱうえる	1662
1917	1100000000000038830	もすくわ	1656
1918	1300000000000013827	わんわん	1655
1919	1000000000000097902	てけまぬ	1648
1920	300000000000084083	水玉	1640
1921	300000000000001723	真沙@貴音P	1625
1922	1500000000000025438	asa	1619
1923	100000000000074970	Player 1003096177	1615
1924	1200000000000076123	g390x	1599
1925	500000000000074164	まなち	1593
1926	500000000000018682	hiko	1588
1926	1400000000000054414	オニオン	1588
1928	500000000000068435	佐伯	1586
1928	600000000000018720	ドキンちゃん☆	1586
1930	1100000000000024441	ayumi	1575
1931	1300000000000006833	はつ	1573
1932	100000000000003739	山吹	1570
1933	1500000000000001983	タンタン	1566
1934	700000000000025366	捨て駒P	1565
1935	600000000000098949	虎熊 颯鬼$お嬢様あぁぁぁぁぁ$	1561
1936	51919	シュガ	1560
1937	1500000000000076179	月光	1558
1938	800000000000068557	アイソン	1539
1939	1000000000000082875	eternal@P	1538
1940	800000000000050715	みずせ	1530
1941	300000000000071840	R	1526
1942	300000000000090229	晴れ晴れ	1525
1943	100000000000003437	はぴでい	1524
1944	900000000000074683	ketty578	1520
1944	1300000000000000217	絢月	1520
1946	53188	蛙	1479
1947	600000000000003493	ｽｶ	1476
1948	500000000000085772	anj2610	1471
1949	1000000000000038812	なかはあ	1469
1950	1300000000000006416	n@ka	1463
1951	800000000000077410	ぬっ	1460
1952	800000000000053337	じょー	1456
1953	700000000000080795	約束	1449
1954	400000000000096854	くらげ	1448
1955	200000000000059130	イェーガー	1436
1956	800000000000021398	三枝3G	1429
1957	200000000000010803	S@M	1427
1958	500000000000079544	?*｡:°?あいる?*｡:°?*	1416
1959	1200000000000076977	宮内れんげ	1411
1960	800000000000096671	Solmalia	1410
1960	1200000000000097233	i.c.e.9	1410
1962	1300000000000078339	もっつ	1409
1963	3275	ふーしゃ	1408
1964	1500000000000012515	ozoz	1397
1965	1300000000000018841	闇の敗北者	1392
1966	700000000000032355	ゆうひ[ご協力感謝です]	1388
1966	1500000000000000465	ぴっちゃん	1388
1968	1100000000000081969	チコリ	1378
1969	700000000000040888	menta	1368
1970	800000000000006075	D.wilson	1366
1971	100000000000002061	パコ	1365
1972	1400000000000098950	Sora	1363
1973	900000000000021567	雪花	1352
1974	1400000000000080919	ついんて	1338
1975	1300000000000088538	レドノフ	1336
1976	400000000000097840	ragingheart945	1335
1977	1000000000000082265	アスベル	1332
1978	600000000000095116	Siren	1325
1979	1100000000000003531	リオン	1322
1980	600000000000001080	Rosswise	1308
1980	1100000000000082037	あやの	1308
1982	1300000000000047129	ANOA	1307
1983	300000000000010355	らいと	1296
1984	300000000000077192	Player 1003678755	1295
1984	700000000000021634	Ｌｉａ	1295
1986	600000000000004576	サーディ	1288
1987	1400000000000085446	ボンボン	1283
1987	1500000000000000914	nonokuro	1283
1989	700000000000002843	よどどの	1279
1990	500000000000014178	なかにー@毒	1276
1991	400000000000034255	ヨッシー	1261
1992	100000000000057207	困ったキノコ♂	1255
1993	200000000000001574	ビゼン	1253
1993	300000000000098134	りんりん	1253
1995	1100000000000074106	りるりる	1249
1996	1100000000000080855	alo	1240
1997	800000000000001098	ジョンソン	1237
1997	1100000000000080605	ヨポポ	1237
1999	900000000000024511	五右衛門	1226
2000	100000000000085119	socha	1225
2001	500000000000093974	おかき	1224
2002	900000000000077631	暗厨@グリモア	1220
2003	700000000000000549	ゼファー	1218
2004	700000000000002943	朔乃	1216
2005	4707	タクトP	1212
2005	1000000000000099581	Player 1007407306	1212
2007	1100000000000095717	ニャオキック	1211
2008	800000000000058500	シャルル	1205
2009	1000000000000041615	たぴおか	1203
2009	1300000000000031424	クローシェ様親衛隊	1203
2011	800000000000011505	タケユウ	1200
2012	200000000000084985	Banana Flavored Cat.	1196
2013	10194	コウメイ	1194
2014	1200000000000083961	Kiyoka Abe	1192
2014	1400000000000088173	凌月	1192
2016	900000000000006544	T-FULL	1190
2017	1100000000000097496	s d	1184
2018	85915	颯爽	1182
2019	99375	KwonTF	1175
2020	400000000000067345	青以	1173
2021	1300000000000051146	緋彩	1168
2022	700000000000078611	みにまむ@審神者P	1166
2023	383	肉塊	1157
2024	3713	うつぼ兎（株）	1156
2025	500000000000062154	ぽんじ	1154
2025	1000000000000074588	えんじん	1154
2027	900000000000098328	なのです	1153
2028	100000000000046628	TS-Gori	1146
2029	300000000000094699	ブルー('∀'*)	1138
2030	600000000000087714	ヤマネコ	1135
2031	500000000000005061	ペプシコーラマンＮＥＸ	1134
2032	900000000000096733	Player 1006527401	1130
2033	600000000000099155	くけ子	1128
2033	1200000000000001589	halliana@伊織P	1128
2035	500000000000084417	天音萌葱	1125
2035	1500000000000024098	ぶてぃ	1125
2037	1100000000000085273	たこくらげ	1124
2038	1300000000000004200	りゅうちゃん	1118
2038	1300000000000004893	ﾄﾞﾘｰﾑﾊﾟｽﾎﾟｰﾄ	1118
2040	1500000000000035250	jado	1115
2041	200000000000000526	思夜箱	1105
2042	500000000000001393	ひより	1103
2043	1100000000000080299	志龍	1099
2044	1200000000000061098	ゴンス	1098
2045	800000000000030705	レモネード	1092
2046	100000000000074380	のん	1087
2047	400000000000034475	きよみ	1086
2048	1100000000000080632	座敷	1083
2049	200000000000030488	桜野マリ	1076
2050	900000000000012005	クマ	1072
2051	1300000000000001720	きはちゃん	1063
2052	1300000000000016059	なべ	1062
2052	1300000000000096204	パタッキー	1062
2054	300000000000047782	hbbnn430	1055
2055	300000000000096206	光速の逃亡者	1044
2055	1400000000000006429	fatrap	1044
2057	900000000000019947	ウィン	1037
2057	1000000000000063090	凸スコップ	1037
2059	600000000000009528	榊	1036
2060	1000000000000099317	it	1031
2061	200000000000062370	ゆずはす	1027
2062	1000000000000005042	Ｋ	1020
2063	600000000000046556	きらすけ	1014
2064	800000000000079422	だま＠同僚募集中	1012
2065	300000000000036740	紫騎☆女装中♪	1008
2066	800000000000065200	でぃーぷ	1002
2066	1100000000000090875	桜子mk5	1002
2068	500000000000029871	ぱすてる	996
2069	1100000000000096931	みりＯＮ	994
2070	500000000000051364	青犬	992
2071	200000000000099542	わあるど	986
2071	500000000000097097	まる９	986
2071	600000000000096508	べっちゃん	986
2074	500000000000095781	橙架	985
2074	1100000000000009625	緋狐	985
2076	200000000000008601	キロク	984
2076	1100000000000072929	ごん	984
2078	200000000000001619	ラキ	983
2079	1100000000000053948	exliontamer	982
2080	700000000000074033	トキワ	980
2081	1000000000000010813	ATX	973
2082	700000000000028194	clmt	970
2083	800000000000000453	ミナトん	967
2083	900000000000020885	マサキ.A.	967
2085	1100000000000002110	へとー	956
2085	1500000000000008111	敬助	956
2087	1100000000000096809	桜餡	955
2088	600000000000098262	ver.0	950
2088	1400000000000084108	そうちょう	950
2090	800000000000080748	あにた	942
2091	300000000000046811	ウルスラグナ	941
2091	900000000000023640	Ｊ	941
2091	1200000000000080952	ずかもと	941
2094	72805	mach	938
2095	7675	けんさん	937
2095	1200000000000000742	のすー	937
2097	1500000000000004049	ぶん	935
2098	200000000000097368	gon	934
2099	400000000000052826	ポリアネス山田	932
2100	600000000000051794	くると	931
2101	1500000000000057504	悠煌	926
2102	99564	文	917
2103	1300000000000062593	生竹	915
2104	900000000000099289	Player 1007499689	910
2105	1100000000000010034	ＡＱ	909
2106	100000000000061260	チヨダ	907
2107	900000000000061801	キャップ	904
2108	500000000000050615	ＧＯＤ	902
2109	100000000000080976	6号	898
2110	1100000000000010987	ジュジュべ	892
2111	500000000000097524	kwan cheuk wang	891
2111	900000000000004256	カガチ	891
2111	1100000000000015625	チャルト	891
2114	100000000000055323	Bernkastel	887
2115	700000000000079742	ユウ	885
2115	800000000000073020	tanku	885
2117	1400000000000022361	@	882
2118	1500000000000010496	獅子闘十嵐（ししとうがらし）	881
2119	400000000000096027	あか	879
2119	1400000000000084384	卯月	879
2121	900000000000009488	かきさん	878
2122	200000000000086422	玲衣	875
2123	1200000000000081992	nut	872
2123	1500000000000048644	お昼さん	872
2125	300000000000029581	うらお	870
2126	800000000000004740	斉藤洋子	865
2126	900000000000037613	とっつあん	865
2128	800000000000032251	ビーフP	862
2129	500000000000000920	アルビレオ	861
2129	1100000000000078767	Player 1003958027	861
2131	600000000000098828	ゆいP	858
2132	800000000000081874	もすもす	851
2133	200000000000056376	みなしごハッチ	844
2134	1100000000000051804	シンク	840
2135	400000000000055664	KING_VEGA	838
2136	1000000000000085475	あんず	832
2137	300000000000080976	ナナ	831
2138	1300000000000012821	ののわ	830
2139	52032	らくだ	827
2140	300000000000004544	春風	823
2141	200000000000086161	ぱせり	822
2142	1100000000000003552	【AIR KING】ToHi【滝沢】	821
2143	900000000000086326	あーみん	820
2144	300000000000093176	バス	815
2145	300000000000006132	チャイコフ	812
2146	100000000000046714	酢橘	810
2146	1300000000000005616	とっしー(^･ｪ･)	810
2148	800000000000071131	H∧L	801
2149	800000000000011291	ハラヤヒロ	798
2150	1400000000000044761	ナナシ・フィーユ・ドミナシオン	794
2151	1500000000000099241	咲弥	793
2152	500000000000097736	きくらげ	792
2152	1300000000000050974	久遠	792
2152	1500000000000078942	徳川まつり	792
2155	1300000000000045351	ガルボニア	791
2156	1300000000000098191	れたこ	789
2157	1500000000000059343	ZEX	788
2158	200000000000096677	かさはら	782
2159	1200000000000081941	morihama8010	780
2160	200000000000005327	CHIK@	777
2161	500000000000034307	Kezai	776
2162	300000000000077687	ゆう	767
2163	1300000000000052224	はや	766
2164	300000000000013462	らおせと	765
2164	1400000000000082164	たけうま	765
2166	800000000000096826	はっさく	764
2167	500000000000053478	ねこすけ	762
2168	100000000000040708	こつ	760
2168	700000000000020490	±ゆ	760
2170	1500000000000035557	レツトアイズ	752
2171	400000000000074767	ノラ	751
2172	900000000000000352	ニイヤマ	750
2173	400000000000071880	ダル	749
2174	300000000000080766	icemarch	746
2175	700000000000078139	みのさん	742
2176	1500000000000059031	ケンボー	739
2177	600000000000073965	ソラ	737
2177	1200000000000003185	文月リライト@ちなヤク&同僚募集中	737
2179	200000000000013508	響	735
2180	1400000000000002249	濱yo	733
2181	300000000000000240	sc29	729
2182	1400000000000098993	ふた	728
2183	400000000000058704	DangerousDBZ	722
2184	1400000000000010601	アカネコ	721
2185	1400000000000083398	shinkan	716
2186	900000000000000213	なす	714
2187	1000000000000055327	おニャとも	710
2188	1300000000000062187	まふゆ	698
2189	1100000000000048476	ミフィコ	696
2190	74958	ゆう	694
2191	1200000000000084956	サトチー	693
2191	1300000000000029773	アレス	693
2193	200000000000098272	ShidouP	690
2194	1000000000000059878	檍	687
2195	200000000000034985	輝	681
2196	500000000000091669	エンペラ	680
2197	900000000000027696	ワニさんP	679
2198	200000000000003395	たっくん	672
2199	200000000000059510	シロ	670
2200	300000000000080816	mikiYM	669
2200	1000000000000098698	佐藤耕樹	669
2202	600000000000025024	因幡	668
2203	200000000000009937	四騎幻十郎	667
2204	200000000000083476	ふじ	665
2204	1000000000000000924	悠里	665
2206	200000000000097391	ぱせしゅー	663
2207	99809	ししょー	660
2207	700000000000025688	ぞう	660
2209	1400000000000064593	クロマ	655
2210	47777	p@Pa	654
2211	200000000000046045	ひろぼん	653
2211	500000000000036344	YaNAGI@BMD恵美･可憐	653
2213	900000000000075893	くらげ	652
2214	1000000000000016528	Revy	649
2215	900000000000098535	ペン三	646
2216	1500000000000082272	トム	645
2217	1300000000000008046	シマリィ	642
2218	800000000000057994	かとれあ＠4/16昴デビュー現地	639
2219	300000000000048799	エヅア	633
2219	1400000000000052273	セロリ	633
2221	700000000000060288	ハリス	632
2222	100000000000091141	不幸の道	630
2222	500000000000006223	サブロー	630
2224	800000000000082959	ふねこー	629
2225	1500000000000093780	ワード・エイト	627
2226	1300000000000056144	かいむP	622
2227	95002	カツラニス	620
2228	300000000000022866	がっちゃん	618
2229	200000000000005455	ｼﾉﾌﾞ	614
2230	1500000000000036612	ゆかい	612
2231	1000000000000095524	ねここ	610
2232	1300000000000034792	ＩＣＥ	609
2233	1000000000000073963	ボン	608
2234	300000000000051829	mercy	607
2235	1000000000000018225	たくに	604
2236	400000000000056371	けんとく	603
2237	1500000000000002059	ローラ	598
2238	95256	ケンケン009	597
2239	800000000000000228	くぬぎ	595
2240	1000000000000000658	MA23	593
2240	1300000000000054513	あゆきゆき	593
2242	1200000000000039336	とらい	591
2243	900000000000086396	アトリ	585
2244	1200000000000027421	オゼ	583
2245	1000000000000078045	いぬた	582
2246	200000000000091771	Player 1005651602	581
2247	300000000000027730	木原くん	570
2247	1200000000000025823	ラムネス	570
2249	1100000000000060129	虎吉｛裏ﾁｹ、残1m(__)m}	556
2250	200000000000086618	Player 1005077010	555
2250	800000000000097064	なかじま	555
2252	50566	向日葵	549
2253	200000000000006545	ゆう	543
2254	300000000000025353	takusi	542
2255	100000000000054957	空翔	541
2256	500000000000042385	陸奥	540
2257	11848	ゆぅ	539
2257	400000000000053905	太鼓玄人	539
2259	700000000000008071	楓	533
2259	1000000000000099300	Player 1007269866	533
2259	1400000000000042722	如月	533
2262	800000000000098216	ヒイロ	532
2263	800000000000086642	Player 1005212344	530
2263	1500000000000002509	さや	530
2265	1100000000000097859	呉毛	527
2266	100000000000043356	Chromes	525
2267	400000000000099309	とっく	522
2268	1000000000000002626	ｋ＠ｚ	520
2268	1100000000000097148	Earth	520
2270	500000000000096939	Hizu	518
2270	700000000000098905	旋	518
2272	1000000000000033781	さかなパワー	517
2273	100000000000024814	朝	516
2274	400000000000093013	ゆぅ	511
2275	100000000000020709	マリアステーキ	510
2276	1100000000000058452	Kiriba_Yuki	508
2277	1100000000000072767	せのん	506
2278	400000000000034214	Nbu	500
2279	1500000000000059322	コロンボ	499
2280	300000000000056442	Sゴブリン	498
2281	500000000000003508	エクセルシオール	497
2282	100000000000019029	伊野	488
2282	200000000000097529	エンライ	488
2282	300000000000075681	NimueP	488
2285	1300000000000098214	Player 1006891437	486
2285	1400000000000000857	ハスラー	486
2287	100000000000097867	ジャスティス	485
2288	1500000000000007376	木ノ宮タカオ	484
2289	300000000000004293	すみすみ	483
2290	600000000000038391	ハッシー	482
2290	1400000000000079446	とも	482
2292	700000000000079285	カオス	480
2293	15402	サトキチ	476
2294	200000000000002344	ノリ	469
2295	300000000000090984	ケルベロス	468
2296	500000000000075108	sherry	466
2297	1000000000000000554	かぼすサワー	460
2298	200000000000011663	コスモ	458
2299	600000000000052171	RankaMF	456
2300	1300000000000099452	NEGUSE	455
2300	1500000000000010282	すぎりょー	455
2302	1200000000000096691	AliceEyu	453
2303	500000000000083680	tkm	452
2304	600000000000079790	sui-un	442
2304	700000000000073614	ほぉりぃ☆ないた～	442
2306	900000000000004784	彩伽	441
2306	1400000000000065068	Player 1002081262	441
2308	800000000000099087	Player 1007431912	440
2308	1100000000000018655	Pマン	440
2310	1400000000000053061	SherylMF	438
2311	1200000000000001795	ミケ	436
2312	24437	ミミカ	433
2313	500000000000054535	vege	432
2314	500000000000018530	ななさ	430
2314	1100000000000056993	澪暁	430
2316	400000000000056302	空気犬	425
2317	500000000000030816	はるやん	423
2317	1300000000000027524	tos	423
2319	900000000000077499	はとまん	420
2320	300000000000079295	にゃん吉	413
2320	900000000000053452	テムジンJ+	413
2320	1300000000000005275	jesの空	413
2323	41533	gachonx	412
2324	500000000000064031	みちゃりん	410
2324	1300000000000050286	ふひひひ	410
2326	1400000000000000365	つゆP	408
2327	100000000000013620	えlさ	402
2328	100000000000045117	☆ケント￡☆	398
2329	200000000000039070	亮輔	397
2330	100000000000096833	ヒロ	396
2331	800000000000095868	.月槭	395
2331	1200000000000082434	のた	395
2333	600000000000035787	kuon'	394
2334	200000000000004688	古手	393
2335	800000000000073809	fe1	386
2336	1000000000000044673	みや （求む！応援申請   ）	385
2337	100000000000000950	アッシュ	384
2338	700000000000019651	カズ	381
2339	1000000000000008475	ればん伊	378
2340	100000000000086969	あいる	377
2341	900000000000008331	ファブリエル	376
2342	500000000000097506	ryuya	373
2343	1100000000000048427	あすみん	371
2344	500000000000093409	さくら	369
2345	79373	Player 1004075840	368
2346	800000000000053157	そら♪	366
2346	800000000000086113	タナカ	366
2346	1300000000000097403	しーま	366
2349	800000000000071107	ニカ	363
2349	900000000000077621	うつつ	363
2351	900000000000096730	みやこ	362
2352	500000000000096747	crazycomets	361
2353	100000000000000149	時雨	354
2354	700000000000010673	つかさ	353
2355	97808	ぷう	351
2356	1200000000000015102	ハンマーク	348
2357	800000000000003897	くま	347
2358	900000000000099378	Player 1007544697	345
2358	1100000000000000789	ヨウイチ@うぐぅな真士	345
2360	600000000000082160	haruto	340
2361	800000000000055572	カイト	339
2362	100000000000001801	陽月	338
2362	600000000000015220	シェリー＠ラウメン募集中	338
2362	1300000000000003486	○○○	338
2365	1000000000000097575	はづき	337
2365	1200000000000028291	朱雀	337
2367	1500000000000095172	yossy32	336
2368	1400000000000099770	アナスタシア	334
2369	200000000000100007	ロウリュ	333
2370	200000000000003697	ねこまる	331
2371	1300000000000082199	TA	326
2372	300000000000099296	vincent	324
2373	300000000000083341	すみお	323
2374	800000000000083051	かわうそ	322
2375	83401	アシガル	318
2376	1000000000000055893	ひらいで	316
2376	1100000000000099201	Player 1007390811	316
2378	1200000000000004624	黒孔雀王	314
2379	900000000000078380	ymd	312
2380	1000000000000032426	ゆき	311
2381	400000000000095045	神村	308
2382	900000000000031549	†聖天使猫姫☆ミ	306
2382	1200000000000098667	あんみつP	306
2384	1300000000000096219	HoneyNoen = YuHanKim	303
2385	1400000000000047803	key.r	298
2386	1300000000000086435	くろまりも	296
2387	900000000000082619	薫羽さくら	295
2388	60072	なむなむ	292
2389	100000000000048871	クマサンJr	286
2389	1200000000000025717	柚夏	286
2391	300000000000028529	Ｂ-ｚｏｎｅ	284
2392	500000000000077886	Ume	283
2393	100000000000080960	じょにー	282
2394	300000000000097926	水島一純	281
2395	300000000000094388	磯田	280
2396	400000000000072370	風君	277
2397	500000000000095051	ヒーロ	276
2398	800000000000086280	蝸牛	275
2398	1400000000000098416	about	275
2400	100000000000021670	黄緑	271
2400	900000000000088087	神里	271
2402	97682	吉岡P[世界一勝手なプロデューサー]	268
2402	100000000000094592	Player 1006076545	268
2402	1500000000000080885	なこ	268
2405	98272	rik	267
2405	1400000000000008889	鏡花	267
2407	99828	蛤	266
2407	1000000000000003914	ろし	266
2409	100000000000074399	ひつじ	264
2410	300000000000080274	Player 1004299731	263
2411	1300000000000006222	゜・：＊雪森りんご＊：・゜	262
2412	97301	かみなん	255
2413	600000000000099479	アリマ	252
2413	1400000000000099992	Player 1007567774	252
2415	1000000000000041160	姆可	251
2415	1300000000000051395	おしほ	251
2417	300000000000045040	青木	250
2418	1500000000000086901	M@SCON	246
2419	700000000000081105	ごまどうふ	245
2420	1300000000000006807	清水	242
2421	700000000000098737	ヨッシー４	240
2421	800000000000096187	ranran	240
2421	800000000000096718	須藤晋佑	240
2421	1200000000000098852	Player 1007321932	240
2425	100000000000006388	うえはる	238
2425	200000000000099946	stereopn	238
2427	300000000000026073	じゃれ猫	234
2427	1300000000000080992	atsu	234
2429	300000000000073596	のじゃロリ	232
2429	1400000000000071537	ゲンゴン	232
2431	1500000000000051277	ひつじ	231
2432	700000000000080813	刺身	230
2433	200000000000012619	ニコ	228
2433	800000000000098626	Player 1007218744	228
2433	1400000000000083048	Player 711128478	228
2436	1500000000000099606	おねんどにゃんちゅう	226
2437	900000000000098364	半カメ	225
2438	500000000000098133	もす羅	224
2439	600000000000080129	なす	223
2439	800000000000070464	ひねもす	223
2439	900000000000099330	kou	223
2442	82456	バラ	219
2443	600000000000005581	かっし→	218
2443	1100000000000073675	たくあん	218
2445	100000000000051089	ハカセ	216
2446	500000000000097251	スカスカ	215
2447	900000000000085139	えふわん	210
2448	500000000000099717	Player 1007550293	209
2449	600000000000099478	ケイソ	207
2449	1200000000000080623	velvet	207
2451	80876	カフェオレ	206
2452	500000000000094074	和敏祐	205
2452	800000000000099238	Roy	205
2452	1300000000000080735	如月千早	205
2455	700000000000061285	ロビンソン島	202
2456	400000000000099485	きくち	201
2456	500000000000098653	みのり	201
2458	1200000000000084193	Hosi	198
2459	100000000000097748	Player 1006878001	196
2459	700000000000093244	あちゅ@chu	196
2459	1100000000000093555	トモハル	196
2462	4414	はれ	195
2462	200000000000093574	みかんおいしい	195
2464	1400000000000099746	わらびもち	194
2465	700000000000093819	ayumep	192
2466	800000000000098741	ヒラベルト	191
2467	1200000000000099134	765	190
2468	500000000000099687	鈴木悠	189
2468	1000000000000061441	shamF14	189
2468	1200000000000051872	メコ	189
2471	1100000000000099523	Player 1007565035	188
2472	1300000000000075208	のんびりーの	187
2473	200000000000000665	メイ	185
2474	300000000000098397	まね～	183
2475	700000000000078983	はう	180
2476	700000000000051844	せつな	176
2477	1500000000000085186	exippei	174
2478	200000000000099977	まとめ	173
2479	200000000000073974	すてぃーぶ	172
2479	1000000000000099582	Keyae	172
2481	62104	砂泥棒	170
2481	400000000000007071	ひびきん	170
2483	1000000000000073950	障子が穴だらけ	169
2484	200000000000009935	mukuro	168
2484	700000000000100075	ﾏｯﾄﾝ	168
2486	1500000000000008678	八朔	167
2487	73654	ラングドッシャリ	166
2487	700000000000077862	Player 1003696743	166
2487	1200000000000048156	naaaaaaaa	166
2490	800000000000027497	紫桜	164
2491	1000000000000000736	やまこう	163
2492	1300000000000082674	キーポイント	162
2493	1648	雪ｱｹﾞﾊ(特定保護動物)	160
2494	1200000000000099261	トシ	159
2495	200000000000099530	はすんこ	158
2496	400000000000097884	misaki	151
2496	800000000000096861	im@s3stars	151
2498	100000000000008704	kenz	149
2499	600000000000085030	扉ィＰ	148
2500	1100000000000099395	しょう	147
2501	300000000000003904	tu9	146
2501	1100000000000081129	☆発狂娘☆	146
2503	34917	gunsan	143
2504	1100000000000080842	しょうた	142
2505	500000000000098899	兎鳴詩	138
2506	96140	来海	134
2507	1300000000000074516	真姫しょん♪	133
2508	1400000000000098686	あおトマト	132
2509	1200000000000099223	Player 1007527068	131
2510	300000000000004384	おた	129
2511	300000000000096306	ロロホホニ	128
2511	500000000000099686	Player 1007534197	128
2513	1000000000000001430	ヒロ～ン	127
2514	400000000000099451	Player 1007543636	126
2514	1200000000000051201	波多野	126
2516	100000000000081391	黒シャム	125
2517	400000000000060663	えま	124
2517	900000000000097153	手塚	124
2519	1100000000000022876	飛鳥	123
2520	1000000000000062161	ランブータン	120
2520	1100000000000099530	らいな	120
2522	50250	た～くま	116
2523	99806	Player 1007528272	115
2524	600000000000034873	シュウヤ	113
2524	1300000000000100077	Player 1007544205	113
2526	400000000000074465	ユウキ	110
2527	1000000000000097325	ハルラン	108
2527	1500000000000097056	マックイーン	108
2529	99648	嵐×大野くんLOVE	107
2530	500000000000005978	琥雨	103
2531	300000000000076836	断空我	100
2531	400000000000074746	マリナックマ	100
2531	900000000000099391	Player 1007551849	100
2531	1100000000000099495	day	100
2535	1500000000000095809	WAKAKIN	98
2536	1100000000000099460	凪咲	97
2537	800000000000073876	レタス	95
2538	97448	められるP	94
2539	400000000000098365	ヒロユキコウボウ	93
2539	1300000000000097923	ろったんべるく	93
2541	86120	うささん	92
2541	1400000000000045502	ens	92
2543	500000000000087408	りこんぶ	91
2544	500000000000099361	フェクトーラ	87
2545	1100000000000099231	Player 1007403883	86
2546	1100000000000091587	レギタ	84
2546	1500000000000086542	湯葉	84
2548	99839	ずんだ	83
2548	1400000000000099915	ナスキ	83
2548	1500000000000099571	Player 1007518943	83
2551	100000000000062964	におにお	81
2552	900000000000098485	Player 1007156537	80
2553	1000000000000081388	ＳＳ	79
2554	500000000000060889	旧字	78
2555	100000000000099163	Player 1007254433	77
2555	1100000000000008756	うにゃにゃ	77
2557	99450	星丼美希	76
2558	200000000000099412	Player 1007260786	75
2559	900000000000095681	おっぴー	73
2559	1100000000000055104	青山	73
2561	500000000000099599	取得できませんでした	72
2562	600000000000004807	ナヅ	70
2563	400000000000087263	HRK	69
2564	100000000000032829	おもち	68
2565	1200000000000078843	T	65
2566	300000000000082071	シュワルツシルト	64
2566	300000000000098874	てりかず	64
2566	800000000000099265	Player 1007493592	64
2569	11288	せんす	63
2570	700000000000100073	美宥ちゃん島田こまり神推し	60
2570	1200000000000099226	Player 1007529804	60
2572	200000000000090580	リリー@四天王亜利沙への応援ありがとうございました！	57
2572	900000000000099245	renato	57
2574	3236	SUS304	56
2574	400000000000099442	HiRé≠K@TSU	56
2574	500000000000099625	Player 1007492837	56
2574	600000000000009745	ユウ	56
2574	700000000000024675	上崎@レアリズ	56
2574	900000000000047449	星菜	56
2574	1400000000000036431	イクス	56
2574	1500000000000099597	Player 1007532175	56
2582	300000000000006665	robonoco	54
2582	500000000000086644	ひぃ	54
2582	600000000000000239	toby	54
2585	800000000000054399	あすか	53
2586	1000000000000098277	ダイソン	52
2587	500000000000098535	まっしー	51
2587	900000000000099320	タカヤン	51
2587	1400000000000003869	コーヤ	51
2590	100000000000008045	マシカ	50
2591	100000000000077174	英明	49
2591	1000000000000058790	ちーこ	49
2593	300000000000099426	Player 1007565475	48
2593	500000000000099576	Player 1007464757	48
2595	1300000000000098885	Sig.	47
2595	1400000000000054987	だっしょ	47
2595	1500000000000099618	渡辺	47
2598	99766	shou115	46
2598	100000000000049654	天然降臨♪感謝 スズ♪★何だかな～皆さん放流無しで…の～んびり放流するか私も☆	46
2600	600000000000099545	柏崎Sena	44
2600	1500000000000099542	Player 1007502623	44
2602	300000000000059547	水飴	42
2603	46920	一	41
2603	900000000000087479	Player 1005346457	41
2603	1300000000000099647	Player 1007312461	41
2606	34693	鵄灯 蒼汰/PG	40
2606	1200000000000098019	うぉーずまん	40
2608	300000000000044218	ガイア	39
2608	400000000000099450	As0938	39
2608	1400000000000099960	Wwe893991	39
2611	300000000000090825	XAOS	38
2611	1400000000000010987	闇月 鎖 微参戦＆微ログインですみません	38
2611	1400000000000098386	ANYWAY008	38
2611	1400000000000099922	den384x	38
2615	800000000000080995	ビクトリー	37
2616	100000000000000668	star	36
2617	700000000000047093	よう	35
2618	97999	るんば	34
2619	100000000000095876	Player 1006262481	33
2620	400000000000099231	Player 1007424596	32
2620	700000000000050578	ゆかり	32
2620	1300000000000100096	villageman	32
2620	1500000000000099174	Player 1007315263	32
2624	1300000000000100031	Player 1007514509	31
2625	600000000000056584	クロ	30
2625	900000000000003697	アイスドール	30
2625	1300000000000014292	みう	30
2625	1400000000000089899	Player 1005576030	30
2629	1200000000000098744	Player 1007263660	29
2629	1400000000000078335	Player 1003754174	29
2631	100000000000099713	ペコ&ポコ【†ｳﾛﾎﾞﾛｽ†】	27
2631	1100000000000045145	幽霊部長ｐ	27
2631	1400000000000003519	morrow	27
2634	100000000000049759	クロノ	26
2634	800000000000097396	Player 1006899480	26
2634	1100000000000099120	わま＠DAT	26
2634	1300000000000037722	黒猫C	26
2638	98615	Player 1007057312	25
2638	100000000000007813	コッヒー	25
2638	200000000000073113	教	25
2638	1200000000000099245	ぼると	25
2642	600000000000099551	Player 1007557782	24
2642	900000000000097972	いいんちょ	24
2642	1100000000000000836	ＰＩＸＳＥＬ	24
2642	1400000000000082217	wnforu	24
2646	100000000000099566	Player 1007444417	23
2646	400000000000085170	tetsuo albernal	23
2646	500000000000000472	なのか	23
2649	1100000000000099426	すすす	22
2650	1200000000000002894	レイテ	21
2650	1500000000000055531	虫	21
2652	700000000000100050	仮称	20
2653	800000000000086503	平澤千沙乃	19
2653	900000000000097060	Player 1006674361	19
2653	1100000000000046813	取得できませんでした	19
2653	1500000000000063028	大西	19
2657	2122	ミッチョン	18
2657	1500000000000098719	Player 1007162575	18
2659	400000000000019204	loopr5gleas	17
2659	700000000000005397	かなや	17
2659	800000000000012937	チャキ	17
2659	1300000000000059982	ＵＥ	17
2663	500000000000022684	朱	16
2663	700000000000006482	りゅう	16
2663	1100000000000099167	Player 1007378619	16
2663	1200000000000099122	ルイス	16
2667	100000000000080383	DELTA	15
2667	300000000000096607	ライム	15
2667	400000000000099448	Player 1007541876	15
2667	1100000000000099524	Player 1007565211	15
2671	400000000000098677	マリーナ	14
2671	700000000000087466	Player 1005229975	14
2671	800000000000044850	ただだー	14
2671	800000000000098032	Player 1007060664	14
2675	800000000000038998	まい	13
2675	1300000000000002953	なおP	13
2675	1300000000000023619	つしみゃ	13
2675	1300000000000099086	田中ぷにえ	13
2679	93526	カーズ	12
2679	500000000000099525	Player 1007437557	12
2679	700000000000100040	Player 1007528839	12
2679	1200000000000099231	Player 1007535756	12
2683	1100000000000080144	氷雨	11
2683	1200000000000073239	あずさLOVE	11
2683	1500000000000096382	麻倉沙奈	11
2686	200000000000044619	ﾏｼﾞｮﾙｶ	10
2686	200000000000092339	Paeony	10
2686	900000000000099180	アイザック	10
2686	1100000000000099479	かわうそ	10
2686	1400000000000099829	アンナ	10
2686	1500000000000053441	たさかせ	10
2686	1500000000000099649	べるないん	10
2693	200000000000100018	コジロサン	9
2693	300000000000002618	あやぱぱ	9
2693	400000000000099477	Player 1007561380	9
2693	500000000000081251	めるる	9
2693	700000000000076279	うんす	9
2693	1000000000000097948	Player 1006887130	9
2693	1200000000000095584	Player 1006294508	9
2693	1400000000000001201	緋弾	9
2693	1400000000000099913	Player 1007520190	9
2693	1500000000000060497	れーな	9
2703	100000000000053823	snsd	8
2703	200000000000010802	のんのん。@暫く出没率低めになります。。。	8
2703	400000000000099168	白奏P	8
2703	600000000000099501	鏡花	8
2703	700000000000099140	アクエリアス	8
2703	800000000000059288	ふとし	8
2703	1300000000000084199	ハヤブサ	8
2710	456	Echos	7
2710	6677	シュウ	7
2710	800000000000039799	まっすー	7
2710	800000000000076815	hory	7
2710	800000000000097851	かやたあ	7
2710	800000000000099163	Yuu	7
2710	1200000000000050150	KEIMA	7
2710	1200000000000096699	藤堂	7
2710	1500000000000085268	ひろひろ	7
2719	15996	プー＝POO	6
2719	100000000000001934	たけちゅ	6
2719	100000000000008695	やまちゃん．	6
2719	100000000000018908	あきとし	6
2719	200000000000004622	くろうさねこ＠探偵王	6
2719	200000000000069801	ぐぬぬ	6
2719	500000000000058671	ひさな	6
2719	500000000000097132	Player 1006563077	6
2719	500000000000097663	ティル	6
2719	1100000000000097995	ゆーかり	6
2719	1300000000000099621	みつくま	6
2719	1400000000000096324	yuutottikun	6
2719	1400000000000098072	ちょちょ	6
2732	99584	犬（スヌーピー）がすき	5
2732	400000000000094768	マスターダーク	5
2732	400000000000099458	Player 1007547764	5
2732	600000000000004864	悠斗	5
2732	600000000000021990	神代よど	5
2732	700000000000022498	紗綾	5
2732	1000000000000000691	輝	5
2732	1000000000000099453	utatamin	5
2732	1100000000000003320	Diana	5
2732	1300000000000073137	sora	5
2732	1500000000000050880	しぇいく	5
2743	99539	マミ	4
2743	100000000000077164	うにら	4
2743	200000000000036350	まめ	4
2743	300000000000060984	プラリネ	4
2743	600000000000052502	asdajdasdk	4
2743	800000000000099189	Player 1007494488	4
2743	900000000000099349	小学守望者	4
2743	1100000000000093154	ゆつ	4
2743	1200000000000095347	枕	4
2743	1300000000000098063	Player 1006815917	4
2753	98927	あいおい	3
2753	100000000000058947	ミジー	3
2753	100000000000099735	バニラアイスさん	3
2753	200000000000038628	抹茶あずき	3
2753	200000000000099105	窓	3
2753	300000000000037590	珈琲ミルク	3
2753	400000000000028546	よーた	3
2753	400000000000092969	愛菜	3
2753	600000000000093339	あつし	3
2753	700000000000077313	yutya	3
2753	700000000000087994	Player 1005345527	3
2753	700000000000096621	蝉	3
2753	700000000000097289	tsubasa0922	3
2753	800000000000099256	Player 1007536360	3
2753	800000000000099303	Player 1007570232	3
2753	900000000000014796	まりー	3
2753	900000000000095673	猫夜凪	3
2753	900000000000096106	Player 1006399209	3
2753	900000000000097810	ΒерныЙ von	3
2753	1000000000000099815	Player 1007530890	3
2753	1100000000000054067	ｰ{}@{}@{}ｰ キング∞	3
2753	1200000000000099177	Player 1007502684	3
2753	1200000000000099265	Player 1007560620	3
2753	1300000000000099715	Player 1007346925	3
2753	1400000000000046854	くろ	3
2753	1400000000000098620	Player 1007028814	3
2753	1500000000000099604	Player 1007535679	3
2780	100000000000013567	ゆみぽん	2
2780	100000000000042414	|||山立可	2
2780	100000000000099608	Player 1007471233	2
2780	200000000000098480	ナオ	2
2780	400000000000098841	Player 1007247284	2
2780	600000000000080552	アメタク	2
2780	600000000000099291	ladeck	2
2780	600000000000099429	イ’ニュュュ	2
2780	800000000000044847	松やん	2
2780	800000000000090887	Keithpikachu	2
2780	900000000000052051	黒猫朝飯@空知い	2
2780	900000000000077291	minasefan	2
2780	1100000000000061791	しみチョコ	2
2780	1500000000000077528	tyappi	2
2794	301	優華P∫結月祭	1
2794	2266	ジョン・スミス	1
2794	100000000000097776	永澤文幸	1
2794	200000000000009569	ぷちなり	1
2794	300000000000001433	みえ	1
2794	300000000000096767	マルフォイ	1
2794	300000000000096906	スパイダーマン	1
2794	500000000000005806	26★P	1
2794	700000000000075190	トゲピー	1
2794	800000000000008332	日下部純	1
2794	800000000000050256	モスキト	1
2794	800000000000061827	ポケ	1
2794	800000000000098479	バナナゴリラ	1
2794	900000000000002994	みり	1
2794	1000000000000081285	ahirunoko	1
2794	1200000000000036340	やおはち	1
2794	1200000000000052550	あふno.10	1
2794	1200000000000091917	Player 1005742332	1
2794	1300000000000008793	メロ	1
2794	1300000000000015331	ヒロ	1
2794	1300000000000024260	なずき	1
2794	1400000000000099945	Player 1007537246	1
