1	1000000000000080621	Cycrop	782059
2	600000000000033334	灰洗屋	711331
3	1200000000000024109	ハンマーＰ@HammerChihayaP	566089
4	600000000000057701	exe35	508638
5	1200000000000037295	heishiA	486107
6	500000000000098610	エコーズ	445231
7	400000000000051331	ストラト	437100
8	500000000000006496	空白	436443
9	400000000000058819	アカハタ	434269
10	1300000000000005492	bessyo	413977
11	1500000000000062160	てーてん	388695
12	1200000000000001692	ちょろん	340939
13	500000000000002562	伽羅	322190
14	1400000000000047509	イッパイアッテサ	312466
15	800000000000092921	ゲオルグ	302519
16	600000000000074130	たかお	300602
17	400000000000008200	みずっち	299550
18	300000000000002314	arishi	271809
19	500000000000081859	はっくしょん8801	260698
20	800000000000081853	Tonnura	257177
21	600000000000012752	あつし	248767
22	1300000000000006850	Generation3	239022
23	100000000000051499	みっち	223681
24	800000000000009057	ポアロ	220296
25	200000000000005405	奈留	214824
26	1000000000000045149	ロジャー・スミス	214357
27	1200000000000003099	TOUTOU/律子ｴﾚﾅ麗花P	211149
28	800000000000094169	BEALTZ	204449
29	300000000000098019	カニカマ	201172
30	1500000000000074125	tosh_p	197672
31	400000000000080236	teko	192528
32	400000000000008761	yuu	190759
33	1500000000000000355	kyon	189579
34	400000000000029415	ろんろん	187220
35	1000000000000026700	OTO	185747
36	62478	ジョンスミス	184924
37	97208	ma	179654
38	1400000000000027701	Nacky	176419
39	500000000000042969	オジャ	175390
40	100000000000014141	マーサ	174587
41	1200000000000057944	への	171677
42	1300000000000079628	ジョカ	171374
43	1200000000000015242	koubai@同僚募集中	169949
44	1300000000000065193	shoplifter-a	168250
45	500000000000020439	Blue-Rain	167959
46	1400000000000001550	フラッグ	166967
47	1500000000000051301	かわ	165216
48	300000000000045611	てっしー	164067
49	400000000000012011	雅虎	163941
50	1500000000000002072	のっぷ	162873
51	700000000000007063	もっさん	161884
52	700000000000095403	からなし	161475
53	80663	樹雪P	160007
54	300000000000002035	kou02	159746
55	900000000000037548	まる	157981
56	300000000000055329	スロープ	157530
57	1500000000000035516	孫策⌒☆【p☆p】...	154296
58	1300000000000013238	たかこ	149316
59	1300000000000100706	shibbb	149009
60	600000000000013763	紅のアイヌ	147941
61	300000000000048009	シモヤマン@同僚募集中	147501
62	27670	slip	146754
63	16023	sikimi	145854
64	300000000000073565	ｄｇｋ	145500
65	1500000000000051365	すぽると	144140
66	100000000000058785	金竹生姜	143590
67	400000000000072584	ryohasu	142064
68	1100000000000050211	凛	139651
69	1000000000000033514	ﾍﾟｯﾊﾟｰﾎﾟｯﾂ	139608
70	200000000000012022	とてとて	139593
71	1500000000000053645	紅	139348
72	85813	けんも	138948
73	900000000000097459	izmy	138452
74	100000000000033225	Apfel	136301
75	1300000000000096918	単四電池	136293
76	900000000000000187	Drewin	136284
77	1300000000000042063	カドモス	136164
78	900000000000098946	回し者おじさん	135435
79	400000000000002622	たいくーん	135370
80	300000000000059857	レン	135169
81	700000000000033320	もりそば@ラウメン募集中	134574
82	31131	しんちぃ	133584
83	800000000000022779	ｹｲ	132727
84	400000000000040908	FORCE	132602
85	200000000000009569	ぷちなり	131560
86	700000000000006665	ガンダールヴ  アイマス以外inしません	130912
87	800000000000035238	くるみ	130844
88	99219	ペル	130143
89	1300000000000082199	TA	129308
90	1500000000000060537	しゃこ	128279
91	1500000000000042839	ハシタニ	127270
92	500000000000062154	ぽんじ	126350
93	1300000000000060519	ここな	125640
94	1200000000000085765	もるぞう	125482
95	1100000000000049467	胡麻ダレ	125181
96	100000000000002526	モーニングハロー	125072
97	1400000000000062293	meo	124939
98	1500000000000006330	hata8823	123685
99	300000000000077384	あらん	123613
100	500000000000026826	ポアロ	122878
101	1500000000000037791	あきぽん	121634
102	600000000000066869	ねぎとろまき	121095
103	75056	まだらおみ	120963
104	400000000000030643	みみみ	120899
105	400000000000025589	kyosato	120851
106	1000000000000026423	白疾風@同僚募集中	120112
107	1500000000000076349	yugi	118128
108	800000000000007045	マロ	116499
109	500000000000038589	やまと	116170
110	700000000000004721	GSXZ	115950
111	500000000000031421	ドンキー小朝	115341
112	600000000000011987	たかくら	115179
113	200000000000021210	むぎ焼酎 水割り	115061
114	600000000000022915	カズ	113567
115	800000000000061561	takakata	113099
116	1300000000000097415	ひろ	112831
117	1300000000000052190	八塚	112435
118	100000000000045494	ヒッキー	112309
119	100000000000052291	nomeaning	112076
120	800000000000032157	パイセン	111401
121	800000000000085428	koda_p	111103
122	1200000000000022324	ななな	110255
123	1100000000000080506	かも	109982
124	600000000000006939	シキ	109702
125	1200000000000014195	えび	109351
126	100000000000076531	レッサー	109308
127	1300000000000100197	kiki71	107754
128	1400000000000000315	Damiam	107234
129	100000000000013777	真江爺	107047
130	300000000000082524	ＤＡＩ	106420
131	700000000000031414	scope	106294
132	500000000000022470	かじお@濁りカルピス始めました	105982
133	1100000000000004488	時塔	105937
134	1300000000000077111	かなえじゅん	105337
135	1200000000000032402	良和	105115
136	1100000000000022307	melves	103711
137	1200000000000096722	てっき	103680
138	1100000000000002460	try	103582
139	100000000000051889	dantech	103108
140	1400000000000072561	CT	102467
141	900000000000006211	なおきち	102276
142	100000000000058499	ガヒロ	101247
143	1000000000000041615	たぴおか	101146
144	400000000000030210	ツバサ	100953
145	1300000000000042758	ＷＲＩＮＥ	100952
146	1400000000000013947	矩継	100606
147	600000000000081705	moo	100186
148	1500000000000000810	松竹梅みならい	98578
149	500000000000072694	オクラ納豆　招待気にしないで	98303
150	900000000000097897	beni	98164
151	500000000000000711	ヒカル	98014
152	5333	アズマ	97093
153	300000000000009244	カジャ	96680
154	300000000000077763	ジロ・ウォーカー	96426
155	700000000000067313	ちぃ	96206
156	1200000000000097789	Jacqueline	95828
157	100000000000011083	astry	95428
158	100000000000001659	柊真コト	95314
159	1300000000000098357	まつまる	94920
160	952	Spears	94749
161	600000000000097808	泡星	94204
162	500000000000005450	名無き人	94094
163	900000000000004261	ナマゴミ	93334
164	1200000000000083108	ウルケルＰ	92611
165	1000000000000042558	wizlilic09	92584
166	200000000000058578	素ゴック	92332
167	800000000000013814	すぷもーに	92149
168	600000000000057445	おかとじ	91749
169	500000000000000107	りのすけ	91627
170	1000000000000056351	73	91375
171	800000000000006710	ゾノ	90643
172	800000000000011556	ダックス	90642
173	700000000000016136	ｼﾞｮﾝ	90520
174	1200000000000095471	レフトガード	89772
175	1000000000000005772	ＤＤ－Ｔ	89654
176	1300000000000056920	やじー	89352
177	1100000000000035086	げさみ	89150
178	100171	かばます	88792
179	900000000000006953	ごぶりん	88637
180	600000000000023477	一番くじ男	88582
181	1000000000000086869	たつの	88045
182	300000000000049017	コイル男	87550
183	1100000000000095874	スカルク	87434
184	1100000000000085550	マリオ・イグレシアス	87325
185	1200000000000034321	ユウ	87210
186	100000000000001478	にゃんたろう	87179
187	900000000000057984	RTK	86553
188	500000000000003787	伊園寺康子	86392
189	400000000000085063	メンタツ	86132
190	200000000000000498	あーる	85160
191	400000000000083675	ジャーニー	84540
192	1400000000000081227	かばぢ	84022
193	500000000000075890	コウジ	83655
194	100000000000017097	つるちゃん♪	83050
195	500000000000062757	いすひらP	82784
196	85541	鉄扇(枝ヶ茶)	82633
197	700000000000004252	メルクリウス	82586
198	200000000000002932	スイッチ	82293
199	700000000000037046	Mayo	81874
200	1300000000000045057	りらっくま	80872
201	1400000000000086405	いろはす	80870
202	1400000000000013162	なまさん	80611
203	800000000000015465	馬竹	80528
204	800000000000005624	TOGO	80184
205	700000000000028036	くろまさん	79768
206	1100000000000093379	森の民	79638
207	200000000000030488	桜野マリ	79536
208	1200000000000008835	ハンカイ@鮪予備軍	79499
209	1000000000000023099	mangasan	79322
210	400000000000045599	halbelt	79285
211	700000000000097822	MTD	79212
212	500000000000082430	成増のイタい	78561
213	600000000000000663	YKK	78553
214	1300000000000032795	sue	78369
215	1500000000000000182	あるば	78311
216	1100000000000078742	シホツナナ	78151
217	400000000000072940	ハンクス	77936
218	1500000000000085680	マディ@ドンパチ・イルミネーション(爆炎)	77645
219	1200000000000096717	サイフォン	77254
220	25029	うらむく	77233
221	200000000000005343	かな	76838
222	500000000000000818	ＴＲＯ	76663
223	100000000000014747	ペタジーニ	76560
224	1000000000000009723	merrymew	76541
225	200000000000000492	HB2	76495
226	100000000000000239	井上トモ	76251
227	1100000000000027549	宇宙的脳髄入金属筒	76083
228	1100000000000097780	birth	76064
229	1500000000000001983	タンタン	75913
230	30217	ガッツ	75488
231	1100000000000002968	あさ	75087
232	200000000000051690	ぎゃう	74913
233	300000000000004606	ジョニー	74582
234	300000000000048666	toshi-i	74281
235	500000000000033778	濃厚	74178
236	100000000000002069	真希波･ﾘﾂｺ feat.秋月ねるのP	74132
237	300000000000050726	おーずP	73609
238	600000000000045749	Zin	73310
239	1000000000000001565	シエラ	73145
240	200000000000021738	とけたみ	73135
241	400000000000004363	まっきぃ	73063
242	1200000000000077426	灯夜	72908
243	700000000000098371	444	72520
244	200000000000052868	くに	72302
245	900000000000011231	seriya	71776
246	300000000000003166	ｸﾙｰｶﾞｰ	71509
247	1400000000000009603	ケヤキ	71169
248	800000000000013718	collbrande	70972
249	200000000000098317	さらさら	70919
250	200000000000022713	あずき@BMD美奈子あり（日記に埋めリス）	70686
251	1200000000000007375	やすちぇい	70678
252	1400000000000027511	mono	70670
253	1300000000000052930	森谷りりを	70637
254	900000000000099328	おおぐろ	70478
255	500000000000023821	椿	70241
256	400000000000094978	たけのこ	70042
257	100000000000020665	チェン爺	69562
258	800000000000050617	カイン	69344
259	800000000000021664	ima	69149
260	300000000000002499	KYON	69131
261	1400000000000025067	ゆぇ	68705
262	300000000000024166	あると	68145
263	1300000000000003989	エムエス	68096
264	1200000000000000703	ジョナサンジョーンズ	68061
265	1500000000000005076	よこさん	68041
266	700000000000075495	チャパ	68019
267	500000000000019918	かぐら	68017
268	1300000000000087061	裏助	68009
269	300000000000046987	銀さん	67956
270	800000000000062215	左道	67950
271	200000000000003648	かため	67332
272	1200000000000048833	るるは	67195
273	1500000000000061549	ml	66981
274	300000000000005123	113	66885
275	1500000000000051907	代書屋	66573
276	1100000000000042032	ゴージャスしぶりん	66550
277	400000000000003506	六花	66490
278	200000000000097118	ミナガルデ	66446
279	55586	ちつむふ	66333
280	800000000000091568	桜子mk10	66295
281	1500000000000077858	大友輝	66149
282	400000000000026811	ベル	65933
283	1100000000000000697	kaji	65843
284	700000000000084085	ユウサイP	65754
285	1000000000000006671	みすみ＠同僚さん募集中～	65705
286	1300000000000030038	キングフィッシャー	65676
287	200000000000024506	でふぉ	65259
288	500000000000099066	クロワッサン	65054
289	600000000000018172	よしお	65003
290	500000000000095028	sleepsheep	64928
291	900000000000022085	STYLLUS	64824
292	1100000000000073911	Xross-fade	64817
293	400000000000012264	きくおうＰ	64806
294	1300000000000074481	河上小鉄	64547
295	1400000000000051251	しおどめ	64082
296	1400000000000099702	ジェファーソン	64069
297	1100000000000069295	たけのこ	63865
298	1200000000000076452	tenko0305	63762
299	500000000000075548	Wilibard Joachim von Merkatz@同僚募集中	63610
300	300000000000003076	じろさぶ	63598
301	1400000000000093559	うまぽん	63287
302	500000000000006429	アカツキP@支援係	63268
303	1100000000000001186	雅さん@へるP	63164
304	45234	昴	63156
305	1100000000000060170	いなみ	63022
306	200000000000008908	jiyuka_shika	62794
307	200000000000024808	からさわのたい	62629
308	800000000000100287	くま	62597
309	100000000000015493	TREBOR	62465
310	700000000000056309	あすぱら	62305
311	1400000000000003064	アニ	62234
312	1200000000000009406	羽霧はるか	62173
313	200000000000052988	ふぁい	62035
314	600000000000037624	サンゴ	61905
315	1300000000000003697	フミカ	61868
316	1000000000000011206	しるすた～	61208
317	900000000000000416	夢若	61132
318	900000000000080340	ほふ	61002
319	1000000000000002106	みなみ[]	60993
320	100000000000099674	Dopier	60727
321	600000000000083315	ジフ	60539
322	1200000000000004581	asu@su	60327
323	300000000000058136	かず♂ まったりんこ	60294
324	1500000000000038793	紅音	60199
325	400000000000005996	イチ	59769
326	1400000000000047818	ぐる	59649
327	800000000000096115	黒い秋	59458
328	500000000000100457	nn13	59441
329	100000000000054881	ご当地ガンダム	59348
330	100000000000084123	みすてー@同僚募集中	59199
331	700000000000013747	ていおー	59069
332	400000000000033911	阪神	58934
333	800000000000081967	ak	58278
334	700000000000096772	いしだい	58190
335	200000000000017357	834yen	58168
336	200000000000084604	ホッジス	58113
337	17282	長野マン	57998
338	1400000000000003830	見さん	57657
339	700000000000003821	夜鳴鳥	57577
340	100000000000058968	ひびびぴー	57379
341	300000000000004536	PFC	57329
342	5642	ﾃｵﾄﾞｰﾙ	57206
343	300000000000087614	にくぴー	57169
344	1400000000000084982	RYO	57157
345	1100000000000045025	chacyobi	57124
346	1000000000000007108	アイン	57017
347	1100000000000098501	照さんは美希Pなの	56832
348	1500000000000079940	T-ホーク	56675
349	1400000000000100229	TAP	56527
350	1300000000000000020	Whitesox	56478
351	1200000000000004200	緑茶	56342
352	1300000000000088339	石川速人	56032
353	300000000000072684	トキ兄	55947
354	1100000000000003636	aiSuzuki	55899
355	800000000000001555	ソルダ	55792
356	1100000000000056993	澪暁	55708
357	1000000000000013318	やる気	55430
358	9795	あいち	55102
359	600000000000004154	なーな	55093
360	900000000000007035	矢野目小にサヨナラバイバイ	55012
361	1000000000000096582	ぐれ	54999
362	400000000000085620	haso@GREE	54529
363	1100000000000098529	なお	54347
364	300000000000060011	asobinatj	54221
365	900000000000051147	ドヤP	54150
366	1200000000000006339	なかむー	54032
367	800000000000096138	むん	53996
368	800000000000058687	ふじやん	53644
369	1500000000000019231	吹雪	53448
370	500000000000001709	ささかま	53410
371	500000000000057212	よかん	53379
372	200000000000094873	モルスァ	53136
373	59606	ゲス	52963
374	800000000000004653	貴久	52949
375	400000000000094895	豚ちき	52803
376	1500000000000094101	吉雄	52682
377	200000000000016766	じゅうそうＰ	52590
378	800000000000041203	KASE	52574
379	1000000000000032504	ネグロ	52540
380	700000000000096825	koko	52375
381	700000000000000447	三ツ星	52247
382	800000000000094678	チャオ	52128
383	400000000000004186	のぶ	52097
384	1204	きゃろちゃん	51931
385	1000000000000082961	グリーゼP	51490
386	600000000000000437	kaimu	51387
387	1100000000000006105	mk	51312
388	101053	ミニスタ	51252
389	900000000000056614	はちのす	51165
390	28757	だいぞう	50538
391	700000000000044531	サナリィ♂	50205
392	1000000000000007425	ユウジさん	50159
393	1400000000000086102	ポリゴン＠同僚募集	49976
394	1200000000000001617	hoyoro	49504
395	1300000000000099648	mikan	49460
396	400000000000099532	Ｉｓｏ	49257
397	1500000000000029914	～はる～	49039
398	700000000000076578	かまたす民	48859
399	200000000000001187	ぜろしゅん	48804
400	300000000000055583	こめっと	48769
401	100000000000003498	wnth	48723
402	600000000000004200	竜党	48663
403	500000000000039761	くに。。	48658
404	1400000000000000084	gokujo	48466
405	800000000000093071	Akari	48402
406	900000000000000233	空井	48317
407	1500000000000053404	ヨシキックス	48107
408	1400000000000001529	門キャプターさ倉	47972
409	700000000000051229	まてぃっく	47837
410	200000000000073522	こわたり	47706
411	800000000000005491	ほさ	47607
412	1400000000000002467	ねこぜ	47593
413	1100000000000050593	magnet	47534
414	51679	けろP	47487
415	300000000000052304	ステア	47323
416	800000000000055093	いちあに	47214
417	700000000000097536	SHADOW	47132
418	1300000000000038919	神楽坂こうしろう	47008
419	1300000000000044837	かっすぃー	46767
420	600000000000005630	だま	46519
421	1300000000000002228	ますP	46511
422	100000000000055011	ぽーるふみ	46193
423	14616	Are	46167
424	700000000000049263	弟切	45886
425	1200000000000009056	うさてん	45882
426	300000000000050533	らみふね	45810
427	300000000000060121	ロッカーズ	45731
428	300000000000059550	ひろかず	45114
429	1151	uji	45105
430	1500000000000086625	ごっつ	45040
431	100000000000031940	ｺﾝﾄﾞﾙ（×）	44949
432	1100000000000000053	さくら	44941
433	400000000000008822	とっきー	44855
434	1100000000000018890	栗たん	44722
435	1500000000000005809	とどめなぎ	44491
436	1100000000000052668	mk2	44160
437	300000000000035008	ハローボンドゥ	43998
438	2725	バズ	43922
439	1500000000000052155	百式	43809
440	500000000000001979	tomo	43299
441	700000000000023472	asthma@BMD風花・可憐相互	43296
442	700000000000005108	タチバナ	43275
443	500000000000006975	takeudon	43216
444	500000000000018931	しげ	43213
445	400000000000087671	りあり	42939
446	700000000000002269	ニィニ	42840
447	600000000000096506	いく	42830
448	600000000000030023	さなでぃーの	42796
449	100575	おいどん	42795
450	1500000000000085216	ZAN	42702
451	600000000000000844	kin	42522
452	200000000000097368	gon	42473
453	1100000000000025434	ロルリカ	42450
454	700000000000004127	dai	42356
455	1300000000000005793	モネもね	42329
456	600000000000011234	A_Z	42283
457	500000000000058154	Nerium（可奈ラウ探）	41845
458	200000000000009658	タケ	41729
459	1100000000000076605	のいん	41715
460	200000000000004818	Zacky	41690
461	800000000000011185	貝殻	41678
462	500000000000013978	ZTAR@秋月	41650
463	400000000000004168	zoo	41590
464	81037	ｲｰｹﾝ	41478
465	1000000000000026558	きょん	41448
466	800000000000054166	ヨッシー	41414
467	400000000000011556	デデデ	41376
468	500000000000038928	Hp	41252
469	500000000000008047	長月 なおきち	40907
470	1300000000000007852	萩原雪歩@まさゆき	40668
471	1000000000000043063	マスパ	40618
472	800000000000077575	スバル乗り	40562
473	300000000000028403	ぽんぬ	40303
474	1300000000000078486	天狐	40229
475	1500000000000000452	じんりゅ	39917
476	1500000000000082530	マーシュ	39795
477	1400000000000096823	まさたか	39710
478	400000000000001298	アゴカイジ	39677
479	600000000000004613	Eisuke	39673
480	75909	牛蒡	39361
481	300000000000038234	炊飯じゃー	39102
482	600000000000008117	しるバ	38981
483	100000000000093968	signeria	38930
484	1400000000000028716	あした	38879
485	1000000000000000158	まるま	38786
486	1400000000000067692	player	38769
487	200000000000083677	mimiate	38760
488	1100000000000056646	鉄也	38756
489	1100000000000046490	雅	38738
490	1400000000000004695	JACK	38689
491	1200000000000006464	サガ	38664
492	1000000000000002215	千秋聖夜	38473
493	500000000000055230	しょくしゅ	37978
494	800000000000001653	デビエル	37710
495	1000000000000014966	うみくん	37603
496	1100000000000043100	ベラヒア	37455
497	800000000000003151	ぷるふ	37440
498	900000000000031565	樹神	37237
499	1300000000000081413	南郷	37006
500	100000000000009628	kani	36955
501	1500000000000074605	かにたま	36855
502	700000000000006055	habotan	36720
503	900000000000004928	ランデ	36678
504	28155	チアキんぐ	36582
505	800000000000048046	☆～花桃燈～☆大物お休みしますm(_ _)m	36502
506	100000000000001262	ﾊｲﾃﾞﾏﾘｰ	36416
507	100000000000050988	あつもり	36392
508	400000000000024129	たから	36387
509	1300000000000084130	アスタリスク	36377
510	1100000000000030719	master	36288
511	1300000000000051891	yggdrasill	36238
512	600000000000054277	monta_7749	36210
513	900000000000002716	のら九龍	36176
514	600000000000049397	ナカジ	36058
515	900000000000023728	おさかなセンター	35976
516	800000000000073794	ひょっこ	35950
517	800000000000010925	ジョニー	35907
518	900000000000001520	ルル	35696
519	1200000000000030839	serge	35496
520	600000000000098996	shankai	35474
521	100000000000004553	タカタカ	35470
522	400000000000034672	しぇる	35375
523	1100000000000082867	Mitsuru	35330
524	1000000000000016683	Ｂａｙ	35328
525	4193	とるく	35187
526	1000000000000013702	ハル	35022
527	1200000000000007929	ラウダ	35004
528	500000000000007819	かおしっく	34914
529	200000000000004937	フレーべ	34901
530	100000000000038010	クロサエ	34865
531	400000000000028945	カプル	34817
532	400000000000003758	BEC	34773
533	1300000000000074343	やおあら	34690
534	16402	五月晴れ	34560
535	100000000000061853	ざわ	34545
536	500000000000046944	mami	34540
537	6397	Masato	34452
538	400000000000087605	木村屋 睦	34293
539	1500000000000055211	love_hurri	34220
540	400000000000030993	かめ	34061
541	499	sobriety	34016
542	500000000000023634	シズク	34003
543	700000000000051798	NGTa	33985
544	600000000000040904	たつ	33941
545	400000000000094924	ジゼル	33712
546	1400000000000062587	璃音	33708
547	100000000000080347	ベンサンP@765プロ香港支部	33671
548	300000000000023667	たかたん	33465
549	800000000000062755	あぇー	33464
550	500000000000030205	芳佳	33450
551	900000000000022037	R・田中一郎	33287
552	500000000000001021	ユキマサ	33209
553	17083	zonghy	33117
554	800000000000078649	ぷろっきー	33102
555	100000000000043218	Sforza	33066
556	1300000000000059121	kei	32968
557	1000000000000083651	せつな	32922
558	1400000000000018426	高垣彩陽（本人）	32813
559	85374	マ～さん	32744
560	800000000000077217	だいむ	32637
561	500000000000034415	こうた	32554
562	1200000000000053135	ほっと	32517
563	600000000000030944	モン太	32417
564	1100000000000078031	ロクサス	32382
565	1200000000000000134	Lunos	32355
566	1500000000000012952	Palpal	32252
567	600000000000005499	すふぃっと	32249
568	400000000000024037	kaz	32232
569	200000000000003664	uebaEDF	32225
570	900000000000004528	フォトン	32119
571	1200000000000054329	NACS	32007
572	800000000000014172	2424	31981
573	900000000000091887	HIRO	31975
574	600000000000099298	B.M	31944
575	600000000000007287	マカーカイ	31927
576	400000000000003661	ひとめぼれ	31851
577	1000000000000019323	プラス	31811
578	600000000000100112	もぐたろー	31776
579	200000000000000273	５２４	31759
580	900000000000002306	アクシス	31724
581	1200000000000003351	しんのすけ	31600
582	100000000000006803	桑田義雄	31578
583	300000000000096138	ryusen	31422
584	900000000000012903	ギャブ	31331
585	100000000000000240	クロ	31301
586	96074	Ma:SA仲間に感謝！	31295
587	100000000000011893	ふくろう	30928
588	600000000000003789	トム	30880
589	1000000000000003560	らるふぁ	30826
590	1400000000000051937	Snob	30758
591	900000000000076797	DON	30756
592	13116	たけし	30693
593	1200000000000057049	stray bunny	30539
594	700000000000054595	眉ぼんっ	30526
595	46360	へーさく	30461
596	200000000000000632	魔攻破邪神ザルビオス	30414
597	600000000000099322	アタリ	30375
598	900000000000073662	もじもじ君	30356
599	900000000000002057	タトラ	30342
600	800000000000033729	よるごみ	30331
601	100000000000087004	イエローピッグ	30290
602	1200000000000005330	青空	30271
603	300000000000074498	せと	30258
604	1000000000000002311	らんさ	30159
605	100000000000072518	こむすび	30136
606	1500000000000055171	あおじぇいそん	30124
607	1400000000000025847	冷静と情熱のあいだ	30100
608	34438	TORI	30067
609	800000000000086618	み～	29992
610	4603	かぼちゃ	29969
611	1100000000000092865	鳳梨78	29873
612	400000000000061066	とぅ～がし	29852
613	600000000000000375	k	29694
614	1300000000000099475	らいき	29585
615	1400000000000002818	げっちゅ	29548
616	1200000000000096378	リキ	29414
617	900000000000003882	さふぁいあ	29406
618	1300000000000062059	ゆとり	29338
619	1200000000000000959	スグリュー	29281
620	1400000000000046237	あんず	29241
621	800000000000099802	Suuki	29196
622	1500000000000056462	ぽてこ	29132
623	500000000000049516	かきざき	29109
624	200000000000004253	れいしき	29094
625	1100000000000100031	とろす	29082
626	1100000000000096836	観月	29052
627	1200000000000007058	すとれいと	28980
628	1300000000000072859	まるさんかく	28942
629	1100000000000005056	メガネ	28880
630	400000000000055420	m0t0k1	28831
631	1000000000000007586	キン	28773
632	300000000000001442	朝霧	28689
633	1300000000000083899	ｐｐｐ	28596
634	200000000000020169	フォルテ	28486
635	700000000000003402	ヤマリョウ	28320
636	1300000000000025528	ドギグ	28293
637	100000000000058565	宇宙忍者ゴームズ	28087
638	1200000000000002940	タイラー	28044
639	1400000000000101119	Player 1008170254	27998
640	600000000000045964	らいとにんぐ	27891
641	800000000000007115	アキ	27887
642	200000000000043269	毒茶	27863
643	200000000000037140	おれちゃん@ore_tyan	27857
644	600000000000099487	かのよ	27803
645	900000000000020885	マサキ.A.	27786
646	800000000000003639	PKDICK	27750
647	200000000000049081	ゆうゆ【女子モード中】	27742
648	100000000000075494	ぱなどぅ	27692
649	1400000000000080654	かまがたに	27625
650	900000000000046399	けるしあ	27600
651	1300000000000081322	抽象クラス	27511
652	1500000000000081936	icend	27480
653	800000000000004075	赤宝石P	27434
654	1200000000000005922	MH35	27401
655	200000000000001815	橘朔也	27294
656	1200000000000028285	らちお	27241
657	1400000000000047744	しずくさ	27220
658	1200000000000012800	おむこ	27173
659	1500000000000017058	雨魂	27132
660	600000000000001245	梔子	27122
661	9536	ゆい	26984
662	1200000000000030849	みつお	26885
663	200000000000000648	シュウ	26876
664	200000000000077435	ちゃり	26871
665	800000000000010346	ちゃる	26841
666	600000000000086674	TheBigN	26832
667	1200000000000033434	Vermilion	26715
668	700000000000054539	ＤＡＩ	26657
669	600000000000026904	マコト	26606
670	700000000000052696	せりざわ	26505
671	800000000000072605	南東	26501
672	1100000000000029925	なち	26408
673	100000000000101680	みがわり	26339
674	1000000000000013421	蛇骨亭毒蝮	26235
675	800000000000024577	アニオタ	26219
676	400000000000079745	Send	26204
677	1000000000000008146	てぃは	26164
678	200000000000087803	ハイパーＫ（ｱﾊﾞ女装中）	26144
678	1300000000000054475	ソニお	26144
680	600000000000013239	ピロ	26134
681	1300000000000099274	なお	26125
682	700000000000100139	まるお	26095
683	200000000000006712	たかなみ	26080
684	100000000000002594	ＤＩＥ	26034
685	1500000000000035246	ユーザン	25915
686	1100000000000050538	NON-s	25680
687	1000000000000023085	SHOWGO	25596
688	500000000000048900	みすていく	25567
689	100000000000041250	まっつん	25556
690	1300000000000004458	GENSAN	25370
691	500000000000079467	だしょ	25320
692	1400000000000008460	さときち	25223
693	100000000000100446	抹茶	25209
694	800000000000008378	サバミソ	25127
695	1200000000000057188	只乃鳥丸	25080
696	900000000000087629	ドライオン3	25056
697	900000000000009302	ブラウンくん★￡⌒B&C★永遠∞C★	25040
698	1400000000000003673	オイルガン８５	24897
699	200000000000095436	NULLlu	24807
700	1100000000000025230	たま(招待スルーしてください(｡-人-｡))	24734
701	1200000000000086309	あさみー	24664
702	700000000000076214	あきひろ	24642
703	1500000000000007356	いなみ	24611
704	700	yu-suke@求:4th初日	24578
705	300000000000100688	高麗人参	24553
706	1400000000000014289	Ccliys	24501
707	1300000000000087189	にぃちん	24497
708	100000000000058183	sor	24496
709	1500000000000014805	AREA88	24413
710	1400000000000001016	にゃいぺーす	24302
711	1500000000000080462	りの	24282
712	800000000000051939	つぶこしあん	24274
713	1500000000000045942	MAFTY	24251
714	1500000000000080261	レス	24172
715	300000000000007903	黒い塊	24163
716	1100000000000035222	だめくん	24078
717	1400000000000002902	群咲	23990
718	500000000000100944	アカム	23942
719	1500000000000054655	バルーンP	23901
720	400000000000086285	Di	23868
721	600000000000051910	さかみち	23850
722	1300000000000034388	あだだちくん	23668
723	600000000000050862	和春	23652
724	900000000000019429	海豚	23587
725	1300000000000008559	マサ(↓?←?↓?→AC)	23578
726	500000000000000556	ゆっ	23570
727	500000000000003676	働け無色	23492
728	600000000000051914	fon	23479
729	1500000000000041120	ワタル	23420
730	700000000000037220	MYU	23407
731	39213	驚きを隠せない!!!!	23362
732	1500000000000086901	M@SCON	23291
733	500000000000002871	尽未来	23274
734	500000000000055904	存在感のない小熊猫	23228
734	800000000000003520	ナイツ	23228
736	600000000000001507	すし屋のぽたさん	23212
737	700000000000000105	カロリにゃん	23207
738	600000000000001651	銀皿	23203
739	500000000000101502	太郎	23184
740	1000000000000026005	こなー	23143
741	600000000000007319	にるか	23102
742	97258	京介	23101
743	700000000000082936	イブ	23085
744	1000000000000004602	コースタン	22913
745	1100000000000062673	しん	22881
746	300000000000000829	Earthia	22864
747	1200000000000009258	しるはね	22845
748	700000000000003790	ｿｰｲﾁ	22703
749	1400000000000004464	がめす	22680
750	300000000000093134	Syun	22607
751	200000000000094407	まこち	22599
752	600000000000009091	モ蔵@武道館初日	22483
753	100000000000007427	猫ＭＫ-Ⅱ	22470
754	500000000000071937	ジョン	22374
755	100000000000096393	冬樹が聞き間違えたヘホホ運送	22293
756	1000000000000051565	ゆず	22208
757	500000000000077581	ツライタカヒロ	22192
758	200000000000078186	サイトウp	22139
759	500000000000018343	たかひろ	22093
760	700000000000078092	ぺんた	22009
761	800000000000004071	ネイス	22003
762	300000000000000890	さとみつ	21981
763	200000000000033761	あゆぬ	21967
764	31529	ドラピッツ	21955
765	300000000000000319	あいけ	21952
766	1000000000000101040	Player 1008226954	21943
767	3709	ぽきゆ	21861
768	1000000000000009347	ロイエンタール	21830
769	900000000000023582	由紀Ｐ	21794
770	900000000000001817	のまのまのま	21787
771	700000000000000592	まりだき	21771
772	1100000000000014052	y.k	21743
773	1200000000000052183	タンベ	21690
774	500000000000085425	紅 速人（たけっつぁん改め	21628
775	100000000000084882	たっくん	21577
776	400000000000003198	みっくん@ζ*'ヮ')ζうっうー！	21556
776	1400000000000032312	momi	21556
778	300000000000062375	newcts	21547
779	500000000000022812	アキラ	21520
780	1000000000000001517	ぽぽんがぽん	21505
781	1300000000000093631	ゆきんこ	21410
782	700000000000030355	ブイタロウ	21372
783	1500000000000011133	ことりみどり(･8･)同僚&HN取引先募集	21316
784	1200000000000002819	サト。	21302
785	900000000000094322	あかみ	21300
786	500000000000076185	とうか	21282
787	600000000000009097	でぃーでぃー	21272
788	200000000000100726	けいけい	21270
789	1200000000000010286	どしどし	21225
790	1394	ちゃこう	21148
791	1300000000000005807	××× くわがた【胃がメラミ】	21120
792	100000000000055967	ハマクドー	21087
793	400000000000007727	凍耶	21082
794	900000000000082859	ちーぼー	21037
795	53583	S-T-R	20999
796	1400000000000009336	ガキー	20930
797	100000000000010003	猿野猿太	20903
798	1200000000000008984	リキまる＠	20880
799	600000000000091855	くまきち	20818
800	1400000000000054956	ならら	20800
801	600000000000004454	伊園	20769
802	1500000000000074991	Ranzzzz	20752
803	500000000000034804	なお	20742
804	900000000000079224	M@N@K@	20727
805	1100000000000016048	gismiin	20724
806	1000000000000009850	しんちゃん	20677
807	1200000000000054481	たま	20622
808	1400000000000016728	トッチ	20575
809	400000000000069864	一日三食	20456
810	600000000000024691	pikardii	20383
811	700000000000019486	小鳥遊@EH相互埋め募集中	20368
812	8383	しょう	20290
813	8711	Ｋ	20242
814	1400000000000017525	よーへい	20219
815	96876	セレブの紳士	20194
816	800000000000071822	PumpkinP	20192
817	93286	長月	20132
818	1500000000000101378	ちっそ	20126
819	1500000000000096699	しまあじ	20115
820	500000000000050794	ミヤビ	20112
821	300000000000044905	Tokky	20097
822	4836	駄犬ペガサス	20096
823	400000000000000320	mad	20046
824	1400000000000081368	his@P	19964
825	400000000000053905	太鼓玄人	19949
826	300000000000081745	クーニャ	19934
827	800000000000030622	オキャ	19884
828	200000000000101232	龍之介#32	19873
829	1500000000000051848	す～	19864
830	1400000000000082164	たけうま	19848
831	300000000000055175	雄士	19800
832	900000000000096795	yama	19772
833	800000000000095531	oshunshun	19720
834	400000000000087841	ルイコスタ	19670
835	1000000000000028122	としさん	19616
836	1400000000000007589	ドルジ	19605
837	1500000000000005347	COA	19565
838	300000000000098339	あきすての	19550
839	46365	シシトP	19500
840	1400000000000015360	猫の後足	19456
841	800000000000097004	み	19436
842	1300000000000029911	せた	19431
843	100000000000055769	gut	19411
844	1400000000000094688	ふゆいろ	19349
845	900000000000055514	ジンベー	19344
846	400000000000085513	うどん	19336
847	400000000000007071	ひびきん	19265
848	300000000000018871	オグウ	19244
849	1100000000000003666	シュウ	19232
850	800000000000062069	すたふぃー	19231
851	100000000000004188	hidexel	19216
852	500000000000095037	rip	19200
853	800000000000004156	ひで	19192
854	1200000000000001328	こアみ	19190
855	300000000000000031	越後屋P	19172
856	100000000000009409	まっこい	19144
857	500000000000074182	ユキ	19121
858	1300000000000096219	HoneyNoen = YuHanKim	19109
859	200000000000001017	しゃれこうべ	18973
860	100000000000070468	エレナ	18905
861	1100000000000020790	おたわ	18881
862	800000000000092996	HB懸賞	18856
863	900000000000026956	わ～や	18843
864	1200000000000000495	エディ	18785
865	1000000000000097924	えりざべーと	18782
866	900000000000043872	ks ドリギルメン募集中！	18732
867	100000000000006134	EVAC	18687
868	800000000000006150	ガトウ【落とし穴設置中】	18657
869	1000000000000097208	nVi	18656
870	400000000000008281	ボストロール	18600
871	100000000000007141	ころまろ	18536
872	600000000000000080	える	18487
873	700000000000098826	バルゴラ	18462
874	500000000000093315	十式	18400
875	52159	yuuki	18382
876	1200000000000009645	じっちゃそ 肉	18352
877	800000000000066000	C1	18324
878	1000000000000073958	jeter2	18306
879	600000000000007866	熊さん	18246
880	400000000000019033	えるきす	18176
881	400000000000024068	ゆうさん	18172
882	1300000000000000478	pixy	18145
883	800000000000049459	オオプヨさん	18135
884	1300000000000002445	しゅがと	18104
885	600000000000005905	ナヅキング	18071
886	52353	マサ	17994
887	1300000000000014955	ソラ	17901
888	900000000000003319	とらこ	17878
889	1400000000000085446	ボンボン	17875
890	500000000000079335	小豆嶋	17857
891	900000000000005041	みょげぇ	17829
891	1100000000000090540	炎真	17829
893	1300000000000057116	真だこ	17699
894	700000000000084239	ゆったん	17684
895	1300000000000098616	まさお	17681
896	400000000000004074	ブーメラン空手	17666
897	300000000000015312	りょう	17610
898	300000000000059780	Gﾊﾞﾄﾛﾝ	17586
899	1500000000000006844	かたくら	17570
900	700000000000100485	メル	17504
901	1200000000000085511	ロック様	17495
902	30417	しらたかP	17481
903	1300000000000001031	サイズ	17445
904	300000000000083295	フクナガ	17400
905	1100000000000041435	道尊	17371
906	1500000000000005838	丼ちゃん	17353
907	1300000000000007261	ぼうちゃん【】	17350
908	700000000000101303	ゆのすけ	17232
909	400000000000004935	ルキャラメ	17206
910	800000000000050990	aiki	17179
911	1200000000000013042	とーふや	17160
912	100000000000077838	林檎飴P	17149
913	2818	hihihi	17131
914	47222	ヒューズ	17122
915	500000000000011270	あいうえお	17104
916	1300000000000020654	つづれ屋	17082
917	500000000000011360	BURGER	17066
918	1400000000000077705	ウッシー	17040
919	1100000000000002797	役立たずここに眠る	16990
920	1400000000000045756	忠	16957
921	1500000000000061667	klom555	16929
922	400000000000050334	ケダチク	16874
923	1500000000000007754	はぼっく	16701
924	600000000000005484	でっかち	16694
925	500000000000055422	HaLuKa	16680
926	1000000000000018694	とんぼ	16585
927	600000000000005131	まめちき	16549
928	300000000000078434	ゴブリン	16548
929	300000000000098068	ジェット	16546
930	1200000000000012789	ぱろたこ	16529
931	1000000000000077903	空野	16528
932	200000000000074714	OMAME004	16501
933	1400000000000005225	fu-re	16490
934	1000000000000009868	タルカス	16445
935	1400000000000096259	su_tan	16440
936	300000000000004928	ﾐｽﾀｰ紙袋	16438
937	1300000000000021951	しげみつ	16408
938	1300000000000021509	アオイ	16332
939	1100000000000096276	皇疾風	16325
940	300000000000099511	大地	16320
941	700000000000007524	麦わら～	16309
942	700000000000055864	リオン	16290
943	1200000000000007556	ひろ	16252
944	1500000000000036522	純究	16216
945	600000000000026884	るーしゅ	16128
946	1400000000000024500	もぐら OFF（ULA律子所持）	16006
947	600000000000047104	猫島犬右衛門	15927
948	400000000000003416	なごみ	15888
949	100000000000073153	アーモンド	15880
950	800000000000095867	にしん	15874
951	100000000000001593	パン太郎	15862
952	600000000000085271	ヴァーユ	15838
953	50464	ユーストマ	15776
954	1100000000000002113	ハル	15770
955	900000000000029451	モーム	15758
956	1300000000000096365	Y'n	15743
957	1400000000000028924	you@相互募集中～	15507
958	700000000000005250	ﾚｯｸｽ	15492
959	900000000000005544	イサム	15450
960	101802	だりす	15424
961	1000000000000005176	ｱﾘﾗﾄ	15422
962	900000000000010701	じぇらぁる	15413
963	900000000000004197	塩バター	15379
964	400000000000000165	katze	15373
965	1000000000000027145	ピクミン＠( &#728;ω&#728; )	15314
966	600000000000051045	yac	15303
967	500000000000018672	ネギぼうず-メイン黒ウィズ他暇な時	15283
968	1100000000000052022	petrov@BMDイベお疲れさまでした	15275
969	1200000000000051837	omo	15252
970	800000000000026142	純銀	15246
971	100000000000007534	パル	15210
972	700000000000020021	慈刀	15208
973	600000000000007331	やまだ屋	15188
974	700000000000028649	K.S	15168
975	1400000000000034734	アシラさん	15152
976	1400000000000081104	こばまる	15151
977	1400000000000072159	puniyan	15111
978	101571	奏	15086
979	1200000000000016945	はとばねぇ	15080
980	100000000000047327	まるたんぼ	15046
981	700000000000056166	ユージィ	15012
981	1400000000000095440	水戸納豆	15012
983	400000000000007083	クロ	14952
984	800000000000052224	マイタケ	14942
985	700000000000059417	蓄電池	14895
986	1300000000000028958	うみんつ	14887
987	500000000000054565	ラギ@	14825
988	800000000000085076	くるみ	14817
988	1200000000000000281	HALT	14817
990	1400000000000021608	リコッタ	14812
991	100000000000002847	ぱぱ	14806
992	1000000000000000826	タスク	14793
993	300000000000007489	まるでぃーに	14705
994	900000000000077389	ベック	14703
995	1500000000000005806	いーちゃん	14689
996	400000000000093636	カンヌ	14685
997	500000000000020800	がく@律子全所持	14672
998	900000000000049816	しばえび	14629
999	700000000000004322	ＤＳＵＫＥ	14608
1000	1400000000000022691	Shino	14605
1001	300000000000014556	バレイアーツ	14600
1002	1200000000000037102	けぃたぃ刑事	14581
1003	101891	Player 1008534928	14504
1004	1100000000000034794	2199702v	14445
1005	100000000000006963	玉王	14443
1006	300000000000000122	yabesatolu	14432
1007	200000000000023851	アザトース	14430
1008	1300000000000101883	hare_iro	14427
1009	53487	asts	14419
1010	200000000000100983	ユー	14406
1011	900000000000082323	アリス１９	14388
1012	100000000000004796	ＭＫＳＮ	14348
1013	700000000000004401	ガイスト	14320
1014	600000000000059206	タツ	14296
1015	400000000000030829	緑茶	14250
1016	1200000000000080117	こてめろにうむ	14240
1017	700000000000000966	ハードケース	14211
1018	600000000000000862	のばら	14125
1019	100000000000038979	しろ	14061
1020	100000000000085486	sho1	13969
1021	400000000000060900	キング	13956
1022	1000000000000073654	こっしー	13927
1023	1000000000000051219	ヒデ	13897
1024	1300000000000078452	リーレン	13864
1025	1200000000000037805	やすぱつ	13800
1026	400000000000000331	ター坊	13769
1027	93692	とつか	13754
1028	100000000000007061	はる。	13738
1029	700000000000080555	アグア３号	13733
1030	700000000000095416	IOG	13718
1031	500000000000101170	いぬ	13699
1032	300000000000013094	イザディ	13648
1033	1000000000000041920	イサキ	13640
1034	800000000000048867	Ｄ９０（釣り、ドリ放置します）	13623
1035	1400000000000101945	micole	13559
1036	1200000000000032053	ﾕｷｶﾞﾐ	13554
1037	1400000000000000438	r8492	13533
1038	100000000000045372	シリウス	13480
1039	1000000000000009857	まさおの森	13431
1040	800000000000000116	焼豚プリエ	13408
1041	700000000000032416	えばこ	13380
1042	1500000000000045068	谷繁	13368
1043	900000000000002540	E.G.加藤	13357
1044	900000000000032927	炭酸水	13316
1045	500000000000006157	89	13276
1046	1400000000000098451	たらたら	13274
1047	500000000000086745	たらこ	13270
1048	500000000000075905	摩耗	13263
1049	10787	ﾌﾞﾘｨ	13260
1050	500000000000000226	琳。	13258
1051	500000000000000732	one	13248
1052	1100000000000077318	cherry	13234
1053	500000000000052560	さとさとし	13200
1054	1300000000000020549	しょ～ぢ	13158
1055	300000000000096117	はたは	13143
1056	200000000000102086	ＹＵＫＩ	13118
1057	1100000000000000314	TMR2301	13094
1058	900000000000074643	ブライアント	12985
1059	1942	ゆ～とぴあ	12980
1060	400000000000000535	ヤマジン	12971
1061	1400000000000078165	Tenkai	12949
1062	1400000000000000582	しのーる	12888
1063	500000000000082844	ブレイブリー	12876
1064	600000000000056146	すずひろ	12872
1065	700000000000009920	NAVY	12863
1066	100000000000005428	からすみ	12845
1067	300000000000019252	ひこ	12839
1068	1100000000000009650	レノン	12829
1069	1300000000000054412	春風	12778
1070	1500000000000032097	たみー	12750
1071	10285	神楽坂 ユナ	12720
1072	1500000000000035910	タカオニ	12714
1073	1400000000000060815	ｏｚｙ	12711
1074	1200000000000060327	からかさ	12696
1075	200000000000081191	katsumi	12648
1076	700000000000051700	ヒロアキ	12642
1077	700000000000101118	鈴木美緒	12635
1078	400000000000091319	シュン	12547
1079	800000000000083821	lilac	12544
1080	1400000000000020408	ギンさん	12516
1081	600000000000050718	キミツ	12512
1082	900000000000030202	コウ	12484
1083	100000000000054122	プロペラヘッド	12458
1084	701	ロブスター	12416
1085	400000000000099432	shun	12400
1086	200000000000085616	風籟	12371
1087	1000000000000001523	さやか	12357
1088	300000000000031511	やよクエ	12345
1089	600000000000100468	Player 1008114646	12324
1089	1000000000000014867	ya	12324
1091	900000000000019328	楓	12295
1092	85901	もっさし	12260
1093	900000000000013856	トムトム	12175
1094	400000000000003876	tkm@デレステ/WLW勢	12174
1095	400000000000048059	Yes!リサイクル	12138
1096	100000000000038147	きょー	12126
1097	900000000000045111	ew_prof	12122
1098	500000000000094623	檜笠	12100
1099	1500000000000101570	しら	12094
1100	100000000000024979	フォレ	12082
1101	1100000000000058721	山戸	12035
1102	1000000000000004771	かすがしん	12033
1103	600000000000011505	BACKMAGIC	11952
1103	1400000000000009979	Water	11952
1105	25127	かにごん	11926
1106	100000000000001020	ふぃがろ@同僚募集中トレ同僚歓迎！詳しくはマイページへ→	11920
1106	500000000000074499	Bee8	11920
1108	900000000000050958	omu	11911
1109	1100000000000000592	える	11897
1110	1000000000000001400	とんすけ	11876
1111	500000000000050956	笹佐	11859
1112	1300000000000034080	のりたま	11853
1113	1000000000000002988	noki	11848
1114	1100000000000009894	らまな	11803
1115	1400000000000096269	まっす	11800
1116	500000000000020634	datetosuikyo	11792
1116	1400000000000052431	ユウ2	11792
1118	1200000000000003150	フリー	11790
1119	600000000000001589	FAKE	11737
1120	1000000000000058539	まっつ	11704
1121	1000000000000080860	millerdance	11691
1122	1200000000000002691	となと	11615
1123	1400000000000097525	おうねずみ	11608
1124	1300000000000001024	しゃおろん	11594
1125	500000000000098091	アプレンティス	11591
1126	1000000000000100744	ロビンソン	11588
1127	600000000000010524	シロン	11544
1128	700000000000072445	ごまへ	11521
1129	100000000000051015	アオジル	11517
1130	1000000000000027813	ｼﾀﾞﾝﾃﾞｨ	11515
1131	1100000000000086209	ウミスズメ	11458
1132	700000000000098737	ヨッシー４	11419
1133	100000000000085301	GTHM	11409
1134	1500000000000051690	Bee	11393
1135	800000000000093742	ユッキー	11392
1136	1300000000000074311	ダビー	11365
1137	100000000000052932	atbt	11354
1138	200000000000097362	ぱち	11350
1139	100000000000017241	ミズーリ	11346
1139	1300000000000028087	天王星	11346
1141	800000000000073541	エンディー	11334
1142	1500000000000079768	もぐら	11318
1143	100000000000077763	JBK	11312
1144	100000000000099426	キルヒアイス	11243
1145	200000000000056358	奪取	11196
1146	900000000000036070	まっ	11166
1147	1400000000000004802	ゆっきー	11153
1148	93975	つるみん	11141
1149	900000000000091006	ばた	11106
1150	1500000000000016355	みんご222	10995
1151	1200000000000007422	わぁい	10966
1152	200000000000001018	にゃも	10932
1153	400000000000010029	だいすらぁ~	10892
1154	100000000000030567	えどがわ	10887
1155	1400000000000051893	saruta	10872
1156	300000000000073093	にーな	10863
1157	27056	みう	10815
1158	1200000000000101308	Player 1008527116	10809
1159	600000000000015547	蛇尾丸	10800
1160	800000000000002633	晴眼	10786
1161	1200000000000074683	諒	10745
1162	1300000000000025325	kaz	10724
1163	41120	でんしんばしら	10670
1164	1000000000000069215	らーん	10665
1165	1100000000000048868	カササギST	10598
1166	1100000000000002651	かぷり	10582
1167	1400000000000025033	ｙｏｕ－ｓｕｋｅ@日記に埋めリス有m@s	10580
1168	101091	くろごま	10574
1169	400000000000009249	ぺこち	10561
1170	700000000000003307	周防 尊	10559
1171	1400000000000020221	CASSI	10558
1172	200000000000093051	ＫＡＮ助	10525
1173	400000000000101131	あお	10499
1174	900000000000084686	実耶	10493
1175	97130	fin.	10469
1176	600000000000101103	ラトロム	10465
1177	100000000000101057	おんたま	10446
1178	1300000000000006833	はつ	10444
1179	1500000000000060422	ルネ	10426
1180	1300000000000086435	くろまりも	10376
1181	1000000000000054322	絶刀 天羽々斬	10341
1182	100000000000000204	ザック	10314
1183	800000000000027508	青き炎の解放者 戦獅子P@VG好きの律子P	10305
1184	900000000000001065	kumasey	10292
1185	1200000000000001806	Uターン	10280
1186	1300000000000024856	睡魔er＋	10257
1187	77345	小猫	10251
1188	900000000000024204	Y.K	10153
1189	300000000000000240	sc29	10152
1190	1400000000000000227	あお	10145
1191	100000000000012807	しょうりん	10120
1192	1000000000000052071	bikou	10104
1193	900000000000045386	ZZ ZZZ	10089
1194	1200000000000096206	txexp	10074
1195	1200000000000046576	どりーむ	10050
1196	100000000000075741	ラーマ	10048
1197	1300000000000028597	まろす	9999
1198	1500000000000058451	123456	9980
1199	400000000000028733	rkiho	9966
1200	700000000000003966	海胆( ^ω^ )	9964
1201	1400000000000097158	kurutoga	9959
1202	1200000000000002200	カズゲーマー LV1	9954
1203	1200000000000099979	tubalcain	9915
1204	300000000000080776	Nine@同僚募集中	9912
1205	1400000000000063340	毛	9900
1205	1500000000000055666	AJ	9900
1207	1000000000000004903	おる	9872
1208	1000000000000032354	著著利GUESS	9867
1208	1200000000000023902	にゃーす	9867
1210	1500000000000010312	ウガ	9828
1211	1400000000000022535	ﾊﾘｳｯﾄﾞｻﾞ供子	9772
1212	3161	az3	9738
1213	1200000000000052144	冷奴	9730
1214	800000000000076257	白滝	9713
1215	200000000000102030	Player 1008503730	9702
1216	600000000000003318	りっちゃん	9690
1217	500000000000052253	taku	9680
1217	900000000000083700	紅星黒白	9680
1219	1100000000000095423	ランディ	9669
1220	1400000000000009680	へいあん	9656
1221	500000000000094285	とまとまん	9629
1222	51204	春夏秋冬	9613
1223	1200000000000092494	からから	9579
1224	500000000000004505	雅柳	9570
1225	1300000000000004696	ひろに爺	9552
1226	500000000000003131	みやと	9540
1227	100000000000076808	あぐり	9521
1227	600000000000058405	えむえむ	9521
1229	400000000000007776	丹生谷 森夏	9481
1230	1300000000000007690	ラム	9477
1231	1400000000000101701	かしかし	9475
1232	500000000000097577	Bob	9474
1233	1500000000000028655	いっさ	9466
1234	100000000000003289	シュウスイ	9450
1235	1000000000000051088	ドミナント	9440
1236	1300000000000099137	ひふみ	9430
1237	100000000000004541	かおちゃん	9425
1238	700000000000074941	PteIpad	9416
1239	300000000000028757	†ゆう††	9415
1240	1100000000000049810	ひめかわP	9408
1241	200000000000005513	ももた	9407
1242	100000000000059326	katakataka	9397
1243	5737	ベルモット	9377
1244	1500000000000079552	True	9368
1245	500000000000101029	蓮見	9362
1246	200000000000011356	白蓮華教会	9358
1247	1000000000000016055	TITAN3	9322
1248	1000000000000093429	そらいぬ	9304
1249	400000000000001543	おつみ	9280
1250	800000000000010646	純情かれん	9269
1251	700000000000068103	キョン	9252
1252	1000000000000075167	ぬがー	9226
1253	300000000000009949	ユキ６	9209
1254	900000000000005867	シャッチー	9184
1255	900000000000085725	こめっち	9135
1256	1500000000000006658	hack!	9123
1257	1100000000000097182	おると常務	9060
1257	1200000000000028396	strikefreedom_teruyo	9060
1259	600000000000079790	sui-un	9024
1260	100000000000002961	sash	8955
1261	400000000000055985	レインジP【ダブルドライブ】	8927
1262	1100000000000051369	れむ	8913
1263	100000000000008704	kenz	8912
1264	97301	かみなん	8902
1265	300000000000101291	Player 1008501795	8864
1266	1100000000000000523	シンP	8792
1267	700000000000080913	ただあき	8761
1267	1100000000000080518	ピックアップ	8761
1269	1300000000000004499	まんじゅう	8760
1270	200000000000009058	くまちゅう	8740
1271	400000000000076991	おハロ～さん	8739
1272	500000000000031865	kakeru	8714
1273	400000000000002847	metro	8705
1274	800000000000000856	nagisalove	8686
1275	800000000000089329	うぃんぐ	8682
1276	700000000000087073	トミノ	8674
1277	800000000000058027	MAE	8672
1278	1200000000000071992	ＫＹＫ	8649
1279	1400000000000097860	あいす	8547
1280	1200000000000001367	リン	8535
1281	900000000000000536	はるさき	8500
1282	700000000000031884	局戦震電	8492
1283	1300000000000061951	ひとりめし	8488
1284	1200000000000016617	アイガモ	8479
1285	1300000000000001842	akiponne	8460
1286	1000000000000015910	二藍ニャガ	8454
1287	300000000000071840	R	8443
1288	400000000000071227	もろ	8433
1289	500000000000097238	2arrows	8432
1290	100000000000000832	龍・R	8428
1291	100000000000061260	チヨダ	8427
1292	1300000000000015126	ＮＡＡＮ	8424
1293	1000000000000006384	kamikusa	8371
1294	1000000000000084198	noahzuma	8365
1295	400000000000003754	いいだっち	8364
1296	500000000000082331	日生真琴	8347
1297	500000000000005263	飯田橋	8346
1298	800000000000026963	midget	8328
1299	11108	ロワールε=ε=┏( ・_・)┛	8303
1300	100000000000095941	はるやまたかゆきのすけ	8293
1301	1000000000000003311	ペタ	8228
1302	800000000000004308	卓球	8212
1303	1300000000000056837	Bauer	8180
1304	300000000000024780	はる	8179
1305	300000000000006258	白露	8160
1306	1400000000000004285	ディルーカ	8142
1307	200000000000003843	かわいそうな	8123
1308	200000000000009513	sin	8116
1309	1000000000000054174	ヨウ	8112
1310	1200000000000099040	JHE EN	8075
1311	600000000000032997	花澄	8064
1312	800000000000046576	やま	8059
1313	300000000000006770	G3	8052
1314	1100000000000036885	damedawa	7975
1315	1400000000000096759	ぐまー	7972
1316	300000000000093505	askm	7956
1317	100000000000091983	kahuna	7932
1318	200000000000006958	眠兎	7898
1319	400000000000031266	07@BMD同僚募集	7887
1320	300000000000030194	Thoma	7875
1321	700000000000024583	とにー	7873
1322	600000000000000065	まはとま	7870
1323	100000000000085998	ビッテン	7854
1324	200000000000003147	Ｔ―ＲＥＸ	7808
1325	900000000000101048	RAY	7807
1326	400000000000020634	かつみ	7799
1327	1200000000000050694	ＲＳＸ	7781
1328	1100000000000096719	ショウ	7780
1329	1400000000000074968	くまごす	7760
1330	1200000000000085002	よしのん	7744
1331	1200000000000077332	ナベ	7742
1332	800000000000081445	HaRi	7738
1333	80455	ユウキ	7708
1334	700000000000006441	チョモランマ	7695
1335	57489	たっち	7674
1336	800000000000048422	だれなんだよしたけ	7656
1337	1200000000000085472	realea	7644
1338	400000000000023989	アヤタカ	7614
1339	1400000000000054207	ぺーたー	7576
1340	600000000000005058	K66	7564
1341	45214	へいぼーん	7550
1342	700000000000057184	dai	7535
1343	1500000000000011468	タマモ‡∽∽‡	7490
1344	500000000000000570	伊藤P	7470
1345	900000000000076714	青葉	7469
1346	1000000000000003688	篁	7463
1347	30758	kei	7420
1348	98845	涼	7413
1349	700000000000102078	Player 1008530535	7402
1350	500000000000003035	kazuki	7391
1351	200000000000044125	伏竜	7343
1352	300000000000094647	最中	7330
1353	300000000000061709	hoiho	7263
1354	36416	やきいも	7243
1355	500000000000052284	ぴむす	7235
1356	600000000000029786	ピロシ	7232
1357	9925	クマデ	7224
1358	400000000000082021	鮭弁当	7199
1359	700000000000051006	いろいろ	7168
1360	1300000000000101338	ロレーヌ	7167
1361	800000000000042472	クロン	7111
1362	100000000000087779	星海	7099
1363	1100000000000082054	零	7072
1364	200000000000100313	かわい	7034
1365	58897	sunako@	7032
1366	100000000000098039	ゲンキP	7024
1367	600000000000055752	チャチャ	6975
1368	1100000000000002294	ナギ	6965
1368	1200000000000009090	TAKA2000	6965
1370	100000000000093900	スヴェン	6949
1371	200000000000097258	J9	6936
1372	79235	えびもと	6875
1372	93349	やつはし	6875
1374	75024	ソリ	6864
1374	900000000000096294	ごき	6864
1376	1100000000000099792	Mie Choa	6856
1377	900000000000003638	コメット	6854
1378	400000000000034697	キノ	6853
1379	300000000000086404	うにころ	6839
1380	900000000000004597	オチミズP＠水龍牙	6831
1381	700000000000001997	桜井	6824
1382	44390	ラベンダー	6816
1383	300000000000079648	気まぐれ	6801
1384	500000000000003124	うのしょう	6790
1385	13177	noriben	6787
1386	1000000000000100607	berry	6777
1387	700000000000000685	さとる	6769
1388	300000000000008510	あかね	6765
1389	300000000000074554	ふらい まんた	6763
1390	900000000000080458	リィン	6748
1391	700000000000013593	起死回生 恵P	6746
1392	1300000000000054876	高潔なる教皇、	6741
1393	100000000000056465	エレコーン	6721
1394	1200000000000062452	ジョージ	6713
1395	100000000000083635	є(･Θ･｡)э	6704
1396	600000000000080381	キリエ	6685
1397	700000000000098170	serits	6676
1398	300000000000000958	kuroneko0401	6668
1399	1400000000000000024	nashu	6656
1400	1100000000000001207	シンタナ	6653
1401	800000000000018499	しゅぐる②	6627
1402	200000000000099485	Player 1007291666	6617
1403	200000000000053071	gp-0	6580
1404	300000000000004985	お気楽@秋月道場	6570
1405	200000000000080606	ゆうご	6566
1406	900000000000056715	弑@愛しさでしねるいっそころせ	6520
1407	700000000000081382	metal mania	6515
1408	300000000000000591	右京	6512
1408	1300000000000007890	シロ	6512
1410	3644	おっさんB *忙しいため無言m(_ _)m	6510
1411	700000000000000055	tabuchi3	6509
1412	1300000000000081598	まこりん	6454
1413	1000000000000058882	ハイバリー	6432
1414	800000000000087597	りほ	6422
1415	500000000000077970	トアクア	6413
1416	1400000000000072526	ひらいしん	6402
1417	400000000000054456	パール	6398
1417	1200000000000029386	アトランダム	6398
1419	800000000000099580	saywatch	6383
1420	800000000000100409	ななきそ	6363
1421	300000000000036420	Ma_Scarlet	6354
1422	600000000000004524	成宮由愛	6347
1423	100000000000000228	yos316	6336
1424	1843	ゆう	6330
1425	200000000000018054	Hikkosi	6305
1426	100000000000014125	影(´ω｀)クリコン仲間に感謝です(´∀｀)	6259
1427	500000000000016180	arista	6253
1428	1400000000000047508	ウミヒト	6252
1429	1500000000000086439	SHOU3056	6250
1430	400000000000004824	零式	6233
1431	400000000000041118	ぴっぴ	6232
1432	800000000000055781	NT	6193
1433	800000000000035812	ツッチ	6176
1434	800000000000097451	リッツ	6167
1435	300000000000048107	ﾂﾗﾇｲ	6165
1436	700000000000012667	ドリル齋藤	6150
1437	200000000000000041	アルティ	6148
1438	800000000000062543	もっさん	6136
1439	800000000000098741	ヒラベルト	6112
1440	300000000000056351	リンゴ	6097
1441	800000000000019892	zel	6083
1442	1300000000000080665	そでこ	6076
1443	1300000000000093637	まるごとレタス	6052
1444	97795	未熟なファイター	6050
1444	500000000000021522	ロードカレン	6050
1446	46791	にこれっと	6041
1447	500000000000002174	SIGE	6034
1447	500000000000003925	Gorigan	6034
1449	1300000000000019118	ひー	6015
1450	900000000000096733	Player 1006527401	6000
1451	1000000000000039733	グリム	5995
1452	295	yukki72	5992
1453	900000000000007211	飛沫	5990
1454	800000000000090691	はるか	5973
1455	1300000000000101399	ススス	5969
1456	700000000000002076	HACHI_ROCK	5964
1457	600000000000001772	烈夢	5960
1458	100000000000002061	パコ	5959
1459	1200000000000003255	jakalope	5957
1460	1000000000000083622	小山荘の住人	5949
1461	1100000000000032790	白☆	5943
1462	600000000000040892	黒猫∵フィア‡Endless Story‡	5931
1463	1000000000000002719	コットン	5895
1464	1200000000000028956	泥人	5888
1465	200000000000054934	氷雨	5882
1466	400000000000095974	深影アキラ	5872
1467	1400000000000004953	AIEN	5870
1468	800000000000075908	常宮	5867
1469	1100000000000002561	二代目遠州乃太郎	5830
1470	1000000000000003160	ＳＱＵＡＲＥ	5819
1471	900000000000052125	くんつじ	5801
1472	600000000000081844	ノン	5800
1473	99769	松葉	5769
1474	600000000000096884	やきりんご	5760
1475	600000000000079670	霊葉	5751
1476	2561	いいぼう	5748
1476	300000000000039482	東風	5748
1478	1000000000000056684	れむ	5742
1479	8675	二番星	5724
1480	1300000000000016846	ｴﾙﾒｽ	5721
1481	800000000000100082	Player 1008073288	5696
1482	1300000000000001889	Ｋ	5684
1483	800000000000015963	ニヤ	5655
1484	1200000000000010349	SeA※Ｓ※	5649
1485	300000000000002037	チューベー	5644
1486	1200000000000067637	ルーティス	5643
1487	300000000000055312	明日も5時起きか?	5640
1487	1300000000000099964	Atsushi Yoshida	5640
1487	1500000000000060699	artail	5640
1490	1100000000000077121	ゆいなん@にこ	5639
1491	700000000000098395	夜鳥	5614
1492	900000000000007921	神崎P	5596
1493	200000000000051116	ひげまるP	5593
1494	1500000000000005836	シェルパ	5577
1495	800000000000055838	和解の印	5576
1496	1200000000000034692	さけフレーク	5535
1497	500000000000040359	まーだむ	5528
1497	1100000000000097000	デイビー	5528
1497	1500000000000027456	タッツー	5528
1500	300000000000000281	ヘカブ＠木下式恥ずかしアトミックドロップ道場	5520
1501	200000000000003513	ユタカ	5512
1502	500000000000005247	ダイ	5508
1503	1200000000000099716	雨水	5504
1504	1300000000000009744	片那	5497
1505	300000000000044828	まー	5495
1506	1100000000000009521	たぬき	5481
1506	1100000000000013854	Hal	5481
1508	1200000000000026647	ＴＷＲ００２	5466
1509	900000000000097710	Hasu.	5461
1510	1000000000000097138	tkp	5460
1510	1100000000000002174	アングリル改【EZF】	5460
1512	1400000000000052590	りすと	5450
1513	600000000000003833	どどめ	5442
1514	100000000000098589	zaru	5441
1515	1300000000000018841	闇の敗北者	5419
1516	900000000000013337	e_m_e_m	5410
1517	1400000000000094616	noribean28	5369
1518	100000000000031592	くろくろ	5349
1519	100000000000056612	tjdwns97	5346
1520	400000000000074341	ちょろの	5343
1521	1200000000000017912	機長	5334
1522	700000000000005115	おとぎ	5308
1523	1000000000000005514	スマ歩	5306
1524	1300000000000076781	ロベルトうちの	5304
1525	100000000000013027	はとぽ	5292
1525	800000000000033944	えとやん	5292
1525	1100000000000058695	いすかんな	5292
1528	600000000000004866	ヤマネコ	5279
1529	500000000000004067	キツカワ	5274
1530	200000000000074383	エルザム(ﾉｰﾏﾙ+)	5264
1531	700000000000003267	がんのすけ	5242
1532	800000000000024704	えーちゃん	5225
1533	1500000000000055675	じゅん	5216
1534	1300000000000015132	みお	5198
1535	1100000000000037832	ミルギース	5194
1536	1300000000000016360	もやし	5190
1537	1000000000000031766	はだきゅん＠あみきりつ	5157
1538	800000000000058572	真人P	5152
1539	1400000000000049389	悟空!☆	5146
1540	200000000000081140	とろ	5115
1541	900000000000004709	しょっく	5112
1542	500000000000007631	坪倉凛	5086
1543	600000000000091057	とし	5085
1544	300000000000085049	ビビッド	5082
1545	900000000000078981	妄想＠デストロイヤァ！	5063
1546	900000000000056838	lunafrea	5056
1547	600000000000002602	鳥谷瑠美	5051
1548	200000000000017567	ひで	5048
1549	200000000000094458	みり	5041
1550	300000000000008764	ヨシケイ	5024
1551	900000000000088094	渡さん	4980
1552	500000000000097136	煌	4979
1553	1300000000000000217	絢月	4950
1554	73840	lang	4949
1555	700000000000082505	ディン 千羽鶴	4947
1556	400000000000096097	DD67	4944
1557	200000000000094473	霧島	4943
1558	1300000000000076760	Player 1003406845	4911
1559	1100000000000010956	猫のテブクロ	4907
1560	1200000000000027595	koikaze	4888
1561	500000000000030832	綺堂さくら	4886
1562	1300000000000079500	ちゃけ	4877
1563	900000000000029396	you	4872
1564	85906	ルプス	4834
1565	700000000000072696	いぬこ	4832
1566	500000000000029130	ぢろ	4830
1567	200000000000024860	牛尾ルート	4808
1568	300000000000027796	くま???????	4807
1569	600000000000095770	LvB	4790
1570	300000000000100770	ちえりす	4788
1571	1500000000000054760	Muman	4784
1572	1500000000000076255	たいさい	4756
1573	200000000000026689	nao	4738
1574	700000000000040893	（鷄）	4692
1575	700000000000024710	ＭＡｋｉ	4672
1576	1300000000000087052	ひよこ	4665
1577	99852	rind@P	4662
1578	800000000000007033	しゅれん	4657
1579	400000000000048224	かず	4653
1580	800000000000085122	天草	4649
1581	300000000000077467	あやっぺ	4642
1582	1400000000000099801	銀湯匙	4634
1583	300000000000004798	としもん	4632
1584	800000000000001964	やすおさん	4626
1585	25636	マージ	4625
1586	2604	ちるだ	4620
1586	300000000000079326	さくらん坊	4620
1588	800000000000039638	ma2	4606
1589	300000000000080419	そにも	4600
1590	400000000000055715	はろ＠無知ぽよ	4589
1591	100000000000085425	ソジウムP	4588
1592	1500000000000017087	クロスケ	4571
1593	3866	カピバラ	4570
1594	100000000000015692	あこちん@	4568
1595	900000000000041509	ｶｯﾁｬﾝ	4555
1596	1000000000000002333	RX-178摩亜屈	4536
1597	1100000000000024441	ayumi	4528
1598	1400000000000082606	あえ	4524
1599	1200000000000000222	びんかんプラスチック	4510
1599	1500000000000001706	まだら	4510
1601	1500000000000013158	小龍	4506
1602	100000000000003231	伝助	4480
1602	500000000000039401	りゅうしょう	4480
1604	500000000000020540	全	4457
1605	300000000000002801	ひろ吉	4437
1606	500000000000096489	某川	4435
1607	1200000000000049946	マキ@	4432
1608	1500000000000020815	パパ	4417
1609	600000000000074595	ザキM@S 手作りのぶどうかんから本物の武道館へ	4408
1610	1100000000000022588	キリ	4404
1611	800000000000020555	シャカリキ	4396
1612	800000000000068743	めろた	4391
1613	200000000000003184	きほいる	4374
1614	100000000000042265	さとにゃん	4370
1615	500000000000077278	吉椎	4368
1616	600000000000008571	ねざーる	4352
1617	900000000000011282	けんざぶろーちょっと釣りをお休みしますm(__)m	4347
1618	400000000000006194	にっこっこ	4306
1619	1000000000000001727	OJA	4296
1620	1500000000000099100	愛増project	4254
1621	200000000000100516	KarenHojos	4238
1622	100000000000038741	泡を吹く狂戦士  センチメンタル木戸修(17歳)	4236
1623	100000000000019296	ルゥ	4228
1623	200000000000000274	黒衣神父	4228
1625	200000000000004718	三船美優	4224
1625	400000000000062216	朔弥	4224
1627	900000000000008238	くったり	4211
1628	1200000000000008786	きたきつね	4200
1629	600000000000075850	Player kanon	4189
1630	1200000000000001610	穂乃華	4186
1631	1000000000000022467	くまごろう	4176
1632	1684	斗亜	4155
1633	200000000000015628	セスドウ	4133
1634	900000000000100912	もなな	4129
1635	600000000000026708	凌駕	4127
1636	1400000000000004616	ひろ	4123
1637	36220	びあーど	4103
1638	1300000000000001202	半透明人間	4098
1639	12272	きみかげ	4097
1640	600000000000045808	9646	4095
1641	300000000000001450	utsuho	4083
1642	1500000000000065695	味噌昆布	4080
1643	100000000000076833	twin	4077
1644	700000000000016067	なっと	4072
1644	1300000000000003007	カンクロードリームトーナメント	4072
1646	400000000000001315	りゅういち	4062
1647	93200	ごまお	4050
1647	1400000000000093451	松尾でん	4050
1649	1100000000000021378	ましひろ。役立たずでスンマセン。	4032
1650	28998	ライオン 電工	4024
1651	600000000000075156	わと	4021
1652	1200000000000001315	ネイト	4016
1653	1400000000000007217	日夜‐ひよ∞(体調不良・アプリ招待×)	4003
1654	600000000000004016	さどっち	4001
1654	1100000000000007290	10mo	4001
1656	1200000000000020079	Sam Fong@このみP	3996
1657	400000000000001249	よっしー	3994
1657	900000000000086321	ますネコ	3994
1659	400000000000000026	Quisty	3992
1659	1000000000000061779	むら	3992
1661	500000000000000062	なっきー	3990
1662	1400000000000096998	霜月	3983
1663	1400000000000074765	タケナカ	3972
1664	1500000000000098260	ポンペイウス	3969
1665	200000000000044982	カエルくん	3960
1666	1300000000000081121	モスラ	3958
1667	900000000000038954	73P	3938
1668	1500000000000081484	tetuv1	3930
1669	97318	hibiki86	3924
1669	400000000000045062	むつみ(繁忙期につきin率低下中～	3924
1669	600000000000068620	さつきとメイ	3924
1672	200000000000100418	ちっさいひつじ	3918
1673	1000000000000073621	エンパイア	3916
1674	400000000000063308	serea	3914
1675	500000000000079591	谷本貴久	3899
1676	1000000000000004043	スギナ	3896
1676	1300000000000015849	sekowa	3896
1678	500000000000005362	イツキ	3864
1678	700000000000022825	尾張3104	3864
1680	1300000000000013827	わんわん	3830
1681	1400000000000001585	こける	3828
1682	600000000000079089	yuoy	3804
1683	500000000000027348	ゆき	3788
1683	800000000000052204	月代 慧	3788
1685	1200000000000001507	ばし	3768
1686	1000000000000002769	ナンジャラ	3757
1687	1300000000000001330	N二階堂ちゃん道場	3752
1688	1000000000000052526	真紅	3745
1689	1000000000000042391	yamahaP	3744
1690	9751	マリンバ	3735
1691	700000000000081164	ロク	3723
1692	200000000000044558	ぱんだ☆ﾄﾞﾘ、仲間募集中！(o^－^o)☆	3717
1693	500000000000047584	へなちさん	3713
1694	1000000000000096700	黒井猫	3712
1695	1200000000000001442	エフラム	3672
1696	100000000000023209	粉雪	3660
1696	200000000000098920	ポケっち	3660
1698	300000000000003959	タケちゃん	3659
1699	1300000000000081217	あいおい	3657
1700	1100000000000094246	わたA.I.E.N	3644
1701	400000000000001600	☆Angel Bear☆	3638
1702	900000000000078654	Sosogiguti	3616
1703	900000000000062391	ななか	3614
1704	300000000000098712	しょこしふぉ	3590
1704	400000000000017468	T-Stone	3590
1706	600000000000052812	キサラギ	3586
1707	400000000000037297	☆ゆき♪☆	3585
1708	600000000000006108	びーる	3584
1709	765	dex＠(求HN,R律子	3583
1710	800000000000099370	バム	3561
1711	1200000000000012486	ゆきゆき	3560
1712	500000000000007186	ゆうき	3549
1712	1300000000000028214	こじ	3549
1714	1400000000000001181	猫ミキサー	3532
1715	5172	飲み物	3531
1715	700000000000082366	frkkP	3531
1717	1000000000000017586	にゃっほい (NEOGENE CREATION)	3528
1717	1100000000000011912	さとら	3528
1719	800000000000046518	もりやまん	3527
1720	1500000000000076666	Yuna	3521
1721	1200000000000001471	mjkai	3520
1721	1200000000000010945	#	3520
1721	1500000000000054166	黒蛇	3520
1724	900000000000002381	うちわ	3510
1724	1000000000000003420	酢酸	3510
1726	1200000000000081929	マギー	3505
1727	1400000000000062739	おけとれす	3497
1728	1000000000000082557	ロマンシア	3490
1729	800000000000098550	Astray	3478
1730	800000000000098423	I.Roc	3473
1731	400000000000036056	タツ	3428
1732	700000000000082208	赤い一撃	3424
1733	54106	ジノ	3422
1734	100000000000014055	big-five	3410
1735	100000000000058257	箱々	3405
1736	100000000000004116	PRO.S	3394
1737	300000000000005699	えーじぇんと (多忙につきIN低下 m(_ _)m)	3390
1738	400000000000005648	タク	3388
1738	1200000000000013597	プレコ	3388
1740	1100000000000017672	大阪太郎	3380
1741	1500000000000099904	はまじ	3376
1742	1100000000000009959	赤榛名	3359
1743	1200000000000041587	みきみき	3357
1744	800000000000008409	ねこのせなか	3335
1745	900000000000101210	しのん	3334
1746	600000000000061104	下歩	3328
1746	800000000000079283	弥生	3328
1748	1100000000000080144	氷雨	3321
1749	800000000000001598	まっつん	3320
1750	1500000000000055203	tatatata	3309
1751	1100000000000101138	理世	3308
1752	1100000000000003890	ウィレム†ｸﾞﾘｰﾝﾚﾌﾄ†△	3300
1753	1500000000000099285	Player 1007370671	3280
1754	400000000000002491	kenken1	3276
1755	700000000000052075	ふるす	3275
1756	1400000000000076136	poe	3270
1757	1200000000000099116	Player 1007466844	3262
1758	1400000000000055879	miami38	3256
1759	1500000000000100751	けっけ	3251
1760	1100000000000096147	鯖サイダー	3248
1761	1000000000000036924	らいと	3239
1762	1000000000000011336	ギザ＠リラックマ	3236
1763	700000000000034958	くらうつ	3227
1764	1100000000000074457	BeerP	3224
1765	800000000000096991	シーサー	3216
1766	1000000000000100715	mikia	3203
1767	300000000000080028	Player 1004252259	3200
1767	500000000000043497	jack	3200
1769	900000000000015118	しゅ	3180
1770	400000000000000715	トラ	3164
1770	1100000000000058903	まゆら	3164
1772	800000000000035076	かごや	3160
1773	1500000000000047257	いざらん	3157
1774	1400000000000039443	アッサン()	3133
1775	400000000000053902	×　紗雪 まったりちゅ～(*´∇｀*)	3126
1776	1500000000000044138	くろろ	3122
1777	400000000000000239	ビタミン	3120
1778	300000000000100704	ゆかり	3113
1779	900000000000028030	アベル	3108
1780	1400000000000084307	チンクル	3107
1781	800000000000098764	受験生	3099
1782	600000000000021241	猫跨ぎ	3090
1783	700000000000035769	おサカナさん	3073
1784	1300000000000013172	Mr.アナドレン	3048
1785	800000000000098834	東瀬	3041
1786	1200000000000051766	方回廊	3037
1787	1400000000000001255	piadai	3028
1788	300000000000061496	だんきー	3018
1789	700000000000019781	まさっふぃ	3009
1790	1400000000000009954	たこちゃん	3008
1791	200000000000003208	tkrtxl@必然的にくじ効率主義	3003
1792	300000000000001465	ジュワ	2999
1793	1100000000000057562	ゴート	2997
1794	1200000000000061604	あおい	2986
1795	500000000000056083	yu-ka	2970
1796	500000000000007990	みりん@シシジ	2927
1797	400000000000097241	sriver	2921
1798	1400000000000004641	パンダ	2919
1799	100000000000012696	ボルヘッティ	2905
1800	300000000000025423	柴水犬	2904
1801	100000000000023326	じゃまのうちくん	2898
1802	700000000000002232	Mac～どうなるの～（旧katsu）	2892
1803	1400000000000011638	直人	2886
1804	800000000000098993	ヨウスケ	2882
1805	1300000000000098049	このこねこのこ	2872
1806	77564	ヒロ	2870
1807	900000000000010180	kondratenko	2832
1808	100000000000046921	リュウ	2830
1809	1000000000000097325	ハルラン	2826
1810	500000000000101014	さくま	2824
1811	700000000000079998	あはら	2815
1812	700000000000000312	じょーじ	2814
1813	800000000000073984	芹川	2772
1814	200000000000099133	つな	2768
1814	900000000000024548	ノアル	2768
1816	700000000000101791	ナポリ	2752
1816	1400000000000098355	まわしげり	2752
1818	500000000000007162	もふっこ	2742
1819	700000000000100678	みょん	2731
1820	800000000000002623	土門	2719
1821	700000000000080813	刺身	2714
1822	694	夢幻	2712
1823	1300000000000007066	マイケルコウ	2710
1824	800000000000005981	@k！＠はるか	2706
1825	1100000000000000238	次郎	2702
1826	800000000000042949	ジムニーカスタム	2699
1827	700000000000093898	Alica	2697
1828	800000000000054357	シャとP	2694
1829	600000000000098110	ひや	2688
1830	600000000000073758	真白	2667
1830	800000000000082329	朱鷺	2667
1832	100000000000025949	りん	2659
1833	1300000000000097496	ざっかやP	2658
1834	1500000000000004543	へっぽこ	2655
1835	100000000000038473	こーむ	2652
1836	1300000000000075208	のんびりーの	2649
1837	11145	Ai-kurenai	2625
1838	1500000000000080310	サンジ	2619
1839	600000000000075281	サンタモニカ	2618
1840	900000000000074104	Kaaaaaaaaan	2605
1841	1300000000000088642	けみちょす	2601
1842	300000000000032562	天城龍慶	2580
1843	800000000000029380	フォド	2571
1844	300000000000101094	アラブルガリア	2560
1845	600000000000099161	ますみ	2552
1846	300000000000015452	ケイ・ホープ	2534
1847	1500000000000063329	ろいにわ	2530
1848	900000000000059704	新谷真司	2529
1849	600000000000091270	ぺっけたん	2525
1850	100000000000054040	真冬	2518
1851	800000000000101183	ソラカ	2510
1852	3059	イインチョ	2506
1853	9506	ぽこん	2497
1854	1000000000000101914	Rsan0614	2492
1855	600000000000012305	小太郎	2460
1856	1100000000000060836	晃	2444
1857	1500000000000081110	R.M@缶けりしよう	2442
1858	900000000000100137	たけぞー	2428
1859	600000000000007088	ロク	2419
1860	100000000000023703	よー	2408
1861	1100000000000000234	T-Tomonori	2402
1861	1500000000000013906	サイレントＳ	2402
1863	700000000000073076	ゆう	2394
1864	700000000000086052	じゅんや	2375
1865	1200000000000045653	カープ	2374
1866	1100000000000030645	アオハナ	2368
1867	600000000000011251	にぃにP	2360
1868	1500000000000101310	梅月	2358
1869	95135	カヅキ	2346
1870	100377	イナ	2345
1871	400000000000066153	ゆかち	2342
1872	10908	ユウタ	2340
1873	35834	ニセ勇者	2336
1873	900000000000007769	小鳥遊桜雪 de R -＠騎空士になった亜利沙P	2336
1875	300000000000094720	ロイヤルガード	2316
1876	1300000000000097461	サンタロウ	2313
1877	1000000000000097691	たにっくす	2311
1878	300000000000081807	kuritaro3	2310
1879	600000000000096866	よっしー	2309
1880	300000000000099899	よもぎ	2304
1881	500000000000011960	コロイド	2301
1881	1400000000000049882	月亭八方塞がり	2301
1883	1400000000000083051	そら◎	2300
1884	1300000000000003262	wawatata	2296
1885	1000000000000092305	boku	2286
1886	200000000000004237	にゃんこてんてー	2282
1886	400000000000000088	ひらひら	2282
1888	1300000000000005281	ホッシー	2277
1889	900000000000087762	まっぴー	2275
1890	1400000000000063402	カキンタ	2270
1891	700000000000075754	麻	2268
1892	200000000000078277	わき	2257
1893	1400000000000094653	kzk	2256
1894	1400000000000000181	anshifel	2252
1895	1300000000000101268	吉幸	2249
1896	100000000000080668	milk	2241
1897	900000000000094647	かいてん	2205
1898	100000000000101801	カルボナーラ	2203
1899	1000000000000059149	まいなす	2193
1900	101490	ばるお	2187
1901	100000000000080737	六号	2176
1901	1100000000000100291	ウィーラー	2176
1903	500000000000096885	ルドルフ	2160
1904	1400000000000097348	原PECO	2153
1905	1200000000000005355	とみこ	2150
1906	1100000000000026142	牙羅（ｲﾍﾞ協力感謝です）	2128
1907	700000000000002256	神崎 真央	2117
1908	100000000000080854	bonafides	2116
1909	1100000000000052321	らんぱに	2105
1910	1500000000000014424	fa_	2103
1911	1000000000000075186	taku	2088
1912	700000000000055032	DRIFTLIVER	2081
1913	413	みつらぁ	2080
1913	1500000000000097190	よっしー２	2080
1915	1100000000000095330	みやこ	2079
1916	100000000000080960	じょにー	2076
1917	1200000000000076596	デッキ	2064
1918	1400000000000093879	よもぎ	2058
1919	700000000000098932	YYP	2050
1920	600000000000060757	じゅぴた	2048
1921	100000000000100844	ワタリガニ	2041
1922	700000000000044997	ＯＮＯＪＩ	2040
1923	400000000000023147	Ｂｏｂ	2039
1924	1200000000000075316	急接近	2034
1925	1100000000000004017	ブルックリン	2016
1926	800000000000087820	紅葉*偶数月活動	2013
1927	800000000000006695	ろっそねろ	1993
1928	1000000000000026309	匿名希望P(元せいや)	1991
1929	500000000000081322	ymng	1988
1930	600000000000081676	きんらん	1987
1931	700000000000030468	NAP	1985
1932	500000000000010986	カテゴリー	1984
1932	600000000000074665	tairamune	1984
1934	900000000000000056	ふるちん	1983
1934	1200000000000055441	風見鶏 翠	1983
1936	1400000000000085388	ＩＢ2012	1974
1937	79686	家庭型カトリーヌ	1972
1938	300000000000097417	キラ	1968
1938	800000000000025784	アイテル	1968
1940	1500000000000010280	shadowvoice	1967
1941	200000000000001633	浮雪	1954
1942	1000000000000001205	れんふぁ	1953
1943	100571	あき	1946
1943	100000000000006995	こめかる	1946
1945	1000000000000095194	woo725kr	1936
1946	1000000000000034119	nanasino	1923
1947	600000000000096254	ヒラタツ	1922
1948	1300000000000099154	Player 1007141533	1920
1949	800000000000058872	ツッｼｰ	1914
1950	1200000000000002537	五月	1898
1951	1500000000000003797	りつ	1890
1952	100000000000061008	タキタキ	1888
1953	1100000000000099891	tarojo	1880
1954	200000000000078413	Water Field	1876
1955	100000000000074811	チグノ	1866
1956	1400000000000003322	わっちゃん	1856
1957	400000000000051938	まりかちゃん	1855
1957	700000000000024970	ケロリン	1855
1959	800000000000022484	松岡ライドウ	1852
1960	1200000000000022512	A.P.	1840
1961	800000000000005075	アキラ	1836
1961	1400000000000009992	ponda	1836
1963	900000000000053215	キャッキャウフフＰ	1829
1964	700000000000100857	ふたつばし	1827
1965	1500000000000042893	nomu	1824
1966	1400000000000029996	きんぎょ	1818
1967	947	アンセリス	1816
1967	1100000000000037919	おおとり	1816
1969	200000000000101666	Player 1008360306	1815
1970	400000000000036714	ベルモンド	1804
1971	500000000000003330	アイズ	1795
1971	1100000000000081322	智和	1795
1973	31274	ノヴォシビルスク	1792
1973	97988	卵かけご飯	1792
1973	400000000000038526	ろどすた	1792
1976	200000000000001595	鷹見	1791
1976	900000000000046989	カイ・タスク	1791
1978	1500000000000085475	Player 1005006735	1785
1979	300000000000021597	のふへろ	1780
1980	600000000000044562	7371	1768
1981	1300000000000083643	風舞	1748
1982	92091	WorldWildDance	1744
1982	300000000000096859	46cha	1744
1982	1000000000000043373	けんてぃ	1744
1985	1500000000000034974	赤井	1743
1986	1500000000000084542	Hana	1738
1987	300000000000058161	まみこ革命δ(゛=゛δ)	1734
1988	700000000000096774	のずみ	1733
1989	1000000000000088580	ムシャ	1732
1990	600000000000057044	抹茶雪	1722
1991	300000000000050446	Kashi	1717
1992	1400000000000076980	アリアス	1708
1993	300000000000002896	はっく！	1702
1993	900000000000096544	とるみす	1702
1995	31530	こま	1698
1996	3747	だば＠ﾀﾞ*'ヮ'ﾊﾞ＠般P	1697
1997	800000000000002622	よ～さん	1694
1998	600000000000027436	しみひ	1689
1999	500000000000002482	たいし	1688
2000	100000000000095796	ガンダー	1687
2001	900000000000085212	仄	1686
2002	800000000000044220	ぺーいち	1684
2003	1500000000000001003	ワビスケ	1677
2004	1400000000000056690	ざぶとそ	1676
2005	700000000000082226	ゆっか	1670
2006	1200000000000048097	草薙マモノ	1666
2007	600000000000050269	tako3	1664
2008	1100000000000085806	ｱﾝﾁﾏﾅｰ	1662
2009	700000000000038754	かずや	1648
2010	1400000000000093452	ROSA	1645
2011	100000000000003368	ヤクライ	1640
2012	1300000000000007081	りぬ	1631
2013	800000000000025022	てっちゃん	1630
2014	1200000000000025748	ぴよぴよ	1626
2014	1400000000000051151	稲荷森	1626
2016	500000000000099685	Player 1007533973	1604
2017	900000000000000373	リット	1603
2018	101846	ぐみ	1600
2019	1200000000000081102	トゴレス	1598
2019	1300000000000006470	藍	1598
2021	300000000000099991	エラード	1580
2022	500000000000100108	そむたむ	1574
2023	700000000000025836	ぴょん	1573
2024	1200000000000014357	にゃっ太	1566
2025	1000000000000045032	まちねこ	1544
2026	500000000000003872	mirv	1540
2026	1100000000000001880	うちなー	1540
2028	1400000000000006198	李楽	1536
2028	1400000000000059169	sigM	1536
2030	500000000000056042	やっも	1535
2031	800000000000057031	マロンヌ	1524
2032	47616	マサ0119	1498
2033	700000000000031822	まーぼ～	1497
2034	300000000000091122	月詠	1495
2035	1000000000000081359	ぴょん	1485
2036	600000000000061298	RGBYGSC	1479
2037	300000000000010168	ツクツク	1477
2038	600000000000016154	さゆき	1472
2039	200000000000080513	もく兄	1455
2040	300000000000004509	東本	1442
2041	500000000000004503	伊豆巫女鉈＠ぺたんげ	1428
2042	1400000000000013473	fox	1422
2043	300000000000021682	Acubens	1420
2044	300000000000090984	ケルベロス	1408
2044	600000000000098997	シオン	1408
2044	1500000000000074051	ぽんずP	1408
2047	400000000000000544	よこにゆたか	1392
2048	100000000000000733	hiz	1385
2049	1000000000000024898	きよもり	1381
2050	1000000000000033781	さかなパワー	1380
2051	1100000000000023978	すみか	1376
2052	400000000000057021	キリコ	1375
2053	500000000000055643	御岡(ﾐｵｶ)	1372
2054	300000000000036740	紫騎☆	1365
2055	600000000000025000	スノードロップ	1344
2055	700000000000008758	紫紅＠夜勤	1344
2057	900000000000009409	つぁー	1343
2057	1000000000000005240	らーめん屋ζ*'ヮ')ζ	1343
2059	600000000000051890	ROX	1334
2060	1300000000000100166	ふらんすぱん	1333
2061	600000000000097840	hdk	1332
2061	1300000000000077525	クロ189	1332
2063	500000000000074828	けあれすみす	1320
2064	1000000000000078027	タカトラ	1305
2065	1200000000000007004	かっしい	1304
2066	700000000000025008	とも	1302
2067	1400000000000025092	お米	1301
2068	800000000000037237	できたてEvo! Revo! 近藤大輔（ダイナモ感覚）	1296
2069	300000000000077773	はなくそまる	1257
2070	800000000000096577	ユウ	1246
2071	200000000000096865	時々眼鏡	1243
2072	400000000000050663	かける	1242
2073	1100000000000099539	リョウタP	1236
2074	100000000000001958	riola	1225
2075	900000000000066744	葉	1219
2076	800000000000096742	いしわたん	1218
2077	700000000000062764	タベ	1216
2078	1500000000000013914	ＯＯ	1213
2079	1100000000000087061	清五郎	1208
2080	300000000000099470	むぅ	1204
2081	1400000000000101965	八雲	1198
2082	1500000000000001367	清村アラサーの事件簿	1197
2083	700000000000000152	ソティス	1177
2084	900000000000054841	にはち	1175
2085	100000000000081499	ナイロン	1174
2086	700000000000078993	みどりんぐ	1168
2087	100000000000042030	248,331,070@D組P	1152
2088	800000000000070464	ひねもす	1140
2088	900000000000100938	くまさん	1140
2090	700000000000098234	とろ	1139
2091	700000000000102039	さむらいさん６２	1137
2091	800000000000059100	怪人ゾナー	1137
2093	1300000000000001853	ヴァイス	1131
2094	300000000000002306	クライン	1119
2095	100000000000101718	Ox	1116
2096	1200000000000000774	てるあき	1114
2097	900000000000098013	とかち	1112
2098	700000000000079739	YUIX真田	1111
2099	1500000000000099758	holly wizard	1105
2100	700000000000013049	リチア	1104
2100	800000000000000035	kkkk4	1104
2102	300000000000037918	トム	1098
2103	200000000000078410	セリオ	1096
2103	900000000000003413	凸ちゃん	1096
2105	1400000000000051158	けいてぃ	1095
2106	1100000000000000811	快盗レトルト	1093
2107	1100000000000027827	シン	1092
2108	1100000000000079094	ラハール	1088
2108	1500000000000004171	舞茸	1088
2110	100000000000086013	ダーヤマ	1085
2111	400000000000015276	ノビスタ	1083
2112	300000000000096137	永毒輔	1080
2113	400000000000021462	ちゃみ	1079
2114	100000000000096446	フォクス	1069
2115	500000000000075296	グルコサミン	1068
2116	400000000000023904	IMR-765-S.KISARAGI	1067
2117	800000000000051100	黄金のコロネ	1057
2118	1200000000000005181	かず	1056
2119	800000000000058372	ヴィニエイラ	1055
2120	59111	グリフィス１	1051
2121	600000000000060877	JJ	1041
2122	100000000000060438	わわ	1031
2123	400000000000092961	かつみ＋	1030
2123	800000000000005636	びゅう	1030
2125	700000000000057071	620P	1025
2126	1500000000000006342	のんこ	1024
2127	100000000000000144	げっきょ	1019
2128	900000000000010886	ゆぐ	1016
2129	700000000000002221	シングウ	1010
2130	600000000000098716	海老マヨ	996
2131	400000000000054230	じゅんこさん	994
2131	1200000000000039336	とらい	994
2133	1500000000000005875	FTH	990
2134	600000000000029144	なぎさ	988
2135	900000000000096448	保存缶	987
2136	1200000000000035766	kirsche	985
2137	24658	らっしー	984
2138	1000000000000101049	リコジャガ	983
2139	600000000000007224	黒＠招待メール気にしないで下さいm(__)m	978
2140	1400000000000076310	日ノ円	976
2141	1000000000000001860	ぽんこつ	966
2142	200000000000053275	ザオウ	960
2142	900000000000098784	きっしー	960
2144	100000000000085768	J_DDANG	958
2144	1000000000000097481	wa wawa	958
2146	200000000000097046	万字丸	956
2147	1400000000000007800	蜜岐	952
2148	500000000000004852	TPB	950
2149	800000000000031213	ほしくん	949
2150	1400000000000065068	Player 1002081262	948
2151	94687	ぷよちゃん	946
2152	1400000000000055435	シリーズ	943
2153	1500000000000097761	ヒデ	941
2154	1000000000000095395	うらッピ～。	934
2155	1400000000000002202	MAXX3	932
2156	100000000000045111	トド@NAI72ドリランドゲストハンターLv.40(60)初到達しました。	927
2157	6737	コバフト	926
2158	72724	とく	919
2159	1200000000000049685	アハト	910
2160	900000000000086396	アトリ	902
2161	500000000000019750	あたる	899
2162	107	なまくら	896
2162	400000000000054518	spitz	896
2162	800000000000038374	内緒	896
2162	800000000000100391	たづな	896
2166	100000000000098852	dark	894
2167	100000000000045096	ぐれ	888
2167	800000000000068557	アイソン	888
2169	1000000000000038102	深紅	886
2170	1300000000000055724	れいん	869
2171	1300000000000098603	股関節@翼Ｐ	864
2172	1000000000000012507	神通 和	863
2173	700000000000078555	黒い石	861
2173	1500000000000005970	しゅんしゅんお	861
2175	400000000000029492	ラチェット	854
2175	600000000000059414	シグマ君	854
2175	700000000000003969	カレチ	854
2178	100000000000079726	あがちゃん	850
2178	1500000000000005702	Ｄ.ゆたか	850
2180	500000000000033582	Ｋ．Ｋ	842
2180	1500000000000002038	靖臣	842
2182	1000000000000052726	ひすみれいと	840
2183	1500000000000000129	すめらぎこう	837
2184	1400000000000095578	たっつん	835
2185	400000000000007314	アヴリル	832
2185	1300000000000054704	りゅうこ	832
2187	300000000000007626	ほぴお	828
2188	1500000000000055059	ポロロッカ　†SGL†仕事多忙要請常時△	818
2189	1100000000000000596	えんたろう	817
2190	1200000000000004027	尽一	810
2191	1100000000000011542	くーのれ	809
2192	200000000000033055	GAN-Q_2	802
2193	1300000000000099568	Player 1007268349	797
2194	1100000000000080204	Larus	796
2195	900000000000056872	キノコ	791
2196	1100000000000101310	てぃもん.jp	788
2197	1300000000000099840	Xan	785
2198	1100000000000079498	ふぉくす	781
2199	600000000000052194	かずき	776
2200	1400000000000038970	青い団子	772
2201	400000000000098104	ファントム	770
2201	1400000000000081179	ムク	770
2203	400000000000028592	てる(有本)@イベントに行く休みがない変態ビート板マン	769
2204	101710	あたびす	768
2205	400000000000027110	_	762
2206	51067	備中青江	759
2207	400000000000074763	河邑	752
2207	800000000000076386	hogehoge	752
2209	900000000000036717	auge	750
2210	1000000000000080188	Kon	749
2211	300000000000101401	Player 1008545107	740
2212	300000000000031990	カーター	732
2212	700000000000053506	ざわざわ	732
2214	1200000000000096063	シュン	728
2214	1300000000000006563	はいご	728
2216	1000000000000014213	悠々	722
2217	1300000000000008437	がらくたまし～ん	719
2217	1300000000000041673	JOKER	719
2219	300000000000002246	TAK	716
2220	1200000000000085762	フォルテ	714
2221	1400000000000055022	白雪	709
2222	500000000000056085	sunbeam	708
2223	1300000000000001400	ぷらんちゃ＠よろ～	707
2224	200000000000001974	マヨ	704
2224	1400000000000041958	フルコート	704
2226	100000000000042283	kt5820	692
2227	1500000000000086022	りーふぇ	691
2228	600000000000011638	たい君	687
2229	900000000000095635	キャシー	684
2230	1300000000000013914	caro	681
2231	500000000000001167	春野葱	670
2231	900000000000046530	鷹瀬秋也	670
2233	700000000000099548	Player 1007290999	660
2233	1500000000000045910	79010103	660
2235	96950	8ocean	654
2236	400000000000099974	めったん	653
2237	400000000000037760	Cowboy	650
2237	800000000000000449	GM	650
2239	400000000000047760	泉そうじろう	647
2240	1100000000000050889	oDen	645
2241	1300000000000074055	玄米	644
2242	1100000000000101461	とめぃとぅ	641
2243	101821	タラ	640
2243	300000000000100357	てんてん	640
2243	500000000000099437	クー	640
2246	500000000000083974	tyaosuke3	624
2247	800000000000052358	aruzya	618
2248	1100000000000075470	斉藤ハル	615
2249	400000000000073788	Player 1002785076	609
2250	200000000000062801	aiko	608
2251	700000000000096370	きー	602
2251	1200000000000000640	ああああ	602
2253	200000000000091493	ひろりた	599
2254	1300000000000027699	オケアノス	595
2255	1500000000000077217	八咫烏	592
2256	1400000000000050395	Ｎ．Ｔ	590
2257	100000000000050586	焼き饅頭	584
2258	900000000000069628	ゆーき	583
2259	600000000000074500	ルクリリ	582
2260	100000000000001007	らっしい	581
2261	13054	セキセイインコ	572
2262	700000000000015532	いたる	570
2262	1500000000000001558	はろ	570
2264	300000000000086942	P	554
2265	1200000000000099757	ゆま	545
2266	1100000000000033084	ふらいにん	544
2267	1100000000000020326	ミキーマウス	542
2268	1200000000000095584	Player 1006294508	539
2269	1200000000000003824	ゆき	538
2270	1400000000000075124	Ayano	533
2271	800000000000091106	めいおう	531
2272	1200000000000020332	まさる	528
2273	1000000000000077763	アルフォートン	524
2274	600000000000013063	セシリア	518
2274	800000000000061518	きりと	518
2276	1500000000000031339	オダギリ	511
2277	1500000000000007346	あいす	510
2278	800000000000081426	バルキー	508
2279	600000000000055357	ぃちゃな	507
2280	200000000000099680	社会人	506
2280	600000000000052203	まるきゅう	506
2282	900000000000050889	ヤド	505
2283	500000000000052742	tamushi	504
2284	1400000000000002878	ｳｯﾁﾝ/uttinn(osu!)	502
2285	800000000000078449	ロキ	500
2286	700000000000086083	ユーリ	499
2286	800000000000050633	やすだ	499
2288	1200000000000094802	マット・シナー	483
2289	300000000000094864	常夜灯	480
2290	300000000000094699	ブルー('∀'*)	476
2291	400000000000000901	メタボ	474
2292	7546	天苗	468
2292	1100000000000014169	キョウ	468
2292	1300000000000067040	*桜霞*	468
2295	400000000000097355	hato	464
2295	400000000000100658	Player 1008199780	464
2297	1500000000000004765	flame (Am286搭載)	463
2298	1000000000000076321	sio	462
2299	100000000000039386	kouji	458
2300	200000000000088215	らい☆	448
2300	1000000000000001955	ふりた	448
2300	1200000000000006610	我道走	448
2303	1300000000000037265	ﾗｲﾃﾞﾝ (´･ω･`)＜	444
2304	1200000000000053733	rits	441
2305	200000000000088746	ケイ	438
2306	700000000000086997	鈍器	430
2307	1100000000000101324	よっしー	427
2308	100000000000041550	タダシ	426
2308	1200000000000100780	ぺる	426
2310	700000000000102075	霧島の人	415
2311	80737	ちょびさんた	406
2311	200000000000037036	かいしゃむ	406
2313	100000000000094600	はちべぇ	398
2314	800000000000073501	龍馬	397
2315	1000000000000084092	バナージ	393
2316	1400000000000030212	二葉亭	389
2317	1400000000000008354	カロ	385
2318	100000000000054957	空翔	384
2318	600000000000006589	nino	384
2318	1300000000000037271	氷室	384
2318	1500000000000101287	てょ	384
2322	1100000000000002458	ハセリ	382
2323	400000000000078655	Player 1003892116	381
2324	100000000000095898	詐胸イル	375
2325	600000000000010822	エジライダーP	368
2326	1500000000000082568	maru	364
2327	900000000000086491	Player 1005156249	359
2328	1000000000000099976	湊。	357
2329	1500000000000101784	元	356
2330	1000000000000078180	xSamanax	351
2331	1200000000000096404	薄塩たらこ	350
2332	1000000000000083823	真	349
2333	1500000000000078958	庵	346
2334	500000000000066065	亂亂	338
2335	900000000000074974	Player 1003168201	337
2336	200000000000091129	Player 1005605250	332
2336	500000000000083637	ハク	332
2338	1200000000000097221	お尋ね者	330
2339	700000000000101269	のりたま	328
2340	1300000000000022442	明日	326
2341	300000000000038650	RankaLee	325
2342	600000000000100820	Player 1008233558	324
2343	500000000000094989	いち	320
2343	700000000000082790	ﾆｭｰｼﾞｬｰｼﾞｰ州(超放置)	320
2345	101047	てっちゃん	316
2345	400000000000071725	キャスリバ	316
2347	300000000000037475	タイジ	312
2348	1100000000000003269	ＧＯちゃん	310
2349	1200000000000100420	ほこさき	308
2350	500000000000101409	mie	305
2351	500000000000100001	すなっぴー	299
2352	600000000000099577	ハイスピ	298
2353	200000000000096947	IN	297
2354	300000000000046822	ネアンデル	295
2355	1500000000000098013	すだこ	287
2356	100000000000100268	洞戸龍大	286
2357	500000000000006663	バタコ	281
2358	300000000000098699	まめっち	279
2358	1200000000000085612	ビーム	279
2360	1100000000000082045	つな	278
2361	97607	ルーイ	271
2362	1100000000000061103	タイティ	270
2363	1200000000000101345	くろはた	262
2364	200000000000102059	Player 1008517090	256
2364	300000000000100874	tシャツ	256
2364	600000000000100603	goli1016	256
2364	700000000000101994	タイガー	256
2364	900000000000099619	かわせみ	256
2369	100000000000095916	ありけん	255
2370	86639	冬楼	249
2370	700000000000101292	足名鼓巳	249
2370	1100000000000071754	conbina	249
2373	1200000000000100631	ノラねこ	247
2374	1200000000000012971	メンマ	243
2375	600000000000101695	ワーワー	241
2375	1500000000000099003	とうふ	241
2377	1000000000000062137	ななかな	240
2378	1000000000000048227	マスターアジア	231
2379	1200000000000099576	にゃんまる	219
2380	600000000000022186	ハツミ	217
2381	700000000000079742	ユウ	212
2382	100991	Player 1008197936	208
2383	100000000000100535	chocomint	207
2384	800000000000099448	如月純羽	202
2384	1400000000000101907	エクレア	202
2386	1000000000000101547	京介	200
2387	100000000000004313	カリキ	195
2388	200000000000102128	ないち	194
2389	1000000000000004640	マコト	192
2389	1300000000000014573	荒井テル＠小鳥さん愛してる	192
2391	900000000000063850	Amagi	189
2392	200000000000098706	青葉	186
2392	1400000000000061087	曉繪碧	186
2394	300000000000011990	つかさん	180
2394	1400000000000053222	NABE	180
2396	700000000000100632	まめおか	179
2397	49263	みかん犬	176
2398	1300000000000102207	Player 1008541021	173
2399	500000000000078473	モティ(招待は好きにしてください)	162
2400	200000000000099352	きどちん	160
2400	500000000000060889	旧字	160
2402	800000000000072374	Player 1002532472	156
2402	1000000000000092835	SAYAKA	156
2404	1400000000000101947	濃紺	152
2405	700000000000102101	しらたき	150
2406	1300000000000028914	肇。	148
2407	1100000000000029895	はるうす	147
2407	1400000000000102071	Player 1008553278	147
2409	200000000000051872	ノッサボッサ	146
2410	400000000000045629	マシュマロ	144
2411	1300000000000101506	みすたけ	143
2412	500000000000101025	シニェク	141
2412	1200000000000045476	うろん	141
2414	700000000000096077	ta	140
2414	1500000000000100613	ひろりん	140
2416	30764	メビのり	136
2416	1000000000000026546	なう	136
2418	500000000000101779	Player 1008536245	135
2419	1500000000000052621	うゅー@瑞希全所持	130
2420	300000000000000848	プチキーマン	128
2420	300000000000099360	八狐	128
2422	500000000000051632	ぼっちゃま	126
2422	1300000000000082217	ツルギ	126
2424	1300000000000051304	ぢゅん＠蹴られたいＰ	125
2425	200000000000070459	ShiroNeko	120
2425	300000000000057399	藤やん	120
2425	700000000000077657	蓮	120
2425	1200000000000058510	ユリ	120
2425	1300000000000058981	グレイ	120
2430	200000000000097690	だーふく	119
2430	1000000000000075210	ひめまさ	119
2432	1400000000000101978	Player 1008517262	117
2433	500000000000042011	ヤマト	115
2434	1200000000000083682	シンゴ	110
2435	100000000000051089	ハカセ	104
2435	200000000000004179	S-A-T	104
2437	400000000000095515	ウルソン	102
2438	400000000000097482	なかゆび	99
2439	1000000000000101331	kaeru-san	98
2440	100000000000101236	河村のんのん	94
2440	200000000000098770	しらいし	94
2442	1100000000000099014	九十九足一	93
2443	800000000000100906	Peanut	91
2444	600000000000052171	RankaMF	89
2444	700000000000102061	セラフィーナ	89
2446	1000000000000101454	さぶろを	87
2447	200000000000094892	周	85
2448	98074	ゆーり	84
2448	800000000000001995	えーしー	84
2450	1200000000000099989	山岸由花子	80
2451	1300000000000101292	Player 1008193181	78
2452	300000000000096783	￥_￥	77
2453	200000000000102117	Player 1008540786	74
2454	100000000000101696	妖怪	72
2454	400000000000098501	リアノ	72
2456	700000000000046155	ぐるみん	71
2457	1500000000000051074	しゃっぷる	69
2458	900000000000062282	メビウス	68
2459	100000000000002781	ハレ	66
2460	400000000000096075	gios	64
2460	900000000000100708	神宮寺ミキ	64
2460	1100000000000001412	プロ太郎	64
2460	1200000000000030400	かん	64
2460	1300000000000037496	やじろべー	64
2460	1300000000000102026	清志	64
2460	1400000000000019221	ぐっち	64
2467	400000000000100826	瑠琥	63
2468	500000000000100756	蝉松	61
2469	200000000000030986	TNT	60
2469	1500000000000091666	米山	60
2471	100000000000099392	Player 1007354465	59
2472	1000000000000101848	Player 1008532922	56
2473	300000000000101426	彼方	54
2474	101800	るた	53
2474	1400000000000101702	躯	53
2476	500000000000098727	たく	52
2476	1100000000000019414	サダ＝マサシ	52
2476	1500000000000056961	アッシュ	52
2479	1200000000000094181	Player 1006106476	51
2480	600000000000101432	なか	50
2480	800000000000101184	Player 1008504392	50
2482	100000000000101835	Player 1008565201	47
2482	1300000000000091962	秋島	47
2484	1000000000000100197	sharp	45
2484	1400000000000101748	maboroshix	45
2486	100000000000097164	ザッキー@765PRO	44
2487	1000000000000101708	Player 1008478810	42
2488	1400000000000085844	ワータ	41
2489	400000000000042855	ｵﾋﾟｵﾝ［目標SSS］	39
2490	53039	『中央』	38
2491	200000000000100914	ドラえもん	34
2491	800000000000098383	7901	34
2491	1200000000000101404	Player 1008557772	34
2494	800000000000096629	Player 1006542728	32
2495	200000000000100385	みかん7119	30
2495	300000000000020721	藤咲七咲	30
2495	700000000000099395	Player 1007240039	30
2498	800000000000002509	ayk	27
2499	1200000000000000340	ぴよひよ二等兵	25
2500	1200000000000101367	パール	24
2501	98938	麻婆咖?	22
2502	600000000000079601	越乃苗床	21
2502	1300000000000074565	ヒキオ	21
2504	200000000000100500	もちょ	20
2505	1400000000000086203	XX摩天楼XX	19
2506	1400000000000101797	なも	18
2507	200000000000102114	Player 1008540258	17
2507	800000000000101269	水音	17
2509	1500000000000002728	アルフィード	16
2510	1200000000000101408	Player 1008558508	14
2511	1000000000000057271	ぱおぱお	12
2512	500000000000085320	ぴろりん	11
2513	500000000000086113	ぬるまゆ	9
2513	1500000000000019539	ひめバパ	9
2515	1400000000000037033	ぱる	8
2516	200000000000102028	Player 1008502402	6
2516	300000000000101190	モトリー	6
2516	1200000000000101406	Player 1008558156	6
2519	101946	Player 1008558320	4
2520	96005	氏	3
2520	99747	Player 1007495280	3
2520	400000000000099447	一矢中的	3
2520	400000000000101469	Player 1008526612	3
2520	800000000000046917	‡アルト・Ｗ‡	3
2520	800000000000101330	まいふみ好き	3
2520	800000000000101337	Player 1008562776	3
2527	900000000000101431	Player 1008557769	1
2527	1200000000000099643	刃	1
