1	1400000000000051251	しおどめ	1180927
2	1400000000000000245	ふらじーる	813400
3	900000000000015118	しゅ	693981
4	1400000000000094269	あじくん-Bの③-	635729
5	3268	枝盛	590422
6	600000000000097874	あかね	568628
7	300000000000047834	†刹那†	560133
8	400000000000047337	きまのら	558354
9	500000000000020800	がく@BMD埋め出)茜&恵美･求)琴葉&瑞希	540116
10	1300000000000003962	百万善	512014
11	800000000000004173	guaca / ぐあか	499953
12	400000000000061227	la_tea	477527
13	200000000000054589	さかき	473510
14	200000000000024860	牛尾ルート	469907
15	700000000000014862	霙	467088
16	800000000000003721	朱	457631
17	100000000000039062	jb	452687
18	300000000000096130	河埜	452152
19	1500000000000060124	Carmen	451206
20	500000000000052669	ケヤキ	439166
21	1100000000000001312	なお	428895
22	500000000000008508	アンバランス	416807
23	800000000000000106	伝千	394860
24	1000000000000007842	御影夢月PことTERURU	394403
25	100000000000046766	なみP	392937
26	600000000000056547	とし	376753
27	200000000000008762	kokky	369459
28	500000000000014553	鈴衣	369322
29	700000000000074287	maguro	345284
30	1100000000000074788	sinzi@出）ＢＭＤ亜ひな　求）朋宮佐琴歩福姫憐風ジ瑞　以外	344586
31	600000000000048573	あやち	334739
32	28215	ささぱん	334729
33	1100000000000000852	しのぶ	331854
34	600000000000006317	ミケランジェロ	324171
35	1000000000000098207	ナナシ	323503
36	78059	泉カラビナ	321652
37	800000000000052184	zash	319329
38	500000000000061223	はこ	315589
39	1300000000000025291	シャオ	314767
40	400000000000023481	リノハ@同僚さん募集中	313439
41	1000000000000034471	酢	312914
42	74304	いいんちょさん	299169
43	200000000000090580	リリー@四天王亜利沙への応援ありがとうございました！	298439
44	800000000000078596	ないん	297546
45	1300000000000031983	みっさわ	293163
46	1200000000000093514	ほぁー。	292852
47	10406	magatu＠同僚募集中	291332
48	1100000000000014855	羽柴はく	290115
49	400000000000038559	ケイゴ	288820
50	1400000000000008953	のりお	288118
51	800000000000075511	つぴお	287937
52	800000000000000182	どん@踏み台	285964
53	700000000000014940	錆び釘	282336
54	900000000000058550	ラル	282069
55	100000000000003368	ヤクライ	270098
56	500000000000052069	赤坂	267240
57	200000000000087049	エドワード	267036
58	1000000000000096582	ぐれ	266663
59	96632	よしやす	256368
60	25684	Gretel	254545
61	300000000000003238	yamakann38	251518
62	700000000000004133	流浪人	250958
63	900000000000015481	いに	250059
64	400000000000000239	ビタミン	248555
65	1300000000000010182	なーが	243713
66	400000000000025733	はるか	243383
67	1200000000000067223	ミニクーパーかチンクが欲しいから貯金	236750
68	1200000000000012608	YU-KI_K	233176
69	900000000000023986	湊 和海	226740
70	700000000000020178	はくつる	222122
71	1500000000000061396	アリア	222095
72	1200000000000003093	スーズー	221921
73	300000000000073915	まき	221546
74	1400000000000027059	ぜろす	221352
75	700000000000075814	みり	221238
76	700000000000053596	悠沙	213588
77	200000000000085834	ToMoP	208137
78	200000000000024836	ミスティ	207050
79	1300000000000080818	ななめ	206089
80	700000000000095549	カナーノ	196899
81	1300000000000083045	マミヤナガツ	191298
82	1000000000000052455	ちんちく	190869
83	1100000000000000264	ボブ？	190701
84	1400000000000051320	万座毛	190600
85	32157	ゆーじん	190233
86	100000000000096045	ヒルデガルド	189943
87	600000000000095760	さんぱち	183670
88	1000000000000008146	てぃは	182484
89	1000000000000057150	黄金獅子旗	181457
90	1000000000000070864	つな	180574
91	300000000000028529	Ｂ-ｚｏｎｅ	180202
92	1500000000000019405	マジノ	179144
93	96013	八九寺P	179056
94	500000000000003133	みお	178890
95	100000000000004818	宇凪	178694
96	500000000000079954	ここのえーさく@BMD相互埋め希望	177208
97	500000000000004385	五角	176081
98	1200000000000024302	スカルちく	174830
99	700000000000021793	ひろ	172898
100	1300000000000051653	まりも	166548
101	400000000000002075	さっく	166041
102	300000000000085295	零	163104
103	200000000000052926	やんし	158972
104	600000000000009728	プリメーラ	158505
105	1100000000000081815	kazu	153994
106	1000000000000059849	misa.	153586
107	1200000000000010263	にっき	153351
108	1500000000000013882	うみがめ	153189
109	1400000000000052698	しか	151253
110	1300000000000001952	kashin	146486
111	1000000000000055196	ジェイビー※リダカ極大同僚募集中	144207
112	1200000000000097783	えりまき	143207
113	1300000000000010757	あおいろ	141839
114	900000000000010889	BCP	139699
115	1300000000000093683	プロトジン	137930
116	500000000000006827	SR新うどんの配膳者、直輝	135901
117	200000000000056793	うっつんつん	133484
118	1200000000000003392	クラナド	132315
119	200000000000011691	ハナコ	131946
120	1000000000000014354	ひんじゃくん	131186
121	400000000000000105	PG	129891
122	600000000000002886	レノファあすと	129551
123	1500000000000014212	熱帯夜	129056
124	400000000000004829	たっちー	128949
125	1400000000000022174	コウ	128149
126	1000000000000001707	ヒナミライ	126848
127	20412	さくら	124527
128	1400000000000004898	zemsel	123738
129	400000000000073982	なとり	122678
130	1500000000000086444	zoome	122283
131	1500000000000052509	まこP	122216
132	100000000000010340	Escha Malier	121693
133	1000000000000011393	eg	121442
134	300000000000003076	じろさぶ	120952
135	400000000000003685	まくら@	120133
136	600000000000046085	虹	118716
137	4157	シキ	116805
138	600000000000099108	ハザザ	116720
138	1400000000000007388	僕クエスト	116720
140	1000000000000021168	Launcher	116233
141	1200000000000080580	Sの字	115774
142	400000000000002154	.ioa	114919
143	1400000000000052921	ガマオ	113687
144	1000000000000092406	Sopure	113584
145	75638	きゆつき	113241
146	500000000000037065	りくぺんぎん	113030
147	100000000000060526	のーしー	112738
148	900000000000001034	ぽむぽむ	112231
149	1400000000000004110	のーねーむ@ラウメン募集	110896
150	1000000000000045583	ゆーき光	110273
151	900000000000052251	麒麟	109038
152	200000000000092910	うら谷	108524
153	1100000000000007085	のんけ	108170
154	1000000000000073442	みかん	108160
155	1100000000000015894	きりしま	107899
156	800000000000034503	Warta	107618
157	100000000000009468	うげー	107064
158	900000000000024260	forest	106643
159	100000000000065667	らら	106384
160	1200000000000035653	らったった	105720
161	1400000000000001000	メリメリ＠相互埋め同僚募集	105702
162	348	もやしとかりょーちゃんとか色々	105353
163	900000000000051396	エムエイ	104983
164	200000000000061283	あやりん	104184
165	1300000000000000051	ちゅうsan	103507
166	800000000000005054	taki	103329
167	1100000000000002964	さんけん＠同僚募集中	103183
168	1300000000000087481	みら吉P	102714
169	5093	どどいち	102296
170	100000000000082425	紫亜	102189
171	1400000000000082819	Ryo@亜利沙P	101787
172	1400000000000012101	すいか	101442
173	1300000000000000347	うの・あいんす	101357
174	800000000000093819	vice	100997
175	100000000000000176	フォレノア	100874
176	86211	落葉宿	99839
177	800000000000038500	夏草	99266
178	100000000000000202	ちゃこ	99188
179	400000000000051037	くろえ	99131
180	100000000000077284	サプリメント	98555
181	1300000000000074943	ののか	98548
182	1300000000000004671	葵紅＠ラウメン募集中	98157
183	200000000000098162	BBA	97714
184	1300000000000080217	氏輝	97184
185	78867	今更	97033
186	1200000000000001507	ばし	96874
187	800000000000004150	036	96306
188	1500000000000053496	もしゃこ	95953
189	200000000000002999	くぐい	95936
190	84531	セイタカ	95686
191	1500000000000022377	鈴七	95242
192	1400000000000074106	あっくん	95091
193	1000000000000094112	ぴろしき	94386
194	700000000000087591	あさころ	94227
195	1000000000000000258	黒桃	93512
196	1000000000000000627	いぬ	93420
197	700000000000051155	kotya	93223
198	400000000000033164	リッカ	92694
199	1214	MUHAAA	92689
200	1400000000000086004	ぴぃ	92443
201	1500000000000029016	ケロてつ	92122
202	78908	ゆっあ	91852
203	1500000000000009933	oz	91520
204	85436	だいな	90628
205	1300000000000057696	新さん	90543
206	80328	やぎヒゲ	90441
207	300000000000027099	ぽに～侍	90165
208	200000000000001485	メンソール	89525
209	100000000000010414	ryo	89092
210	1000000000000087282	トレーズ	88986
211	700000000000000396	太郎改め一番緑茶	88611
212	500000000000057173	ゆっか	88279
213	100000000000002465	せいく	87945
214	300000000000085179	クロエレナ	87544
215	200000000000007761	弥江	87395
216	1300000000000084167	ユウ	87141
217	300000000000080388	おいかぜ	86961
218	900000000000097897	beni	86741
219	200000000000033773	えすてば	86129
220	1000000000000079593	cifer14	85667
221	800000000000052417	エン	85538
222	1000000000000079629	べりー	85500
223	200000000000060179	ichi@同僚募集中	85478
224	1400000000000013473	fox	85347
225	900000000000051147	ドヤP	84681
226	1100000000000006202	きりゅー	84646
227	1300000000000075405	とも	84090
228	1200000000000025454	ホクティ	84073
229	400000000000071190	karin	82611
230	700000000000051826	ろうし	82403
231	200000000000032790	Ｍ氏	82246
232	500000000000056245	なごむ	81727
233	700000000000001905	未定（仮）	81698
234	1100000000000055414	アレグロ	81390
235	1300000000000080678	ハリボテ	80521
236	600000000000028623	おむすびまん	79906
237	900000000000085645	ふぉーる	79884
238	800000000000022905	矢須乃介	79696
239	700000000000005824	ZILOW	79564
240	200000000000091746	akasa	79089
241	800000000000055813	しゃあぽ	78809
242	300000000000005837	ワット(みんなｱﾘｶﾞﾄｳ無言でｺﾞﾒﾝ)	78653
243	700000000000052518	そうぎり	78550
244	400000000000024846	やま@Albert	78112
245	1400000000000057262	たむ	77842
246	1100000000000081563	リュータイオ	77630
247	4899	虹の彼方	77497
248	800000000000009057	ポアロ	76976
249	400000000000006006	給料泥棒	76882
250	100000000000003582	めふ@同僚募集中	76880
251	900000000000001081	片桐繰生	76345
252	1200000000000035194	ninnin	76338
253	200000000000012494	アサバス	75994
254	300000000000096132	homari	75851
255	1500000000000002514	だり	75792
256	1200000000000074336	an	75327
257	400000000000000035	すずき りょう	75305
258	1200000000000002459	パンダＰ	75075
259	1000000000000074519	コイメ	74831
260	80290	Wolfnagi	74645
261	1200000000000052184	みかひ	74626
262	71343	らっど	74623
263	100000000000006190	スヌーズ	74487
264	1200000000000050658	おづくと	74181
265	900000000000004494	ユウ	73878
266	700000000000003737	たこやき	73828
267	1200000000000071992	ＫＹＫ	73305
268	1400000000000056346	まさよし	72971
269	300000000000053419	フロントガラス	72955
270	300000000000021557	roll57lily	72837
271	1500000000000052147	Or@nge	72821
272	900000000000014714	からくれ	72313
273	700000000000074249	こたこた	72000
274	700000000000083260	yk	71730
275	1100000000000073983	とりごや	70725
276	700000000000097714	chikuden	69825
277	200000000000029947	ｸﾗｳﾄﾞ	69609
278	1200000000000000446	UC	69430
279	500000000000085494	べいんまっくす	68716
280	1000000000000062282	ryouochix	68480
281	100000000000058785	金竹生姜	67197
282	1200000000000053053	chihiro	66525
283	300000000000095429	ごなーるえふ	66337
284	1300000000000007922	あにい	66321
285	1000000000000049413	七弥	65956
286	600000000000051045	yac	65897
287	1300000000000087335	gorani	65870
288	1200000000000002501	泡沫	65540
289	700000000000096834	HI I AM YUI	65074
290	1400000000000024381	もやし	64789
291	100000000000047509	くらら	64722
292	400000000000007340	狸猫	64608
293	1400000000000077887	ゆみちゃん	64451
294	1100000000000004808	冥ＡＤ	63791
295	700000000000054694	おとこむらた	63578
296	98845	涼	63506
297	800000000000052228	ﾅﾊ	63481
298	1300000000000011804	シマリス	63215
299	700000000000024824	ソナー	62947
300	1500000000000055702	たくあん	62942
301	900000000000056562	Pepelon	62873
302	1400000000000002380	ミコ	62775
303	1500000000000015314	Yas-1	62644
304	1000000000000035908	リスイア	62623
304	1300000000000093855	(-ω-；)	62623
306	1500000000000056338	zin＠求)BMD亜・環埋め	62306
307	1100000000000050818	ちゃば	62202
308	1400000000000080292	桜冬	62112
308	1500000000000013798	プロブハート	62112
310	1400000000000051444	ろじうら	61919
311	500000000000045230	ぁゎゎ	61879
312	1400000000000056540	nek	61851
313	1200000000000031981	ちひゃー	61813
314	600000000000026422	ソーナンス【千早…すまない……私は…メンチローゾ(環P)だ】	61611
315	700000000000000753	蒋介石	61483
316	1400000000000082762	あるる	61475
317	900000000000096687	信天翁	61470
318	700000000000030929	てつ	61234
319	1200000000000029779	名前	61156
320	1300000000000000282	ひつじ雲	60997
321	1200000000000000350	みやの	60844
322	800000000000049736	cate@かなしほ	60729
323	1100000000000077653	グルコサミン	60704
324	1200000000000001384	taku-o	60539
325	200000000000095233	さなころ	60507
326	900000000000005109	バービィー	60400
327	900000000000092967	千早P	60246
328	800000000000005356	ボギー	59782
329	700000000000098371	444	59742
330	700000000000000346	さむちゃい	59716
331	300000000000052384	龍牙	59643
332	1400000000000049060	スノラ	59617
333	400000000000019755	COタカシ@紗南色の世界	59597
334	1000000000000069172	邁進	59579
335	400000000000074618	おけ	59557
336	1500000000000096234	fredrika	59317
337	700000000000035216	わかみず	59281
338	700000000000059260	琥珀	59241
339	1200000000000000703	ジョナサンジョーンズ	58785
340	1000000000000056183	御坂(･∀･)美琴	58744
341	800000000000082258	ゆのき	58669
342	1400000000000051309	四条通りP＠3rdツアーde成仏	58122
343	200000000000098126	X-FILE6	57878
344	1300000000000061805	ナオ	57758
345	800000000000097429	ワールウインド	57730
346	1300000000000058153	ZEDER	57579
347	900000000000087628	968	57462
348	400000000000034122	Soap	57308
349	100000000000012053	oox18999	57185
350	1000000000000075888	柏	57155
351	800000000000092862	するめいか	56917
352	500000000000059054	しょくぱんまん	56775
353	500000000000047069	学	56749
354	900000000000051510	じョ―じ	56736
355	500000000000000204	ゆきかき	56640
356	1400000000000003589	kgy	56591
357	800000000000096138	むん	56479
358	300000000000002085	さくひま	56471
359	1300000000000015658	kisaragi	56439
360	100000000000000042	英雄	55848
361	1500000000000052636	Nohaea	55837
362	1300000000000081256	あっさー	55823
363	1100000000000056136	2najung	55803
364	1200000000000001066	ぬっP	55789
365	1100000000000047071	ヒデック	55765
366	200000000000098272	ShidouP	55674
367	300000000000010654	ｵﾙﾀﾅﾃｨｳﾞ・ｾﾞﾛ・秀虎	55566
368	1000000000000000788	きよん	55424
369	1200000000000019811	やまだ	55013
370	600000000000087866	tong@mi	54785
371	4354	なんじゃらほい	54776
372	800000000000081853	Tonnura	54711
373	700000000000062283	抹迷助	54567
374	500000000000087540	ぽむちゃん	54507
375	1200000000000007318	あやまるP	54496
376	100000000000098180	リース	54456
377	200000000000002923	うずら	54428
378	700000000000052765	かたぽん	54210
379	1400000000000007244	モーリー	54106
380	1100000000000054036	ZAP	54065
381	400000000000004140	さんくtacaris	53999
382	100000000000061853	ざわ	53965
383	1400000000000005351	すーま	53952
384	1100000000000027899	チャン	53830
385	1300000000000014915	うちなん@歩のHN募集中	53707
386	900000000000016787	かがみん	53692
387	1300000000000097913	麦畑たく	53591
388	600000000000082104	にっよ	53284
389	1200000000000014195	えび	53246
390	600000000000068964	斎藤	53078
391	417	ショウユ♂	52876
392	600000000000051884	きやまん	52416
393	1300000000000003989	エムエス	52314
394	900000000000050920	セロトニン24	51969
395	900000000000002700	あおい	51742
396	1200000000000078214	日常	51365
397	300000000000005313	じ	51240
398	1100000000000085550	マリオ・イグレシアス	51088
399	92168	アンテプリマ	51012
400	1000000000000005632	ミコト	50896
401	1100000000000005138	sische	50666
402	500000000000014227	iichan	50659
403	1400000000000001014	サンキューSP	50575
404	800000000000022596	コロモ	50247
405	100000000000052493	織	50166
406	700000000000001409	hikaru	50103
407	1300000000000088339	石川速人	50081
408	1300000000000006979	芥子	50021
409	200000000000046305	南天1217	49946
410	600000000000011571	ライバー	49870
411	700000000000033928	Yotti	49708
412	500000000000061377	Y-Y	49672
413	300000000000055583	こめっと	49671
414	1500000000000086809	森園立夏＠収チョコ静香	49479
415	1200000000000031916	setsuna	49444
416	600000000000081705	moo	49284
417	400000000000048642	海山道	49161
418	800000000000091659	ヒカリ＠杏奈Ｐ	49014
419	1200000000000037805	やすぱつ	49011
419	1300000000000043263	ontyan	49011
421	100000000000038844	NaNaSaTo	48961
422	700000000000086192	スグリ	48956
423	433	ゆのっち	48928
424	1100000000000000585	イカ	48804
425	1000000000000065857	リオ	48545
426	1500000000000013814	ネオグラン	48426
427	900000000000033392	じゅん	48181
428	1300000000000094569	プロ野	48119
429	800000000000090980	ドリューバリネコ	48067
430	600000000000018265	佐倉水丸	47992
431	400000000000050839	かみまみた	47886
432	1400000000000037620	あすた	47872
433	500000000000033528	牛たん	47448
434	1200000000000081603	アラン	47216
435	500000000000003335	迅也	47058
436	1500000000000039177	カジュ	46812
437	1400000000000037097	ハルメ	46714
438	300000000000062031	ぱる	46678
439	1400000000000097298	すごあるな	46627
440	500000000000000240	うにお	46622
441	400000000000004074	ブーメラン空手	46479
442	800000000000072605	南東	46309
443	1000000000000000281	ほむら	46280
444	800000000000052126	T.TIM	46270
445	1300000000000011232	KROCK	46155
446	200000000000023288	そばつゆ@BMD相互埋め	46131
447	600000000000002948	プラス	46058
448	1500000000000097672	クルックス	45984
449	1300000000000008559	マサ(↓?←?↓?→AC)	45550
450	500000000000003737	ユウキ	45428
451	100000000000079554	アヴァロン	45362
452	100000000000034516	jpmn	45161
453	900000000000022973	ニケニケ	44949
454	1000000000000061158	ザルードン	44882
455	34438	TORI	44829
456	1100000000000050753	まつし	44522
457	1000000000000047274	まい	44502
458	900000000000003814	ゆきじるし	44296
459	1500000000000000816	ムム	44293
460	1000000000000003083	ヴィン	44285
461	400000000000085830	少しN氏	44268
462	1500000000000023604	あやりんP@同僚募集中	43862
463	46961	おきな	43837
464	500000000000061589	わんちゃん	43733
465	1500000000000081620	こなもつ	43602
466	61666	夕凪	43516
467	700000000000051320	掃除機ハイテンション	43461
468	1000000000000053990	たね	43010
469	1100000000000061949	yowamushikid	42960
470	200000000000061044	ATOKIA	42841
471	300000000000000007	katsuwo	42579
472	400000000000057896	キョウ	42479
473	200000000000008452	Angol	42460
474	900000000000050628	クロツカ	42429
475	1300000000000016327	マグロ	42158
476	68346	シン	42150
477	800000000000061740	みや	42129
478	1100000000000035661	だんご	41906
479	700000000000053361	チョロミ	41739
480	100000000000061788	アリス	41520
481	300000000000060748	あさすずめ	41347
482	900000000000000155	なゆ	41164
483	200000000000057416	丸まる	41119
484	900000000000023582	由紀Ｐ	41068
485	400000000000062214	ろ～わん・ひろろ	41030
486	1000000000000011139	かなた	40934
487	300000000000005596	なまケモノ	40869
488	1500000000000001153	tony105	40863
489	1100000000000004548	タオール	40672
490	1200000000000078872	ショウ	40527
491	100000000000084652	W・O・W	40384
492	1000000000000001922	こうたろ	40297
493	1200000000000005190	キーガー	40279
494	1100000000000006516	しん	40108
495	1500000000000028171	ゆきくも	40063
496	1400000000000080871	なにゃもん	40042
497	900000000000076498	イノッタ	39972
498	1000000000000006617	渡	39681
499	1200000000000003400	Co2	39393
500	600000000000032420	ガーネット	39386
501	100000000000097915	いっちー	39297
502	31131	しんちぃ	39245
503	500000000000055904	存在感のない小熊猫	39102
504	1000000000000051088	ドミナント	38696
505	400000000000080305	ジュドー@	38562
506	1100000000000076605	のいん	38556
507	1200000000000035473	すいこう	38477
508	28289	harkright	38421
509	1200000000000036086	ColorCopy	38386
510	1500000000000001059	ﾄﾞﾛﾝ	38135
511	1000000000000084279	不空	38039
512	1500000000000003486	煌きらり	37917
513	1100000000000069010	えるこん	37893
514	1400000000000068191	風寺門	37858
515	1100000000000097141	escargot	37785
516	600000000000073956	ギジェちゃ	37677
517	1100000000000013637	岩男、(またいつか北海道)	37576
518	800000000000055621	あうふすとぅす	37561
519	1300000000000075220	kazu	37555
520	400000000000055790	エルナンデス	37534
521	1100000000000016358	ﾁﾊﾀﾝ	37368
522	800000000000042886	masuda456	37334
523	100000000000009422	なま	37293
524	1500000000000000263	ぐんじ	37186
525	100000000000005222	虚無僧	36895
526	900000000000078664	だるま	36782
527	700000000000001515	ofuromask	36655
528	900000000000047449	星菜	36644
529	1100000000000085546	Player 1005037835	36582
530	700000000000003520	ＺＥＲＯ	36572
531	600000000000073965	ソラ	36446
532	600000000000094309	yyy	36392
533	300000000000039231	りあ	36375
534	100000000000083519	cultivate	36372
535	600000000000005744	Aqua Regia	36176
536	300000000000002314	arishi	36139
537	1200000000000061773	ギロにゃん	36066
538	300000000000007700	非想非非想天の娘	36011
539	300000000000079678	ゆりころ・さんぼ	35979
540	800000000000016948	COCOA	35529
541	1300000000000096919	グラル	35485
542	1000000000000029629	ろず	35411
543	61866	びーん	35335
544	100000000000053172	ﾘｭｰｻﾝ	35312
545	1100000000000010431	ヒカル	35124
546	900000000000013358	まるるー	35105
547	300000000000027586	エイム	35027
548	1200000000000095471	レフトガード	34969
549	200000000000052523	はまち	34936
550	500000000000006918	らい	34926
551	1200000000000085295	さぎー	34871
552	1200000000000005877	しょうゆ@流川市民	34819
553	1200000000000046514	トワロン	34781
554	1300000000000000997	yarizaP	34682
555	1500000000000056125	Hugomikony	34667
556	300000000000094212	300000000000094212	34661
557	600000000000091308	???	34623
558	600000000000037180	りくむ	34608
559	59168	Chill	34599
560	600000000000002951	あるみ	34514
561	900000000000054314	リュルナ	34506
562	300000000000052160	ver.1000	34384
563	700000000000082010	grow?	34344
563	800000000000035752	マック	34344
565	100000000000078988	schun	34215
566	700000000000098395	夜鳥	34149
567	200000000000076780	ろこもこ	34081
568	600000000000095142	一六八	34048
569	1400000000000053091	破壊王子	33999
570	1100000000000001946	村民Ｋ	33900
571	100000000000000584	ツバサ	33849
572	700000000000092133	Mac	33846
573	1100000000000000148	YKO	33816
574	1200000000000071555	かげろう	33733
575	1500000000000094196	ななみ	33711
576	1000000000000000757	かりん	33697
577	500000000000080097	あじおし	33674
578	60847	イトゥルベ	33435
579	1100000000000062673	しん	33428
580	300000000000061122	ぐりこ	33420
581	1500000000000085477	むくさく	33393
582	800000000000011499	Ch@rlotte	33378
583	700000000000000423	ファミエリ	33344
584	1300000000000008137	黒海	33216
585	300000000000004573	ベルナルド	33195
586	500000000000021263	みさき	33132
587	200000000000082827	kawajo	33085
588	1000000000000074655	コウジ	32934
589	1400000000000052643	ひろなう	32790
590	300000000000051883	ザクスキー	32721
591	700000000000006441	チョモランマ	32624
592	1000000000000056573	ガイユーP/俺ターン/称賛だってなくたって構わない 胸を張って道無き道を進むんだ	32540
593	300000000000003795	わたげ@	32424
594	1200000000000001282	いるかわ	32356
595	251	ナーシュエ	32299
596	1200000000000003530	みすけ	32272
597	300000000000051918	イソノ	32119
598	500000000000080734	れんが	32088
599	200000000000070205	えあー	32065
600	1400000000000046895	59式	32062
601	500000000000050956	笹佐	31987
602	900000000000026956	わ～や	31892
603	1000000000000009935	stargram	31870
604	300000000000002734	よっつー	31864
605	400000000000059315	ふたば	31814
606	800000000000046365	うでん	31798
607	1300000000000075722	Nao	31302
608	400000000000055640	甘栗 ムケ太郎	31257
609	1200000000000052142	潮来梯	31118
610	200000000000001995	momozo	30999
611	100000000000005355	あくあ	30973
612	600000000000051510	おかじゅん	30758
613	1400000000000007584	Tamoto	30656
614	500000000000005053	伊澄	30625
615	1100000000000026357	ありぽん	30480
616	100000000000058028	talk	30464
617	400000000000075290	らんぶる	30424
618	7430	ゆた	30400
619	1000000000000003654	普通くんP	30369
620	100000000000010607	レイジ	30187
621	1300000000000005547	への	30148
622	900000000000001036	ベイス	30142
623	1100000000000085512	ゲルマン忍者	30117
624	1200000000000074315	サコツ	30115
625	1500000000000009344	サンパロ3860P	30033
626	900000000000007054	えんたろ	29961
627	1400000000000083051	そら◎	29900
628	200000000000000477	あおふね	29856
629	700000000000007314	ナオ	29793
630	1500000000000029823	IKUMAX☆にじのん(虹野)	29762
631	85562	おすけ	29631
632	800	がりりん	29610
633	200000000000061814	こんびーふ(不良在庫)	29441
634	1100000000000092377	Ysbm	29304
635	800000000000097495	群青	29291
636	500000000000006521	ZeroK	29271
637	1400000000000051912	kia	29251
638	1100000000000043169	中島米	29250
639	800000000000018499	しゅぐる②	29214
640	85879	春凛	29211
641	400000000000012842	つっき	29027
642	200000000000051051	蒼い蠍	28975
643	600000000000004526	ttss3	28902
644	700000000000052246	そらきち	28881
645	61570	えいら	28763
646	1300000000000052190	八塚	28611
647	500000000000011484	SSNK	28600
648	900000000000000347	ぷりに@ありがとうThank you	28532
649	56284	ラムド(舞踊演々)	28529
650	500000000000098235	ゴレムス	28353
651	700000000000034033	クリスタルグラス	28333
652	1500000000000002356	Ｇ	28287
653	1300000000000005681	アカ	28276
654	400000000000010437	ナオ	28193
655	200000000000086794	ダメヨシ	28120
656	47884	アドルフィ	28053
657	300000000000057794	朱里(ミリマスにて活動中)	27982
658	500000000000034535	イーバス	27760
659	400000000000047387	マイティ	27743
660	1300000000000004275	けんぱ	27720
661	300000000000014979	えすぺらP	27666
662	400000000000050070	ベネ	27649
663	500000000000082867	Player 1004708245	27641
664	1100000000000000592	える	27612
665	1200000000000002767	ちん	27547
666	1500000000000012301	マリ	27494
667	1000000000000006548	Zone.	27419
668	800000000000002247	ユニロデ	27301
669	600000000000097853	わんだほー	27281
670	400000000000048506	天幻星☆ヒンクス	27243
671	800000000000051746	将也@まゆにせんＰ	27236
672	1400000000000053031	れいよし	27195
673	700000000000016848	ナッコ♪【ω】	27169
674	1500000000000010470	燈穂	27132
675	100000000000062717	るな	27058
675	800000000000015797	雪	27058
677	63093	たかすぎ	26817
678	800000000000007714	竹の子の子	26798
679	100000000000013563	taka2	26796
680	400000000000007728	はらぼう	26676
681	1500000000000076964	mare_53	26612
682	1500000000000000253	ちゅーやん@Fairy箱崎&お嬢エミリー	26554
683	1400000000000000376	ぴかり	26545
684	1400000000000002746	ウサギ	26536
685	700000000000087418	るる	26439
686	700000000000001197	§黒雪姫§	26208
687	900000000000052091	nos	26205
688	600000000000015515	ショパン	26187
689	1200000000000000732	とげちゅう	26171
690	1000000000000051761	こう	26165
691	13557	anapo17	26091
691	300000000000016113	gusl119	26091
693	200000000000032783	パト	26068
694	700000000000004736	雪狐	26021
695	600000000000002610	ｶｲ	25994
696	700000000000013472	ベンベン	25751
697	400000000000074691	さとち	25731
698	800000000000003690	くりごはん	25703
699	100000000000004120	kaito	25639
700	300000000000086989	しょんごー@枕カバー帝国	25440
701	1400000000000095527	どぐま	25428
702	700000000000095131	ﾓﾝﾍﾟﾁ改2	25413
703	1200000000000093011	無道まりも	25390
704	1300000000000006010	まてぃーに	25384
705	900000000000093148	YUZU○	25348
706	1400000000000006605	☆イオリ☆	25316
707	400000000000013032	のりす	25302
707	900000000000014027	ばっつぁん	25302
709	600000000000018172	よしお	25175
710	800000000000087359	葉月	25164
710	1300000000000083752	bal	25164
712	500000000000080423	皐	25136
713	1300000000000009185	ピエットロ	25044
714	500000000000096229	なぎちゃんP	24976
715	1400000000000000705	青山零二	24927
716	700000000000013747	ていおー	24899
717	1300000000000007080	kobun11g	24894
718	900000000000025421	sanatsu	24876
719	1500000000000051281	ごるどす	24713
720	400000000000079634	びとうはP	24483
721	1300000000000028755	でめきん	24373
722	500000000000056922	ずーみん	24363
723	300000000000005767	よじょー	24268
724	1100000000000031291	大和	24200
725	300000000000008805	SuperCurtains	24135
726	10908	ユウタ	24102
727	900000000000077609	よっちα	24012
728	500000000000020646	ＺＸ	23768
729	1000000000000037088	どろっぷ	23755
730	1100000000000092382	ﾀﾞｲﾅﾏｲﾄ棺騎3漆黒	23733
731	500000000000005096	だんぼる	23649
732	100000000000001659	柊真コト	23634
733	100000000000002599	さやっチ	23610
734	300000000000001589	ＧＹＭＤ	23546
735	500000000000022229	あらま	23541
736	1200000000000032699	ゲンゴロー	23480
736	1300000000000098544	Metal Max	23480
738	52839	ざゃふP	23436
739	500000000000036443	ぽんけん	23402
740	1300000000000057209	いとぅー	23374
741	1300000000000062169	くとぅぐあ	23324
742	200000000000005547	アオイホリ@プリズンホスピタル	23298
743	300000000000007520	乱絶	23296
744	1500000000000024448	カズキ	23268
745	700000000000002576	コバ＠仲間の皆様に感謝！	23264
746	400000000000006596	ケント	23232
747	200000000000062292	くちぐろ	23229
748	1000000000000075239	松上	23214
749	600000000000027449	H@NK	23080
750	100000000000061522	KEETH-RAIN	22935
751	300000000000007489	まるでぃーに	22872
752	500000000000055098	ちとせ	22765
753	100000000000050735	すみれの	22699
754	500000000000078848	magenta	22634
755	800000000000037414	ろーば	22503
756	600000000000007129	憂	22486
757	300000000000005148	どうせいしょうねん	22471
758	700000000000001244	アナゴン量産型 最近何時になく自由人	22414
759	800000000000003243	きのっち	22252
760	1500000000000038378	.	22246
761	400000000000010736	た	22233
762	700000000000076036	桜宮 ナギサ	22200
763	400000000000031252	四階堂	22168
764	300000000000083787	ズーン	22132
765	1500000000000050110	きょうすけ	22103
766	1300000000000007209	バイト戦士	22064
767	100000000000035987	ﾐﾔ	22038
768	1300000000000099153	アルフォート	22036
769	800000000000084569	モンプチ	21986
770	98310	オオサンショウウオ	21926
771	800000000000096708	ぴぐろ	21908
772	600000000000019041	毘沙門天	21879
773	600000000000080989	いっちー	21837
774	98100	蒼龍	21826
775	700000000000000177	やよい厨	21805
776	100000000000030567	えどがわ	21757
777	58531	としお	21747
778	100000000000000684	hokichi	21736
779	1200000000000081558	ぎゃれン	21734
780	1000000000000056101	poison	21724
781	600000000000015695	YUKI	21681
782	900000000000098519	さば	21611
783	56963	きょう	21590
784	1400000000000098497	てんてん	21420
785	100000000000014125	影(´ω｀)クリコン仲間に感謝です(´∀｀)	21368
786	500000000000081104	ウゴルガ	21109
787	100000000000085531	ラスティ	21105
788	300000000000047857	黒田銭蔵(ピザブラック代表取締役)	21095
789	1300000000000087189	にぃちん	20978
790	1400000000000055036	ハジメ	20939
791	700000000000078251	わかめ	20938
792	400000000000096876	Ben Yau	20912
793	1400000000000004231	にっしー	20830
794	300000000000012089	お月見＠雪うさぎ	20792
795	16862	卜途	20724
796	800000000000044133	はち【入院中】	20704
797	200000000000013856	みなっとぅ	20702
798	1200000000000006281	ハクア	20666
799	300000000000001068	ちー	20589
800	1500000000000038925	クロッカス	20579
801	900000000000078380	ymd	20385
802	900000000000061590	カツカレーＰ	20303
803	300000000000011877	取得できませんでした	20221
804	1500000000000002761	てっちょ	20162
805	400000000000031699	やまえもん	20137
806	100000000000059574	土方 薫	20084
807	1400000000000009731	さかもと	20080
808	1200000000000053226	*	20063
809	1100000000000091090	ＫＥＩ	20062
810	1500000000000010613	ミラニスタ	20041
811	500000000000099183	ニゴウ	20007
812	1300000000000098419	ぴりい	19962
813	500000000000024826	ひろ	19920
814	1400000000000005630	福住篤志	19894
815	300000000000054080	SHUN	19863
816	1500000000000023145	mabe	19857
817	1300000000000003337	マシュマロ	19800
818	1100000000000001207	シンタナ	19793
819	1400000000000093842	Yoiyoi33	19774
820	100000000000001367	Raikou	19723
821	500000000000096731	ブラッキー	19695
822	900000000000052129	ソウ	19670
823	400000000000007915	奏@神楽	19663
824	1100000000000032853	まこつ｡＠ウニP	19655
825	800000000000002100	篠瀬	19543
826	400000000000024437	日常	19472
827	1200000000000095368	成績不良	19457
828	200000000000001775	ますや～(マキボン)	19435
829	100000000000033967	幹	19408
830	86028	りんりん	19355
830	1400000000000013162	なまさん	19355
832	900000000000079429	KAKA	19190
833	24520	ウンメエ	19175
834	1300000000000044837	かっすぃー	19142
835	900000000000007769	小鳥遊桜雪 de R -＠ガンスリンガー兼アークスの神獣使いエージェント	19100
836	700000000000002563	kennp	19083
837	500000000000078388	原口	18972
838	700000000000000361	文々。	18920
839	500000000000010563	木馬兵	18914
840	1400000000000052817	まろしむ	18897
841	34003	セッキー	18869
842	500000000000001480	Ly原	18855
843	1500000000000050494	シダ	18816
844	800000000000080734	Marcy	18799
845	100000000000000112	貧血ヒヨコ	18752
846	1000000000000054378	黒いマカロニ	18686
847	900000000000016870	★乱崎 凰火★	18684
848	800000000000001508	陽唯梨Да	18637
849	1300000000000027830	CMY	18621
850	1000000000000011459	ｱｽﾄﾗﾙ	18583
851	800000000000052030	ノリ	18582
852	400000000000049548	ukita	18566
853	200000000000050827	ありと	18550
854	100000000000009833	なやんす	18543
855	1300000000000047210	轟雷	18525
856	800000000000085932	ゆう	18498
857	600000000000051629	yzk	18495
858	500000000000017028	葉っぱ【in率低下】	18492
859	500000000000017727	金蔵	18486
860	700000000000051342	しよ子	18470
861	1500000000000032257	ヴィエルジェ	18368
862	85394	運命のジョーカー	18356
863	500000000000019436	カズユキ	18314
864	1300000000000005807	×くわがたGO	18270
865	1400000000000094554	ヤスタ	18219
866	100000000000000484	すず	18217
867	500000000000097094	よっしー１	18141
868	900000000000012192	Ω	18129
869	600000000000051288	Masa	18067
870	500000000000095958	幸楽苑	18063
871	900000000000072785	はれるとイイナ	18059
872	1400000000000013776	紗凪きち	17977
873	800000000000013105	ろまね	17974
874	800000000000005754	yona47j チョット隠居？	17875
875	1000000000000072556	ＴＡＫＥ要請▲暫く多忙	17789
876	200000000000039861	くろねむ	17780
877	200000000000010803	S@M	17706
878	100000000000077923	c0sq	17696
879	800000000000080581	こてつ	17691
880	200000000000077435	ちゃり	17581
881	800000000000081874	もすもす	17456
882	1000000000000058184	ずん	17436
883	1100000000000022736	3ba	17424
884	800000000000000500	晴美	17327
885	600000000000004711	つっちー＃	17254
886	200000000000001302	ばっくす	17225
887	1200000000000094734	fumi	17220
888	1500000000000097056	マックイーン	17189
889	1100000000000010381	azuu	17179
889	1300000000000060928	ブルーレイ	17179
891	200000000000036529	tak-p	17085
892	1100000000000097547	ジュニオールになりたいびっきー	17052
893	1400000000000004907	サンサン	17048
894	800000000000014961	カイスタ	17043
895	100000000000009487	牡丹	17038
896	600000000000073485	みぞれ	16929
897	3663	さめはだ	16904
898	900000000000003844	ナポ	16902
899	62394	なる	16877
900	200000000000077894	J.G	16853
901	900000000000003319	とらこ	16852
902	800000000000087846	望月杏奈COREA@P	16830
903	500000000000047860	04	16814
904	1500000000000093420	gretapo	16772
905	87535	somewhatspecial	16750
906	400000000000005814	たくみね@杏奈	16720
907	700000000000009194	Gri	16705
908	800000000000093436	gnm	16697
909	400000000000008781	黒羊	16660
910	700000000000093636	青色ボタン	16548
911	1500000000000008622	Mr.3pe	16532
912	800000000000047319	あきぽん	16401
913	6705	モノクロベア	16393
914	200000000000061827	カズマ	16277
915	41458	匿名	16206
916	100000000000095229	もち	16204
917	1300000000000000148	たかしょー	16195
918	75163	成月	16190
919	1200000000000097714	まっちゃ	16146
920	200000000000020575	エルニーニョ	16056
921	500000000000093974	おかき	16044
922	59700	ぽぽ	16035
923	1200000000000076452	tenko0305	16012
924	900000000000093983	salt40	15999
925	1500000000000003274	oyansu	15977
926	73209	Tractorhead	15951
927	400000000000036056	タツ	15925
928	1200000000000026009	ひさぽん。	15897
929	700000000000038876	ばかモン	15826
930	1000000000000006584	はっきぃー	15776
931	200000000000068343	中	15687
932	300000000000094822	micoto	15673
932	1500000000000097658	Cth	15673
934	1400000000000018554	mizo	15636
935	800000000000020765	ちぅちぅ	15574
936	500000000000008473	がくてん	15572
937	931	はっし～	15569
938	1100000000000005120	蕎麦粉	15524
939	1300000000000080153	もやしP	15516
940	200000000000019207	ときちゃん	15514
941	600000000000049518	塩大福	15483
942	500000000000020439	Blue-Rain	15477
942	1300000000000079292	しもきょー	15477
944	300000000000078877	カイム	15462
945	1000000000000074148	E.coli	15451
946	600000000000072075	NANA	15360
947	100000000000035394	みなと	15328
948	800000000000066000	C1	15301
949	1400000000000075272	ヘルリウム	15277
950	700000000000054595	眉ぼんっ	15270
951	200000000000051762	鈴丸	15165
952	1100000000000086676	ojita	15145
953	1500000000000005363	わだ@ラウメン募集中	15116
954	300000000000014556	バレイアーツ	15047
955	800000000000074037	マフティー	15041
956	100000000000051703	DaSH	15027
957	1200000000000003340	くろみつ	15021
958	1300000000000050501	bigtree	15020
959	1500000000000007283	こじこじ	15008
960	600000000000056203	赤い星	14977
961	1200000000000098088	えだてつ	14930
962	1300000000000098316	SORASHI	14926
963	1500000000000051747	Seoda.SEUL	14889
964	400000000000088026	あずまなお	14883
965	96422	勇屋	14805
966	200000000000001910	大神華撃団（ナリじゃないよ）	14796
967	98722	さえ	14788
968	600000000000003272	ウニョラ～	14782
969	1100000000000005541	サンマ	14758
970	1300000000000015705	akot	14740
971	100000000000000846	深空猿	14690
972	200000000000010333	ねむいウサギ	14667
973	1200000000000059492	まりり	14603
974	900000000000007102	ひぃろぽん	14566
975	1400000000000077647	さわけん	14552
976	800000000000099183	えりこ	14514
977	1100000000000028626	まうまう	14486
978	200000000000044982	カエルくん	14476
979	900000000000029944	ゆたか	14464
980	200000000000074962	みゃび太	14400
981	1500000000000090449	Player 1005598703	14356
982	1000000000000093752	ﾄﾞｩﾝｿｸ	14277
983	200000000000057864	アニ中	14245
984	400000000000029572	たもりん	14193
985	600000000000076067	琥宵	14159
986	700000000000000927	ムヒソフト	14156
987	600000000000091154	ゆり	14134
988	400000000000024068	ゆうさん	14130
989	800000000000084936	Player 1004974008	14115
990	500000000000060313	パール	14080
991	600000000000007328	リョウちん	14060
992	1400000000000011853	音浦	14038
993	800000000000091568	桜子mk10	14034
994	300000000000083539	清隆	13978
995	600000000000056108	ともとも	13920
996	1200000000000085002	よしのん	13916
997	500000000000050203	ユキヒロ	13910
998	100000000000050905	まつしー	13899
999	1400000000000093775	クリス	13841
1000	1400000000000037555	ケンタロウ	13825
1001	300000000000074378	セツミ先生	13818
1002	1300000000000070814	ria	13788
1003	400000000000003683	けるん	13775
1004	1200000000000046226	ぼーびー	13760
1005	800000000000016430	(｣･ω･)｣うｰ!(/･ω･)/にゃｰ!	13734
1006	100000000000006662	たぐ	13730
1007	1500000000000099275	ろけもば	13700
1008	600000000000075744	少年	13697
1009	400000000000045422	さっぴー	13684
1010	800000000000061143	おすし	13682
1011	1200000000000008482	ヒッサー	13578
1012	300000000000033186	pat	13568
1013	1500000000000054039	とまと	13481
1014	800000000000003676	みかげん	13478
1015	600000000000093085	お松	13447
1016	1200000000000009056	うさてん	13440
1017	300000000000050962	蜀野	13434
1018	100000000000003612	サニー	13409
1019	800000000000007997	三月P	13402
1020	500000000000025672	ひつ爺	13321
1021	1300000000000086934	星崎時羅	13274
1022	900000000000074400	なまこなひと	13206
1023	800000000000050514	凪尼マルコ	13193
1024	200000000000011663	コスモ	13168
1025	800000000000000148	カキー	13160
1026	200000000000093808	トモヤス	13137
1027	1500000000000012515	ozoz	13104
1028	800000000000008362	そーなのかー	13043
1029	300000000000042241	ゆうきん	13041
1030	600000000000085129	やっすー	13027
1031	400000000000013494	しょう	12978
1032	1300000000000000428	コマ	12971
1033	1942	ゆ～とぴあ	12958
1034	1000000000000095160	蛇遣い座	12931
1035	21311	Leo	12892
1036	1400000000000000582	しのーる	12843
1037	46802	Chung-UnCha	12838
1038	900000000000031549	†聖天使猫姫☆ミ	12808
1039	1100000000000079427	カイン	12797
1040	1300000000000054253	karn	12795
1041	900000000000080177	Snack@眼鏡倶楽部	12778
1042	800000000000010694	ピピン板橋	12747
1043	400000000000023107	ちゃこ	12740
1044	1000000000000033888	虎河	12738
1045	1300000000000022005	フジワラ44号	12720
1046	500000000000096292	えんどー	12666
1047	1200000000000049895	きこう	12657
1048	600000000000006862	WYC@そらP	12633
1049	900000000000096790	はる	12624
1050	900000000000042412	Paki	12574
1051	300000000000061743	涼季の季節@ラウンジメンバー募集	12547
1052	1200000000000094760	えい	12518
1053	1200000000000004944	残ね念神	12457
1054	800000000000095978	なお	12456
1055	800000000000083578	クルトン	12454
1056	1000000000000052719	ケルオロ	12432
1057	46539	うるし	12306
1058	100000000000047597	イナ	12284
1059	500000000000000269	レミぽっぽ	12278
1060	900000000000046045	ひろさん	12240
1060	1400000000000030089	久保君の弟バカテスLove＠てさ部最高	12240
1060	1500000000000073873	白峰	12240
1063	900000000000010671	まあ、なんでも、ちひゃーですけれど｡	12221
1064	300000000000027796	くま???????	12140
1065	1500000000000050721	としP	12138
1066	700000000000002075	Tomasson846	12130
1067	900000000000004967	十六夜	12113
1068	600000000000000172	アキ	12062
1069	1200000000000025421	テイルず	12024
1070	700000000000008764	せの	12023
1071	600000000000097828	きしわきじじ	11994
1072	300000000000085733	まぐろ	11972
1073	600000000000006411	おきせ	11958
1074	600000000000075711	Irony	11957
1075	800000000000001256	きりつネＬ	11955
1076	300000000000068071	ツキヨザト	11936
1077	600000000000013909	おそらmm	11891
1078	300000000000015177	どろんぱ	11760
1079	100000000000037251	ユキ	11747
1080	100000000000036760	ちょちょ	11736
1081	300000000000000928	マロン	11730
1082	700000000000002920	いけよし	11718
1083	400000000000020340	綾香氏	11710
1084	100000000000075741	ラーマ	11684
1085	500000000000083252	ちゃん	11658
1086	400000000000093267	RIcky	11657
1087	1300000000000045228	ユー	11645
1088	200000000000034432	KENKEN	11553
1089	700000000000005800	ヒロリン	11537
1090	96604	ヤラム	11509
1091	800000000000092323	lily	11472
1092	600000000000008308	けんぬ	11459
1093	100000000000008355	とんぺー	11454
1094	700000000000004458	いでおん	11408
1095	700000000000018290	ぐっっち	11400
1096	600000000000016460	kako	11386
1097	1400000000000006647	mag	11363
1098	700000000000042163	ヨシ	11314
1099	1200000000000005421	ゆかり	11304
1100	900000000000006953	ごぶりん	11287
1100	900000000000057984	RTK	11287
1102	1400000000000019547	YJL小林@琴葉P	11244
1103	800000000000019066	はりねずみ	11229
1104	1100000000000085064	TKD	11194
1105	700000000000083769	銀鼡	11178
1106	100000000000051015	アオジル	11162
1107	600000000000009813	きょう	11144
1108	1400000000000057802	豚	11117
1109	1400000000000097348	原PECO	11104
1110	700000000000008352	kaneko	11080
1111	300000000000011175	わあげん	11054
1112	900000000000009177	yu-no@	11048
1113	2216	はやて	11037
1114	1000000000000096324	くら	11019
1115	1100000000000080818	エンスコグ	11011
1116	1000000000000015297	ノイド	10966
1117	900000000000023387	ゲキ	10880
1118	1100000000000003382	zpqJduC7	10723
1119	100000000000095898	詐胸イル	10704
1120	800000000000096251	尾道	10652
1121	1500000000000031988	いたスト・アルラウネ	10647
1122	1300000000000087126	enta4393	10645
1123	1200000000000013867	茜音色	10623
1124	1100000000000097269	yuIna	10618
1125	1300000000000003697	フミカ	10608
1126	1200000000000010717	にしおり	10564
1127	17709	△ぬっくん 乙※相互割愛でお願い(^o^ゞ参戦&お誘いありがと～(^o^)/	10558
1128	53436	うどん	10555
1129	200000000000099483	kawasemi_mk-2	10547
1130	1400000000000095392	らいと	10544
1131	500000000000095247	こっこ＠（ま）こと	10517
1132	600000000000098351	shii	10491
1133	400000000000094829	コウタ	10456
1134	100000000000060983	せいよう	10433
1135	1300000000000011546	☆ Miichan ☆	10425
1136	200000000000021349	たなばた野郎	10404
1137	500000000000009307	Kuro@Yosukek	10394
1138	1100000000000049546	ぽかぽか	10387
1139	900000000000008008	ハンター	10352
1140	1000000000000094812	しゅうへい	10296
1141	400000000000001387	くたろ	10261
1142	1400000000000030305	みそそ	10255
1143	300000000000076836	断空我	10234
1144	900000000000002826	シュン	10230
1145	1400000000000000106	marve	10220
1146	1100000000000091686	ジャッキー	10215
1147	700000000000001102	チロル@亜利沙の道場営業中	10211
1148	700000000000074461	きよ	10208
1149	900000000000075142	taksan	10192
1149	1200000000000002482	もょもと兄	10192
1151	500000000000061647	揚げパン(全略)	10190
1152	700000000000081079	Player 1004376967	10183
1153	200000000000003513	ユタカ	10168
1154	300000000000097042	なおきち	10153
1155	100000000000004597	mysticcage	10150
1156	1400000000000022136	秋桜	10148
1157	1200000000000062452	ジョージ	10139
1158	100000000000022382	Dingo	10122
1159	800000000000080944	Unirting	10076
1160	700000000000075330	ハイダル	10073
1161	500000000000000999	蕎麦	10071
1162	79793	norix99	10066
1163	1200000000000087395	ガイヂ2	10064
1164	11244	エイセス	10059
1165	1100000000000072767	せのん	10051
1166	400000000000000331	ター坊	10038
1167	300000000000082136	ひつまぶし	10033
1168	800000000000006876	アッキー	10032
1169	97188	サクラナミ	9993
1170	500000000000004505	雅柳	9991
1171	600000000000093314	イチゴ味	9943
1172	1400000000000014725	流れ@	9903
1173	73675	sTar	9897
1174	700000000000006838	黒猫	9861
1175	1400000000000085905	ヤディオ	9856
1176	700000000000029032	とりっき☆～ZERO～魔封波	9852
1177	700000000000047960	プラウラー	9847
1178	300000000000082376	パワーレンジャーSPD	9802
1179	1500000000000097219	TEIKI 始祖	9797
1180	1000000000000023836	ゆーむ	9758
1181	1300000000000079479	kuronaka	9735
1182	1500000000000044248	かーくん	9725
1183	1100000000000005477	８９０	9702
1184	800000000000083051	かわうそ	9698
1185	1200000000000074168	せきでん	9685
1186	1200000000000077426	灯夜	9628
1187	200000000000010124	マサヲ	9620
1188	1100000000000069899	ヒサ	9593
1189	100000000000081156	とりっＰ	9581
1190	1000000000000000166	すろうP	9567
1191	600000000000003450	ナナヤ	9548
1192	400000000000031769	ムジコ	9539
1193	1300000000000020324	ソルバルウ	9498
1194	900000000000097366	荒野の渡り鳥	9450
1195	1100000000000004766	るのＰ	9440
1196	800000000000035812	ツッチ	9437
1197	800000000000080347	らぅおう	9396
1198	900000000000054244	　舞姫	9344
1199	1300000000000098357	まつまる	9327
1200	300000000000008761	由女あに	9306
1201	1100000000000096983	働きたくないも	9291
1202	800000000000097600	胤怒 陣	9284
1203	1100000000000051991	はなでか	9246
1204	500000000000080658	Hexx	9190
1205	100000000000006091	まみたす	9162
1206	800000000000024467	坂本	9124
1207	1200000000000017491	とみー	9037
1208	200000000000061201	ルーブルくろたん	9026
1209	1100000000000011107	Toro	8998
1210	1200000000000021499	みやびん	8974
1211	200000000000000866	ジョスカ	8954
1212	600000000000050638	ひろろんsh	8952
1213	700000000000044977	DD	8924
1214	1200000000000008948	スキッピー	8915
1215	700000000000063148	BUD	8911
1216	1100000000000011076	あにあに	8903
1217	1000000000000019585	とうの	8891
1218	500000000000008062	ほし	8858
1219	1400000000000006782	リュウ	8826
1220	300000000000080732	はるかっか	8824
1221	200000000000013496	○藤P	8785
1222	800000000000086579	うみろぼ	8765
1223	500000000000077947	Ru	8757
1223	600000000000079030	いつき	8757
1225	500000000000000610	信楽焼P@ラウメン募集中	8736
1226	400000000000061609	AyuMu	8725
1227	100000000000051445	city escape	8676
1228	1400000000000082705	TAGAME	8672
1229	1300000000000081240	ヒツジ	8666
1230	200000000000036632	ぼーろ	8660
1231	1500000000000096931	オウジュ	8657
1232	600000000000014335	閣下の忠誠者	8626
1233	1300000000000025169	いもまつば	8579
1234	700000000000082038	せと	8576
1235	1200000000000093062	河比原Ｐ	8554
1236	1200000000000003688	マッツ	8530
1237	300000000000086314	Player 1005116723	8510
1238	94028	DISK3	8503
1239	500000000000002296	松白	8502
1239	1000000000000087096	たれぱん	8502
1241	700000000000086612	不死の王	8497
1242	200000000000065402	もぃ	8468
1243	500000000000028284	副作用	8459
1244	300000000000002427	小夜	8441
1245	900000000000051122	あずみの	8430
1246	1500000000000085859	いなばものおき	8412
1247	300000000000073852	８７コ	8409
1248	100000000000000367	飛鳥	8399
1249	1000000000000055880	トリル	8393
1250	400000000000000966	０Ｐ	8389
1251	400000000000096468	Rik	8380
1252	1000000000000062062	メビウス	8344
1253	400000000000003972	ちるの⑨	8330
1254	1000000000000004295	へのい	8314
1255	200000000000005782	か～ねるん	8305
1255	1500000000000058636	nick	8305
1257	1300000000000085489	ねず	8292
1258	600000000000002320	頸動脈	8270
1259	900000000000053140	エイキチ	8246
1260	1100000000000079968	キッシー	8232
1261	700000000000082299	ファンテ	8229
1262	1100000000000050345	狐狐	8196
1263	700000000000001219	ネパーﾉﾚ	8193
1264	900000000000001065	kumasey	8190
1265	300000000000003380	∞モカ∞†繚華†	8165
1266	1400000000000051514	hers	8142
1267	600000000000024874	あまあぴゃ	8141
1268	1200000000000052029	キヌア	8132
1269	1400000000000002478	おうじ	8130
1270	100000000000086611	yukikaze1020	8127
1271	1000000000000023016	白黒猫。	8126
1272	700000000000019192	まっきー	8112
1272	1200000000000004485	ネココネコ	8112
1274	1500000000000003880	こたつ	8094
1275	100000000000000447	クフィーユ	8077
1276	100000000000071821	もちまつり	8046
1277	1000000000000046508	パッチ	8019
1278	1500000000000000115	九重	8009
1279	700000000000028649	K.S	7999
1280	1000000000000076794	エナツ	7976
1281	900000000000096294	ごき	7966
1282	200000000000005523	蒼の譜旋律	7954
1283	700000000000036558	紀柳	7952
1283	1200000000000070144	narumiku	7952
1285	200000000000048223	梟	7940
1286	1200000000000010793	喜助	7933
1287	1200000000000080952	ずかもと	7918
1288	1200000000000008361	くすのき	7909
1288	1500000000000080971	てぃ	7909
1290	800000000000003919	thrower	7902
1291	700000000000024028	ヒロ君	7897
1292	1000000000000074558	ホシゲン@Laniakea	7864
1293	100000000000082390	皇燦	7854
1294	900000000000042829	カトゥーン【オフ 基本※なしm(__)m】	7829
1295	1000000000000093631	ＡＣＥ	7814
1296	800000000000021010	エクストリームりおん	7807
1297	200000000000093546	ぱらぱらぱらっぱ	7782
1298	100000000000007731	もり（招待ﾒｰﾙｽﾙｰで	7711
1299	1400000000000019730	やなぎー	7695
1300	100000000000003668	ねおねぐ	7664
1300	200000000000088442	トーカ	7664
1302	600000000000006999	帝王P	7660
1303	1400000000000042420	なたね油	7639
1304	600000000000025955	くーや	7628
1305	800000000000000871	くれ	7620
1306	400000000000076675	凪兎	7618
1307	1400000000000002189	けろべー	7616
1308	700000000000011518	グレ吉	7614
1309	100000000000010735	たんたか@	7612
1310	300000000000025616	マッキー	7600
1311	300000000000073568	セイ	7596
1312	500000000000000673	Ｔ－ＫＯＴＡＮＩ	7593
1313	400000000000001121	防御リツ	7569
1313	1200000000000079711	ヒロタカ	7569
1315	500000000000081498	りく	7506
1316	100000000000003838	kou17	7490
1317	1500000000000080214	新月	7485
1318	1000000000000073617	なっし	7476
1319	200000000000051455	midnightboyz	7466
1320	100000000000002988	ヤジン	7446
1321	400000000000072431	しろ	7440
1322	300000000000002257	オカヒラ	7421
1323	200000000000076884	幸村くんのATM	7418
1324	1400000000000051158	けいてぃ	7398
1325	100000000000074683	ロバ	7374
1326	400000000000085400	のりお	7362
1327	500000000000000227	サーモン	7341
1328	900000000000074999	HARUKA	7335
1329	700000000000019151	バフィー	7290
1330	1100000000000053627	regret	7268
1331	700000000000000456	きらりん☆	7265
1332	1200000000000083108	まないたやま	7255
1333	200000000000001063	nigo	7236
1334	1500000000000051152	玄兎	7224
1335	600000000000098316	カザ	7208
1335	900000000000002162	くだ＠花粉症終了(*^^*)	7208
1337	1400000000000050511	路々白	7193
1338	600000000000022931	ひさだ	7189
1339	500000000000042826	Yohko 【 ×】	7182
1340	600000000000031699	ニッタマン@お父さんＬｖ１	7170
1341	1000000000000003081	はいぼーる	7140
1342	900000000000097101	乃麦	7139
1343	1000000000000001263	あずま	7110
1344	400000000000052491	オルビー@果たして俺の勉強不足	7022
1345	200000000000003818	ざほ	7020
1346	300000000000003710	まりうす	7006
1347	1500000000000080261	レス	6966
1348	1100000000000086373	春坂@HN相互交換同僚募集 求）美也HN	6946
1349	600000000000054279	タマカズ06	6940
1350	400000000000074763	河邑	6933
1351	28082	ロック	6910
1351	35704	うね	6910
1353	300000000000062101	ローバー	6908
1354	700000000000099875	Koujxysan	6885
1355	1300000000000024970	ごじょ	6883
1356	500000000000098133	もす羅	6878
1357	100000000000001328	いぷしろん	6807
1358	100000000000002527	緑路	6789
1359	1100000000000051807	ちゃりんこ	6784
1360	1500000000000086600	オリエP	6780
1361	1000000000000073713	マスコット	6759
1362	1000000000000057351	タック	6748
1363	1500000000000005836	シェルパ	6746
1364	1500000000000003484	しょうぎばん	6741
1365	1400000000000052775	モーリー	6732
1366	900000000000030156	ズッニー（P）	6730
1367	1500000000000093106	ピコハン	6703
1368	1100000000000096332	ミサエル	6694
1369	600000000000013759	あつろー	6690
1370	1400000000000047818	ぐる	6686
1371	500000000000049985	Akts	6680
1372	200000000000044558	ぱんだ☆ﾄﾞﾘ、仲間募集中！☆	6678
1373	200000000000001812	なんと	6615
1374	800000000000062215	左道	6606
1375	1300000000000077928	麦	6586
1376	1100000000000021378	ましひろ。役立たずでスンマセン。	6540
1377	1300000000000015132	みお	6525
1378	1400000000000081368	his@P	6513
1379	1000000000000055300	七畳半	6506
1380	1300000000000025571	おみ	6466
1381	19966	a	6431
1382	100000000000052693	まさまる	6423
1383	1500000000000082053	桜井礫	6420
1384	300000000000083331	むほっち	6418
1385	1000000000000030701	山電クルミ	6394
1386	5899	お父さん	6357
1387	1000000000000052741	三千代	6356
1388	300000000000056458	五月雨	6350
1388	500000000000085772	anj2610	6350
1390	1200000000000037541	ユキ	6349
1391	100000000000098815	うらじみー	6346
1392	500000000000025807	HAGAREN	6338
1393	400000000000091284	ひで	6337
1394	900000000000050763	香流（かなれ）	6328
1395	1200000000000053557	トイタンボ	6325
1396	1500000000000044138	くろろ	6315
1397	600000000000003015	もち	6301
1398	1500000000000007739	たくあん	6297
1399	1200000000000072697	ルンルン	6291
1400	1100000000000050776	佑斗	6290
1401	400000000000076029	あざらしあこ	6279
1402	1300000000000004499	まんじゅう	6274
1403	700000000000082242	まつげん氏	6241
1404	200000000000097682	シグルズ	6224
1405	81037	ｲｰｹﾝ	6218
1406	600000000000061471	晩夏	6214
1407	700000000000078089	olva	6210
1408	1200000000000096093	ユーマ	6209
1409	31762	さかな	6203
1410	500000000000085758	くうき	6200
1411	1000000000000078108	IRUS	6167
1412	700000000000099477	theloveliver	6165
1413	500000000000000920	アルビレオ	6163
1414	800000000000013718	collbrande	6147
1415	1000000000000098551	えとたま	6113
1416	200000000000004888	Kei	6111
1417	600000000000006790	ペンギン＠BMD相互求	6110
1418	23226	ヤカン	6108
1419	52883	ヤコウ	6070
1420	500000000000008015	厄神	6055
1421	100000000000013777	真江爺	6039
1422	800000000000095730	なつ	6038
1423	1500000000000051583	花友禅 箱庭お休み中!!(≧∇≦)	6034
1424	1100000000000036264	アユ	6028
1425	800000000000084135	k	6015
1426	300000000000003222	いちじょー	6009
1427	600000000000025335	さなぎさん	6001
1428	400000000000071727	サイマワリ	5981
1429	1200000000000003255	jakalope	5954
1430	600000000000038546	ユウジ	5948
1431	100000000000006645	プールー	5945
1432	7057	すわこ	5937
1433	200000000000030986	TNT	5934
1434	79496	おーや	5925
1434	1400000000000003563	あまさ	5925
1436	1400000000000081357	大空キヤ	5912
1437	700000000000019931	星鮎龍斗	5909
1438	1300000000000088120	くにたか	5902
1439	1400000000000013215	雪	5890
1440	1400000000000060675	たかあき	5873
1441	300000000000003899	Calci	5805
1441	1500000000000035406	相沢くん	5805
1443	800000000000056064	HAKU	5800
1444	1200000000000093801	nao2010	5784
1445	100000000000053727	じりおん	5777
1446	1500000000000041603	名誉会長	5776
1447	400000000000049151	ギズモ	5760
1448	1200000000000086700	いぷーのしっぽ	5754
1449	700000000000005274	武神ゆうた	5742
1449	1400000000000003383	やそ	5742
1451	41992	DEADMAN	5740
1452	300000000000033139	青	5739
1453	1100000000000040069	ゆずき	5738
1454	700000000000032523	アンチェリー	5733
1455	400000000000039471	ｒｉｔａ	5709
1456	100000000000003938	ちーうー	5701
1456	500000000000051299	まきよ	5701
1458	900000000000055336	E.Ki-n	5672
1459	1400000000000068672	ののぼん	5670
1460	200000000000043410	ざわもり	5668
1461	400000000000072972	ローラン	5651
1462	1000000000000010839	ともぽんだぉ	5643
1463	400000000000037450	ギョニオ	5636
1463	800000000000022428	サナギ	5636
1465	800000000000004822	刹那	5635
1466	100000000000027439	Xeno	5626
1467	800000000000096110	躑躅ヶ崎	5625
1468	600000000000078250	豆腐おじさん	5598
1469	500000000000049130	ﾃｨﾌｧﾆｰ§庭2倍から、相互還元	5580
1470	800000000000026888	ｱﾒｼｮｰ(震災支援活動中)*全遅*	5578
1471	200000000000079504	ゆっけ	5568
1472	1300000000000081352	逸材	5558
1473	1300000000000099452	NEGUSE	5548
1474	1500000000000082568	maru	5520
1475	1100000000000091223	ニシモ	5516
1476	1300000000000010865	ほにょはら	5513
1477	200000000000085616	風籟	5505
1478	500000000000098298	SHIーX	5502
1479	200000000000003842	超こんた	5490
1480	93527	one	5480
1481	600000000000023216	kemusi	5459
1481	1500000000000005834	イージィ	5459
1483	700000000000004508	＼(≧∇≦)／	5441
1484	400000000000000051	妖狐	5430
1484	1200000000000025423	こころん	5430
1486	600000000000041282	マッキー	5379
1487	500000000000000560	グらん	5361
1487	700000000000096692	Wei-Hung Chang	5361
1489	900000000000097498	彌亜琉	5360
1489	1200000000000002251	いちのや	5360
1491	400000000000027714	エンジ	5354
1492	77955	まこ	5350
1493	100000000000052566	かしま卜電	5322
1494	200000000000000008	よう	5306
1494	1000000000000005514	スマ歩	5306
1496	1100000000000000928	AGP	5299
1497	200000000000028674	ムラサキray	5291
1498	592	france	5273
1499	700000000000002943	朔乃	5258
1500	1000000000000018375	ごっつぁん	5250
1501	200000000000052658	ヤング	5247
1502	300000000000006122	メガネP	5238
1502	600000000000058117	卵豆腐	5238
1504	1100000000000092899	カナン	5237
1505	200000000000003942	judeaxy	5229
1506	800000000000009989	けー	5219
1507	900000000000097411	べーさん	5208
1508	500000000000076276	はらぴん	5202
1509	300000000000003602	JUNN1【D】	5189
1510	800000000000002141	ちびぬこ	5185
1510	900000000000011282	けんざぶろーちょっと釣りをお休みしますm(__)m	5185
1512	900000000000055003	こんにゃく	5167
1513	1400000000000075245	にくてん	5160
1513	1400000000000086227	もねこ	5160
1515	100000000000054038	トリプルデイP	5158
1516	1300000000000022192	かずま	5154
1517	400000000000007043	くろこ。	5135
1518	100000000000077236	ボールド	5130
1519	1500000000000001529	ＨＧＨ	5115
1520	1300000000000051382	はやぶさ	5102
1521	1500000000000003934	まいくろ	5101
1522	1000000000000030246	一方通行	5072
1523	500000000000076936	おじい	5052
1524	400000000000000224	キャロット軍曹 （キャベツじゃないもん）	5050
1525	1500000000000086425	ハユ	5034
1526	500000000000008601	よだれむし	5022
1527	1300000000000015460	たーみー	5018
1528	800000000000054788	鷲羽	5016
1529	1300000000000001345	マコロン	4998
1530	33365	ちょめ助【協力感謝♪】	4997
1531	1498	Raben	4982
1532	200000000000084275	てんとん	4978
1533	600000000000051794	くると	4968
1534	800000000000042472	クロン	4967
1535	500000000000079335	小豆嶋	4965
1536	67698	あかまほうつかい	4956
1537	600000000000086674	TheBigN	4946
1538	1000000000000094111	YEBISU	4944
1539	1200000000000002062	とまちゃー	4939
1540	800000000000039076	わいけー	4936
1540	1200000000000098789	きりさか	4936
1542	1000000000000053393	ゆーじ	4935
1543	1000000000000003591	Shio_P	4932
1544	1500000000000034974	赤井	4930
1545	800000000000078031	Ren	4926
1545	900000000000078818	タクミンゴス	4926
1547	1400000000000062242	telepath	4913
1548	900000000000096733	Player 1006527401	4896
1549	200000000000027628	桃友	4895
1550	100000000000072222	いもむし	4893
1550	1500000000000091892	本田未央	4893
1552	500000000000074853	チェイス	4892
1553	1300000000000091349	やなあ	4871
1554	75142	セッツァー	4869
1554	1300000000000021129	くどまり	4869
1556	86809	よーこ氏	4862
1557	1000000000000052772	あかねこP	4834
1557	1400000000000026688	逆矢	4834
1559	1400000000000029878	まっさん	4832
1560	1000000000000052271	ブラウン管	4817
1561	400000000000005805	うさぎ、	4802
1562	800000000000021407	フィーニクス	4798
1563	1200000000000006695	ＰＯ＠ほんとはみんなと一緒にYYしてみたい♪	4776
1564	1300000000000060538	ななし	4775
1565	1200000000000087325	面妖な人	4773
1566	400000000000050641	迷亭	4765
1567	200000000000005887	にゃんちゅー♪(´ε｀ )	4757
1568	900000000000098877	ED	4752
1569	200000000000000492	HB2	4746
1570	100000000000091983	kahuna	4730
1571	1300000000000075906	流離	4722
1572	200000000000041092	ルシ	4693
1573	700000000000001217	ＴＫＫ-Ｍ(招待は無視して下さい)	4690
1573	1400000000000099347	サツキ	4690
1575	600000000000098212	るね	4680
1576	1400000000000084552	ルナ	4670
1577	300000000000048009	シモヤマン	4652
1578	500000000000037638	レイジ	4647
1579	900000000000057655	ぷらち	4646
1580	700000000000094884	Tomas	4644
1581	886	が～	4642
1582	1400000000000076683	マスヨシP	4641
1583	1000000000000041680	スカイ	4635
1584	600000000000072725	千由	4628
1585	1000000000000096959	ムギココア	4623
1586	800000000000095955	オッキー	4606
1587	200000000000031988	シモサン	4590
1588	1300000000000097415	ひろ	4569
1589	1000000000000080860	millerdance	4553
1590	1200000000000050104	コーヘー	4542
1591	29344	RU	4512
1592	1400000000000075295	しろっこ	4506
1593	300000000000019027	やよい	4494
1594	400000000000003812	アカギ	4490
1595	1400000000000004919	榎本	4486
1596	800000000000004196	闇狼	4485
1597	100000000000002877	オハ	4480
1598	500000000000011211	ゴーズ	4478
1599	900000000000043170	篠川	4476
1600	1000000000000004602	コースタン	4459
1601	1100000000000075182	MONTA@望月道場☆	4442
1602	800000000000087655	ざわ	4441
1603	1300000000000080129	アクア＝ホロリウム	4438
1604	600000000000040904	たつ	4416
1605	1200000000000053562	なかむー	4404
1606	600000000000023387	メリッサ	4400
1607	1100000000000084759	りんく	4398
1608	500000000000098074	メガネマン	4344
1609	800000000000075579	guriko	4341
1610	100000000000024176	バズ	4338
1611	200000000000000930	てんしろ	4324
1612	1500000000000003470	シカノ	4319
1613	1300000000000057680	新兎	4318
1614	1400000000000023608	みも	4315
1615	900000000000081981	ゆぅ～でぃ～	4310
1615	1300000000000030492	sail	4310
1617	600000000000004996	まにゅえる	4280
1618	1300000000000076293	もっと	4272
1619	1100000000000057760	ﾍｲﾛｰ!	4265
1620	300000000000053475	岬	4239
1621	1500000000000028768	ジョー	4229
1622	900000000000073439	12さい	4225
1623	1000000000000096782	カズ	4211
1623	1500000000000097190	よっしー２	4211
1625	800000000000060986	マサカズ	4206
1626	800000000000074933	qoo白ブドウ	4205
1627	1100000000000005505	クリープ	4201
1628	1400000000000096883	アダルバート	4199
1629	3849	西岡Ｐ＠求)Vo属性R　出)他属性R	4198
1629	400000000000059986	lipton	4198
1631	1400000000000007469	アローズ	4194
1632	300000000000022848	導線	4191
1633	200000000000083993	sugar	4180
1633	600000000000005474	フト・シエル	4180
1635	1000000000000014139	宴枕	4176
1636	1000000000000022872	あまよ	4164
1637	100000000000062154	もるつ	4157
1638	200000000000051998	かざみあきら	4152
1639	500000000000097151	アレス	4151
1640	1100000000000022229	ｳﾞｨｳﾞｨｳﾞｨ	4127
1640	1500000000000007356	いなみ	4127
1642	600000000000000023	Sanno	4117
1643	200000000000003184	きほいる	4097
1644	100000000000097020	レノ	4096
1645	700000000000080161	プラチナ	4085
1646	300000000000005852	いたちょ	4084
1647	800000000000003823	じゃむ	4080
1647	900000000000002923	べむ	4080
1649	800000000000011406	みやはん	4060
1650	1100000000000011321	はじ	4054
1651	1000000000000003688	篁	4029
1652	1000000000000052526	真紅	4028
1653	700000000000077657	蓮	4023
1654	41941	へろ	4020
1654	1200000000000008599	ホワイティ	4020
1656	1300000000000019331	小花	4015
1657	1400000000000098957	冰	4003
1658	400000000000060900	キング	4002
1659	500000000000000062	なっきー	3990
1660	1400000000000024552	山電	3962
1661	200000000000016114	ＨＯＳ	3960
1661	1200000000000022735	やなぎさわ たつのり	3960
1663	700000000000100016	Player 1007513671	3947
1664	500000000000003035	kazuki	3945
1665	1300000000000080840	司波 達也	3935
1666	1400000000000075291	ヨーゼフ	3933
1667	900000000000000815	アルビレオ	3929
1668	500000000000091950	れもん	3927
1669	1000000000000061220	鍔止め	3925
1670	1400000000000099498	TEPQ	3922
1671	900000000000096853	なのさん	3918
1671	1400000000000089475	えり	3918
1673	1200000000000097233	i.c.e.9	3914
1674	900000000000008496	龍村	3904
1675	1000000000000020834	ナツメ	3880
1676	900000000000000436	りんご酢	3868
1677	1000000000000022137	Gyg	3864
1678	700000000000014303	HuUkA	3852
1678	1000000000000015603	そぉい	3852
1680	300000000000094621	吉矢	3851
1681	1000000000000061083	球磨	3849
1682	83857	むつきち	3834
1683	100000000000004188	hidexel	3821
1684	700000000000075168	zaemon	3811
1685	400000000000085806	哀	3805
1686	600000000000002602	鳥谷瑠美	3785
1687	1100000000000003261	ゾエP	3764
1688	700000000000000755	ルー	3757
1689	100000000000056888	なっつ@同僚募集！	3756
1690	98249	キンタ	3738
1691	700000000000009597	白くま	3737
1692	1300000000000002005	れんふ	3717
1693	100000000000096661	やよかず	3710
1694	1000000000000081794	暁	3700
1695	700000000000002017	りふくん。	3696
1696	200000000000055822	ぎふと	3692
1697	1000000000000006619	yoi	3690
1698	300000000000076131	ぶらっく。	3680
1699	300000000000006235	芙蓉楓	3677
1700	1200000000000072377	さかもと	3658
1701	200000000000055048	パワー	3655
1701	600000000000020717	DBA-RN1	3655
1703	85080	15	3645
1704	1500000000000083533	racLT	3626
1705	800000000000097652	sato	3624
1706	200000000000010212	虚弱王	3610
1707	500000000000051488	ののの	3594
1708	300000000000007491	アクセル	3586
1709	1000000000000093401	jimnocky	3579
1710	1300000000000080999	副澤	3578
1711	100000000000037557	Isabelle	3576
1712	100000000000060726	みさきみ＠無色2年目突入	3572
1713	1500000000000001962	ちゃーすけ	3568
1714	700000000000032355	ゆうひ[ご協力感謝です]	3566
1714	1500000000000052155	百式	3566
1716	500000000000009055	しっぽ@BMD相互	3563
1717	45082	束子くん＠	3560
1718	97005	Fedorova	3553
1718	1300000000000001754	こったん	3553
1720	200000000000003017	kar3	3552
1721	100000000000077041	ぽれぽれ	3544
1722	700000000000008117	gausho	3523
1723	400000000000039017	エスカル	3518
1724	100000000000038227	たろかず	3512
1725	500000000000002174	SIGE	3510
1726	1200000000000005777	留年	3505
1727	300000000000005734	ナントカ	3502
1728	300000000000003177	aki(秋はまだか)	3500
1729	1300000000000062172	ポカリすエッ戸	3488
1730	1100000000000012619	タッケー	3484
1731	1100000000000000234	T-Tomonori	3476
1732	1400000000000010655	しうぞう	3475
1733	500000000000079259	つきはみ	3470
1733	600000000000013051	nobita	3470
1735	1400000000000000398	ぺんぎんα	3463
1736	1200000000000097590	Nicolas	3460
1737	1200000000000051756	後補機	3429
1738	1000000000000003693	新星☆将軍	3424
1739	1100000000000055138	Oak	3418
1740	800000000000037666	たかぼー@Y	3411
1741	700000000000021353	*あいか*	3404
1742	200000000000077526	L.C.	3379
1743	600000000000032904	あきちゃん	3375
1744	900000000000031720	K	3366
1745	93436	773	3360
1746	1300000000000029732	キノ	3337
1747	1400000000000096862	ﾏﾘｵﾈｯﾄ	3308
1748	300000000000040415	はと	3305
1749	600000000000077878	よし	3297
1750	200000000000039321	Gre-rmkys30	3290
1750	400000000000051526	ユノ	3290
1752	300000000000080757	しばた	3285
1753	300000000000004217	ルーカス	3279
1754	800000000000001318	ノノ	3269
1755	1000000000000013389	おじいちゃん	3247
1756	500000000000099491	香取	3231
1756	700000000000002278	つくもん	3231
1758	1200000000000061662	コルチャック	3225
1759	100000000000061106	nono	3218
1760	200000000000097258	J9	3215
1761	200000000000000606	あまみつき	3198
1762	100000000000039002	かめこ	3193
1763	100000000000057084	ガバミン星人	3190
1764	200000000000097749	毬藻	3188
1765	800000000000007881	おすわ	3173
1766	500000000000098458	みけ	3166
1767	600000000000053646	いいは	3164
1768	97956	れてぃ	3153
1769	500000000000072132	じゅすぽん	3150
1770	700000000000084085	ユウサイP	3145
1771	100000000000076833	twin	3143
1772	1500000000000015589	葦野	3138
1773	500000000000075825	ばんしぃP	3129
1774	400000000000011521	ξ*'ヮ’)ξ 協力者全員に感謝＠ピエール	3123
1774	800000000000056377	さんてふ	3123
1776	1300000000000098580	やすじ	3118
1777	200000000000083776	本宮 【DRACULAR】 (逆覚醒)	3115
1778	100000000000021920	ちもこ	3109
1779	100000000000075575	しんじP	3101
1780	1400000000000007188	フラ	3099
1781	1000000000000053304	しんご	3078
1782	12953	はいんど	3070
1783	1000000000000023686	シエル	3066
1784	200000000000050425	16AK	3063
1785	100000000000038787	tk	3060
1785	1100000000000024577	あうあう	3060
1787	400000000000000300	アンドリウ	3045
1787	400000000000076373	ver.38N	3045
1787	800000000000014655	まーだ	3045
1790	1000000000000086844	たこやき	3040
1791	1100000000000085404	ぬ	3035
1792	1300000000000077525	クロ189	3033
1793	900000000000074699	いけりん	3011
1794	900000000000083946	荻原雪歩―おぎわらゆきほ―	2980
1795	700000000000034106	ZOMBIE?	2967
1796	400000000000096027	あか	2955
1797	200000000000059221	ハイホ	2954
1798	1200000000000095473	もょもゅ	2945
1799	800000000000026176	七羽	2944
1800	600000000000097808	泡星	2934
1801	100000000000007936	ジャストフィット	2925
1802	900000000000052156	わきゅ	2911
1803	1500000000000025438	asa	2907
1804	400000000000096097	DD67	2904
1805	1100000000000051776	ドラ(どーら)	2898
1806	200000000000000959	アゐス	2890
1806	900000000000026373	北斗星	2890
1808	800000000000002184	Twinkle	2886
1809	300000000000003466	tokosin	2880
1810	1300000000000076106	イカトゥン	2872
1811	600000000000005720	テツ	2866
1812	900000000000075880	のみ☆	2865
1813	1300000000000076500	なんなのなの	2851
1814	1000000000000036200	ミーナ	2849
1815	400000000000051977	カズ	2838
1816	800000000000081790	えびし	2831
1817	500000000000077491	蛍川	2826
1818	1400000000000000620	マロニ	2824
1819	300000000000018217	ヒロゥ	2822
1820	1100000000000007290	10mo	2817
1821	300000000000042858	ラミリア	2815
1822	500000000000032308	蘭舞	2812
1823	1400000000000073175	ｶｰﾌﾟ坊や(Tokyo)	2808
1823	1500000000000085088	SHIGI	2808
1825	700000000000091206	とらのたまご	2802
1826	900000000000012087	撮りあき	2800
1827	100000000000045650	†アインス†	2796
1828	300000000000037209	とっすぃー	2778
1828	1400000000000068097	StarlitRight	2778
1830	1300000000000082439	すももあめ	2776
1831	800000000000007577	ルキアス!	2775
1831	1400000000000082781	琥珀	2775
1833	700000000000099743	Player 1007381191	2765
1834	1300000000000057274	くさもち	2762
1835	800000000000075027	栗ご飯とカメハメ波	2755
1836	600000000000053045	かずまっちょ	2754
1837	1200000000000053085	信州小僧	2742
1838	1400000000000001462	トモ	2737
1839	600000000000068140	kilito Xx	2723
1840	400000000000000491	亜梨華	2722
1841	1200000000000003334	峯來	2715
1842	1000000000000019916	(・◇・)(招待無視してね	2712
1843	1100000000000095874	スカルク	2708
1844	100000000000012762	チハ	2704
1844	800000000000008392	こえま	2704
1846	1200000000000014245	たーぼう	2702
1847	500000000000029102	わたりんこ【ダビ伝】	2696
1848	700000000000091445	イナバP	2682
1849	99513	うなぎ@りえぷりすた	2669
1850	1300000000000053755	ヨル	2663
1851	600000000000055678	ノータカ	2660
1852	100000000000079503	K66	2658
1853	600000000000097886	zoe	2652
1854	1300000000000097835	BOB	2651
1855	1100000000000096741	めんま	2650
1856	400000000000099250	leung	2647
1856	1500000000000095865	ユウ	2647
1858	1400000000000001055	枡狐	2640
1859	900000000000004923	せり	2637
1860	100000000000062951	フライ	2631
1861	1400000000000079486	ハー吉	2618
1861	1400000000000086231	なんしー	2618
1863	700000000000002750	トシ	2617
1864	456	Echos	2616
1865	1100000000000086331	燻製	2590
1866	700000000000005108	タチバナ	2578
1867	100000000000014054	黒令    :行動は蝸牛	2562
1868	1400000000000097601	アンジーの◯◯	2561
1869	200000000000099765	カイ・ウィザード	2548
1870	300000000000099262	小石	2542
1871	1100000000000024128	さにーさいどうっぷ	2529
1872	700000000000099862	たくどん2000	2519
1873	200000000000097665	ジュリ院長	2517
1874	1400000000000056880	TOKO	2516
1875	78974	あうぐすた	2513
1876	800000000000094477	あぷりこっと	2511
1877	500000000000004757	すぃーぺん	2506
1878	700000000000008297	omk+T	2505
1878	1000000000000086020	akira	2505
1880	400000000000025686	うぃんたーず	2503
1881	2566	枠番連勝複式（南蛇井）	2502
1882	1200000000000073741	助兵衛	2495
1883	900000000000015949	翔華	2493
1883	1300000000000026785	ともち@求)HN茜、環、育	2493
1885	1300000000000038168	ばーろー	2492
1886	700000000000000055	tabuchi3	2491
1887	1400000000000097525	おうねずみ	2477
1888	100000000000011316	まお	2474
1889	100000000000000832	龍・R	2470
1890	100000000000002025	みやま	2469
1891	700000000000000312	じょーじ	2466
1891	1300000000000081148	オーバー	2466
1893	200000000000003147	Ｔ―ＲＥＸ	2464
1894	200000000000012960	しゃりす	2450
1894	1200000000000058034	炊飯器	2450
1896	200000000000057199	sk3104	2439
1897	100000000000099483	あいろにー	2435
1898	800000000000052208	2MB	2434
1899	1000000000000096572	ariue	2428
1900	1300000000000084090	甘楽	2411
1901	500000000000051841	たかひろ	2409
1901	1000000000000056161	もちを	2409
1903	1400000000000059809	若武	2400
1904	1100000000000096539	るか	2390
1905	800000000000007665	ABC	2364
1906	200000000000096802	めちお	2334
1907	1300000000000014573	荒井テル＠小鳥さん愛してる	2331
1908	700000000000094621	KEITO	2328
1909	1000000000000098024	くらぱら	2324
1910	1400000000000007702	ライラ	2320
1911	600000000000055669	緑茶@ラウンジメンバー募集	2316
1912	600000000000081844	ノン	2311
1913	800000000000084195	澪	2298
1914	700000000000082951	らいおんひーと	2288
1915	200000000000069370	飴くん	2287
1915	1400000000000049261	沈黙の凡人	2287
1917	400000000000017468	T-Stone	2282
1918	1500000000000000826	TooseeＰ	2278
1919	1500000000000055638	k	2277
1920	500000000000062349	nabemi	2273
1921	200000000000082164	まきまき	2262
1922	300000000000052714	にとりん	2242
1922	700000000000007693	エマ	2242
1924	700000000000000232	ＦＱＦ	2240
1925	200000000000000288	緋羽みうな	2233
1925	600000000000032749	ｼｮｳくん	2233
1927	1400000000000025307	ザル	2228
1928	500000000000077032	koshi	2213
1929	700000000000006106	もなζ(･ω･)ζ感動相互埋め募集　EH亜利沙紗代子あり	2204
1930	100000000000003858	NzD	2182
1931	1300000000000085597	アベニュー	2178
1932	700000000000005250	ﾚｯｸｽ	2162
1932	800000000000020418	じゅうえん	2162
1934	1400000000000002158	カーティス	2160
1935	1500000000000030156	ひのくさ@みすな	2148
1936	800000000000073824	ava	2145
1937	1000000000000021270	momocky	2140
1938	500000000000007644	やまのい	2135
1939	800000000000048852	トワイライト	2131
1940	400000000000001225	シゲG	2124
1940	1000000000000007280	みゃあ	2124
1942	900000000000061552	ヒカタロス7	2123
1943	500000000000098450	山本 潤平	2120
1944	1100000000000074457	BeerP	2116
1945	300000000000080807	ENDLI9	2113
1945	500000000000020540	全	2113
1947	300000000000084984	霧ヶ峰	2111
1947	400000000000038845	ホリシュウ	2111
1947	900000000000037940	■＠NDR114	2111
1950	1500000000000007695	のぶりん	2108
1951	600000000000062012	りかこ	2106
1951	1500000000000067559	kirito ZL2	2106
1953	500000000000055638	らみ	2103
1954	1300000000000027316	ICJ	2093
1955	100000000000050477	彼方	2088
1956	500000000000000472	なのか	2085
1957	45992	陸奥斗雲	2075
1958	100000000000038979	しろ	2070
1958	1100000000000095433	ヴォイテク二等兵	2070
1960	400000000000000287	りぷとん	2066
1961	500000000000001680	シュン	2065
1961	500000000000031803	でんでん	2065
1963	1100000000000093568	メシュー	2064
1964	300000000000013468	TKCP	2052
1965	300000000000080544	ものさし	2045
1966	100000000000098039	ゲンキP	2034
1967	600000000000096463	菜月	2031
1968	100000000000085262	エモっさん	2027
1969	1000000000000000869	あみあ	2017
1970	600000000000058349	春	2012
1971	1200000000000079354	じょー	2010
1972	500000000000052284	ぴむす	1991
1973	600000000000000437	kaimu	1982
1974	1200000000000029302	おなす	1981
1975	300000000000074594	野獣先輩	1977
1976	1300000000000069525	寝不足魔	1974
1977	1300000000000053800	J	1972
1978	200000000000052113	たるぽん	1971
1978	1500000000000092749	ウイングマン	1971
1980	100000000000001711	りぃあ	1966
1981	1300000000000073071	OLANGE	1965
1982	100000000000004651	KAD	1957
1983	1000000000000098122	NaotO	1950
1984	900000000000011129	りな	1949
1985	300000000000078784	UTOPIA	1934
1986	800000000000098831	恭介	1929
1987	800000000000098325	パパ*ご協力ありがとうございま	1928
1988	200000000000097207	CHUMIO	1925
1989	1500000000000050760	がーな	1914
1990	500000000000038475	ジック	1908
1991	1200000000000006915	すろーかーぶ	1903
1992	100000000000074264	にゃほ	1901
1993	1200000000000077269	トクロ	1897
1994	800000000000029811	スケットライダー	1896
1995	700000000000007130	カナ	1881
1996	1500000000000040339	m@sho	1874
1997	1200000000000096440	ジュランタ	1871
1998	1400000000000074663	ギン	1869
1999	200000000000097529	エンライ	1868
2000	700000000000080143	P	1864
2000	900000000000079168	マチダ店員	1864
2002	300000000000023346	るる	1863
2003	800000000000000607	ろじ	1857
2004	600000000000061821	ヒロキ丸	1846
2004	1100000000000014052	y.k	1846
2006	400000000000055919	侍天使	1833
2007	1500000000000087168	たこ焼き	1824
2008	900000000000010488	うへの	1821
2009	1300000000000004203	Ken	1818
2010	1400000000000062716	ゆーす	1816
2011	1200000000000001968	全部隹	1810
2012	500000000000059488	Makinari	1806
2012	600000000000006835	桜海老	1806
2014	800000000000068557	アイソン	1802
2014	1200000000000009504	あおき	1802
2016	1000000000000091065	MET	1797
2017	700000000000025578	カンサイサオ	1794
2018	1400000000000059169	sigM	1792
2019	100000000000011562	＊ゆぅすけ♂＊ｲﾝ率低下中m(._.)m	1785
2020	1300000000000075903	Seung Jae Lee	1783
2021	300000000000078434	ゴブリン	1779
2022	500000000000031592	水戸川＠星梨花ちゃん募集	1773
2023	400000000000095003	アサト	1764
2024	400000000000007782	フィリシア	1753
2025	1100000000000006812	ナチュハモ	1749
2026	300000000000054408	夕凪	1745
2027	1300000000000013827	わんわん	1729
2028	51007	ゆのすけ	1719
2029	200000000000086161	ぱせり	1714
2029	400000000000061271	ヴァレンタイン	1714
2031	500000000000077663	ぬぬ	1710
2032	700000000000056366	ｪﾑandｹｪ	1707
2033	200000000000051498	ゆう	1704
2034	900000000000001149	Haruka.D.Sikorsky	1702
2035	1000000000000052064	ﾘﾁｬｰﾄﾞ@Σaaya	1696
2036	500000000000055897	セレン	1689
2037	200000000000099669	NeMuI	1680
2038	600000000000057656	子童	1677
2039	1400000000000002832	うぃりあ	1673
2040	1400000000000056050	ざくろ	1672
2041	900000000000085371	だんがる	1669
2042	1100000000000088081	じぇくしょん	1668
2042	1500000000000096517	SWL	1668
2044	1200000000000001806	Uターン	1659
2045	1100000000000038830	もすくわ	1656
2045	1500000000000061587	ニンニクマンP	1656
2047	200000000000096677	かさはら	1646
2048	200000000000082650	ゆんた	1633
2049	100000000000097896	ユウギリ	1621
2050	1000000000000001312	まウサ	1617
2051	600000000000056264	ミント	1600
2052	400000000000088128	西海	1599
2053	700000000000054278	つだぬん	1597
2054	1100000000000097884	ジムバートリー	1596
2055	900000000000008338	おれお	1592
2056	700000000000026682	ルームラック	1583
2057	300000000000002037	チューベー	1580
2058	1400000000000075315	N.N.	1576
2059	500000000000013787	がんちん	1573
2059	800000000000080669	milliboom	1573
2061	900000000000086558	もつ	1571
2062	5180	つづれ	1565
2063	300000000000003959	タケちゃん	1562
2064	1300000000000000304	でん	1560
2065	1300000000000006470	藍	1558
2066	1300000000000002609	ミィ☆感謝ですo(^▽^)o	1552
2067	15491	楼	1547
2067	300000000000097474	ジッロ	1547
2069	100000000000093987	Player 1005974753	1546
2070	700000000000079939	まいしお	1537
2071	1200000000000094514	ほー	1532
2072	800000000000073594	ピロシキ	1531
2072	1000000000000058110	樹	1531
2074	1200000000000021894	ハルカスキー	1525
2074	1400000000000097341	超院長	1525
2076	300000000000001848	ヒロキ	1515
2077	1300000000000045432	ささもと	1508
2078	1500000000000084368	のりたつた	1504
2079	800000000000094770	トシ	1495
2080	600000000000002947	朱那	1490
2081	88566	ひまわり	1475
2082	100000000000014300	ﾜﾀﾙ	1469
2083	900000000000010572	まき	1464
2083	1000000000000081602	§あかつき§	1464
2085	600000000000097515	ででで	1459
2086	800000000000098181	高木幸助	1458
2087	1000000000000050841	ユー	1456
2088	1500000000000055072	Mai	1455
2089	200000000000004688	古手	1448
2090	1400000000000082492	とむ	1445
2091	1100000000000052764	ロビー	1441
2092	600000000000077883	ソーチ	1430
2093	700000000000057388	yu:ki	1426
2094	700000000000015532	いたる	1414
2095	100000000000058720	オズナ	1411
2096	800000000000098904	Soichiro	1396
2097	300000000000094669	ひろきち	1393
2098	1300000000000000095	suwa070	1390
2099	400000000000030425	ぽんにし	1385
2099	400000000000093293	るな	1385
2101	1000000000000019475	足裏の目	1380
2102	100000000000097111	にーちぇ	1379
2102	300000000000055753	ヒロ	1379
2104	1200000000000081862	SG3	1373
2105	600000000000056231	アーサー	1367
2106	1300000000000096843	HIIMNOTYUI	1362
2107	1200000000000042791	マエハ	1356
2108	1000000000000020088	祐弥	1352
2109	600000000000098253	コタロウ	1346
2110	900000000000002841	ぷっぴ	1339
2110	1000000000000097204	くみちょー	1339
2112	100000000000094256	KK	1338
2113	100000000000068625	から	1334
2114	700000000000088568	ウェスタ	1332
2115	1000000000000005466	けい	1326
2116	700000000000053476	キレイ	1324
2117	200000000000001024	高須賀	1323
2117	700000000000015401	くさばな	1323
2119	100000000000093886	ニュル	1320
2119	400000000000002194	まいったね…	1320
2121	900000000000018682	Nao	1317
2122	1400000000000074711	Player 1002963918	1316
2123	100000000000061613	あるぽん☆	1315
2124	600000000000054773	咲十子	1312
2125	600000000000096896	にゃこ	1310
2126	1200000000000004190	仙丸	1300
2127	600000000000092964	S.S	1293
2128	400000000000049692	らうらん	1286
2129	600000000000084253	まぁ～ちゃん	1280
2130	1300000000000081121	モスラ	1269
2131	900000000000098827	Tristan	1263
2132	1000000000000097205	ジーノ	1261
2133	300000000000060121	ロッカーズ	1260
2134	94241	Sizuru	1257
2135	300000000000050906	春夏冬（状態:待機中）	1254
2136	1100000000000076301	七海さが	1253
2137	400000000000003261	こ	1252
2138	100000000000012696	ボルヘッティ	1251
2139	800000000000025191	結露	1250
2140	300000000000078490	ナニッタ	1241
2140	700000000000009494	saxblue	1241
2142	900000000000024511	五右衛門	1226
2143	200000000000082242	マサオカ	1218
2144	4707	タクトP	1212
2145	200000000000081221	にゃんたP	1209
2146	1100000000000097050	みゅ～な♪	1204
2147	86599	たん	1203
2148	500000000000097470	kunikuzushi	1200
2148	600000000000086461	モアイ	1200
2150	100000000000085301	GTHM	1199
2150	500000000000057916	れんこん	1199
2152	1500000000000004649	けんと	1190
2153	300000000000046806	取得できませんでした	1177
2154	1200000000000041980	野生きりん	1169
2155	800000000000078858	奥平	1165
2155	800000000000091096	蒼穹へ	1165
2157	800000000000033196	みやこ	1153
2158	600000000000074651	もふこ	1144
2159	500000000000002679	ちゃ素	1142
2159	1200000000000000120	大の字	1142
2161	1200000000000096838	えむえむ	1135
2162	200000000000013284	ふれう	1133
2163	4541	それも私だ	1132
2164	700000000000100039	Player 1007528247	1124
2165	700000000000025682	まこ	1121
2166	200000000000058327	ドロりん	1119
2166	1400000000000013373	SKYLINE	1119
2168	300000000000036409	せもぽぬめ	1116
2168	1300000000000087354	戦略ﾛｹｯﾄ軍准尉	1116
2170	100000000000077865	ます	1113
2171	700000000000000663	らんどる	1104
2172	800000000000006422	レモリア	1100
2173	400000000000080139	さくら	1096
2174	600000000000080977	ゆー	1092
2175	900000000000098920	ひじき	1091
2176	1000000000000099603	Vechernaya	1085
2177	700000000000097191	Plmokn	1078
2178	1400000000000001030	コタツ	1073
2179	1028	けＥすけ	1071
2180	1300000000000001720	きはちゃん	1063
2181	900000000000037659	みっし	1061
2182	95189	アポロ	1060
2183	500000000000031490	ピカ通改	1052
2183	1000000000000039666	龍舞P	1052
2185	200000000000038973	リタP	1050
2186	900000000000056715	弑@愛しさでしねるいっそころせ	1047
2187	1500000000000097960	siba	1044
2188	700000000000094251	@hds	1042
2189	1000000000000001326	グダくさん	1039
2190	300000000000097812	Player 1006977443	1035
2191	200000000000011471	青春の光	1019
2191	1400000000000099492	あすとらいあ	1019
2193	200000000000007248	おさとも	1017
2194	800000000000090785	うぴきち	1016
2195	1400000000000038170	やまと	1008
2196	400000000000084211	さささみ	1000
2197	1000000000000099427	イザーレ	999
2198	1100000000000080603	あすか	992
2199	1300000000000080224	cocoP	989
2200	1400000000000028459	イムヒロ	982
2201	1300000000000097498	むやむん	980
2202	200000000000081419	サイト	977
2203	100000000000081102	コウ	976
2204	900000000000092671	ひげ６８２	975
2205	400000000000094847	HenHen	974
2205	700000000000096825	koko	974
2207	600000000000011683	ヨシトモ	973
2207	1300000000000057343	ボブ	973
2209	300000000000071085	シュー	972
2209	700000000000051358	なめこ	972
2209	900000000000084736	アレサンドロ	972
2212	100000000000004276	かづき	969
2212	900000000000000429	かすが	969
2214	800000000000096742	いしわたん	967
2215	1100000000000096425	悠風	958
2216	1300000000000097084	ざきゆー	953
2217	1400000000000073305	艾琳	950
2218	100000000000086153	まめ	945
2218	200000000000037204	atm	945
2220	1300000000000025726	ある	939
2221	800000000000073952	の後にコテハンつける	938
2222	1200000000000004644	ガイガー	937
2223	600000000000025523	シロクジハチクジ	933
2224	100000000000050645	夢庵	932
2225	1100000000000002789	ななぼた	928
2226	1400000000000051962	シグ	927
2227	1500000000000043066	ゆーきんP	926
2228	100000000000005427	夕焼け空	923
2229	800000000000083246	カイト	920
2230	1200000000000023935	ゆきち	919
2231	9252	しかられるもの	917
2232	100000000000060944	どこんぼ	914
2233	800000000000099144	ワホ	913
2234	1500000000000074152	なーさん	910
2235	600000000000064245	ぺち	906
2236	1000000000000012135	じゅら	905
2237	300000000000005277	大河	897
2237	500000000000039471	Nata	897
2237	1100000000000099013	冨沢泰治郎	897
2240	1100000000000004620	頑張るマン	896
2241	1400000000000026813	K.Matsu	895
2242	1500000000000093764	mikio	891
2243	200000000000038843	かほ@ゆきなた	877
2244	500000000000082106	Daichi	874
2244	500000000000095968	まぐろう	874
2246	700000000000074353	あめ	872
2247	300000000000029581	うらお	870
2248	500000000000012738	クルジイ	868
2248	1300000000000004407	へのじ	868
2250	800000000000004740	斉藤洋子	865
2251	1400000000000079552	チーナゲ	862
2252	900000000000053355	さばみそ	861
2253	1200000000000013042	とーふや	860
2254	800000000000053046	ファイ	857
2255	1500000000000097537	yu-ichi	850
2256	500000000000080283	マテリア	848
2257	1100000000000023115	TaIGa	843
2258	500000000000014239	藁人形	837
2259	1100000000000058619	痛快野球スカっとベースボール	834
2260	1500000000000099136	ちょこら	831
2261	1000000000000099269	れっすん	828
2262	100000000000009354	福みかん	825
2262	600000000000010646	よも	825
2262	1300000000000094993	NZ	825
2265	1000000000000097656	ゆきと	822
2266	800000000000085149	すきっぷ	819
2267	100000000000080002	reiru	818
2267	1300000000000100010	小太刀	818
2269	1500000000000014077	ガバチョ	812
2270	800000000000001681	兄貴	811
2271	800000000000099087	Player 1007431912	795
2272	1400000000000096151	まつもとさん	792
2273	400000000000097628	心太	791
2273	1400000000000001852	にく	791
2275	100000000000046670	いつ	788
2276	1300000000000028677	アクシア	787
2276	1500000000000056721	絵に描いたような農村	787
2278	1000000000000098478	つばくろう(仮)	786
2278	1500000000000093101	skim	786
2280	200000000000097566	シドー	783
2281	1100000000000004936	姫川 涼	780
2282	100000000000035385	としどん	772
2283	900000000000004311	ドラネコダビ伝	770
2284	100000000000086690	てん	769
2285	400000000000084160	チルチル	762
2286	46791	にこれっと	759
2287	1200000000000098829	ケツ丸	758
2288	1400000000000001255	piadai	757
2289	800000000000050617	カイン	756
2290	100000000000046960	けん	754
2291	1300000000000097782	なつれ	753
2292	900000000000000352	ニイヤマ	750
2293	1400000000000098227	窓際のカーテン	749
2294	500000000000051446	Crom_yang	748
2294	800000000000058500	シャルル	748
2296	700000000000021059	須玖煮	743
2297	700000000000007854	もやし	740
2298	300000000000096824	ザビ	736
2299	600000000000001234	NOT DiGITAL	734
2300	1400000000000098993	ふた	728
2301	600000000000099379	ハシモト	726
2302	1300000000000006413	しトらす	725
2303	600000000000000063	M@SA	724
2304	600000000000049533	ひよひよ	721
2305	900000000000052518	ＳＨＯ	720
2305	1200000000000002027	ヤーマダ	720
2307	600000000000075725	R∀SH	718
2307	1100000000000079121	ひげ	718
2309	1100000000000095894	猫藍	709
2310	700000000000022394	わたどん	707
2311	1300000000000034057	えびぽん	705
2312	11120	和紀	702
2313	700000000000018333	せうた	701
2314	1200000000000078843	T	697
2314	1400000000000036858	ほな	697
2316	400000000000006789	NPC	694
2316	900000000000086620	玲衣也	694
2318	200000000000077398	ﾏｻﾄｼｨ	692
2319	500000000000097132	Player 1006563077	689
2320	600000000000021343	sai	687
2321	500000000000091669	エンペラ	680
2322	24	道産子	675
2323	600000000000088201	すらりん	673
2323	1000000000000009952	kihyou	673
2323	1000000000000056158	アキ	673
2326	100000000000080467	深瑞	672
2327	600000000000061070	らりはーP	670
2327	1100000000000074592	もや	670
2329	800000000000006441	ＫＥＩ	669
2330	900000000000072912	慶野	667
2331	1100000000000090875	桜子mk5	665
2332	1000000000000001742	*youth-K*	664
2333	1000000000000004688	×アンドレ	663
2334	1300000000000096219	HoneyNoen = YuHanKim	662
2335	96528	ShiON	660
2336	300000000000017018	俊永	657
2337	1300000000000098276	haru-813	655
2338	300000000000047782	hbbnn430	651
2338	600000000000096436	おやつ	651
2340	1200000000000061413	カビすけ	649
2341	200000000000096660	ワーイ	648
2341	1500000000000000280	みなみかぜ	648
2343	1200000000000018335	ゆう	646
2344	300000000000086622	マッキー	644
2345	700000000000000623	創夜	642
2345	1300000000000008046	シマリィ	642
2347	500000000000093268	ヴァル	641
2347	1400000000000006449	イッサ	641
2349	1300000000000097648	kuma	640
2350	300000000000025447	クリミナ	635
2351	1300000000000074481	河上小鉄	633
2352	200000000000027873	からぺこ	632
2352	200000000000075083	暁良は腹痛持ち	632
2352	700000000000005923	かぁくん	632
2352	700000000000052038	久那	632
2356	200000000000003996	PAPUWA	629
2356	300000000000084955	前森数規	629
2358	300000000000090229	晴れ晴れ	627
2359	1100000000000027903	Catfish	624
2360	1200000000000014330	待日	622
2361	300000000000022866	がっちゃん	618
2362	100000000000097274	のりたま	616
2363	900000000000058378	まちゅ☆	615
2364	800000000000086251	おにいちゃん	614
2365	1000000000000075433	jazu1980	612
2366	1000000000000073963	ボン	608
2367	500000000000005980	武御雷	605
2367	800000000000078782	うっしー	605
2369	500000000000097992	暁	599
2370	1500000000000012461	コトギリ	596
2371	700000000000093244	あちゅ@chu	594
2372	98512	Player 1007022640	592
2373	1000000000000099785	みぃぴょん	589
2374	200000000000099352	きどちん	588
2374	1500000000000000726	コーエン	588
2376	300000000000026405	すがるこ	585
2377	51177	non	582
2378	600000000000083415	農協	580
2378	800000000000086087	楽聖	580
2380	400000000000096303	たこわさ	578
2381	400000000000055420	m0t0k1	577
2381	1300000000000054596	なっとろろ	577
2383	200000000000098267	おのっち	573
2384	1200000000000002471	ぴったん	571
2384	1200000000000091662	政駿P	571
2386	1000000000000001485	ろっきぃ~	568
2386	1500000000000000545	とっくまん	568
2388	200000000000097824	nonta	562
2389	26097	ver2	559
2390	1500000000000097819	シュウ	557
2391	1400000000000014504	さざなみ	553
2392	1681	イスト216	552
2393	900000000000041882	Singlebed	547
2394	700000000000053387	リスター	543
2394	700000000000096839	Jay	543
2396	200000000000092390	ベックマン	541
2397	400000000000004137	カラ	538
2398	33748	六式	536
2399	1500000000000023222	マーヤ	534
2400	1400000000000025441	鮭茶漬け	532
2401	900000000000072197	やぎ	530
2402	12160	はち	529
2402	900000000000050662	しんりょく	529
2404	500000000000051811	ユウリ	526
2405	500000000000045431	まさ	518
2405	500000000000096939	Hizu	518
2407	1400000000000014722	くろろふぃる	517
2408	800000000000032077	グレイソン	516
2408	1100000000000034786	ユウ	516
2410	1400000000000085858	P(otato)＠同僚募集中	513
2411	900000000000010701	じぇらぁる	508
2412	800000000000007661	ペイター	507
2413	1500000000000056048	コミュ	505
2414	500000000000098085	さ	504
2414	1000000000000012152	晴	504
2416	400000000000025600	永遠	503
2416	1000000000000000559	noise	503
2418	1000000000000026427	リュウ	501
2419	900000000000053576	ドラゴン	499
2420	300000000000056383	あおいこ	498
2421	300000000000004912	KAz	495
2421	400000000000050834	東 那由多	495
2423	34327	甘党ぬこ	494
2423	1200000000000007689	猫仮面	494
2425	700000000000096772	いしだい	491
2425	1400000000000080647	ナツル	491
2427	200000000000000773	まつなみ	489
2428	98928	袁紹	487
2429	989	りさぴん	486
2429	1000000000000095112	極東魔術昼寝結社の夏	486
2431	100000000000080331	蜜金柑	476
2432	1400000000000005286	なぐもん	474
2433	1000000000000064260	亜萌☆	473
2434	900000000000008726	澪胡瓜	471
2435	200000000000056437	うさまる	468
2436	1000000000000073601	なべ	466
2437	300000000000054171	チーズしそひじき	461
2438	100000000000003349	Ryue	460
2439	30064	★あみ★	459
2440	1100000000000078730	雅彦	456
2441	1500000000000010282	すぎりょー	455
2442	200000000000019362	みどり	452
2443	500000000000008827	ぐるる	447
2444	600000000000000079	ペヤング	444
2445	1300000000000006563	はいご	435
2446	500000000000003529	枇杷島ユーティライネン	434
2446	1400000000000081206	津守8108	434
2448	500000000000018530	ななさ	430
2449	100000000000097743	y	429
2450	73271	ペス	428
2451	700000000000002243	クラファー	425
2452	100000000000007170	ＲＰＤ１７	424
2453	1500000000000000850	hag	422
2454	800000000000095858	すずか	413
2454	1500000000000096563	Dancos	413
2456	1000000000000099695	genocide	412
2457	1200000000000098852	Player 1007321932	411
2458	98883	ぽぽ丸	408
2459	1300000000000062059	ゆとり	405
2460	900000000000034739	ライちゅん	403
2460	1200000000000085317	しお太	403
2462	1100000000000050302	コージー	399
2463	1100000000000050421	奈倉	393
2464	37862	ジョセフ0024	392
2465	1000000000000097952	タスク	391
2466	500000000000097309	みるそに	390
2467	1100000000000053817	よしだ	389
2468	300000000000095851	reisen	388
2468	900000000000085349	ウェットスーツ	388
2470	300000000000061426	hiro	385
2470	700000000000081408	ちぇるしー	385
2470	1500000000000010370	新しいフォルダ	385
2473	75400	ガロ【蒼き狼隊】	383
2474	700000000000001168	ヨッシー*ﾏｲﾍﾟｰｽお仲間に感謝!	382
2475	300000000000085256	ミコト	378
2475	500000000000097242	えりおっと	378
2475	600000000000093729	ｷｼﾏ	378
2478	300000000000098057	Rainbow Guts	376
2479	900000000000086499	白鶴娘	373
2480	37662	syokumazin	372
2480	1500000000000050458	wer０１２	372
2482	500000000000029830	クックン	371
2483	400000000000010212	古部忍五郎	369
2483	500000000000080035	sword	369
2483	900000000000094619	のんびり	369
2486	400000000000091616	ふるとん	367
2486	1300000000000037731	さらみ	367
2488	700000000000095331	Player 1006169575	362
2488	900000000000096730	みやこ	362
2490	100000000000006363	める	361
2491	1500000000000050251	koko8	359
2492	500000000000050887	ながのんP	357
2492	1200000000000006741	カズミン	357
2494	100000000000091977	千歳	352
2495	97808	ぷう	351
2496	700000000000097438	ねこまんま	350
2496	1400000000000065068	Player 1002081262	350
2498	1500000000000071841	うらせ	348
2499	500000000000003383	まぐかっぷ	346
2500	500000000000050096	ぽにょ	345
2501	400000000000099365	リキ	344
2501	1200000000000024530	treby	344
2503	1100000000000084434	図南之翼	343
2504	900000000000048947	クレオ	340
2505	200000000000053736	なごみP	339
2506	700000000000059876	ﾌﾟﾘﾌﾟｰ　	338
2506	1100000000000009842	らい	338
2506	1500000000000052585	蜜柑那須	338
2509	83700	k3	336
2509	1000000000000072812	くろざね	336
2511	700000000000007605	アンサー	331
2512	1300000000000099840	Xan	327
2513	300000000000072852	わたさん	326
2514	1200000000000095619	pon	321
2515	1100000000000085624	釘	320
2516	1100000000000094006	リン	318
2517	500000000000094210	Player 1005999781	317
2517	1400000000000001654	PIXY	317
2519	400000000000013921	はなかゆい	313
2520	600000000000099411	玲志	312
2520	1100000000000090540	炎真	312
2522	400000000000007687	てら	308
2523	300000000000099139	Player 1007411203	306
2524	700000000000086188	那都	304
2525	100000000000017241	ミズーリ	302
2526	1000000000000057649	トジロウ	297
2527	700000000000051872	ナイン	296
2528	400000000000015276	ノビスタ	295
2528	900000000000082619	薫羽さくら	295
2530	200000000000065694	こなみ	294
2531	1300000000000094942	ぽんぽこ	291
2532	400000000000002526	ちくたん	289
2532	1200000000000057993	神無月	289
2534	100000000000047111	最弱男夜卜	288
2535	400000000000060544	わ	286
2535	1100000000000009995	ねぎとも	286
2537	800000000000099109	‡ＴＡＯ‡	285
2538	900000000000099251	あもん	284
2539	1400000000000085388	ＩＢ2012	283
2540	100000000000041955	ikali	281
2541	1100000000000009467	スラガラ	279
2542	93694	もつやま	278
2543	600000000000011457	エボン	269
2544	97682	吉岡P[世界一勝手なプロデューサー]	268
2545	200000000000039817	ソード	267
2546	500000000000054054	中の人	257
2547	500000000000099671	げんげん	254
2548	100000000000075323	ささもり	252
2548	300000000000066209	まろんちゃん	252
2550	1300000000000051395	seno	251
2551	200000000000099742	Player 1007415090	237
2551	1200000000000080480	つしよ	237
2553	500000000000062319	はち	236
2554	100000000000008587	くそめろ	231
2555	700000000000062039	ゴリ	226
2556	1400000000000019357	ししゃも@響道場	224
2557	200000000000020798	佐倉さやか	222
2558	1000000000000085591	sironeko	219
2559	900000000000097211	水京	212
2560	500000000000098914	なおこ	208
2561	200000000000091555	Player 1005621506	204
2562	600000000000050526	幻礼亜	199
2563	99534	浮浪雲	197
2564	600000000000099515	dau	196
2565	4414	はれ	195
2566	1000000000000099663	綾（りょう）	193
2566	1300000000000097426	NO　NAME	193
2568	1300000000000052421	ポンピン	192
2569	1500000000000051277	ひつじ	189
2570	82456	バラ	186
2571	1100000000000045574	ぶちょう	185
2572	1100000000000012100	yuta1983	184
2573	300000000000042928	さっちゃん	179
2574	500000000000021422	さうっしゅ	177
2575	100000000000099735	バニラアイスさん	176
2575	400000000000099226	純米大吟醸	176
2577	700000000000098755	櫻魅	174
2578	100000000000046545	美華	173
2578	1500000000000084800	るーとん	173
2580	200000000000004428	白皇$この、破廉恥カンカンが!!$	169
2581	1300000000000035067	たくちゃん	168
2582	800000000000091106	めいおう	164
2583	1100000000000012034	styx	162
2584	100000000000006666	ケンブ	161
2584	100000000000022336	ゆーか	161
2584	900000000000085830	かのこ	161
2584	1300000000000016218	fujikoji	161
2588	500000000000051216	姫理亜	159
2589	700000000000079413	ヨハン	157
2590	600000000000017486	みと	155
2591	300000000000075159	参謀長	154
2592	200000000000075783	Yukiloves	150
2592	1200000000000055426	ウエサム	150
2594	900000000000024082	ぴよ	149
2595	500000000000099141	ならお	141
2596	500000000000055979	大神官ユイ	139
2596	1400000000000043248	弥生	139
2598	1000000000000011198	マーヴィン	138
2599	1500000000000098615	しろくま	135
2600	1300000000000074516	真姫しょん♪	133
2601	1400000000000099980	はいちん	132
2602	97775	チコドン	126
2603	400000000000074304	やさぐれ悪魔	125
2604	1100000000000099371	RYOTA	124
2605	500000000000024041	のり	119
2606	1300000000000099568	Player 1007268349	118
2607	500000000000099017	イシワタ	112
2607	1500000000000007071	ぽこ☆うさぎ大好き♪	112
2607	1500000000000077362	ともきち	112
2610	400000000000098730	どんぐり	109
2611	1300000000000016100	紅狼∞	107
2612	500000000000060475	ミク	106
2613	200000000000097096	ぴも	105
2614	300000000000010898	シゲ	103
2615	400000000000099441	HACK	102
2615	1100000000000098820	オオトリ	102
2617	100000000000099532	紅茶	100
2617	700000000000099605	Player 1007315783	100
2619	1200000000000097230	Player 1006798652	98
2620	700000000000100074	Shin	96
2620	1200000000000087726	ふーちん	96
2622	1100000000000098313	mar。	94
2623	400000000000098365	ヒロユキコウボウ	93
2624	1500000000000000682	達之信	91
2625	600000000000099518	ASK	90
2626	600000000000097144	殺陣師破損	86
2627	800000000000035258	ﾙｰｼｨ	84
2627	1500000000000097073	麒麟＠EJ20	84
2627	1500000000000099071	Player 1007272271	84
2630	800000000000099176	忍	82
2631	400000000000096385	kma-	81
2632	88015	春香さんP	80
2633	1000000000000028683	もえ	77
2634	1100000000000004286	低	71
2635	900000000000097037	てしはゆに	70
2636	98810	さいとうたそ～	69
2636	100000000000049654	スズ♪★9時スタートでは出遅れ(>.<) ｽﾀｰﾄかな～	69
2636	800000000000079593	urk	69
2636	1000000000000097325	ハルラン	69
2640	300000000000056833	キーストーン	67
2641	1200000000000075380	しょい	65
2642	1500000000000000748	ユー	64
2643	300000000000005132	珠洲	62
2643	400000000000042877	にゃみお	62
2645	800000000000060218	デビィ	61
2646	400000000000099406	ケロロ	58
2647	900000000000049555	たろひさ	57
2647	1500000000000094875	あばら粉砕骨折	57
2649	100000000000056063	マイザーオメガ	56
2649	100000000000099566	Player 1007444417	56
2649	500000000000099735	なまな	56
2649	600000000000099464	Player 1007496486	56
2653	1000000000000099830	Ro377936	54
2654	1000000000000098277	ダイソン	52
2655	1400000000000003869	コーヤ	51
2655	1500000000000004096	マッツン	51
2657	100000000000099722	香宮椿	50
2657	400000000000099476	Player 1007558452	50
2659	400000000000013312	孤独の貴公子	49
2659	1400000000000050334	プリンス	49
2661	600000000000030944	モン太	48
2661	1200000000000028704	dorae1234	48
2661	1400000000000039520	Yuki	48
2664	400000000000099473	Player 1007556628	47
2664	700000000000009459	ショコラ	47
2666	400000000000057108	まーくん	42
2666	900000000000099350	Takamori	42
2666	1100000000000005672	hina_r18	42
2666	1100000000000046711	awayan	42
2670	200000000000095399	天つゆ	38
2670	800000000000094752	RebBba	38
2672	700000000000097880	まどの	37
2673	100000000000000668	star	36
2673	300000000000032006	158DG	36
2673	1100000000000094005	くれあ	36
2676	100000000000099629	あお	35
2676	1100000000000053858	【Ｑｏｏ】	35
2678	400000000000085848	ガチャン	33
2679	98860	ダークネス	29
2679	400000000000081454	みに	29
2679	1000000000000076880	やま	29
2682	300000000000049483	トルネを	28
2682	1200000000000099257	ぐっち	28
2684	800000000000094829	神乃	27
2684	1400000000000097059	grandfa	27
2686	1000000000000082265	アスベル	26
2687	1100000000000005691	じーさん	25
2687	1300000000000082197	ジョイマン	25
2687	1500000000000006638	やてんこ	25
2690	100000000000050761	れいふぉん	24
2690	800000000000099239	あき	24
2690	1500000000000099656	取得できませんでした	24
2693	200000000000018681	権蔵	23
2694	600000000000099542	Player 1007548294	21
2695	200000000000081322	アリア	20
2696	600000000000055258	のら	19
2696	600000000000096483	はしりゅー	19
2696	600000000000096718	宋	19
2696	1000000000000099834	悠	19
2700	100000000000099451	出鱈目ヒロユキ	18
2700	400000000000048224	かず	18
2700	1100000000000076353	たるも	18
2700	1200000000000000483	桃桃白	18
2704	700000000000098849	大毛2號	17
2705	300000000000099397	kuhaku_ch	16
2706	99803	うみうし	15
2706	1400000000000096858	yuji	15
2708	200000000000098967	Player 1007116770	14
2708	600000000000022333	aruga	14
2708	700000000000080623	雨女。	14
2711	1000000000000099705	流木玉石	13
2712	57570	しらす	12
2712	400000000000036268	スクデット	12
2712	500000000000035583	うへい	12
2712	600000000000034545	ひろ野武士☆[布団]ョД`*)☆	12
2712	700000000000009962	あさまち	12
2712	700000000000095245	Player 1006139783	12
2718	400000000000056367	あげもん	11
2718	900000000000099337	取得できませんでした	11
2718	1100000000000006038	ラザ	11
2718	1500000000000094462	お兄ちゃん	11
2718	1500000000000096382	麻倉沙奈	11
2723	100000000000082804	はるからまつ	9
2723	200000000000063194	モッチー	9
2723	300000000000095613	レイ	9
2723	500000000000081251	めるる	9
2723	1000000000000038255	鷹津	9
2723	1400000000000051390	モッツゥィーP	9
2729	300000000000010899	みみずっく@デレステ厨	8
2729	400000000000011478	ましも	8
2729	600000000000099510	lijianfei199225	8
2729	1500000000000099633	明日田村	8
2733	300000000000099191	Player 1007438899	7
2733	700000000000023209	楽兎	7
2733	700000000000099103	榛名	7
2733	800000000000094652	Player 1006187816	7
2733	800000000000098168	いんとにぃ	7
2733	1300000000000013303	ぷる＠引退	7
2739	100000000000039489	夜桜☆栽培係	6
2739	100000000000098818	シャボンだま	6
2739	600000000000098643	一行税	6
2739	800000000000044850	ただだー	6
2739	800000000000076187	カワジュン	6
2739	800000000000099264	ゴーン	6
2739	1200000000000092875	梅干し	6
2739	1300000000000081237	Loto	6
2739	1400000000000099774	Rioshis	6
2748	98904	ケットシィ	5
2748	200000000000069559	千歳山近未来	5
2748	300000000000098059	ピカ	5
2748	400000000000011031	ひではや	5
2748	600000000000099034	クレインクイン	5
2748	700000000000004355	紫龍@ミリオン3rdツアーお疲れ様でした！	5
2748	1000000000000001241	ren8553	5
2748	1000000000000077458	そそ	5
2748	1300000000000056276	やまさん	5
2748	1500000000000046960	マシュマロ	5
2758	300000000000060984	プラリネ	4
2758	300000000000099365	情報同盟	4
2758	500000000000006611	のぶっち★3(´･ω･)ｷﾘｯ	4
2758	500000000000098502	sus303	4
2758	1000000000000002550	スーたろ	4
2758	1000000000000024970	るり	4
2758	1000000000000099720	Player 1007477706	4
2758	1300000000000099176	??	4
2758	1400000000000085355	GuiMong	4
2758	1400000000000097337	tsukap	4
2758	1500000000000018939	AKANE/竹輪師	4
2769	99864	Player 1007567776	3
2769	100000000000000756	たいつ	3
2769	100000000000010300	163@ヒッとん	3
2769	200000000000027138	タラバ	3
2769	200000000000099329	Player 1007233010	3
2769	200000000000100038	おじ	3
2769	400000000000051360	あむりたん	3
2769	500000000000081648	Player 1004498261	3
2769	600000000000006015	くえんさん	3
2769	600000000000012912	かわやそ	3
2769	800000000000096465	Player 1006485800	3
2769	800000000000099303	Player 1007570232	3
2769	1100000000000056883	Takayama	3
2782	100000000000099608	Player 1007471233	2
2782	200000000000001270	DiriaP	2
2782	500000000000099247	まぐ郎	2
2782	800000000000046518	もりやまん	2
2782	900000000000017130	ﾅﾏﾗ(+_+)ﾀﾎﾞｳ? ♪ﾈｺｳｻｷﾞ	2
2782	1300000000000042896	なぇきち☆*:.｡.相互埋め！HHP.EH星梨花所持。	2
2782	1400000000000025770	わさび	2
2789	300000000000001433	みえ	1
2789	400000000000098562	天然狼	1
2789	500000000000060889	旧字	1
2789	600000000000002185	とほしろのん	1
2789	600000000000097359	猫暇	1
2789	800000000000052028	やまけん	1
2789	1000000000000028629	yuui	1
2789	1000000000000099721	Player 1007478074	1
2789	1100000000000008372	駿河P	1
2789	1100000000000057114	抹茶の人	1
2789	1200000000000034823	ヤマト	1
2789	1400000000000002978	翔 ロッテ招待選手買い取ります！	1
2789	1500000000000044575	ミャー	1
2789	1500000000000099255	night	1
