1	900000000000009834	エティ	2209289
2	800000000000005831	おがた	1273376
3	900000000000059311	uchoten	1179009
4	400000000000086098	AAS	1087319
5	300000000000081870	多摩ひより	1043102
6	98394	Kare	1030074
7	1500000000000000172	月火憐＠全所持同僚募集	708060
8	300000000000001586	ぺそ	684641
9	200000000000019207	ときちゃん	647342
10	900000000000007158	＠せみ	621012
11	57296	K@buto	585900
12	800000000000028147	るかぱい	585353
13	700000000000054367	しろやま	580358
14	1100000000000020397	ケイスケェ	547043
15	900000000000000393	レッザ＠ラウメン募集	529666
16	800000000000076024	hirobee	523428
17	1300000000000028597	まろす	519551
18	1400000000000053099	森の人	503399
19	1200000000000004667	こひえモン。	500534
20	700000000000015590	かず	483551
21	300000000000007903	黒い塊	461273
22	700000000000055347	Mabu	461120
23	100000000000058028	talk	443353
24	1400000000000006910	ぱせり	423664
25	1000000000000083543	すクリプトラクトま	421727
26	400000000000001329	テル	416873
27	400000000000052302	MageTank	409440
28	1300000000000037451	ふっさん	402484
29	1500000000000007754	はぼっく	398415
30	100000000000007336	あとら	387944
31	900000000000056223	白圭	373660
32	1200000000000002459	パンダＰ	356066
33	200000000000081470	RGM-79SP	349899
34	900000000000026536	ラシエル	345194
35	700000000000011338	まんだ	341525
36	400000000000003301	カボ	334803
37	900000000000002179	しろ	332712
38	1300000000000093820	aki	328459
39	900000000000029109	グリフィズ	317185
40	1000000000000000540	オリン	315023
41	300000000000037522	竜之介	312920
42	1000000000000000010	sky	310879
43	1200000000000003743	きえる	305367
44	1400000000000053740	雪炎	304056
45	300000000000073915	まき	292710
46	1400000000000056616	弱いサカナ♪	289143
47	700000000000005909	ぼけなす	281691
48	1200000000000001288	あむちー☆	281046
49	1400000000000001458	めいや	278835
50	500000000000004936	ケーン	275794
51	500000000000002682	イナマー	272871
52	100000000000003368	ヤクライ	270098
53	300000000000083298	ハヤシライス	265691
54	1100000000000003078	yone	263762
55	600000000000004511	あたみ	257945
56	1200000000000025664	黒羽小紋	250916
57	1500000000000058473	rumba	249512
58	400000000000094052	たまねぎ	247028
59	800000000000043354	かすにち	245087
60	700000000000000052	木枝	244489
61	700000000000001515	ofuromask	237932
62	1300000000000002571	アクセル	236233
63	1100000000000074864	Mer	231801
64	200000000000087049	エドワード	229131
65	300000000000011086	しゃろ	217794
66	1300000000000003923	アルシェイド	212178
67	700000000000022243	肉	211512
68	1200000000000002062	とまちゃー	203166
69	600000000000045601	ＲＩＯ	202694
70	500000000000051533	甘辛たかし@エンジョイ勢	199558
71	1300000000000002704	ドライブ	198553
72	900000000000000308	ＴＡＫＡ	197498
73	800000000000050569	ぴにゃ大福	193933
74	300000000000094678	jmmy1114	193352
75	300000000000059857	レン	193189
76	1100000000000095637	ウラジロハコヤナギ	189185
77	100000000000039002	かめこ	187185
78	100000000000006858	SSS	186245
79	1000000000000003627	桜吹雪	184827
80	100000000000045475	tak.	184738
81	700000000000027020	さやっち	184683
82	56150	朱流	181037
83	100000000000005074	香菜	179506
84	1100000000000004299	駄円型	178381
85	1100000000000052022	petrov@BMDイベお疲れさまでした	177332
86	400000000000000578	hoihoi	177139
87	500000000000001247	しの	175080
88	1300000000000014530	Asd	174799
89	300000000000034113	めえさん	174682
90	400000000000023779	й兎й	174459
91	1500000000000028053	松戸市民	173577
92	300000000000096132	homari	172473
93	1400000000000051251	しおどめ	171907
94	400000000000051001	えいしん	170262
95	200000000000052988	ふぁい	166977
96	1500000000000049114	Genjou	166798
97	400000000000003758	BEC	166444
98	300000000000097165	秘密	164088
99	100000000000078055	ハネ	163367
100	300000000000091128	mitsu	162179
101	1300000000000007299	atiam@	160930
102	200000000000075548	knock	157277
103	1100000000000001470	DreameR	156519
104	1000000000000058110	樹	155759
105	1500000000000005233	ヤスハル	155288
106	100000000000041536	ポコ	154981
107	100000000000077978	タナポケ	154388
108	800000000000000353	しろしき	153003
109	300000000000054482	ペプシしそ	151950
110	1400000000000075522	もんぴす	151941
111	1200000000000004805	ﾌﾆｬｰ	151104
112	700000000000000146	スターン	150636
113	600000000000045749	Zin	150467
114	1100000000000018803	やす	147713
115	600000000000026022	せい	146476
116	900000000000053215	キャッキャウフフＰ	142792
117	1100000000000030445	CCC-AXE	141661
118	1500000000000004907	ゆい＠がんばらない	139071
119	1100000000000061941	ティオ	137871
120	1200000000000026419	よしけい	137570
121	700000000000056812	トノ	137443
122	100000000000039634	オハンズ	135105
123	200000000000008732	Lata	132149
124	400000000000095076	siina	132007
125	1200000000000051023	KenKEN@HP,EH,BMD相互募集	131635
126	1000000000000000343	クリップ	130822
127	700000000000082841	まっとん	128556
128	400000000000097519	Yen	125429
129	100000000000061898	ステファンP	125383
130	200000000000042689	ドリャ	124190
131	5196	タクミ	123894
132	400000000000012270	洗	123497
133	400000000000053968	あお	120938
134	1000000000000045969	リュゲル	120400
135	800000000000062215	左道	120107
136	1100000000000002960	きっき@エレかれ	120024
137	900000000000097684	ねるま	119822
138	1200000000000016006	じたK	118696
139	500000000000055707	soru	118547
140	600000000000010787	ユーリ	118314
141	1400000000000046237	あんず	117241
142	400000000000077540	なむやん	116982
143	200000000000000453	armad	116745
144	200000000000054873	シモン	115903
145	1100000000000012486	ニノ	113335
146	600000000000004154	なーな	112574
147	1300000000000000507	まさ	112487
148	900000000000046087	だび	112249
149	39312	デフォ子	111981
150	800000000000001338	ピュアホイップ	110974
151	200000000000010742	りじぇくしょん	110637
152	1000000000000027145	ピクミン＠( &#728;ω&#728; )	110623
153	76315	take	110405
154	1400000000000062892	ほんわか	109868
155	1500000000000079279	ashisu2	109827
156	300000000000001565	小間川 東次郎	109515
157	300000000000049670	よっしー(ひかる)	107245
158	500000000000003335	迅也	107015
159	1300000000000024029	Ｔ型パンツァー	106583
160	500000000000051218	ぐー	106240
161	1200000000000003487	ミフネ	105876
162	1200000000000009406	羽霧はるか	105731
163	900000000000051122	あずみの	105609
164	600000000000003125	南&南	105140
165	1500000000000044774	jgad	103437
166	500000000000072694	オクラ納豆　招待気にしないで	103077
167	900000000000085776	ナウ	102986
168	500000000000038589	やまと	101851
169	700000000000002508	ゆーちゃん	101255
170	100000000000062917	mysmas	101156
171	1300000000000005658	SAT	100986
172	500000000000058154	Nerium（可奈ラウ探）	100964
173	800000000000046625	あしべ	100205
174	800000000000086453	A.K.ダイソン	99831
175	500000000000023690	アクアベース	99571
176	1200000000000006109	han@han	99172
177	200000000000000792	うしのこく	98886
178	400000000000046435	ぱないの。	98798
179	200000000000000986	はじー	98156
180	1100000000000059883	まるねこ	98039
181	1200000000000003818	クック	97378
182	300000000000001997	AY80	97129
183	1400000000000068749	きょうへい	95421
184	25160	ユウ	95081
185	1500000000000001389	じゃりん	94408
186	300000000000013136	トラファルガー・ロー	94223
187	1200000000000014008	はたはた	94065
188	200000000000080844	ふぁいん	93208
189	1300000000000054589	かぜっち	93012
190	900000000000038161	あろんちょ	92883
191	100000000000038155	とんとろ	92805
192	1300000000000037454	えみ@G	92577
193	400000000000052076	ヤス	92345
194	400000000000081719	神隱	92122
195	200000000000057145	パウダー	92108
196	1200000000000001507	ばし	91840
197	5189	ぞな	91578
198	800000000000093257	ぜりー	91100
199	700000000000010296	Mrtanaka	91015
200	700000000000002015	カミケン	90944
201	700000000000001460	oらz	90844
202	300000000000033248	シモえもん	90674
203	1200000000000002975	メルデキア	90101
204	1400000000000098355	まわしげり	89135
205	800000000000002063	アロマカレー	88705
206	1200000000000003099	TOUTOU/律子ｴﾚﾅ麗花P	88672
207	300000000000009465	ddrks	88172
208	1100000000000051807	ちゃりんこ	87856
209	1000000000000038865	坊や	87494
210	600000000000051910	さかみち	87057
211	1100000000000001693	東雲 一ヶ月しか持ちませんでした()	86983
212	1400000000000007571	hide	86457
213	1500000000000032583	ﾊﾏﾚｯﾄﾞ	86172
214	100000000000001103	レコ	86085
215	561	いち/二見＠なおなおかわいい	86064
216	300000000000092701	メロナ	85103
217	800000000000056413	こっちゃん	85007
218	1200000000000050239	うぇーい	84687
219	900000000000051147	ドヤP	84681
220	1300000000000000508	ふれあ@千鶴さん全所持	84632
221	900000000000000638	Maria	84535
222	200000000000000257	FUL	83601
223	1100000000000012387	envi	83211
224	100000000000077298	こうちょう	82766
225	1000000000000020862	いーくん	82598
226	8132	ハマムラ	82446
227	1400000000000010887	オワタＺ	82413
228	700000000000005847	ゑす	82125
229	200000000000000758	ヤコブレフ	81867
230	1400000000000005387	キャピタルホース	81031
231	700000000000090854	もっちん	80819
232	1100000000000028986	にんたそ	80160
233	1100000000000026874	ソラ	80021
234	1100000000000057388	sa	79720
235	500000000000007549	雪の宿	79682
236	400000000000014382	フラウ	79633
237	700000000000074545	じゃんじゃか	79518
238	300000000000074592	おいも	79329
239	700000000000085983	鋼緒	79205
240	100000000000061938	ないとすたー	78963
241	1400000000000084982	RYO	78956
242	600000000000032119	イセトクホ	78720
243	1300000000000058028	じじい	78381
244	500000000000050070	ムギ介	78234
245	700000000000054823	ファルド	77704
246	800000000000013594	ジュンペイ	76704
247	400000000000024037	kaz	76387
248	1500000000000009453	アカ	76348
249	500000000000016349	しゃむ	76017
250	600000000000011305	梅雨	75649
251	400000000000086609	いぷしろん	75145
252	400000000000023989	アヤタカ	74635
253	1300000000000003772	koro	74608
254	300000000000098334	通行人B	74189
255	1100000000000096897	かみり@同僚募集中	73893
256	700000000000053395	クワシマ	73643
257	500000000000029573	SU3C	73273
258	1400000000000057448	27	73240
259	500000000000004806	Kazeuma@まったり勢	73176
260	900000000000014714	からくれ	73162
261	1500000000000008553	きゃめ＠BMD相互埋め募集！エレナ静香志保がいます	73047
262	1300000000000025594	桐春	72813
263	1000000000000052360	なまねこ	72701
264	800000000000080320	さなぷ@英雄イベ・チョコラン１位やったのー	72634
265	1300000000000078452	リーレン	72451
266	900000000000010561	機龍	72261
267	68346	シン	72183
268	900000000000003857	（◇）	72181
269	1500000000000085216	ZAN	72111
270	1300000000000080818	ななめ	72074
271	1100000000000051074	モブ	72000
272	1200000000000052758	ぺこm	71840
273	900000000000050699	楽の字P	71778
274	1500000000000007471	gumicc0	71761
275	200000000000055909	ヨッキュン	71456
276	1400000000000045440	惣菜呉屋	71343
277	1400000000000091800	ダダダン	71239
278	1400000000000054039	せりかGT4	70398
279	9187	つきゆP	70305
280	700000000000072431	でんのすけ82	70274
280	1500000000000096504	ぷるおる	70274
282	1000000000000003603	さばにく	70070
283	700000000000083683	うら	70054
284	800000000000058740	なお㌧	69995
285	1200000000000000404	三世	69965
286	300000000000004208	もりもっちゃん	69856
287	1500000000000004097	アイザック・クラーク	69834
288	1200000000000080613	dat	69585
289	1200000000000014329	むぅん	69388
290	500000000000004259	I'm sotaバー	69253
291	1100000000000051959	やがら	69039
292	100000000000030501	O・K@平凡な無(理のない)課金P	68814
293	800000000000037061	PRケイ	68789
294	800000000000045005	翔吾	68708
295	800000000000093731	act	68643
296	700000000000012426	ﾏﾃｨｽ	68590
297	1400000000000097437	カヴタロ@無言同僚募集	68489
298	3225	すばP	68377
299	100000000000095407	ココ	68337
300	500000000000075280	かきゅーしゃ	68057
301	600000000000031463	ＢＢ	67936
302	1300000000000074665	鶴巻	67863
303	900000000000053455	赤坂さな	67704
304	100000000000072926	アカギ	67449
305	1500000000000004201	かむ	67337
306	900000000000022979	ぽんた	67286
307	3219	ゴブレット	66952
308	900000000000023147	逆ぶちメガネ	66535
309	1100000000000019336	スクリュードライバー	66404
310	600000000000053992	shuz041222	65842
311	1500000000000075358	しろぬま	65764
312	1400000000000015579	ペヨンジュソ	65717
313	600000000000007416	A.H.L.Y.	65553
314	1000000000000002907	Marius	65346
315	500000000000054262	かーる	65139
316	1200000000000054755	執事虎の穴	65039
317	900000000000051396	エムエイ	64537
318	300000000000048904	だみ	64479
319	400000000000019231	咲希(saki)	64398
320	100000000000071894	ヒガシ	64210
321	300000000000041343	すいかく	64105
322	100000000000049279	どんだけ	63917
323	100000000000017385	らむだちゃん	63524
324	1100000000000003557	Xisi	63017
325	400000000000020207	にいな	62944
326	100000000000050734	Miyakan	62891
327	200000000000007542	さいとぅー	62081
328	1000000000000033432	くろみあ	61756
329	1400000000000084373	m@rio	61402
330	400000000000041970	うぇすぱ	61203
331	600000000000004635	まさいぬ	61196
332	82456	バラ	61090
333	1300000000000023734	あるべると	61087
334	300000000000055542	R団＠愛と真実の悪を貫くラブリ(ry	60972
335	900000000000049598	ヒツジ	60930
336	63093	たかすぎ	60680
337	800000000000002330	上下	60404
338	200000000000061491	スギ	60307
339	200000000000095233	さなころ	60262
340	100000000000041394	ゆのえる	60213
341	300000000000001977	クオリ@	60142
342	1500000000000096234	fredrika	59911
343	1500000000000019405	マジノ	59910
344	1200000000000074947	37P	59606
345	100000000000000031	ゆきぴょん	59547
346	300000000000096449	やす	59407
347	100000000000009416	チバぽよ	59258
348	700000000000059260	琥珀	59241
349	600000000000000063	M@SA	59234
350	1100000000000054618	幻の学院生	58670
351	1400000000000093064	タゴサク	58645
352	400000000000003383	satosan	58427
353	1100000000000023376	やんだ	58155
354	1500000000000016179	愛沙	58047
355	1000000000000029060	あほげ	57885
356	1000000000000075888	柏	57863
357	1500000000000004502	おさむ	57809
358	400000000000009054	だんほい	57787
359	800000000000096115	黒い秋	57612
360	300000000000056203	おーのう	57488
361	800000000000096138	むん	57405
362	1100000000000008447	じゅん	57310
363	800000000000094875	ともかん	56992
364	600000000000051708	usui@ニャンター生活	56774
365	1500000000000000084	フィジ子	56650
366	1100000000000038239	ジョン	56551
367	1500000000000000499	☆なが☆（多忙）	56511
368	800000000000000690	癒らしい	56480
369	1400000000000029896	Ａ＿Ｂ！	56421
370	400000000000011595	リエル	56395
371	700000000000058145	ハム蔵	55912
372	400000000000057896	キョウ	55759
373	300000000000042572	ストレスによる過食症	55559
374	1300000000000080500	8921	55348
375	1500000000000000784	バルタンZ	55244
376	500000000000029462	atera	55239
377	500000000000004358	bloodeagle40234	55212
378	1500000000000080702	ぐりふぃす	55134
379	900000000000033792	cha!＠埋・トレ募	55099
380	500000000000020582	ストロンガー	55073
381	300000000000060798	エシアン	55061
382	600000000000031699	ニッタマン@お父さんＬｖ１	55040
383	800000000000006441	ＫＥＩ	54896
384	200000000000000848	小宇宙	54731
385	1000000000000007554	こさかい	54670
386	500000000000076385	ディエゴ	54602
387	1300000000000004475	スギノケーティング	54549
388	500000000000023858	かなぶん	54402
389	1000000000000002898	だぢー	54235
390	3998	るうと	54074
391	300000000000025505	おたぢ	54065
392	800000000000008624	キッシー	53969
393	15088	ひも	53956
394	1500000000000007331	鍬形兜虫P	53874
395	1300000000000003954	ふみみ	53850
396	600000000000002527	ぐるS	53781
397	25385	コニー	53592
398	600000000000095672	アルエ	53477
399	500000000000047418	ハヤテ	53241
400	23311	おにしゃす	53204
401	700000000000078307	March	53179
402	700000000000013105	nmlnml	53040
403	600000000000058309	たな	52949
404	900000000000055954	アスミス	52936
405	1400000000000000474	おたおた	52895
406	1200000000000046705	BUONO!-P	52756
407	900000000000008282	まろん	52612
408	1400000000000006320	μ@koto♂	52497
409	200000000000041146	くろさい	52290
410	100000000000008499	けい	52065
411	600000000000052670	久斗	51998
412	500000000000074414	おかっち	51938
413	1500000000000080310	サンジ	51739
414	500000000000015575	ヴァン	51594
415	3166	らっぴー	51499
416	700000000000096193	tsubasa0922	51469
417	800000000000010209	アース	51426
418	900000000000002331	じょん	51412
419	100000000000000783	ムーン	51243
420	1500000000000036254	あんどれ	51227
421	1500000000000091666	米山	51204
422	900000000000035880	クヌリン	51101
423	500000000000021263	みさき	50923
424	800000000000039407	カイズ	50906
425	700000000000061333	和	50832
426	1000000000000006849	顎髭	50652
427	1000000000000005088	suu	50579
428	600000000000000038	アルティア	50483
429	500000000000020439	Blue-Rain	50389
430	1000000000000051715	えだまめ	50344
431	200000000000061828	味の助	50116
432	300000000000049017	コイル男	50113
433	200000000000046305	南天1217	49946
434	1200000000000006339	なかむー	49768
435	1400000000000001419	ぱぷわ	49717
436	1100000000000078882	KKKKKKK	49516
437	500000000000097876	Jink	49473
438	1200000000000000807	氷水	49153
439	600000000000056146	すずひろ	48892
440	21314	ちゃんまん	48792
441	500000000000002198	ﾊﾞｰｽ	48786
442	1100000000000060044	水無月	48645
443	1300000000000084400	(ゝω・)	48610
444	1000000000000043063	マスパ	48605
445	1500000000000054295	カリン	48581
446	500000000000058759	さーもん	48500
447	1400000000000030074	ソウドリ	48190
448	1300000000000071913	JOKER	47605
449	1000000000000003808	アーグラス	47526
450	900000000000080949	Ringstone	47442
451	300000000000085460	氷川翔	47398
452	50497	仁志	47376
453	1300000000000084432	輝夜（てるよ）	47302
454	1000000000000003591	Shio_P	47118
455	100000000000080737	六号	47078
456	100000000000008993	ゆーり	47074
457	1200000000000003670	はらぺこ	46526
458	200000000000074405	わーひー	46419
459	700000000000000287	カラテ	46381
460	100000000000052304	わさび(･Д･)	46344
461	200000000000098317	さらさら	46331
462	1200000000000071707	ポボロ	46090
463	200000000000086835	frad	46084
464	600000000000096913	ヤングゥ	46017
465	500000000000072444	りう	45874
466	600000000000012312	ブナしめじ	45871
467	700000000000061252	のぶ	45743
468	800000000000022596	コロモ	45722
469	1300000000000043391	ナカ	45705
470	300000000000003773	のほほん	45423
471	1000000000000053612	つばさ	45364
472	1100000000000074699	トシ	45032
473	400000000000006194	にっこっこ	45008
474	1200000000000052231	ななしのごん	44992
475	400000000000096950	ワタル	44689
476	1200000000000052328	BILIBILI	44658
477	30271	闇の傀儡師	44595
478	300000000000096721	loser	44568
479	1100000000000015498	ケビンマスオ	44465
480	700000000000050949	リリ	44458
481	300000000000014192	コジコジ	44411
482	1200000000000043502	よっち	44329
483	400000000000061654	ライフガード	44261
484	52103	kana	44220
485	400000000000012295	ZERO	44167
486	300000000000000692	兵十	44076
487	600000000000053447	いくのん	44045
488	2916	ジレンマン	43996
489	600000000000049622	expo	43964
490	1100000000000001858	たたき@同僚募集中です	43754
491	700000000000026417	k	43717
492	800000000000062118	XLME/バスター	43692
493	300000000000007491	アクセル	43572
494	200000000000076482	ユキナリ	43441
495	200000000000027183	しろだい	43240
496	600000000000051523	ONE	43237
497	1500000000000029914	～はる～	43222
498	900000000000005221	TAKE.N	43219
499	1000000000000008923	キラメキ	43112
500	400000000000004486	しゅとん	43070
501	800000000000000371	RFryxell	43022
502	1200000000000062691	才駕	42932
503	1200000000000020104	りょ	42901
504	600000000000011108	JT	42898
505	1300000000000054562	□	42868
506	500000000000000388	なすお	42730
507	1400000000000008256	輝刃@メガネ装備はズルい	42727
508	700000000000023472	asthma@BMD風花・可憐相互	42354
509	200000000000052507	ＪＢ	42023
510	900000000000057431	ゆう!!	41955
511	800000000000001812	ZERO.J	41850
512	1200000000000000013	おかゆ	41816
513	900000000000053934	やーこふ	41718
514	100000000000099482	____	41631
515	400000000000045816	サイトロ	41498
516	900000000000009952	haveoneday	41475
517	1500000000000025481	マリンズ	41463
518	800000000000004143	税理士のくず	41448
519	600000000000051715	Tomoya	41028
520	300000000000080474	モップ	41002
521	800000000000031234	月蟹	40945
522	600000000000003531	なのつき	40926
523	600000000000075473	ちー	40837
524	500000000000022517	iseulos	40698
525	79577	鈴鹿	40527
526	400000000000098924	Wisteria	40399
527	1300000000000038991	よっち	40385
528	300000000000010777	ノラ	40165
529	800000000000015050	からあげP	40129
530	1200000000000000073	ごまお	40089
531	900000000000076804	うみやま	39881
532	900000000000050548	かぶきあげ	39630
533	300000000000000004	カミーユ	39626
534	1100000000000010135	セセリ	39508
535	1400000000000000447	うるちま	39494
536	300000000000062101	ローバー	39481
537	1500000000000002416	よぅさん	39305
538	800000000000006264	EF64_1001	39179
539	1500000000000051609	ペトロス	39145
540	1400000000000049529	ﾙｰｸ Dｺﾚ･しろつく中心	38998
541	29342	のー	38928
542	1200000000000050429	エルメキア	38784
543	100000000000033514	j1	38775
544	1400000000000002457	てつやん	38747
545	400000000000085323	もずく	38655
546	1400000000000022912	よのえん	38516
547	74038	くぅたん　	38492
548	300000000000048544	ねもちゃん	38458
549	1000000000000006225	ブロP	38445
550	100000000000047241	也	38408
551	500000000000003925	Gorigan	38323
552	600000000000008697	かたや	38178
553	100000000000046071	nao	38032
554	1500000000000015578	せらむ	37804
555	1200000000000098785	りんりんりんご	37800
556	1500000000000059345	りんと	37743
557	500000000000029525	道化師	37637
558	200000000000098126	X-FILE6	37632
559	1100000000000004824	マツ	37585
560	500000000000091312	*みつぅん	37542
561	700000000000031151	ルッキー	37478
562	100000000000000284	harute	37388
563	600000000000028685	にしきの@筆頭株主	37257
564	200000000000003807	！！！	37190
565	600000000000054516	憑猫	37171
566	1100000000000056499	junk	37162
567	300000000000035850	ほむほむ	37154
568	300000000000046431	ろっくま	37022
569	7690	Systy	37009
570	900000000000000253	リュウセイ	36954
571	900000000000042829	カトゥーン【オフ 基本※なしm(__)m】	36895
572	1400000000000011055	強制開拓	36837
573	700000000000052824	gsxapricot	36724
574	1400000000000094269	あじくん-Bの③-	36559
575	100000000000098894	BLALON	36488
576	1400000000000072807	しがない	36325
577	200000000000036898	ＹＮ	36292
578	100000000000016862	たらっち	36287
579	1100000000000020816	ロストジョーカー	36231
580	1500000000000081351	よしのモン	36199
581	4505	だぶちゃん	36156
582	500000000000023692	二階堂	36110
583	1100000000000003082	ZUMI	36020
584	1200000000000057049	stray bunny	35910
585	1400000000000004126	いぬちよ	35873
586	1500000000000007721	392☆@相互アルバム埋め募集中	35632
587	300000000000021838	ケリーP	35588
588	800000000000004738	あきぞう	35547
589	1000000000000000173	草々	35479
590	1400000000000004557	律々島	35422
591	300000000000085656	ヲカムーＰ見習い	35408
592	900000000000051638	ダイセン	35377
593	500000000000019423	ぱるぱる	35259
594	500000000000009760	るあ	35238
595	11447	バナジウム	35230
596	1400000000000002083	時計うさぎ	35003
597	700000000000075190	トゲピー	34747
598	800000000000007084	りら	34731
599	400000000000001531	自由	34561
600	300000000000019384	すうり	34469
601	300000000000000702	がいと	34393
602	300000000000052160	ver.1000	34384
603	1100000000000060580	グラスミラー	33975
604	400000000000087605	木村屋 睦	33857
605	800000000000080182	akifumitt	33819
606	1500000000000008014	えーる	33770
607	600000000000005905	ナヅキング	33647
608	800000000000016604	もっちー	33625
609	200000000000000110	アジ	33612
610	200000000000063386	リリン	33584
611	1400000000000001063	サクラララ	33278
612	400000000000028592	てる(有本)@イベントに行く休みがない変態ビート板マン	33257
613	500000000000094614	ながしん	32881
614	1100000000000061670	わかめ	32867
615	1300000000000098598	ひでりん	32768
616	300000000000030957	じゅわ	32735
617	300000000000083787	ズーン	32641
618	1100000000000000056	ぽてりこ	32562
619	1000000000000024537	ナノ	32541
620	1400000000000045756	忠	32535
621	1500000000000035455	ガイタ	32532
622	700000000000032990	杜野	32448
623	1200000000000080235	ロクサス♪	32431
624	100000000000010607	レイジ	32360
625	1400000000000058171	ブロッコリー	32310
626	251	ナーシュエ	32299
627	100000000000095229	もち	32295
628	500000000000034535	イーバス	31630
629	1400000000000041593	天風	31598
630	900000000000052082	マリス	31476
631	1500000000000000002	A M	31183
632	600000000000008418	マーベラス	31168
633	500000000000006717	あがちょ	31164
634	1100000000000001207	シンタナ	31113
635	1400000000000078384	ancoro	31044
636	1100000000000048639	時野邦人	30862
637	500000000000012516	りこ	30752
638	400000000000049322	タップ	30661
639	1000000000000023148	秋司	30658
640	1500000000000080444	煉	30563
641	600000000000042492	ＫＪ	30503
642	1000000000000009868	タルカス	30401
643	1500000000000051161	トロ	30240
644	700000000000002264	しゅまい	30127
645	700000000000006680	【超高校級の】零崎化識【代替品】	30048
646	800000000000002805	ﾀﾞﾝｸﾝ	30013
647	86751	Player 1005117584	29953
648	200000000000024744	朗@恵美Ｐ	29901
649	400000000000054355	タカマP	29782
650	1200000000000055089	な	29702
651	1300000000000080070	ナベック	29662
652	1000000000000062517	からす	29652
653	1400000000000054034	スツーカ	29600
654	1100000000000000690	しろぽっこ	29479
655	700000000000037598	ぽめ	29406
656	700000000000098961	ほためいる	29373
657	100000000000001363	K	29349
658	200000000000030482	あかり@同僚お気軽に♪	29340
659	1300000000000003984	むらお	29172
660	1200000000000070144	narumiku	29144
661	300000000000017242	クリリン	28887
662	500000000000001774	レリック	28734
663	600000000000000930	HAYASE0083	28559
664	1400000000000053183	z27e5b	28533
665	800000000000095392	白藤	28485
666	700000000000002903	頭狂ナバウサギ	28308
667	200000000000054130	きゅあやんきー☆	28305
668	200000000000036944	けん坊	28255
669	300000000000002764	たばっち	28244
670	16528	じょん	28200
671	1400000000000025561	ヨウ	28192
672	1300000000000077946	コト	28182
673	300000000000055738	Yu-ki	28172
674	100000000000085425	ソジウムP	28069
675	900000000000031664	ジェリー	28048
676	800000000000093142	フェニックス	28019
677	1400000000000007538	you	27982
678	800000000000053616	八咫烏	27912
679	295	yukki72	27910
680	200000000000018938	ヒース	27892
681	800000000000031213	ほしくん	27709
682	500000000000007162	もふっこ	27630
683	600000000000082104	にっよ	27610
684	1400000000000026995	ピート	27564
685	900000000000021788	さっちん＠こしみず	27430
686	1300000000000056331	アラカワ	27414
687	2821	ジュネス	27255
687	500000000000097970	さくあ	27255
689	4836	駄犬ペガサス	27217
690	500000000000079923	兎将軍	27096
691	1300000000000023014	ダット@9種の千早盛り道場	27080
692	700000000000048188	急降下爆撃隊	27075
693	400000000000029393	アッキー	27060
694	100000000000062717	るな	27058
695	300000000000028756	あああ	26801
696	800000000000000628	スピノザ	26704
697	400000000000035317	白猫181	26685
698	1500000000000013721	司波	26449
699	1200000000000005578	うけ	26435
700	600000000000039369	OzMa	26424
701	1400000000000001000	メリメリ＠相互埋め同僚募集	26381
702	700000000000000380	kenbigriver	26342
703	1000000000000009207	Ｚフラグ	26307
704	100000000000000153	松崎克俊(やさしい雨)	26245
705	1000000000000009741	MEISTER	26193
706	1100000000000002386	しゃる	26147
707	800000000000057876	もりソー	26054
708	1100000000000000019	あとら	26049
709	54073	すずらん	25948
710	900000000000054726	きりん	25918
711	500000000000009723	げとらぐ	25789
712	600000000000095798	鋼鉄の処女	25756
713	1300000000000022915	ケント	25664
714	1500000000000002734	八神ハヤテ	25608
715	800000000000017399	ゆう	25603
716	400000000000003266	アルイー	25602
717	200000000000011049	とりとり	25584
718	1200000000000048253	akipard	25317
719	700000000000038241	カルボ	25244
720	447	はいほー会会員	25188
721	300000000000002858	オズ	25005
722	400000000000010462	ふね	24970
723	800000000000070036	シオン	24897
724	1400000000000002189	けろべー	24808
725	800000000000017301	ﾏｰﾙ･ﾊﾟﾝｻｰ	24726
726	1400000000000033326	ぺぎﾌｸﾞ@震災対応にて反応とても鈍いです	24710
727	600000000000093665	はくまい	24703
728	400000000000098623	こーだんて	24655
729	700000000000072382	夏空	24642
730	400000000000016011	あーさーP	24639
731	500000000000051263	英二士	24613
732	700000000000007063	もっさん	24561
733	600000000000056314	わーじ	24556
734	800000000000048927	ペナ王百合狐	24500
735	900000000000080895	アイル	24365
736	1300000000000052922	かなぎ	24259
737	600000000000011703	とん	24205
738	100000000000030567	えどがわ	24141
739	800000000000046529	なんか勢	24122
740	600000000000009097	でぃーでぃー	23919
741	500000000000006157	89	23910
742	1100000000000080880	フォルス	23882
743	1400000000000007581	トグサ	23831
744	1100000000000002258	こんぶ	23693
745	1300000000000081413	南郷	23689
746	1500000000000086678	morisoba	23623
747	1100000000000052704	すーあんこ	23599
748	1100000000000091699	ポロネーズ	23562
749	900000000000092523	みちたロンドン	23535
750	900000000000005302	御霞月	23491
751	1400000000000052590	りすと	23477
752	900000000000052185	ジェダイ	23443
753	200000000000074383	エルザム(ﾉｰﾏﾙ+)	23385
754	100000000000044215	ジャーニー【要△】	23341
755	1100000000000092382	ﾀﾞｲﾅﾏｲﾄ棺騎3漆黒	23326
756	500000000000079335	小豆嶋	23311
757	100000000000020620	かすがかける	23249
758	800000000000035791	こうちゃんのパパ	23243
759	100000000000082813	黒意黒衣	23078
760	700000000000080597	こうげんP	22974
761	52564	にぎりめし	22788
762	200000000000006712	たかなみ	22750
763	1200000000000056913	ろんたーの	22746
764	300000000000029316	シゲ	22740
765	1000000000000085494	パイセン	22715
766	900000000000000304	麦秋	22708
767	400000000000097547	Ririon	22686
768	300000000000079221	KiKiP	22560
769	1400000000000056456	ロック	22556
770	1200000000000005500	のっぺ	22512
771	600000000000033585	ZAMASU	22510
772	300000000000086982	真紅	22486
773	200000000000079547	佐久間 まゆ	22407
774	700000000000001020	らいと	22246
775	800000000000035472	鉄丸	22224
776	500000000000014069	すなふきんぐ	22122
777	500000000000053316	ナマコ	22089
778	800000000000007534	豆腐	22039
779	800000000000079593	urk	22023
780	4270	ヴェクター	21951
781	900000000000026956	わ～や	21917
782	1500000000000013415	60秒	21893
783	1300000000000068014	オヤスミン	21843
784	1300000000000077313	キリシマ	21791
785	500000000000085646	ラツマ	21743
786	600000000000082324	kaniesun	21654
787	500000000000074480	kokaP	21436
788	200000000000016760	イシマサ	21353
789	100000000000070843	ゆうさ	21343
790	100000000000014141	マーサ	21329
791	1000000000000056542	雪	21317
792	800000000000055818	緑茶丸	21287
793	1300000000000086934	星崎時羅	21186
794	600000000000049397	ナカジ	21179
795	16862	卜途	21158
796	1500000000000050110	きょうすけ	21151
797	1500000000000004221	いちこ	21114
798	700000000000096962	もんたん	20986
799	1300000000000078129	歌らん	20948
800	600000000000000681	いなんな	20937
801	800000000000001963	座布団	20804
802	800000000000048159	亜堕馬	20799
803	1400000000000058873	ﾟ*イーグル*ﾟ	20790
804	1500000000000075330	サーモン	20687
805	1500000000000005131	nanbu14	20652
806	900000000000010094	赤羽2nd	20644
807	900000000000028160	ライジングゴッドスターニコ男	20556
808	200000000000086690	花丸うどんm	20511
809	1100000000000019318	みっちー	20490
810	1100000000000057874	meiko	20450
811	1300000000000000516	虚空風	20398
812	1400000000000096606	A hunch	20358
813	300000000000093597	Gwan	20347
814	1200000000000027339	zerokage	20287
815	400000000000038529	a2ishi	20219
816	1500000000000053634	おーぶん	20180
817	900000000000092911	武藤喜兵衛	20152
818	900000000000093558	ウーシー	20138
819	700000000000035259	ケンざえもん	20120
820	1500000000000060699	artail	20116
821	1300000000000053800	J	20019
822	1100000000000000868	スープクン	20016
823	200000000000085962	ぴら	20000
824	500000000000001416	肉体の疲労感	19988
825	52709	マカロニペンギン	19986
826	500000000000024826	ひろ	19920
827	200000000000061621	はなちよ	19915
828	600000000000000175	ざんにょー	19892
829	1500000000000080872	ganziro	19880
830	34037	りーす	19853
831	200000000000007636	LUA.	19846
832	600000000000003311	マルコビッチ	19826
833	1000000000000002988	noki	19824
834	1400000000000037067	式見慶	19726
835	500000000000015466	みーみ(*φωφ)★	19628
836	700000000000082299	ファンテ	19625
837	900000000000017355	iko	19614
838	1200000000000002156	舞弥	19590
839	800000000000096110	躑躅ヶ崎	19372
840	800000000000007661	ペイター	19313
841	800000000000054171	まほまほ	19292
842	100000000000002499	シメイ【アイマス用】	19263
843	1000000000000061789	カラブキ	19262
844	600000000000013968	あおゆう	19218
845	700000000000009311	かずっち	19189
846	200000000000033400	カツオ	19176
847	200000000000004703	ルゥ	19150
848	500000000000003156	住吉	19149
849	900000000000092976	ちゅん	19134
850	1100000000000002439	シマ	19121
851	46162	cado	19099
852	200000000000004179	S-A-T	19085
853	1100000000000022229	ｳﾞｨｳﾞｨｳﾞｨ	19006
854	1000000000000005421	♂йοЯⅠ②ﾀﾝﾊﾞﾘﾝ♂	18984
855	1200000000000094734	fumi	18979
856	72201	☆柴犬大好き☆	18947
857	1500000000000099311	ナルカミ	18903
858	900000000000028960	アーチャー	18880
859	1400000000000000450	まくねあ	18759
860	900000000000007769	小鳥遊桜雪 de R -＠ガンスリンガー兼アークスの神獣使いエージェント	18645
861	700000000000021642	さらす	18614
862	500000000000010696	KEI	18588
863	1200000000000003345	芦屋虎之介	18554
864	300000000000007349	むてこな	18492
865	1400000000000004537	ゆかお　	18395
866	1100000000000009049	FAZ	18372
867	200000000000023526	白兎	18369
868	1300000000000082199	TA	18367
869	700000000000062283	抹迷助	18256
870	1500000000000004649	けんと	18228
871	1200000000000024268	くろ	18140
872	1100000000000080603	あすか	18049
873	1200000000000044868	すやＧ-Arts	18040
874	42285	ティアナ	18007
875	1200000000000006705	タカシン[177]	18000
876	800000000000013718	collbrande	17980
877	600000000000061471	晩夏	17977
878	1400000000000000376	ぴかり	17925
879	500000000000006521	ZeroK	17882
880	600000000000010416	ぐるめっと～	17841
881	1500000000000009087	**	17836
882	1300000000000097166	スペクター	17820
883	1200000000000086131	でぃあ	17814
884	1300000000000025154	RLC	17779
885	700000000000094260	ジョルノ	17752
886	1200000000000080480	つしよ	17730
887	200000000000001400	iera	17712
888	200000000000078319	RX78	17691
889	1100000000000007356	つきよの＠最強の傍観者	17595
890	1100000000000095640	リンゴ	17555
891	200000000000098375	たがねん	17534
892	1000000000000004979	くろぶち	17493
893	600000000000000623	エネイブル	17475
894	1300000000000003573	ひょロリだお	17446
895	1100000000000009317	フリーダム	17423
896	1400000000000029551	ヨッチ	17417
897	1400000000000031703	赤猫	17393
898	700000000000010060	しめりけ	17367
898	900000000000077880	れいむ	17367
900	800000000000033886	よこやまなおき	17269
901	900000000000009103	あ	17135
902	400000000000052773	ユーユ	17130
903	900000000000006275	りょう	17121
904	300000000000073409	ブルー	17080
905	1300000000000043684	剃屈白瀧	17038
906	25819	ジャスティス	17029
907	1200000000000036960	モーム2号	17024
908	200000000000000053	きのこ	16979
909	300000000000020351	ARAKAZAM	16974
910	600000000000053875	池田せあら	16965
911	500000000000009067	大回転	16951
912	800000000000078839	白紙	16841
913	9533	kore	16825
914	1400000000000062587	璃音	16801
915	800000000000010925	ジョニー	16799
916	1000000000000061084	ごるご	16792
917	100000000000023703	よー	16768
918	800000000000097054	tatari1234	16744
919	800000000000014081	コトリ	16721
920	1000000000000075167	ぬがー	16592
921	1300000000000004142	.*?どん@したらば	16587
922	1500000000000058065	nei	16499
923	100000000000056495	フィーロ	16381
924	400000000000015485	Kery	16365
925	75677	おくら	16354
926	300000000000000890	さとみつ	16349
927	900000000000075225	バンディエラ	16325
928	1300000000000007557	まつば	16302
929	1200000000000002215	中宮	16272
930	1000000000000003522	D-BOY	16159
931	600000000000008204	フィリー	16116
932	600000000000080113	くるぺこ	16033
933	1100000000000075122	Player	16004
934	600000000000000866	ナスっこ	15813
935	600000000000005297	えすぺ＠流川市民	15761
936	900000000000048555	らうる	15760
937	1000000000000091746	たくじー	15752
938	600000000000010087	ﾁﾞｭｲ	15732
939	2662	はうと	15705
940	900000000000008238	くったり	15701
941	200000000000062557	ほたる	15681
942	1300000000000004649	kyon420	15553
943	1000000000000046951	青紫蘇	15543
944	600000000000073637	はすちょん	15502
945	600000000000037153	ねこすけ	15451
946	200000000000080913	あ	15436
947	600000000000006696	t@2hide	15420
948	1308	雅ぁ：	15359
949	500000000000097877	VIP	15331
950	1100000000000072929	ごん	15141
951	5131	may star	15134
952	1100000000000025416	よね	15104
953	200000000000000812	【M】A.A*ｲﾍﾞ・ﾏｯﾀﾘﾓｰﾄﾞ*	15100
954	1500000000000051289	アナザーP（AnazahP）	15076
955	1200000000000086357	HAL2000	15024
956	86668	ちひゃーP	14985
957	1100000000000000402	うるう	14952
958	1100000000000004509	しろぬこ	14928
959	300000000000034839	ムギ	14904
960	300000000000002397	ぎーせら	14879
961	800000000000009215	G-JIBU	14859
961	1000000000000077903	空野	14859
963	1000000000000026106	北極星@	14850
964	900000000000060463	ブラムド	14830
965	1300000000000038919	神楽坂こうしろう	14820
966	1100000000000058154	Ｒ１―Ｚ乗り	14816
967	1100000000000007237	じゃじゅじぇ	14719
968	1300000000000051799	りゅか	14703
969	600000000000010475	たけぽん	14681
970	1500000000000008536	93	14670
971	1200000000000097789	Jacqueline	14659
972	700000000000001197	§黒雪姫§	14610
973	1400000000000085355	GuiMong	14553
974	200000000000044982	カエルくん	14476
975	1200000000000024974	大道寺政繁	14473
976	2566	枠番連勝複式（南蛇井）	14436
977	500000000000004239	五本木	14420
978	1500000000000081484	tetuv1	14395
979	1000000000000024631	まる	14363
980	16053	こまいぬ	14346
981	1000000000000093429	そらいぬ	14310
982	300000000000008188	おじさま	14307
983	200000000000003430	1千	14298
984	700000000000052881	Kite	14295
985	200000000000008872	シバニク	14256
986	800000000000074797	あだっち	14222
987	600000000000056787	シカせんべい	14196
988	1400000000000007013	zerozero	14193
989	200000000000000520	病み鍋	14166
990	1300000000000007463	おぐ	14119
991	200000000000003866	牛九	14061
992	1100000000000006240	なるみ	14023
993	600000000000036998	れんか	14016
994	1300000000000000583	cacao68	13960
995	1200000000000030849	みつお	13915
996	600000000000080373	ふかっしー	13891
997	1227	さたもに	13880
998	600000000000067449	Player 1002146742	13878
999	200000000000056973	メトロンP	13869
1000	400000000000058625	明野P［トライスター担当/シンクロ使い/融合じゃねぇ！ユーゴだ!!］	13858
1001	1000000000000085928	沼三郎	13823
1002	800000000000013900	すくるぼい	13801
1003	700000000000096373	Player 1006313943	13748
1004	400000000000000320	mad	13732
1005	200000000000094407	まこち	13724
1006	700000000000000909	【プロデューサー】八波【アイドル】祈【二足の草鞋】	13718
1007	1000000000000002735	ちーのすけ	13664
1008	1100000000000027488	ひまわり	13600
1009	1300000000000057323	nnn	13565
1010	700000000000051006	いろいろ	13532
1011	500000000000005934	Riku	13478
1012	1400000000000038937	ねここ	13464
1013	200000000000009935	mukuro	13440
1014	800000000000096422	だいり	13354
1015	800000000000003813	ﾋｷﾆｰﾄ	13320
1016	1500000000000002953	ho	13283
1017	100000000000004517	眠歌姫	13275
1018	1500000000000055142	boi	13265
1019	1200000000000006915	すろーかーぶ	13158
1020	100000000000027362	恵	13122
1021	1000000000000022403	KAZUI	13074
1022	400000000000097353	yoshino	13016
1023	800000000000042472	クロン	12978
1024	1100000000000068421	yukiwa	12974
1025	1300000000000047210	轟雷	12960
1026	300000000000010761	冬眠中	12959
1027	1300000000000009373	FOREST	12945
1028	1100000000000030772	ムツミ	12859
1029	100000000000005428	からすみ	12845
1030	1300000000000025182	masanori	12835
1031	1000000000000051740	マカク	12826
1032	1000000000000033049	Kakeko	12816
1033	300000000000021657	相談P	12803
1034	1500000000000061353	まーしゃ	12790
1035	700000000000029269	クマノ	12760
1036	800000000000043797	しおん＠多忙 皆さんご協力ありがとうございます( ´ ▽ ` )ﾉ	12753
1037	1500000000000007945	ましゅまろ	12751
1038	700000000000003402	ヤマリョウ	12728
1039	1400000000000000350	さんご	12705
1040	300000000000072170	wonderwall	12682
1041	1300000000000001994	リバー	12647
1042	900000000000074622	ヒューマン	12586
1043	1200000000000052546	古呂兵衛	12547
1044	300000000000081526	功（よし)P＠ドラシア研究中	12524
1045	800000000000000015	ますじ	12480
1046	800000000000097551	オタク屋	12437
1047	900000000000000417	かくばる	12403
1048	800000000000038679	七尾	12304
1049	44941	kazu	12302
1050	1500000000000093154	けんta	12296
1051	1300000000000075687	ぺ	12287
1052	900000000000051456	ヘーイ	12225
1053	700000000000054590	鎖鋸	12177
1054	1100000000000003064	chorus	12160
1055	600000000000031829	遊佐	12158
1056	300000000000024780	はる	12153
1057	900000000000003090	オカキ	12150
1058	700000000000068216	きょうへい	12147
1059	1100000000000013448	伽羅	12114
1060	100000000000076424	ゆうゆう	12107
1061	700000000000018886	HOPE	12064
1062	500000000000006094	馬超	12018
1063	85080	15	12000
1064	1500000000000074991	Ranzzzz	11996
1065	1200000000000027631	ないとめあ	11995
1066	400000000000042877	にゃみお	11890
1067	23065	ぴろ	11787
1068	1000000000000003903	ニックネーム	11783
1069	1500000000000055488	Ifiugogo	11770
1070	200000000000086021	ヒザたま	11761
1071	700000000000087574	まや	11759
1072	700000000000000785	まりんらいなー	11758
1073	100000000000037251	ユキ	11747
1074	300000000000053475	岬	11706
1075	1100000000000096276	皇疾風	11701
1076	600000000000093246	ていらー	11700
1077	700000000000035216	わかみず	11667
1078	800000000000076672	ちゅーに	11644
1079	800000000000008151	ドナルド脱臼	11614
1080	600000000000048872	alice3567	11611
1081	400000000000043229	サカス	11596
1082	600000000000006108	びーる	11578
1083	1300000000000000602	ishikko	11533
1084	100000000000000441	涼風	11508
1085	600000000000023477	一番くじ男	11504
1086	500000000000029947	RyO	11475
1087	1200000000000024896	うりぼっくり	11462
1088	900000000000005867	シャッチー	11451
1089	400000000000055901	はがき	11431
1090	1200000000000023782	チャコ	11425
1091	400000000000001786	モヘ	11424
1092	1000000000000081262	あじゃぱー	11330
1093	600000000000074597	雪美智也	11280
1094	200000000000088443	Malate	11272
1095	14034	茂原	11230
1096	1300000000000019971	さと121	11196
1097	900000000000006866	ミルクココア	11193
1098	1400000000000000568	わっち	11164
1099	600000000000048389	ユセリア	11089
1100	100000000000077872	れふた	11088
1101	800000000000053148	オト	11086
1102	1300000000000025169	いもまつば	11069
1103	700000000000095573	GyuGyu	11066
1104	1100000000000086331	燻製	11057
1105	300000000000000370	ねこごろん	11043
1106	200000000000002234	メン	11041
1107	400000000000003261	こ	11017
1108	600000000000037844	阿良々木P@ﾜｯｼｮｲ!	11007
1109	400000000000005022	だむどむ	10945
1110	700000000000075813	ノト	10920
1111	1200000000000055792	FIAT	10888
1112	1500000000000003802	緋蜂	10882
1113	400000000000001186	すぐる	10868
1114	1400000000000005342	オニオン	10826
1115	700000000000099862	たくどん2000	10815
1116	1200000000000096610	Aki	10812
1117	600000000000052957	黒い鳥	10765
1118	1000000000000008434	DOKIDOKIはたけ	10675
1119	1000000000000095422	グリル	10639
1120	82284	クロエ	10608
1120	1300000000000003697	フミカ	10608
1122	400000000000038526	ろどすた	10588
1123	1100000000000002615	やすひら	10560
1124	600000000000004519	さかな	10547
1125	1000000000000001850	琵琶速秀	10545
1126	800000000000008744	Co.Panda	10528
1127	1000000000000055944	kohaku	10524
1128	700000000000004458	いでおん	10515
1129	700000000000082215	Kiku	10443
1130	300000000000008640	Rascalov	10441
1131	700000000000054792	ヴァポレオン	10436
1132	900000000000013584	謝々！	10400
1133	1200000000000000023	皓太郎	10387
1134	1300000000000054876	高潔なる教皇、	10374
1135	1500000000000029070	果心堂	10368
1136	1500000000000074188	マルカート	10363
1137	700000000000020490	±ゆ	10317
1138	500000000000046723	青いツバサ	10304
1139	900000000000001088	ようきよう	10286
1140	75657	ルーベラ	10280
1141	900000000000004933	タムローン	10275
1142	100000000000009409	まっこい	10223
1143	500000000000007482	メフィスト	10214
1144	1200000000000006281	ハクア	10201
1145	700000000000073459	えふ	10164
1146	1100000000000083358	まさと	10153
1147	800000000000072086	S-カヲル	10152
1148	800000000000096444	如月	10146
1149	100000000000073918	セルベイ	10142
1150	700000000000075930	マスオ	10135
1151	100000000000078431	かに	10113
1152	1100000000000056740	メイメイ→ぴかり氏＠ギタリスト	10089
1153	1400000000000054066	グリズリー	10050
1154	300000000000036420	Ma_Scarlet	9968
1155	500000000000018931	しげ	9948
1156	1300000000000097400	redshift	9936
1157	200000000000037799	ぱまはぱまは	9914
1158	600000000000096884	やきりんご	9913
1159	700000000000028751	ＢＬＵＥ　３	9884
1160	75706	みしあ	9864
1161	500000000000081142	gel	9829
1162	600000000000095583	まぁ	9804
1163	300000000000082376	パワーレンジャーSPD	9802
1164	800000000000095542	ゆか	9774
1165	72227	ジュノーン	9770
1166	800000000000002271	ひが	9767
1167	900000000000093128	あじの	9766
1168	1000000000000056782	ナギ	9749
1169	400000000000097420	Player 1006806660	9746
1170	1500000000000028768	ジョー	9725
1171	200000000000098027	結城(＊´ｖ`＊)ノ	9692
1172	94823	littleworia	9687
1173	37327	バニラ	9679
1174	300000000000004692	ナンでもいいですけど	9670
1174	700000000000000685	さとる	9670
1176	1000000000000096053	Steven	9660
1177	1100000000000045107	小林ジュリエッタ	9653
1178	300000000000000295	愁一	9626
1179	900000000000091006	むにえる	9622
1180	85342	しのぶ＠速射特化	9621
1181	200000000000049694	ガロナックス	9611
1182	5901	あすも	9609
1183	200000000000092390	ベックマン	9605
1184	1000000000000098167	CLOWN	9598
1185	1200000000000085262	すのうあっしゅ	9586
1186	600000000000003556	フェイク	9581
1187	1400000000000086037	したじき	9548
1188	400000000000023734	コーラルP	9537
1189	1100000000000002458	ハセリ	9523
1190	1200000000000062452	ジョージ	9518
1191	900000000000051506	トーマス	9493
1192	300000000000010831	デカビタ	9442
1193	100000000000001337	ゆゆ	9428
1194	500000000000005314	みやっち	9426
1195	800000000000091565	ひよりんご	9412
1196	1200000000000000259	こばると	9407
1197	100000000000091038	たかさん	9371
1198	1500000000000001399	《閃光の》いくら	9328
1199	100000000000082327	エイプ	9318
1200	1400000000000063340	毛	9312
1201	900000000000003484	Rei	9300
1202	1200000000000040550	Fuhrer	9241
1203	97188	サクラナミ	9226
1204	1000000000000055585	サヤ	9221
1205	100000000000002848	京急1025	9185
1205	1300000000000000685	クロ	9185
1207	1200000000000082898	ゆう	9178
1208	1500000000000037791	あきぽん	9177
1209	1100000000000000523	シンP	9176
1210	1500000000000079663	ぴさまき	9170
1211	600000000000009523	せっか	9146
1212	100000000000004393	みう	9132
1213	500000000000034890	蒼井	9092
1214	600000000000007547	課金しない男	9075
1215	200000000000011094	MKTN	9053
1216	1100000000000037252	HIDEYAN	9050
1217	1200000000000017491	とみー	9037
1218	500000000000095247	こっこ＠（ま）こと	9024
1219	800000000000013517	syun	9000
1220	1400000000000009160	KO	8997
1221	400000000000051938	まりかちゃん	8980
1222	1000000000000097510	時雨☆	8968
1223	1300000000000086740	ngr2	8966
1224	100000000000093900	スヴェン	8961
1225	97208	ma	8959
1226	1200000000000046827	MATASAWA37	8955
1227	600000000000061104	下歩	8946
1228	400000000000077725	ゆみっち	8939
1229	100000000000094978	Puroa	8863
1230	300000000000008764	ヨシケイ	8846
1231	1100000000000023147	ダムディ	8840
1232	400000000000081931	宮ちゃん	8829
1233	600000000000029705	ヤス	8819
1234	1200000000000022037	モノクロ	8781
1235	17867	㌔㍉蒟蒻	8779
1236	1100000000000003149	ぺん	8777
1237	500000000000097810	フジトP	8772
1238	300000000000050515	さかちょ@充電中	8702
1239	200000000000073572	sei	8698
1240	700000000000030518	のり	8664
1241	79860	ぬくぬく	8657
1242	800000000000035812	ツッチ	8633
1243	800000000000014185	新年快楽	8630
1244	300000000000012851	Ｋ．Ｋ．	8608
1245	800000000000053938	wacky	8571
1246	800000000000031089	しーちゃん	8554
1247	59519	ベイ	8532
1248	1300000000000001838	あお	8529
1249	1100000000000017170	蒼夜	8524
1250	700000000000052711	ろくげん	8515
1251	1100000000000055418	ツダアオイ	8509
1252	700000000000038876	ばかモン	8473
1253	1500000000000007119	さのすけ＠相互埋め募集中	8462
1254	1300000000000084090	甘楽	8438
1255	500000000000026981	つるにく	8429
1256	1100000000000006747	sei44	8428
1257	900000000000061590	カツカレーＰ	8423
1257	1300000000000094016	ロベルト	8423
1259	300000000000005741	セイキ	8418
1260	300000000000084990	ﾊｽｷｰ	8416
1261	1100000000000004375	ルイ	8410
1262	1500000000000098471	rokukana	8397
1263	1400000000000022139	†白濁のカルピス†	8386
1264	100000000000000177	モトラッド	8384
1265	300000000000004157	iwapple	8364
1266	600000000000075431	ミコト	8358
1267	1200000000000051378	くろたん	8316
1268	1100000000000044592	呂布	8312
1269	1300000000000098762	黒咲隼	8308
1270	900000000000038954	73P	8286
1271	1500000000000038171	ちはや	8279
1272	1000000000000097527	ぴーﾁｬﾝ	8204
1273	100000000000061716	はやてファン	8203
1274	300000000000045882	ぞんぼると	8193
1275	1000000000000029467	tate_str	8166
1276	1400000000000029250	M_koubou	8160
1277	1200000000000024821	ﾈﾑｴﾙ	8158
1278	600000000000051348	りとな	8143
1279	1000000000000053053	Yukiti	8102
1279	1200000000000098088	えだてつ	8102
1281	300000000000038854	たけ	8086
1282	800000000000055686	ROM神様	8070
1283	300000000000007298	アキ	8064
1284	800000000000053226	ニラ	8025
1285	600000000000030957	ヒデ	8001
1286	900000000000079776	くにさん	7985
1287	600000000000034128	ただの	7934
1288	1300000000000002445	しゅがと	7878
1289	1100000000000051027	麻婆豆腐	7866
1290	1100000000000035222	だめくん	7864
1291	600000000000050526	幻礼亜	7860
1292	1200000000000085478	シュン	7856
1293	600000000000077425	Miyaco	7800
1293	1400000000000085894	310号	7800
1295	200000000000095436	NULLlu	7799
1296	100000000000050987	せお	7797
1297	700000000000016136	ｼﾞｮﾝ	7780
1298	1300000000000002477	ここ	7766
1299	1500000000000052743	そるてぃー	7755
1300	1300000000000095402	ナギサ	7753
1301	1300000000000004196	Fiz	7750
1302	1000000000000095280	ダリアン	7744
1303	200000000000000673	神 尚輝	7740
1304	700000000000078124	萩乃	7737
1305	1200000000000002482	もょもと兄	7727
1306	1500000000000073827	にらたま	7707
1307	68517	toy	7688
1308	1500000000000013157	食あたり	7656
1309	1300000000000078339	もっつ	7634
1310	600000000000010038	320	7627
1311	1300000000000052477	BW	7612
1312	300000000000005390	ミヤマカラス(仮)･スカーレット	7590
1312	1200000000000051084	はんぺん丸	7590
1314	300000000000022103	ソル＠ﾍ( ＊´ｖ`＊ﾍ)))～	7562
1315	1200000000000018396	柿＠偉人伝心	7560
1316	800000000000024467	坂本	7550
1317	100000000000004954	あーや	7543
1318	1200000000000079735	ゆーじ	7540
1319	100000000000085301	GTHM	7539
1320	600000000000096898	守岡智陽	7521
1321	400000000000099185	まんぼう	7498
1322	200000000000098866	かまめし	7488
1323	400000000000044919	norm	7483
1324	600000000000091270	ぺっけたん	7476
1324	800000000000006384	こくり	7476
1326	1500000000000097343	籠原P	7464
1327	1400000000000020146	ステファ	7450
1328	300000000000080279	わりばし提督	7440
1329	100000000000099454	和紗	7435
1330	1000000000000007190	lp	7406
1331	1200000000000027910	シガラナミ	7390
1332	400000000000097845	ガン	7380
1333	1000000000000000360	がっきー	7362
1334	1300000000000002447	Rhye	7348
1335	300000000000053242	エル	7338
1336	700000000000034932	ぬま	7336
1337	500000000000058191	きりん	7335
1338	300000000000094863	Steven	7332
1339	1100000000000086923	みょん	7323
1340	800000000000022080	supika	7295
1341	600000000000050281	えんてす	7292
1342	800000000000055295	ユウ	7290
1343	1400000000000072992	Haruka	7238
1344	1500000000000018233	?船長	7232
1345	400000000000035913	nero＠	7227
1346	700000000000000376	ヤス	7210
1347	200000000000020863	たむ	7209
1348	500000000000015083	Koay	7206
1349	300000000000093538	ｸﾛｸﾛｻﾝﾎﾟ	7182
1350	1300000000000013155	缶切り	7176
1351	600000000000074665	tairamune	7156
1352	1300000000000011232	KROCK	7152
1353	200000000000003206	いまい	7130
1354	1300000000000016402	ikaihcim	7114
1355	1500000000000023510	ライオン次郎	7112
1356	100000000000056823	ひろびろ	7096
1357	1000000000000073601	なべ	7095
1358	700000000000072187	おかわり	7094
1359	6986	あかだな	7071
1360	400000000000086840	りゆ	7037
1361	1300000000000096606	テルル	7035
1362	300000000000046979	ｵﾘｴﾝﾀﾙ	7026
1363	1500000000000003223	アカツキ	6980
1364	300000000000024188	ウミ	6969
1365	1400000000000058085	nobu	6966
1366	100000000000038979	しろ	6955
1367	1100000000000050878	神無月葵	6937
1368	14285	KG	6910
1368	46145	ぽん	6910
1370	900000000000029944	ゆたか	6894
1371	1500000000000055666	AJ	6893
1372	200000000000081715	ナストラル	6888
1373	1300000000000014095	ヒロキ	6886
1374	200000000000096865	時々眼鏡	6885
1375	300000000000001562	志葵	6845
1376	400000000000058940	Hard Head	6844
1377	800000000000054708	コウノトリ	6836
1377	1500000000000019639	DIESEL	6836
1379	500000000000039348	ぶー	6830
1380	1500000000000037122	パリティ	6828
1381	4439	タク	6823
1382	100000000000037088	ナジャラン	6806
1383	1100000000000061769	シャーベット	6783
1383	1400000000000019221	ぐっち	6783
1385	400000000000029572	たもりん	6757
1386	1000000000000001701	田中太郎P	6744
1387	800000000000086945	櫻華	6739
1388	200000000000097902	☆けろ☆	6736
1389	300000000000003547	さいろ	6721
1390	800000000000053222	はなみ	6693
1391	1000000000000050782	ガーイチ(Asa)	6690
1392	600000000000018720	ドキンちゃん☆	6670
1393	200000000000098267	おのっち	6664
1393	700000000000000358	センキ	6664
1395	400000000000005044	ひろう	6654
1396	900000000000023387	ゲキ	6630
1397	1500000000000075538	楸	6623
1398	1100000000000003124	とんこつ	6621
1399	94595	たま	6612
1400	2958	メビウス	6594
1401	53718	なおゆき	6590
1402	700000000000086089	てんぷら	6589
1403	600000000000008657	モルモート	6588
1404	100000000000087112	ヘヤング	6586
1405	100000000000014550	ﾃﾞｸｽ_皆に感謝、マイペースです〈仕事多忙〉	6531
1406	300000000000047566	ハマ	6525
1406	900000000000087961	lynx46	6525
1408	1100000000000045789	N.Kranberry	6522
1409	700000000000003377	ぶやし！！	6516
1410	1200000000000079354	じょー	6511
1411	700000000000054349	ニッシー	6470
1412	100000000000080659	suu_san	6467
1413	1100000000000080105	タッキー2011	6464
1414	1500000000000004047	＊柾＊	6448
1415	500000000000074469	ミズキング	6442
1416	400000000000081742	scrap	6439
1417	200000000000002825	ご主Pサマbot	6436
1418	1000000000000008206	nocchi	6424
1419	200000000000005030	mogup	6422
1420	1400000000000056068	コマイヌ	6411
1421	1300000000000003819	はりあ。	6381
1422	900000000000093913	On	6377
1423	1200000000000080952	ずかもと	6361
1424	61184	hr	6360
1425	700000000000028813	みゅうみゅう	6346
1426	700000000000003267	がんのすけ	6315
1427	800000000000027795	ティーチ	6281
1428	1000000000000000251	jonah	6278
1429	300000000000052790	エンディ	6269
1430	400000000000001315	りゅういち	6194
1431	1400000000000023601	kj3	6183
1432	900000000000041811	はっしー	6174
1433	1300000000000050103	ベアタンク	6162
1434	1000000000000010090	サクラザワ	6138
1435	1100000000000030645	アオハナ	6132
1436	1300000000000033382	きみきみっち	6128
1437	1000000000000085291	しあら	6119
1437	1300000000000001868	Nao-Style	6119
1439	100000000000061374	リョウ	6102
1440	700000000000007687	P-alette	6092
1441	1500000000000051348	るぴ	6090
1442	1200000000000073870	キザハシ	6073
1443	900000000000079213	いちご	6066
1444	1200000000000033081	れた	6058
1445	100000000000000028	いまち@同僚さん募集中	6054
1446	500000000000096731	ブラッキー	6038
1447	1300000000000030231	麻里【箱庭イベ仲間様感謝】	6031
1448	100000000000080447	YY	6028
1449	61866	びーん	6000
1450	200000000000085575	ひじりゃー	5994
1451	1300000000000044837	かっすぃー	5975
1452	100000000000037645	コモモ	5953
1453	700000000000061932	い-じ-	5945
1454	4699	どりあん大佐	5922
1455	800000000000008057	リョージ	5864
1456	700000000000006665	ガンダールヴ  アイマス以外inしません	5861
1457	1000000000000044673	みや （求む！応援申請   ）	5855
1458	1200000000000008383	もふもふ	5852
1459	400000000000009314	ウェザー	5851
1459	1400000000000075315	N.N.	5851
1461	1300000000000058841	胡麻塩ふりかけ	5845
1462	1000000000000082344	爆龍	5841
1463	1500000000000035406	相沢くん	5805
1464	600000000000050709	よへよ	5784
1465	500000000000091560	ぽにょ	5777
1466	100000000000042094	子猫P	5776
1467	700000000000036209	ユキ	5773
1468	700000000000001311	すだち	5761
1469	900000000000093266	SGR	5760
1470	1200000000000010793	喜助	5758
1471	1200000000000075316	急接近	5737
1472	52633	osakana13	5733
1473	300000000000020205	Tsumi	5728
1474	100000000000001914	ルシフェル	5727
1475	1100000000000010479	ｸﾛｽﾛｰﾄﾞ	5681
1476	96350	gold	5680
1477	200000000000015348	くま５６	5673
1478	200000000000006328	ユキ	5672
1479	1200000000000037690	ガオ	5671
1480	200000000000008030	たなおろし	5667
1481	400000000000001973	MとM	5644
1482	1200000000000001730	寝ぐせ	5638
1483	300000000000052088	すねいく(MZD)	5635
1483	800000000000004822	刹那	5635
1485	200000000000007524	ﾊﾞﾆｵ	5634
1486	100000000000092161	クロスムーン	5631
1487	100000000000051521	たぶ	5626
1488	200000000000004925	ノグチ	5621
1489	600000000000005393	古河	5619
1490	100000000000023702	☆mamichan★	5604
1490	900000000000002826	シュン	5604
1492	1500000000000014260	セレンゲ	5602
1493	600000000000078250	豆腐おじさん	5598
1494	600000000000097530	ﾌﾗﾜﾊﾊ	5590
1495	100000000000098540	まくら	5581
1496	700000000000081153	echiu	5579
1497	800000000000026888	ｱﾒｼｮｰ(震災支援活動中)*全遅*	5578
1497	1500000000000082264	poke	5578
1499	800000000000086087	楽聖	5567
1500	1400000000000056085	ゆっきー@相互埋め募	5563
1501	1400000000000003726	た○ざわ	5559
1502	400000000000029107	かずま	5552
1503	100000000000022940	KAI-KUN	5533
1504	1500000000000095903	おーるり	5523
1505	76112	衿華	5504
1505	1400000000000002813	下僕	5504
1507	600000000000004049	しんいち	5492
1508	600000000000002615	Phantom	5488
1508	1100000000000085252	riku	5488
1510	1100000000000000248	さぶろー	5487
1511	1000000000000037231	GRAMAS_P	5463
1512	97258	京介	5450
1513	1100000000000020580	こかとりす	5437
1514	69495	ハル	5436
1515	1400000000000052921	ガマオ	5427
1516	1500000000000009947	山Ｃ	5408
1517	700000000000000471	フミ3F	5402
1518	1000000000000058705	ハルン	5398
1519	200000000000098210	らすく	5372
1520	1300000000000053269	ぶっちー	5367
1521	900000000000020117	ジュン	5355
1521	1200000000000019743	ユズミ	5355
1523	1400000000000000843	qun	5333
1524	800000000000005624	TOGO	5329
1525	700000000000052541	かずき	5325
1526	91990	海老ボクサー	5295
1527	900000000000057436	アイス	5263
1528	800000000000099134	うろたえるもの	5262
1529	900000000000040055	龍	5260
1530	400000000000001031	竜太	5249
1531	100000000000008097	しんちぴ	5248
1532	1000000000000054309	841@大神環道場	5238
1533	1400000000000061401	みー	5226
1534	200000000000015667	グレート・カト	5222
1535	1300000000000022676	m78	5221
1536	1500000000000005162	サキガケ	5220
1537	600000000000001290	でぃれっつぁ	5219
1538	300000000000029653	ゴルゴ◇スマホ不調気味(^_^;) 充電されない時がある･･･	5208
1539	2894	KK	5206
1539	500000000000005232	タムちゃん	5206
1541	1300000000000098406	桑原テルル	5205
1542	1500000000000036361	Ｏ！Ｗ	5197
1543	700000000000016051	ROSBETH	5186
1544	800000000000002141	ちびぬこ	5185
1545	97638	イケ	5184
1546	500000000000004264	だいなっきす	5172
1547	1400000000000011098	ploju	5171
1548	1200000000000002920	ケーエフP	5162
1549	1100000000000035572	カズGT:IGに演奏動画up中♪	5161
1550	1000000000000083651	せつな	5158
1551	1400000000000000418	ホヒ爺	5152
1552	800000000000032077	グレイソン	5140
1553	700000000000094884	Tomas	5138
1554	100000000000097388	博	5131
1555	1200000000000026050	ぼけたみけ	5130
1556	900000000000051916	わかば	5129
1557	1000000000000023772	赤いきつね	5126
1558	900000000000004752	さむちょん	5109
1559	600000000000003642	風葉　	5097
1560	1100000000000008659	みくるりん	5094
1561	1100000000000041376	Reien	5087
1562	500000000000005168	ｽﾄｲﾙ	5085
1563	300000000000080976	ナナ	5079
1564	1400000000000047744	しずくさ	5063
1565	1100000000000017672	大阪太郎	5040
1566	1400000000000012018	とも	5030
1567	1400000000000058893	キヨハル	5028
1568	1400000000000081368	his@P	5026
1569	1200000000000019020	ブチャラティ	5022
1570	700000000000080672	たろいも	5004
1571	700000000000003790	ｿｰｲﾁ	4998
1572	200000000000009308	georges128	4984
1573	200000000000001923	sia＠	4970
1574	29354	金さん	4968
1575	800000000000015898	風尻尾	4943
1576	900000000000011114	ほうでん	4932
1577	500000000000001946	零音	4928
1578	1400000000000013191	たいたん	4924
1579	1500000000000091463	緑茶葉	4921
1580	1200000000000097783	えりまき	4908
1581	900000000000074091	スナフニャン	4904
1582	700000000000007477	ｱﾙｶｰﾄﾞ	4897
1583	99489	ももぱぱ	4890
1584	600000000000072115	Taka	4888
1585	500000000000002738	GAKU	4883
1586	300000000000000760	ヒロ	4861
1587	1000000000000098575	三郎	4857
1588	1400000000000026688	逆矢	4834
1589	200000000000002210	よっさん	4832
1590	1000000000000052271	ブラウン管	4823
1591	1400000000000045216	かきくくた	4818
1592	900000000000072197	やぎ	4814
1593	1300000000000076781	ロベルトうちの	4810
1594	800000000000096637	あぇあぇ	4806
1595	600000000000049776	まー	4802
1596	400000000000099183	Player 1007401140	4798
1597	300000000000078390	折り紙オタク	4793
1598	1000000000000001764	regiosu	4790
1599	1500000000000006928	はるたん	4788
1600	600000000000077302	かず	4760
1601	1200000000000005396	シズぽん	4758
1602	1100000000000000975	REVIN	4752
1603	300000000000093518	祐介	4742
1604	500000000000094210	Player 1005999781	4737
1605	1100000000000018212	ごん	4736
1606	400000000000096239	スリップ	4732
1607	600000000000077577	カバーず	4725
1608	500000000000008784	kuvi	4700
1608	700000000000097306	いずくま	4700
1610	1400000000000052775	モーリー	4688
1611	600000000000093110	ネコ鍋	4681
1612	200000000000029288	ストラーダ	4676
1613	400000000000004168	zoo	4664
1614	1500000000000026228	雪丸	4658
1615	500000000000061851	マスオ	4650
1616	800000000000001549	マッハサンデー（やすくにP）	4648
1617	400000000000048224	かず	4644
1618	1400000000000076683	マスヨシP	4641
1619	1300000000000047057	雄夏	4620
1619	1500000000000001741	【休職中】横須賀のＫＵＤＯ	4620
1621	200000000000053071	gp-0	4617
1622	100000000000016600	みやいち	4616
1623	1400000000000052537	クルクル	4615
1624	1000000000000082070	まな	4611
1625	1400000000000007783	Ray	4568
1626	300000000000073435	nop	4566
1627	1300000000000004143	ヒロ氏	4564
1628	400000000000010736	た	4563
1629	400000000000099086	刻星蒼真	4549
1629	1000000000000083987	白虎	4549
1629	1300000000000054463	やんちゃ坊主	4549
1632	300000000000055813	Mon-Cala@ｱｲﾄﾞﾙ式ｷｬｯﾁﾎﾞｰﾙat日本武道館	4531
1633	500000000000052365	NA.SU-VI	4510
1634	1000000000000003160	ＳＱＵＡＲＥ	4493
1635	1500000000000083482	バーロー	4474
1636	500000000000099671	げんげん	4471
1637	56164	山手車掌	4465
1638	500000000000051924	日和見	4462
1639	200000000000087435	我那覇響	4457
1640	600000000000098316	カザ	4425
1641	700000000000005923	かぁくん	4400
1642	300000000000047857	黒田銭蔵(ピザブラック代表取締役)	4398
1643	1500000000000052004	羅針盤	4377
1644	200000000000003881	Sou	4363
1645	900000000000094216	グリンゴッツ	4359
1646	1500000000000099543	のり	4355
1647	500000000000062440	wyi	4344
1648	1500000000000060898	昌幸	4336
1649	900000000000008252	ハジ	4320
1650	1400000000000023608	みも	4315
1651	700000000000085692	おいそれ@	4311
1652	1300000000000030492	sail	4310
1653	900000000000074683	ketty578	4295
1653	1000000000000092258	harumaki	4295
1655	955	機動紳士	4284
1656	400000000000091402	翠楓@同僚募集中	4247
1656	1400000000000029010	きたまさ	4247
1658	1200000000000016069	シェダ	4232
1659	1300000000000055724	れいん	4231
1660	700000000000086997	鈍器	4230
1660	1300000000000096365	Y'n	4230
1662	400000000000072940	二遊間真っ二つ	4219
1663	100000000000061654	ソーイ	4216
1664	1200000000000074178	渚	4207
1665	1100000000000005505	クリープ	4201
1666	300000000000032600	AZ	4192
1667	100000000000093465	GO	4183
1668	1500000000000033254	のわ～る	4172
1669	600000000000000150	さんさん	4152
1670	1300000000000078486	天狐	4148
1671	200000000000027549	NINARICH	4145
1672	1100000000000003910	蒼次郎	4144
1673	1400000000000081565	しーさにー	4141
1674	1000000000000020077	ゆむ	4135
1674	1300000000000005032	どこぞのＰ	4135
1676	1100000000000052367	すくみず	4126
1677	1077	Pool	4110
1677	100000000000099118	リドリー	4110
1679	1500000000000092666	五色	4106
1680	1300000000000002479	shin	4104
1681	200000000000096971	水性ナス	4102
1682	300000000000029743	ふなふてぃ	4090
1683	300000000000003112	ヒビキ	4077
1684	1200000000000015824	ターボ	4075
1685	80215	みつこ	4071
1686	1400000000000022311	BlacK20	4051
1687	300000000000003867	柑橘系P	4039
1688	1000000000000047736	やぎっち	4034
1689	1200000000000003020	トンマーゾ	4006
1690	1500000000000055610	ARIA	4003
1691	1000000000000079024	慈猿	3990
1692	1300000000000007261	ぼうちゃん【】	3972
1693	1500000000000008782	きみ。。。。。	3970
1694	1300000000000000570	AKF	3969
1695	1200000000000073830	クロフィル	3967
1696	600000000000044562	7371	3949
1697	1200000000000074683	諒	3948
1698	500000000000003035	kazuki	3945
1699	200000000000001302	ばっくす	3922
1700	300000000000079995	Малина	3914
1701	1400000000000052519	charles	3912
1702	900000000000050383	だい	3906
1703	1100000000000002464	ゆの	3900
1704	900000000000006850	びくていに	3893
1705	300000000000005734	ナントカ	3886
1706	1100000000000021111	月・影・舞・華NANA 極遊會救援*	3879
1707	1100000000000074788	sinzi@出）ＢＭＤ亜ひな　求）朋宮佐琴歩福姫憐風ジ瑞　以外	3874
1708	900000000000000436	りんご酢	3868
1709	900000000000011282	けんざぶろーちょっと釣りをお休みしますm(__)m	3864
1710	800000000000006160	雪女の氷麗	3843
1711	1100000000000011237	咲夜	3839
1712	100000000000075026	maukumana	3808
1713	1400000000000045226	Paris (･ω･)	3792
1714	100000000000030523	Minis	3780
1714	500000000000000455	nikoru	3780
1716	400000000000097034	fial	3777
1717	1300000000000092503	たけし	3776
1718	900000000000015741	kikikimasaki	3765
1719	1100000000000017210	めーがす	3764
1720	200000000000094919	涼介	3745
1720	1100000000000006713	ひつじばね	3745
1720	1500000000000046446	ますと	3745
1723	800000000000097965	ドマ	3744
1724	100000000000003139	そんちょ	3729
1725	1500000000000044138	くろろ	3718
1726	400000000000037076	クオン	3710
1727	700000000000052715	teralympic	3708
1728	900000000000053501	jury	3692
1729	1000000000000006752	影王	3676
1730	1400000000000004614	えのく	3671
1731	100000000000006573	ゆう	3669
1732	200000000000078277	わき	3667
1733	300000000000012203	清兵衛	3660
1734	900000000000006655	もーりー()	3659
1735	1200000000000001806	Uターン	3657
1736	1400000000000076724	よしの	3654
1737	300000000000043860	いち	3653
1738	1300000000000078374	真鈴	3650
1739	600000000000085331	やー	3648
1739	1400000000000005017	tone	3648
1741	600000000000006942	ほろくさ	3644
1742	300000000000035637	Ｃ	3641
1743	1100000000000062332	ゆうき	3639
1744	100000000000086682	sheepy236	3618
1745	400000000000051895	ジリト	3615
1746	1400000000000007100	武ちゃんは17歳P	3614
1747	700000000000077562	ナマコプロ	3609
1748	1200000000000028419	いえっさ	3591
1749	800000000000097248	Air	3571
1750	700000000000077580	蟹蟹蟹	3563
1751	200000000000076498	あかすり	3557
1752	500000000000008229	かじゃふき	3552
1752	500000000000098552	しんしん	3552
1754	1000000000000070205	ぽちょむきん	3549
1755	57597	アキ	3543
1755	1200000000000081992	nut	3543
1757	1100000000000076575	take	3540
1758	500000000000081242	Player 1004445637	3534
1758	1100000000000019451	かみにん	3534
1760	3126	えりーぜ	3530
1761	800000000000098387	ドロリッチ	3528
1762	100000000000022532	でんきスタンド	3524
1763	1400000000000080252	Player 1004161694	3514
1764	900000000000098750	いりごま	3511
1765	700000000000011807	ユッキー	3505
1766	1400000000000009899	ふっちゃん	3499
1767	600000000000059433	ハンク	3496
1768	400000000000023579	鬼咲	3495
1769	200000000000013601	ｼﾞﾀﾞﾝ18世	3488
1769	800000000000001380	ぴすけす	3488
1771	500000000000096551	108	3487
1772	1100000000000000234	T-Tomonori	3476
1773	300000000000028562	沼地	3472
1774	200000000000088568	ミツナリッチ	3454
1775	700000000000023023	幽谷響	3438
1776	300000000000080028	Player 1004252259	3432
1776	1300000000000030097	tor	3432
1778	1500000000000029573	指揮官B	3422
1779	900000000000062571	sknow	3420
1780	900000000000001626	ちぇあー	3409
1781	74437	水陸両用	3402
1781	200000000000049181	どせい	3402
1783	600000000000001234	NOT DiGITAL	3392
1784	100000000000010242	桃夜	3387
1785	800000000000055987	眞下	3383
1786	1500000000000076964	mare_53	3374
1787	500000000000093972	味噌煮込みおうどん	3372
1788	500000000000080035	sword	3361
1789	100000000000003231	伝助	3360
1789	200000000000011191	ドルべ	3360
1791	700000000000009474	インティライミP＠盛岡公演来るまで隠居	3357
1792	800000000000026197	澪ちゃ	3340
1793	1500000000000005834	イージィ	3329
1794	900000000000055639	しうす	3315
1794	1000000000000093043	ぷんこす	3315
1796	500000000000003423	カオス	3314
1797	500000000000081259	バーニャ	3313
1798	1200000000000053062	よつばねぎ	3312
1799	79235	えびもと	3309
1800	700000000000021569	ちくわ	3307
1800	800000000000004717	tttr	3307
1802	200000000000012613	ぐーるー	3306
1803	800000000000038733	凸攻	3304
1804	100000000000081772	Seran	3295
1805	400000000000002491	kenken1	3276
1806	1000000000000061102	murakenzu	3269
1807	700000000000092188	yst	3263
1808	300000000000044057	かずき	3262
1809	200000000000017567	ひで	3252
1810	600000000000096975	TI46	3242
1811	200000000000061860	ともみ★たかみな押し	3234
1812	1500000000000005836	シェルパ	3233
1813	1100000000000094672	とーおか	3215
1814	1100000000000098274	Player 1007072123	3202
1815	900000000000077375	流雲劍	3198
1816	100000000000055769	gut	3188
1817	900000000000096733	Player 1006527401	3164
1818	400000000000021577	あたりめ	3156
1819	700000000000002648	佑	3143
1820	1400000000000006414	けいけい	3142
1821	300000000000095429	ごなーるえふ	3139
1822	1000000000000097138	tkp	3138
1823	500000000000033143	ムンクさん	3129
1824	400000000000077919	こつぶ	3126
1825	600000000000076283	くろ	3125
1826	1000000000000010419	hds	3124
1827	700000000000017146	ミリペソ	3120
1828	100000000000083914	つけまい	3116
1828	600000000000006054	西野	3116
1830	100000000000038575	ショウヤ:D	3110
1831	1200000000000016518	センス神	3109
1832	200000000000003880	エンペ	3102
1833	800000000000051288	(仮)	3088
1834	200000000000003815	葉月	3086
1835	100000000000010353	たかくん	3084
1836	1000000000000056194	Hibiki	3081
1837	1500000000000098146	いちいち	3069
1838	100000000000004474	souge2	3066
1838	500000000000009818	西園	3066
1840	900000000000040381	ohoho	3062
1841	200000000000045234	ｓｏｌａ	3060
1841	900000000000055689	ぜろりん	3060
1843	1100000000000007290	10mo	3053
1844	100000000000096519	甲楽城権兵衛	3043
1845	800000000000068557	アイソン	3032
1846	900000000000050441	ミルクティー	3025
1846	1000000000000031818	とらたん	3025
1848	500000000000052382	nezu3	3020
1849	1200000000000051700	油屋	3007
1850	600000000000096254	ヒラタツ	2999
1851	300000000000044222	SHIN	2995
1851	1000000000000015103	renew	2995
1853	1100000000000080116	だれか	2994
1854	600000000000062650	わんおく	2992
1855	500000000000085543	フクスケP	2988
1855	1000000000000097191	ねる	2988
1857	800000000000096742	いしわたん	2985
1858	400000000000096854	くらげ	2981
1859	600000000000074062	やきとり	2978
1860	900000000000005108	mio	2976
1861	500000000000014178	なかにー@毒	2962
1862	800000000000004149	しー	2960
1863	1200000000000000483	桃桃白	2947
1864	400000000000033010	Reco	2940
1865	100000000000096217	utumuki	2933
1865	400000000000039229	sayuka	2933
1867	800000000000037414	ろーば	2932
1867	1200000000000053718	成田	2932
1869	500000000000086943	Player 1005184485	2926
1870	400000000000097037	riki	2922
1871	700000000000083720	せのー	2911
1872	600000000000080759	ノエタン	2906
1873	400000000000097250	ガラスのメンタル	2902
1874	1400000000000099852	ハチミツボーイ	2898
1875	300000000000015723	北習志野	2894
1876	1000000000000086935	どばどば	2889
1876	1200000000000001328	こアみ	2889
1878	400000000000000732	Κ－α＠多忙in低下中	2873
1879	1500000000000050204	素敵な音色Ｐ：every?ing!３９公演千秋楽！木戸ちゃん、エリイちゃんに感謝	2844
1880	1300000000000004980	マコムロ	2840
1881	700000000000029044	ノブ	2837
1882	400000000000019664	ステージレフト	2836
1883	1500000000000097942	アギト	2828
1884	500000000000043276	Take_Kaz	2822
1885	800000000000012826	お～いお茶ン	2820
1886	1000000000000037459	カイザーリング	2816
1887	1100000000000096886	はぐれデーモン	2814
1887	1300000000000007312	エヴァネス	2814
1889	400000000000033911	阪神	2807
1890	1400000000000027027	アラン．AR	2805
1891	700000000000079739	YUIX真田	2802
1891	700000000000091206	とらのたまご	2802
1893	400000000000078667	そと	2800
1894	400000000000036412	ジョン	2796
1895	100000000000096069	こん絶	2795
1896	400000000000000006	煉瓦	2782
1897	1500000000000001117	もちもち＋	2780
1898	200000000000060041	長月	2776
1899	100000000000077041	ぽれぽれ	2766
1899	400000000000079065	ヨッシー	2766
1901	1400000000000020343	マルマン	2760
1902	100000000000099518	Ben Yang	2752
1902	1300000000000088142	まつこ	2752
1904	600000000000031677	スタートスター 双海 真美/亜美	2749
1905	1200000000000052930	パセリ	2746
1906	700000000000082198	武蔵乃森	2739
1907	700000000000096802	Infinite	2736
1908	1100000000000093239	まどまど	2728
1909	1100000000000053444	ラセツオニガシマ	2725
1910	1000000000000000674	あに	2706
1911	1200000000000026114	ヒロひろ	2705
1912	800000000000073824	ava	2702
1913	500000000000097110	対馬蝦夷守智典	2699
1914	16687	おのっち	2696
1914	500000000000029102	わたりんこ【ダビ伝】	2696
1916	800000000000046861	結希	2685
1917	1200000000000006547	pochi11	2682
1918	400000000000094329	あやな	2681
1919	1000000000000098491	ナボナ	2679
1920	1100000000000038282	ATM	2670
1921	100000000000087203	momzombie	2669
1922	1300000000000053755	ヨル	2663
1923	1500000000000021449	こけたおりの	2662
1924	1100000000000081534	Las	2655
1925	800000000000086437	umin5571	2653
1925	1500000000000091980	ハゲ茶瓶2	2653
1927	900000000000039249	はる	2652
1928	1300000000000046810	もち	2649
1929	900000000000016461	なた	2633
1930	700000000000009459	ショコラ	2621
1931	1000000000000027747	ﾖｯｼｰ	2620
1932	700000000000098147	0316	2619
1933	1300000000000052588	まっは	2618
1934	1300000000000004254	びは	2613
1935	900000000000005178	ラテじぃ	2610
1935	1400000000000097182	塩缶	2610
1937	500000000000009563	フィオレ	2595
1938	500000000000046782	ぶちメガネ	2591
1939	200000000000003513	ユタカ	2583
1940	1400000000000096697	ガルベス	2579
1941	38187	昼夜	2577
1942	100000000000052120	きぬたに	2572
1943	1500000000000074105	jott	2569
1944	1500000000000007189	くろいち	2565
1945	1000000000000011119	クライ	2550
1946	500000000000001146	青銀星☆	2545
1947	400000000000047034	Percy	2538
1948	700000000000024719	潔白	2537
1949	1400000000000068853	Takit	2534
1950	100000000000051475	迷い猫	2520
1950	500000000000052221	りんかな	2520
1950	800000000000077672	さぶろお	2520
1953	900000000000044399	綾瀬葵	2510
1954	61307	アキ	2508
1954	1200000000000045573	あか	2508
1956	600000000000074949	kasane	2502
1956	1200000000000069224	しんちく	2502
1958	800000000000078804	リョウ	2496
1959	3479	アッシュ	2488
1960	400000000000076045	きのぴ	2480
1960	1500000000000046775	ストッカー	2480
1962	1200000000000096093	ユーマ	2458
1963	100000000000072518	こむすび	2456
1963	1100000000000014052	y.k	2456
1965	600000000000012930	アキト	2454
1966	1100000000000096279	ミリ娘	2450
1967	1400000000000074663	ギン	2446
1968	1400000000000005584	★★★★ケロつぴ★★★★	2433
1969	74954	liveluck	2429
1970	1200000000000055845	ゆーたろ	2426
1970	1300000000000052945	Ctake	2426
1972	100000000000019305	イムニティ	2418
1973	800000000000097652	sato	2416
1974	600000000000077028	れいろん	2414
1975	300000000000036527	こうさか　(求)マイコメHN(出)手持ちHN	2406
1975	400000000000095584	ほりえ	2406
1977	500000000000099491	香取	2389
1977	1200000000000055319	カーレ センリノアルゥ	2389
1979	1500000000000040149	GW	2382
1980	1200000000000092516	Player 1005764572	2380
1981	1100000000000085753	約束された勝利の剣	2367
1982	1500000000000085567	モートン	2364
1983	1500000000000002473	凡人	2362
1984	50019	ハワイアン♂★	2356
1985	800000000000040562	なお	2353
1986	700000000000037220	MYU	2340
1987	400000000000091162	きびだんご	2336
1988	80506	どぅ	2332
1989	400000000000020616	ＲＹＯ	2326
1990	100000000000096446	Player 1006400769	2321
1991	1000000000000012888	けよりな	2317
1992	500000000000014488	鷹音	2316
1993	100000000000047327	まるたんぼ	2309
1994	800000000000095937	キドニー	2295
1994	1500000000000096766	ジョニー	2295
1996	1200000000000004784	たんたかたん	2287
1997	100000000000086900	mujin	2286
1998	100000000000028953	みつね	2282
1999	1000000000000006957	Elico	2251
2000	1200000000000034823	ヤマト	2247
2001	1000000000000097205	ジーノ	2235
2002	46491	フリー	2231
2003	100000000000000721	植木鉢	2230
2004	200000000000088682	さきにに	2224
2005	1100000000000097829	八位	2223
2006	1200000000000042263	SYU☆彡	2217
2007	700000000000096774	のずみ	2214
2008	700000000000013574	dbqqs1K515	2200
2009	100000000000081910	かんくろう	2198
2010	88566	ひまわり	2194
2011	800000000000097064	なかじま	2193
2012	1500000000000080981	TC	2192
2013	1400000000000001210	deko	2187
2014	1300000000000075133	Squeeze	2184
2015	1356	ﾌｧﾝﾄﾑP/ダークマター迷彩獲得	2183
2016	400000000000001290	ﾕｰﾀｽ SprouT	2177
2016	1400000000000045900	Nao	2177
2018	1000000000000011447	きりたんぽ	2173
2019	600000000000007414	吉野	2172
2019	1100000000000005650	ディオニュソス	2172
2021	800000000000010340	デーコフ	2160
2022	500000000000054482	ヘリウム	2152
2022	600000000000039361	ダークホース	2152
2024	1100000000000052091	翔鶴	2138
2025	1200000000000000811	こやゼロ	2133
2026	1500000000000025700	ヴェネト	2128
2027	1500000000000007695	のぶりん	2126
2028	1300000000000033403	雪ノ狐	2120
2029	700000000000062523	voip21	2115
2030	300000000000084984	霧ヶ峰	2111
2031	300000000000044905	Tokky	2103
2031	500000000000055638	らみ	2103
2031	700000000000029720	瑠華	2103
2034	1500000000000004768	アスパラ	2097
2035	1500000000000007125	タツヤ†TF-α team-UT†	2086
2036	1000000000000080188	Kon	2080
2037	200000000000062198	ユキワリ	2072
2038	24	道産子	2058
2038	200000000000096363	神楽	2058
2040	900000000000012445	西崎ちこ	2053
2040	1000000000000026546	なう	2053
2042	1000000000000005052	ポテコ	2040
2043	700000000000052867	かれん	2037
2044	100000000000085262	エモっさん	2027
2045	200000000000065402	もぃ	2026
2046	600000000000077519	クルミ	2023
2047	1500000000000012256	木暮	2021
2048	100000000000000733	hiz	2019
2049	1300000000000046944	泡猫	2008
2050	1300000000000080396	次郎ちゃん	2006
2051	1400000000000005792	――――	2001
2052	300000000000003959	タケちゃん	1991
2053	1400000000000099338	ケットシー	1987
2054	600000000000002602	鳥谷瑠美	1986
2055	100000000000078075	雄ちゃん	1972
2056	800000000000071516	ベイブ	1971
2057	1200000000000068902	ヒロシ◎	1961
2058	99807	夏越	1960
2059	100000000000075494	ぱなどぅ	1959
2060	400000000000065790	わくたー	1952
2061	900000000000002162	くだ＠花粉症終了(*^^*)	1950
2061	1000000000000077049	さかとも	1950
2063	500000000000098777	Rewrite	1945
2064	800000000000033729	よるごみ	1943
2064	1400000000000000352	めたいぬ	1943
2066	1000000000000003560	らるふぁ	1942
2067	700000000000008811	SHANA	1939
2068	1100000000000024945	kagenori＠美希狂＠ばくしといふ愉悦	1938
2069	100000000000011651	ゆきまる	1936
2070	600000000000008554	キヌ	1934
2071	1400000000000085446	ボンボン	1930
2072	800000000000001982	ゼルダ	1928
2073	1000000000000021746	plum	1920
2074	1400000000000002879	ぴかるん＠秋月	1916
2075	500000000000060784	どむ	1915
2076	700000000000052516	シン	1893
2077	1300000000000058119	ましろ	1882
2078	800000000000090691	はるか	1881
2079	600000000000084253	まぁ～ちゃん	1880
2080	28210	†セフィリア†	1879
2081	1000000000000097246	fullmetal	1872
2082	700000000000082421	じゅんぺい	1871
2083	17709	△ぬっくん 乙※相互割愛でお願い(^o^ゞ参戦&お誘いありがと～(^o^)/	1865
2084	900000000000079168	マチダ店員	1864
2085	800000000000002134	クルト	1863
2086	1500000000000096254	みそしる	1859
2087	1100000000000000407	ジャイロ	1858
2088	1000000000000057558	SEVEN	1857
2089	200000000000052815	＊まこってぃ＊	1856
2090	1200000000000020473	コーディー(おちゃ)	1850
2091	400000000000096027	あか	1848
2091	600000000000098322	ヨッシー５	1848
2093	500000000000052210	あっきー	1840
2094	600000000000015888	しらいし	1834
2095	700000000000082010	grow?	1830
2096	400000000000043125	海月	1827
2097	1500000000000087168	たこ焼き	1824
2098	1300000000000000857	にゃー	1823
2099	900000000000056236	せつな	1821
2100	1300000000000003487	kiki	1816
2101	1200000000000002724	麻耶	1808
2102	900000000000053098	クロード	1806
2103	500000000000080556	musi	1792
2104	73835	29にっく(幸福こい)	1790
2105	1100000000000058408	コウシ	1788
2105	1200000000000046682	チュ・パリ	1788
2107	1300000000000083074	てるめいる	1786
2108	400000000000054343	はるね	1785
2108	1000000000000008796	ヤマダ	1785
2110	1200000000000086456	ラットル	1783
2111	1200000000000015269	あかねちん	1782
2112	400000000000046229	不知火ゆの	1776
2113	700000000000016741	夏維	1772
2114	200000000000004237	にゃんこてんてー	1764
2115	1300000000000087002	ニキ	1759
2116	800000000000074884	唐草	1752
2117	100000000000093970	ネコタル	1748
2117	300000000000066521	りょう	1748
2119	700000000000013780	灰神楽	1743
2120	800000000000084195	澪	1742
2121	1200000000000039757	万年睡眠不足	1740
2122	700000000000081476	ニックネーム	1738
2123	700000000000006569	agetoh	1734
2124	600000000000029333	ζ*'ヮ')ζじゅり	1728
2125	100000000000000513	しえすた	1715
2126	700000000000080541	キュウ	1714
2127	1300000000000001656	アマラ	1713
2128	200000000000001138	Lucifer1109	1710
2128	400000000000032657	トリトン	1710
2130	1000000000000037335	lecica	1704
2130	1400000000000076980	アリアス	1704
2132	1400000000000052703	thinkthank	1697
2133	1000000000000052064	ﾘﾁｬｰﾄﾞ@Σaaya	1696
2134	500000000000039341	バハムート	1694
2135	200000000000013427	みか	1693
2136	1100000000000001637	みげ	1692
2137	500000000000099551	そりあん	1689
2138	1500000000000010274	みずこな	1683
2139	100000000000000078	伊集院☆確斗	1680
2140	1400000000000077893	リョウト	1678
2141	1500000000000004725	hissa	1672
2142	400000000000076354	たすさん	1668
2143	600000000000098227	キング	1664
2144	700000000000072952	ティン	1663
2145	100000000000086997	天月隼太朗	1661
2146	900000000000085687	クマスター	1656
2147	700000000000006328	病み鍋	1647
2148	4097	チップ	1642
2149	300000000000006612	レオP@STANDING ALIVEで殉職	1640
2150	1100000000000072846	チューブわさび	1636
2151	1300000000000096787	メロントロン	1627
2152	400000000000047760	泉そうじろう	1622
2153	100000000000045372	シリウス	1614
2153	1200000000000075325	ババロア改二.5	1614
2155	1300000000000087140	まかろん	1611
2156	35972	シュウ	1609
2157	300000000000092548	オカピバラ	1608
2158	1200000000000010107	国際救助隊	1606
2159	200000000000082465	Player 1004580018	1605
2160	1500000000000050960	なっしゅ	1600
2161	200000000000091267	shu539	1589
2162	400000000000055948	moai	1584
2162	1300000000000044718	てったん	1584
2164	300000000000093176	バス	1579
2165	200000000000030488	桜野マリ	1576
2165	1100000000000051752	ほほほほい	1576
2167	1100000000000054335	snow*	1574
2168	1000000000000033781	さかなパワー	1573
2169	700000000000001457	でゅらごん	1570
2170	300000000000031995	トキ	1568
2171	400000000000003424	現役聖闘士	1567
2172	600000000000028810	リードキット	1562
2173	900000000000006431	バゼゼだん	1554
2174	15491	楼	1545
2174	1500000000000022054	ウォルター・ウルフ	1545
2176	1400000000000081573	shin_you	1543
2177	700000000000016679	コニー	1534
2177	1000000000000084658	A@K	1534
2179	1000000000000042787	はっぴい	1532
2180	600000000000002955	em	1530
2181	100000000000055871	ぼのの	1526
2182	1200000000000013042	とーふや	1520
2183	100000000000032702	ロン（闘＆遊）ＯＫ	1517
2184	700000000000099888	里那	1507
2185	100000000000032357	すえすえ～厳しい第三者の目で～	1499
2185	1000000000000055264	ドルヂ	1499
2187	200000000000080606	ゆうご	1494
2188	500000000000062927	白玉	1490
2189	1300000000000020324	ソルバルウ	1483
2190	900000000000002124	ちゃんこ	1482
2191	97485	りべるね	1479
2192	300000000000092518	mau	1478
2193	7789	yun	1477
2194	1100000000000000811	快盗レトルト	1467
2195	1400000000000095332	ラフランス	1465
2196	1100000000000079982	かまぼこ	1463
2197	12619	狩舞海	1459
2198	1000000000000012654	KOT	1454
2199	600000000000098996	shankai	1449
2200	1500000000000000115	九重	1442
2201	33365	ちょめ助【協力感謝♪】	1439
2202	400000000000012260	あすまん	1432
2203	900000000000096826	あんこ	1427
2204	500000000000096065	みやび	1421
2205	200000000000010548	壽壽	1415
2205	600000000000004803	アルス†	1415
2207	300000000000095913	テル	1402
2208	900000000000010572	まき	1395
2209	1100000000000034134	トムキャット	1394
2210	1100000000000001405	まさい@糖質制限90→82→80.5kg	1392
2211	300000000000007473	お腹痛い	1390
2212	800000000000079860	ライト	1389
2213	1000000000000094323	ぷるノ介	1376
2214	700000000000093749	のいに	1370
2215	300000000000048107	ﾂﾗﾇｲ	1351
2216	3275	ふーしゃ	1345
2216	700000000000005319	真紅眼の黒龍	1345
2218	100000000000003833	白花	1343
2219	1000000000000097204	くみちょー	1339
2220	800000000000095938	トーマ	1333
2221	300000000000052307	B茶	1326
2222	1200000000000061983	kuma	1323
2223	1200000000000009943	きっためん	1315
2224	1200000000000059711	blackpillow	1314
2225	1200000000000020994	ジュン	1311
2226	800000000000009718	エリカ	1308
2227	200000000000001006	ハム子	1301
2227	300000000000086220	える	1301
2229	500000000000005286	マッシー	1297
2230	1300000000000004814	やすりん	1296
2231	900000000000004978	えぷ	1292
2232	1000000000000056312	☆チェリオ☆	1290
2233	1500000000000003361	残月	1289
2234	1400000000000030523	ｵｰﾉ	1286
2235	700000000000084105	ちくわ@中二病所属	1283
2236	1000000000000099523	いとへろ	1280
2237	1000000000000023831	もいら	1279
2238	800000000000053754	けむり	1278
2239	700000000000059095	閃洸	1276
2239	1400000000000051258	コロ	1276
2241	600000000000000311	ラモン園長	1274
2242	1200000000000085002	よしのん	1269
2243	1100000000000099363	spinto	1265
2244	99415	Player 1007319552	1263
2245	100000000000099499	シンザンP	1262
2246	600000000000096111	らいち♭	1259
2247	1100000000000025333	セージ	1252
2248	400000000000023904	IMR-765-S.KISARAGI	1251
2249	35834	ニセ勇者	1246
2249	1500000000000006658	hack!	1246
2251	300000000000044218	ガイア	1245
2252	400000000000004055	ジャック	1243
2253	1200000000000024190	幻＠双海詩音	1242
2254	800000000000058572	真人P	1241
2255	1400000000000014597	ワタル	1236
2256	500000000000099258	やこう	1232
2257	800000000000072465	マック	1230
2258	59346	アーリア	1215
2259	1300000000000058153	ZEDER	1203
2260	900000000000097459	izmy	1201
2261	99391	ゆきを	1199
2262	1000000000000099427	イザーレ	1195
2263	1400000000000079694	せんごく	1190
2264	400000000000007520	Emoto	1188
2265	700000000000099522	夜市	1186
2265	1100000000000070270	カサタク	1186
2267	100000000000077501	ほむP	1183
2268	300000000000025423	柴水犬	1182
2269	1400000000000047427	ハマー	1178
2270	1100000000000047116	Seela	1176
2271	1500000000000025438	asa	1172
2272	1300000000000097829	Kizatomi	1171
2273	600000000000004509	抹茶オレP	1169
2274	1413	GR.ばむお	1165
2275	1100000000000044459	大宇宙☆銀河	1159
2276	1200000000000068262	マル	1156
2277	300000000000006999	桜田	1143
2278	500000000000097094	よっしー１	1137
2279	600000000000072667	haiji	1135
2280	200000000000001010	DCD	1129
2281	1300000000000003915	かゆP	1123
2282	700000000000096247	サワー	1117
2283	600000000000015329	ガッッキィィィイイイ！！！！！	1115
2284	1300000000000057680	新兎	1113
2285	700000000000054127	たい焼きマイスター	1110
2286	1300000000000074489	アルジェント	1109
2287	200000000000005745	絶屯	1107
2288	500000000000074117	Evangel	1104
2289	500000000000002048	どぶろっち	1103
2290	400000000000006844	しず(ﾊﾃﾅｯﾁＫ)＠名古屋	1100
2290	800000000000006422	レモリア	1100
2292	1000000000000026427	リュウ	1098
2293	600000000000011473	タク	1088
2294	900000000000049106	肉味噌太郎	1081
2295	200000000000081455	ペンギン	1080
2296	4878	phys	1076
2296	1200000000000025659	あこ	1076
2298	1500000000000061713	pigoche	1075
2299	700000000000088241	カミサン	1072
2299	1100000000000099464	ルウ	1072
2301	1400000000000025810	竹	1071
2302	1300000000000016059	なべ	1069
2303	900000000000095733	Player 1006298585	1068
2304	1500000000000085231	ゼン	1066
2305	900000000000028840	Scifo	1065
2306	900000000000007047	とうふ	1062
2307	1400000000000080674	エフテテ	1058
2308	700000000000010938	GG【☆☆★】	1055
2309	100000000000071802	fuku	1054
2310	600000000000075758	アリス	1051
2311	1000000000000008475	ればん伊	1046
2312	100000000000039068	アップー	1045
2313	600000000000072885	Ib	1044
2314	1200000000000053774	allen	1038
2315	600000000000074768	水	1037
2315	600000000000096436	おやつ	1037
2317	96528	ShiON	1035
2317	1300000000000095357	a3930032	1035
2319	1500000000000014545	光溜	1029
2320	1200000000000097072	たっつん	1025
2321	1400000000000099746	わらびもち	1023
2322	1400000000000060045	ひだか	1022
2323	300000000000078877	カイム	1020
2324	200000000000007248	おさとも	1017
2325	900000000000011420	潤	1015
2326	100000000000006666	ケンブ	1011
2326	1400000000000059331	ＬＥＩＮＡ＠	1011
2328	300000000000097291	骨	1007
2329	600000000000098466	qwerty	1006
2330	400000000000008068	たかちゅー	1005
2331	1000000000000001078	デニー	1000
2332	600000000000013063	セシリア	999
2332	800000000000078543	ハオ	999
2334	800000000000003111	カールビンソン	996
2335	700000000000029543	比翼	992
2336	900000000000027181	KEI	991
2337	98960	みそしる	988
2338	400000000000079007	ゆーま	986
2339	700000000000080042	タガタメ	981
2339	1200000000000009248	こうが	981
2341	800000000000058169	★モチ☆	974
2342	1500000000000028025	hiro	972
2343	700000000000094247	がっきぃ	971
2344	1200000000000099008	カツミ	965
2345	1000000000000098210	こんぐ	963
2346	1100000000000003459	なべお	960
2347	300000000000001459	カズーシャ	956
2348	700000000000095416	IOG	953
2348	900000000000000483	はちみつ	953
2348	1500000000000097931	梨仁	953
2351	1300000000000027765	てるぴー	951
2352	400000000000061419	こふく	948
2353	100000000000001228	いんそむ	941
2354	55858	そら	936
2354	500000000000082373	タチコマ	936
2356	3089	欠陥品	928
2356	400000000000026397	あああ	928
2358	700000000000029676	グレートsatlliteさんDX〈スマホ移行〉	926
2359	600000000000011204	ｺｰﾌﾟｽ	924
2360	700000000000078563	ボン	923
2361	1500000000000014332	kmw	921
2362	1200000000000098331	IKAYAKI	918
2363	9252	しかられるもの	917
2364	600000000000094309	yyy	914
2364	900000000000077429	シキ	914
2366	1000000000000007335	AWACS	911
2367	700000000000002943	朔乃	910
2367	1300000000000003754	ピーコック	910
2369	10957	クラッド	909
2370	1200000000000050996	るるは	905
2371	400000000000042209	いっしー	902
2372	99348	ひかがみ	901
2373	1500000000000035516	孫策⌒☆【p☆p】...	894
2374	1500000000000024269	クローシェ	893
2375	700000000000093898	Alica	890
2376	500000000000074311	グラドス	887
2377	1300000000000062059	ゆとり	881
2378	700000000000004589	ほんがら	880
2379	400000000000068635	真縁	872
2380	1500000000000074125	tosh_p	871
2381	600000000000034345	迷い犬	865
2381	900000000000000102	ZUNDA＠トレリスメンテ中	865
2383	200000000000012920	げんの	861
2383	1400000000000034531	ぬんぬん基本無言です。	861
2385	33404	ひろのり	859
2386	900000000000051005	ぬいめ	858
2387	1400000000000051000	ガガギゴ	854
2388	200000000000099161	だいち	840
2388	1100000000000051804	シンク	840
2390	200000000000087131	ゆっきー	838
2391	60072	なむなむ	836
2392	100000000000015485	タロす	833
2392	1100000000000052847	エビ	833
2394	1100000000000091677	スクーミー・ズー	832
2395	400000000000018084	はわわ軍師	828
2395	600000000000028774	クロスト	828
2395	800000000000046518	もりやまん	828
2398	52032	らくだ	827
2398	1000000000000098526	k	827
2400	1500000000000051329	うすけ	825
2401	3705	超戦車	824
2402	100000000000080002	reiru	818
2402	400000000000016026	トモキ	818
2404	84374	けいとら	815
2405	400000000000096271	のーべんばー	812
2405	1500000000000014077	ガバチョ	812
2407	900000000000002080	スタム	811
2408	1300000000000082989	こんにゃく	810
2409	1000000000000098478	つばくろう(仮)	806
2410	1300000000000034701	あふひねこ	805
2411	200000000000001633	浮雪	796
2412	1500000000000002562	やま	792
2413	1100000000000005348	ぱぺっと	786
2414	800000000000084056	ｻｶｷﾝﾄｷ	784
2415	1000000000000082265	アスベル	783
2416	1100000000000094893	あああ	776
2417	1200000000000003262	スバル	775
2418	800000000000085293	しゅうへい	774
2419	1200000000000051140	じみー	770
2420	1300000000000027348	野球マスクP	767
2421	400000000000085286	Aeg	766
2422	500000000000071698	つばめ	765
2423	600000000000009051	いおりん	764
2424	1100000000000054883	ノワール	755
2425	1000000000000024277	風吹子	752
2426	800000000000003936	秋山 優花里	750
2427	500000000000051446	Crom_yang	748
2428	800000000000056967	はむ	743
2429	800000000000001544	kouti	740
2430	600000000000073965	ソラ	737
2430	1200000000000003185	文月リライト@ちなヤク	737
2430	1500000000000097537	yu-ichi	737
2433	1100000000000058014	まうんてん	736
2434	300000000000086951	hoshizakura	732
2435	1400000000000091673	かずさん	730
2436	300000000000000412	つかっち	724
2437	1400000000000010601	アカネコ	721
2438	600000000000011120	のりまき	716
2439	886	が～	707
2440	97121	ゆーさん	706
2441	300000000000004912	KAz	704
2442	500000000000035825	夢遊	700
2442	1400000000000025944	えみりあん	700
2444	300000000000098808	天糸	698
2445	400000000000000310	ケイゴ	690
2446	300000000000099028	だいき	680
2446	1200000000000010653	ちょこりんご	680
2448	1000000000000087050	海鮮戦士	678
2449	600000000000018811	緑沢暁	671
2450	500000000000077043	中野ばーがー	670
2451	700000000000051296	白棒	669
2452	400000000000002045	イルカディア	666
2453	1200000000000092396	セカンドランク	661
2454	1200000000000071590	テイラル	656
2455	200000000000001978	大黒天ですが、何か？	645
2456	500000000000056859	teba3ka	644
2457	900000000000006109	ジレ	643
2458	500000000000093268	ヴァル	641
2459	400000000000096876	Ben Yau	640
2460	400000000000067624	to-tom	639
2460	1300000000000031758	Frank	639
2462	200000000000075083	暁良は腹痛持ち	632
2463	600000000000097770	☆百合子P☆	629
2464	1200000000000004228	あれい	628
2465	200000000000061149	Killmin	626
2466	300000000000001035	ハンド	625
2467	700000000000080569	イカしたバンドをした手首	624
2468	1100000000000004029	take	612
2469	800000000000003712	ＦＸで有り金全部溶かした顔	611
2470	700000000000049547	ラプター	607
2471	200000000000083601	Axel	603
2472	700000000000000160	raydive	600
2472	1000000000000097696	おかゆ	600
2474	300000000000062635	BlueCrystal	597
2474	700000000000022218	ぷほるす	597
2476	740	Ricca	593
2477	500000000000088276	Gergg	591
2478	200000000000057503	うめこうじ	589
2479	500000000000005321	なも	586
2479	1200000000000097916	よう	586
2481	1100000000000050328	れーくんは新米P@てっぺん目指すよ！	583
2482	1500000000000000106	ディス	580
2483	1400000000000082652	Player 1004628238	577
2484	1581	だいごろう	576
2485	4541	それも私だ	571
2486	1500000000000055104	ch123	569
2487	1000000000000001485	ろっきぃ~	568
2488	300000000000054403	Tandem	567
2489	800000000000055869	ユイ	556
2490	1000000000000085674	名塚	555
2491	400000000000073226	スヌーピー	550
2492	1200000000000025749	ﾕｷﾁ	545
2493	300000000000003013	ラモックス【心が弱くなりました、じじい化！？】	540
2494	100000000000071990	日暮薬局	537
2495	600000000000094830	J	535
2496	700000000000000100	お寿司	531
2496	1500000000000056440	こや	531
2498	500000000000097496	アユム	528
2498	800000000000028903	とーでん	528
2500	383	肉塊	526
2501	1400000000000018950	みおみお	525
2502	200000000000002063	イノチカ	514
2502	1300000000000082251	yare2	514
2504	600000000000075334	空島銀	510
2504	1200000000000097438	ネギとろ	510
2506	1100000000000058434	けいそ	504
2507	700000000000099976	夕暮	502
2508	1000000000000097325	ハルラン	501
2509	500000000000034344	みこと	500
2509	800000000000099177	まがこ	500
2509	1100000000000050421	奈倉	500
2512	900000000000007228	φ シド φ	496
2513	1000000000000097889	うしくん	495
2514	1000000000000000037	シレジウス	489
2515	700000000000052696	せりざわ	488
2516	200000000000061834	あいせ	486
2517	1300000000000032383	せり@自分中心、極端な 利己的考え	484
2518	1000000000000076013	GRV	483
2518	1400000000000074792	るんるん	483
2520	1100000000000096983	働きたくないも	476
2521	1500000000000061266	たきふ	475
2522	100000000000003582	めふ@同僚募集中	473
2523	400000000000034644	ぎん	470
2524	1200000000000008984	リキまる＠	464
2525	900000000000025878	汐音	461
2526	100000000000097759	よこ	460
2526	400000000000061728	ソウ	460
2528	900000000000050880	佐久間何某	459
2528	1100000000000003320	Diana	459
2530	1000000000000052602	トム・ヒイロ	458
2531	600000000000024205	武鹿	456
2531	1300000000000051331	ユメノツボミ	456
2531	1400000000000004747	ジョニーJr.	456
2534	1500000000000061967	ゆのは	455
2535	1300000000000000457	月下	453
2536	1200000000000003153	SASAMI	449
2537	400000000000096377	ミリオンＰ	445
2538	200000000000005822	カズ☆	444
2539	100000000000001651	†時奏†吾妻汐音†11eyes†	443
2539	100000000000096833	ヒロ	443
2541	600000000000051726	恭	441
2541	1000000000000034469	さとみん	441
2541	1100000000000049464	デッキ	441
2544	1500000000000093101	skim	439
2545	500000000000079467	だしょ	433
2546	900000000000076979	わんこ	432
2546	1000000000000014722	ハーヴェイ	432
2548	500000000000098458	みけ	429
2549	300000000000077527	ベル	428
2550	800000000000078609	rotio	427
2551	700000000000099007	ヒロわき	422
2552	600000000000061090	マクー空間	418
2553	500000000000009796	☆ﾚﾝﾀﾛ-☆招待メール無視して	417
2554	600000000000013759	あつろー	414
2555	900000000000021265	サータ－アンダーギー	413
2555	900000000000053452	テムジンJ+	413
2557	5916	ニクソン～ほぼ朝と夜だけ～	412
2558	1400000000000039520	Yuki	405
2559	500000000000056365	たけま~る	402
2559	1000000000000033922	なぐゎの	402
2561	400000000000009049	なぬ	400
2561	800000000000099184	Player 1007492760	400
2563	500000000000004528	アトラス	398
2564	200000000000002565	tau	396
2565	1200000000000003351	しんのすけ	393
2566	400000000000085852	ＨＫ	392
2567	400000000000099193	タクト	389
2568	300000000000095851	reisen	388
2569	96681	タッソ	385
2570	500000000000099017	イシワタ	383
2571	900000000000086499	白鶴娘	373
2572	1500000000000013618	もろきゅん	372
2573	500000000000011805	天井裏の恋人	371
2574	1500000000000005315	ｱｫ	370
2575	200000000000097340	Shingo	368
2575	500000000000050476	なぎっこ	368
2575	700000000000011820	社員	368
2578	1300000000000013827	わんわん	365
2579	1400000000000065068	Player 1002081262	361
2580	500000000000042011	ヤマト	359
2581	500000000000002541	きちん	358
2582	200000000000013169	ゼルベス@レオドラスター	356
2582	500000000000020703	みょんきち	356
2582	1400000000000099105	dorachoco	356
2585	800000000000002672	ジャンボ	355
2586	578	マーク	354
2587	500000000000013787	がんちん	348
2588	1100000000000075732	Murasame	345
2589	900000000000026580	ぺんた1980	344
2590	800000000000014145	ソンソソ	342
2591	1200000000000097049	あゆざき	341
2592	900000000000099328	おおぐろ	340
2593	200000000000082734	32tenn	336
2593	400000000000085592	白兎	336
2593	1000000000000092851	太陽	336
2593	1300000000000013172	Mr.アナドレン	336
2597	1200000000000009296	しいたけ	325
2598	700000000000051759	トニー	322
2599	1000000000000057249	G	321
2600	1500000000000073768	えにっき	317
2601	1500000000000060475	凛	316
2602	1300000000000074460	PICA(ぴか)	314
2603	1500000000000093106	ピコハン	312
2604	500000000000097805	もろみそ	311
2604	1000000000000032426	ゆき	311
2606	800000000000013541	エイト	310
2607	1300000000000075259	ぷちます！p	305
2608	1300000000000074551	かにばさみ	302
2609	300000000000087628	レイ	300
2610	1200000000000008262	山pP	299
2611	100000000000097462	よしみつ	298
2611	300000000000052012	鎗水	298
2613	1400000000000009431	CHONO	297
2614	600000000000000050	たけまる	295
2614	1100000000000078982	west　	295
2616	200000000000065694	こなみ	294
2616	1300000000000080882	しゃと	294
2618	300000000000014556	バレイアーツ	288
2619	100000000000099745	微冰半糖	286
2619	1200000000000097342	キルシー	286
2621	800000000000031951	ちー	284
2622	600000000000051812	てらちゃ	281
2623	100000000000082346	Hiro p	278
2624	600000000000051587	B@リ3	276
2625	1000000000000098441	コザクラ	273
2626	1400000000000073996	いわやじ	272
2627	400000000000073896	TaKa	271
2627	1300000000000075090	このは	271
2629	900000000000096965	えるせす	269
2630	1000000000000097972	くじらい	268
2631	200000000000016379	うさ	264
2632	300000000000097250	ティガ	260
2632	900000000000098535	ペン三	260
2634	77792	Angel	255
2634	1200000000000073810	えんが	255
2636	300000000000099279	Player 1007485491	252
2637	1100000000000077171	雄亮	251
2638	100000000000085471	ミネルヴァ	250
2639	1300000000000099840	Xan	249
2640	1300000000000076183	lion	245
2641	1000000000000011612	だいちゃ	243
2642	200000000000059510	シロ	240
2643	200000000000061991	泰之市川	239
2644	100000000000076950	缶けり	235
2644	500000000000077402	リオ	235
2646	1500000000000098424	まりあっこ	233
2647	900000000000097710	Hasu.	230
2647	1500000000000076719	カプレーゼ	230
2649	23226	ヤカン	229
2650	600000000000001133	ティーP	228
2651	1000000000000042956	ｼﾊﾞｵｳ	221
2652	200000000000057702	野獣先輩	220
2653	700000000000094445	シンイチ	217
2653	1200000000000099244	Kakushin	217
2653	1300000000000012807	はぎ	217
2656	100000000000035953	なこちゃん	215
2657	600000000000003701	三万石@DT書き	214
2657	1400000000000074300	ふみ	214
2659	1500000000000091826	ぴの	213
2660	500000000000087027	マコト	211
2660	900000000000074604	さかまんじゅう	211
2662	700000000000099386	るんば	210
2663	1300000000000087590	黒うさ	209
2664	1400000000000082183	泡盛*JJ*△	206
2665	1100000000000007370	へれん	203
2666	300000000000003326	おかあちゃん	202
2667	800000000000003429	まみむめ	201
2668	400000000000006908	へろ	200
2668	1000000000000096823	昼夜祭	200
2668	1400000000000051427	いりあ	200
2671	700000000000002267	コトナシ	199
2671	700000000000021634	Ｌｉａ	199
2673	1300000000000079664	白正	198
2673	1300000000000097504	Dr.コトー	198
2675	100000000000052932	atbt	196
2675	500000000000097058	奔	196
2677	600000000000079670	霊葉	190
2678	400000000000079945	Player 1004206628	183
2678	900000000000099377	Player 1007544233	183
2680	1500000000000061077	ぐぬ	182
2680	1500000000000074724	ま	182
2680	1500000000000098229	遺伝	182
2683	1200000000000055962	dddtakamasa	181
2684	1400000000000098316	蜻蛉切	179
2685	300000000000098281	ハル	178
2686	97448	められるP	171
2687	400000000000079342	アタック	170
2688	900000000000078981	妄想＠デストロイヤァ！	168
2688	1000000000000043253	白炎	168
2690	80251	なたや	167
2690	300000000000034530	アサケン	167
2692	1400000000000053295	イタチ	166
2693	300000000000098081	がく	165
2694	1300000000000069525	寝不足魔	163
2695	400000000000029587	ふみ	162
2696	100000000000022336	ゆーか	161
2696	300000000000004293	すみすみ	161
2696	1100000000000099057	小少将	161
2699	1200000000000099261	トシ	159
2700	700000000000006883	山と猫と海と	158
2701	500000000000068699	んちょす。	157
2702	600000000000027128	鉙原	156
2703	1500000000000097819	シュウ	150
2704	300000000000099343	ななたん	147
2704	1200000000000098779	とむ	147
2706	1500000000000007592	真夜	146
2707	1500000000000056025	秋里	144
2708	1000000000000096720	こえた	142
2709	1500000000000098104	ジャクソン5	141
2710	700000000000098733	けふぃ～あ	135
2710	1100000000000055094	紳士	135
2710	1500000000000053807	ヒノ	135
2713	400000000000087118	OREYADE	134
2714	1200000000000081941	morihama8010	133
2715	600000000000085361	☆湊★	131
2716	900000000000073688	序章	128
2716	1300000000000026455	Izar	128
2718	55115	乳製品	127
2719	1100000000000049350	職人	126
2720	900000000000005490	智	125
2720	1200000000000079099	半藏門	125
2722	1200000000000093859	Player 1006050732	124
2723	100000000000098752	Dr.Ｋ	120
2723	400000000000043462	ヘススナバス	120
2723	1000000000000088397	かい	120
2726	100000000000099530	Player 1007427185	118
2727	1000000000000083539	パシクル	116
2728	1300000000000100077	Player 1007544205	113
2729	400000000000032461	エアロード	112
2730	900000000000041509	ｶｯﾁｬﾝ	109
2731	1000000000000036014	アクセル	108
2732	99572	ヴぁん	105
2732	200000000000097096	ぴも	105
2732	400000000000099285	Player 1007450804	105
2732	500000000000054320	うなりゅえ	105
2736	600000000000097427	キアン	101
2737	100000000000099532	紅茶	100
2738	200000000000033757	レムリア	99
2739	1500000000000097056	マックイーン	98
2740	300000000000051599	ダイン	96
2740	800000000000066000	C1	96
2740	1400000000000072693	わさわさ	96
2743	900000000000099360	zan	94
2744	100000000000090247	Player 1005591553	92
2745	100000000000035504	あおおか	91
2746	300000000000043410	たけちゃん	90
2747	100000000000043111	藪北  まったり～	87
2747	900000000000097026	TOSHI	87
2747	1400000000000083112	にゃんぱす～	87
2750	1100000000000097925	るりか	86
2751	800000000000035258	ﾙｰｼｨ	84
2752	96663	たー	82
2753	100000000000099722	香宮椿	79
2754	1000000000000001351	F澤	78
2755	200000000000043871	ラグナ	76
2756	200000000000099060	suika	74
2756	800000000000016883	みけねこ	74
2758	300000000000097198	のっち	71
2759	500000000000099351	ういんだるす	69
2760	600000000000077878	よし	68
2760	900000000000078112	ゼスト	68
2762	1100000000000062597	ゆっぴん	67
2762	1100000000000096887	あめと	67
2764	400000000000014186	ﾎﾟｰﾄｶﾞｽ･D･ｴｰｽ	66
2764	700000000000079667	テルシ	66
2766	100000000000007323	muscat	64
2766	1400000000000010947	レックス	64
2768	700000000000082791	レイヴェル	61
2768	1400000000000032765	†Frozen Night†	61
2770	800000000000099281	マサカツ	60
2771	400000000000001986	あすたー	57
2771	500000000000005594	こしあんP	57
2771	1400000000000034916	まっこまこ	57
2774	500000000000099735	なまな	56
2774	800000000000033964	seron	56
2774	1300000000000021196	ヒイロ	56
2774	1400000000000034734	アシラさん	56
2778	800000000000098077	Player 1007071736	51
2779	500000000000097736	きくらげ	50
2780	1000000000000058790	ちーこ	49
2781	700000000000003242	磯野	44
2782	58798	kyarufa	43
2783	300000000000059547	水飴	42
2783	400000000000023239	千里	42
2783	1500000000000099608	Apa3033	42
2786	1300000000000100066	Crg14265	41
2787	600000000000005228	ヤマ	40
2787	800000000000007425	戌王団長	40
2787	1000000000000006615	765p	40
2790	1100000000000082117	文鳥	35
2791	1400000000000022084	みーこ	33
2792	1100000000000034261	さかな	32
2793	200000000000054670	オッタ	31
2793	300000000000035621	かねはる	31
2793	800000000000074632	あすぴー	31
2796	200000000000098900	とうもろこし	30
2797	1200000000000077018	白玉☆ぜんざい	29
2798	100000000000061831	ジャンカルロ	26
2798	700000000000000307	水殿	26
2798	900000000000077581	Sui	26
2801	800000000000099239	あき	24
2802	900000000000098873	shiroinu39	23
2802	1500000000000004249	Ryo	23
2804	600000000000061277	オックン	20
2804	1000000000000045736	卍武	20
2806	600000000000055258	のら	19
2806	1200000000000090565	えぼなな	19
2808	200000000000099970	Player 1007529826	18
2808	700000000000099979	Player 1007496071	18
2808	1100000000000099455	Player 1007523163	18
2808	1200000000000007181	Jin	18
2812	500000000000085534	ほちゃな	17
2812	500000000000099301	Player 1007318533	17
2812	900000000000006361	kokuto_adk	17
2815	96713	おのでら	16
2815	200000000000069801	ぐぬぬ	16
2817	99713	Player 1007474496	15
2817	300000000000099340	Player 1007517123	15
2817	500000000000082502	そら	15
2817	700000000000097697	Player 1006688759	15
2817	1300000000000097426	NO　NAME	15
2822	200000000000099997	astro	14
2822	1200000000000039336	とらい	14
2822	1400000000000017819	YASU	14
2825	200000000000018503	‡クジラ‡	13
2825	500000000000093404	南城	13
2825	700000000000043303	はちみつクマ	13
2825	1300000000000019608	コータ	13
2829	900000000000049816	しばえび	12
2829	1100000000000080383	B型戦士	12
2829	1100000000000097995	ゆーかり	12
2832	400000000000000464	こまいぬ	11
2832	1200000000000012558	トムとジュエリー(招待無視して下さい)	11
2832	1200000000000028956	泥人	11
2835	200000000000003540	べっち	10
2835	200000000000084012	sata	10
2835	300000000000099359	ジョニー赤木	10
2835	500000000000000672	サチコDX	10
2835	700000000000098165	ＦＡＬＵＣＯＮ	10
2835	900000000000093274	ファントムK	10
2835	900000000000099180	アイザック	10
2835	1500000000000034412	ゆう	10
2843	800000000000099272	ジョニー黒烏龍	9
2843	1200000000000007501	ABEX	9
2843	1300000000000000721	UDN	9
2843	1300000000000076277	彦一	9
2847	200000000000093178	まっちゃ	8
2847	600000000000098212	るね	8
2847	600000000000099510	lijianfei199225	8
2847	1000000000000047257	Benjamin	8
2847	1100000000000026314	あーくえんじぇる	8
2847	1300000000000099716	あかりん	8
2853	100000000000002115	やびー	7
2853	100000000000054392	オンオン	7
2853	100000000000099717	LVup	7
2853	600000000000017652	SSP	7
2853	700000000000030944	きなつ	7
2853	800000000000056775	翡翠のしゃる	7
2853	1300000000000100063	lijianfei199226	7
2860	100000000000098765	丸窓ダイス	6
2860	300000000000093146	Scalar	6
2860	500000000000068010	Felix.A	6
2863	300000000000046822	ネアンデル	5
2863	700000000000001778	acb	5
2863	800000000000097851	かやたあ	5
2863	900000000000005151	ﾌﾞﾛﾝﾄさん	5
2863	900000000000015373	Jack	5
2863	900000000000061804	四条砂名	5
2863	1300000000000079558	椎名まち	5
2863	1400000000000097961	フグ田くん	5
2863	1400000000000099801	銀湯匙	5
2872	300000000000007526	slipper	4
2872	600000000000098997	シオン	4
2872	1200000000000094647	辣油	4
2872	1300000000000100018	詩織	4
2872	1500000000000099078	Player 1007273615	4
2872	1500000000000099589	object	4
2878	100000000000099641	壬生山権左衛門	3
2878	200000000000083531	てりー	3
2878	200000000000099834	機関車ヤーマス	3
2878	200000000000100038	おじ	3
2878	400000000000099270	Player 1007441348	3
2878	500000000000096576	みがわりくん	3
2878	600000000000012912	かわやそ	3
2878	700000000000097289	tsubasa0922	3
2878	700000000000099284	取得できませんでした	3
2878	700000000000100088	Player 1007555847	3
2878	900000000000042016	ストレイジ	3
2878	1100000000000086233	初しろ	3
2878	1200000000000005173	スネーク	3
2878	1200000000000099177	Player 1007502684	3
2878	1300000000000002381	渥美P	3
2878	1300000000000100106	Player 1007565885	3
2878	1400000000000058409	K-T	3
2895	100000000000052047	バーサーカー三郷	2
2895	100000000000056865	J@STIN	2
2895	100000000000081854	ライヴ	2
2895	900000000000000433	きょんこ	2
2895	1000000000000074530	Player 1002949130	2
2895	1000000000000099838	Player 1007541370	2
2895	1100000000000041200	チャーハン	2
2895	1300000000000003148	コープス	2
2895	1300000000000012761	そう	2
2895	1300000000000041886	タハヤ	2
2895	1400000000000098743	ゆみちゃん	2
2906	30247	キウイ	1
2906	62901	pow	1
2906	100000000000003836	チョココ	1
2906	200000000000099465	蕪	1
2906	200000000000099953	ddd	1
2906	200000000000100020	Player 1007550674	1
2906	400000000000076372	ゆっちゅん	1
2906	600000000000085371	まーくん	1
2906	900000000000005777	サイレン《小宮山隊》	1
2906	900000000000098823	Player 1007259705	1
2906	1000000000000028629	yuui	1
2906	1200000000000094574	Player 1006156300	1
2906	1400000000000092341	さみだれ	1
2906	1500000000000068797	よるぱ	1
2906	1500000000000098549	Player 1007103871	1
2906	1500000000000099255	night	1
