1	1100000000000018820	かわしゃん	380033
2	700000000000084085	ユウサイP	312656
3	1100000000000034348	うーさー	299004
4	1200000000000034524	右側(就活終了?)	294799
5	500000000000086821	脱初心者おがちー	292611
6	1500000000000072858	凶夜@お茶の水	261996
7	900000000000038882	チルノ	261976
8	1000000000000073442	みかん	242985
9	900000000000087779	na ka	222015
10	100000000000046766	なみP	214323
11	3268	枝盛	210782
12	500000000000092034	ポピハム	205416
13	1300000000000056705	かんらく	203816
14	400000000000002885	いっちゃん＠(ｏ・∇・ｏ)＜ベリーやみ～ﾍ( ＊´ｖ`＊ﾍ)))	201891
15	1500000000000061862	とらふぐのちくわ	199441
16	26097	ver2	197925
17	1300000000000086873	マルシェ	195557
18	32336	トモ	190207
19	700000000000095549	カナーノ	188991
20	100000000000084406	すとん	184789
21	1000000000000098207	ナナシ	183883
22	600000000000099090	フレンチカンカン	178463
23	800000000000087556	そこつもの	161996
24	500000000000086159	Hey	161638
25	200000000000055501	如月祐(ﾀﾞｰﾂP)	161041
26	1500000000000002374	天@かまぼこ屋	158591
27	300000000000005169	えも	155261
28	500000000000065709	黒糖大五郎	155236
29	1300000000000005733	ｶﾞﾙｼｱ	154365
30	1000000000000022436	ふえひこ	151992
31	1200000000000074336	an	150417
32	1400000000000001550	フラッグ	148476
33	1300000000000096876	すみっこシン	147231
34	400000000000079936	海導@ﾗｳﾒﾝ募集	147085
35	1200000000000101376	あいか	146560
36	400000000000055878	かばん＠招待スルー友達募集　無言申請歓迎します	146552
37	91994	幡芽	144616
38	300000000000049644	にょろ@さんきゅー	144246
39	900000000000094784	チヌーク	143558
40	800000000000097639	せみかん	141181
41	400000000000086667	こよみ	139995
42	1100000000000086373	出)HR小鳥3 求)スパドリ1 直OK・マニー不足支援します。同僚申請お気軽に。	139022
43	1100000000000006838	らい	136815
44	1200000000000053053	chihiro	136735
45	800000000000099675	武装少女マキャヴェリズム	136657
46	96013	八九寺	135086
47	500000000000026888	すぴねる	134484
48	500000000000013943	enchante	134338
49	500000000000077750	いったく	133540
50	1000000000000052597	七生	133222
51	700000000000055347	Mabu	133166
52	1100000000000008049	TIJA	132367
53	200000000000016116	しろた	132263
54	1100000000000003697	koneko	132193
55	1500000000000100296	take	131927
56	51369	海津	130741
57	700000000000055469	たこたこす	130313
58	600000000000006790	ペンギン	126395
59	1500000000000000475	ありあ	125122
60	1200000000000050000	蠍座のアキ	124900
61	600000000000085371	まーくん	124687
62	900000000000055229	feketerigo 	123813
63	1200000000000007375	やすちぇい	123686
64	1500000000000060124	Carmen	122254
65	800000000000051939	つぶこしあん	122048
66	100000000000082327	エイプ	120492
67	1300000000000097019	トントン	120206
68	1200000000000052328	BILIBILI	119098
69	600000000000072423	うじまつ	116642
70	400000000000004401	シヒロ	116010
70	1500000000000051301	かわ	116010
72	200000000000074480	●	115731
73	31529	ドラ・ザ・キッド	113651
74	400000000000012011	雅虎	112896
75	1500000000000025220	ＬＯ	112801
76	1300000000000077119	ゆうき「神なるノーコン」	112654
77	300000000000039164	サシャ	111632
78	1000000000000025505	lamela	111080
79	100000000000010414	ryo	110929
80	600000000000046085	虹	110811
81	600000000000002953	Τ	109337
82	800000000000026981	sei	109030
83	1100000000000056057	dozall	108710
84	400000000000004594	げる	108474
85	200000000000007128	りょうが	108447
86	1200000000000061773	ギロにゃん	107436
87	900000000000002057	タトラ	107399
88	900000000000080340	ほふ	107102
89	200000000000018407	なはと	107012
90	400000000000030769	バンザイ先生	106581
91	500000000000045340	クロ	106368
92	1500000000000061247	bbb	106135
93	100000000000103934	ミント	105796
94	23549	筋肉盛男	105769
95	600000000000099906	Elwood	105716
96	1400000000000006910	ぱせり	105542
97	900000000000004748	激流	104793
98	1100000000000094310	きゃに（べ）	104241
99	100000000000047509	くらら	103524
100	400000000000000927	おいも屋先生	103410
101	400000000000000917	ロゴタイプ民	103378
102	300000000000028529	びぞん	103146
103	500000000000013661	めがれ！	102818
104	300000000000053242	エル	102263
105	1500000000000072409	rabit	101893
106	1200000000000003989	チェント	101789
107	700000000000098713	ますお	101685
108	100000000000091281	石地蔵のお雪	100715
109	1200000000000017734	メリーウェザー	100666
110	400000000000101343	ルコ	100456
111	900000000000054445	vw	100106
112	74691	みおぽん	99448
113	400000000000077887	しゃれあむ	96753
114	900000000000080059	こふきいも	96262
115	300000000000011589	木戸	96128
116	1500000000000028053	松戸市民@同僚募集中です	95535
117	1300000000000008907	でんすけ	94962
118	100000000000000583	ちや	94865
119	200000000000045693	渚	94815
120	600000000000000448	ゆん	94757
121	400000000000022915	鼻唄【要請×】	94357
122	1200000000000001507	ばし	94343
123	900000000000008847	いーさん(^-^)/	94285
124	1400000000000097339	こけぱすた	94173
125	1500000000000037412	プニオ	94075
126	5651	イラクサ	94008
127	400000000000080755	和音	93596
128	1300000000000000015	Ono(Obotaro)	93140
129	95072	アスパー	93130
130	500000000000019258	燕堂恵	93082
131	600000000000079601	越乃苗床	92670
132	500000000000072080	みかげいし	92631
133	900000000000054728	にゃ	92054
134	700000000000004786	はぷこ	91780
135	1300000000000002693	Eit	90925
136	100000000000037893	Shine 	90854
137	500000000000050941	国士無双	90295
138	1300000000000086406	ちーぷ	89987
139	100000000000085560	た～なん	88957
140	100000000000050991	デスなおぽん	88728
141	300000000000059857	レン	88508
142	1000000000000026106	北極星@	88421
143	1500000000000003922	狐太郎	88094
144	1000000000000005406	chemblue	88064
145	400000000000009358	どらすけ	87434
146	1200000000000030400	かん	87303
147	300000000000103158	ラインリヒト	86927
148	1000000000000070327	愚へ太	86896
149	800000000000002063	アロマカレー	86866
150	700000000000015432	あかつき	86683
151	900000000000007424	モリリ	86476
152	1100000000000004945	燕十郎	86415
153	300000000000094215	まくらくま	86324
154	1100000000000061769	シャーベット	86300
155	1000000000000098277	のーまる	86280
156	800000000000086903	どん	85803
157	600000000000009091	巫女モ	85736
158	1500000000000050250	Fumizki	85694
159	30539	ルナ・レインボウ	85591
160	1400000000000004848	タツギ	85579
161	1100000000000001819	ならまち	85334
162	400000000000000105	PG	84835
163	400000000000099318	路人9527@台湾	84369
164	1400000000000002774	バンチ	84301
165	85974	そこ	84289
166	1100000000000029925	なち	84153
167	1000000000000100626	しゅーまい	83760
168	900000000000010180	kondratenko	83753
169	100000000000060891	三村マサカズ	83007
170	1500000000000055708	けにゃま	82872
171	1500000000000001432	クロン	82525
172	600000000000052458	fin8880n	82508
173	1300000000000071528	ついたち＠同僚募集中	82428
174	200000000000000110	アジ	82141
175	1100000000000093889	ぱらいそ	82028
176	1400000000000052590	りすと	81862
177	600000000000088118	やくもくん	81623
178	700000000000003520	ＺＥＲＯ	81425
179	97208	ma	81294
180	800000000000012053	ひゃっこ	81179
181	1400000000000006237	ラズリ(∵)	79953
182	400000000000000035	すずき りょう	79195
183	200000000000085536	相沢	79184
184	1100000000000013735	コンペイトウ	79178
185	97188	サクラナミ	78951
186	700000000000063664	下降気流	78668
187	1200000000000003616	ぢょぎん	78483
188	200000000000004600	えんすい＠同僚募集中	78473
189	100000000000097504	CHIRO10	78183
190	900000000000026956	わ～や	77838
191	1200000000000003292	12人の妹の兄P	77440
192	400000000000006085	ひとで	77022
193	1000000000000076794	エナツ	76974
194	500000000000059054	黒木洋美@機関科	76827
195	700000000000074545	じゃんじゃか	76761
195	700000000000096834	HI I AM YUI	76761
197	100000000000011857	康一	76631
198	300000000000102278	ボブ	76561
199	600000000000097604	エクセル	76269
200	1200000000000097947	阿仁(あに)@台湾	76098
201	1500000000000017494	ﾊｽﾌﾞﾚﾛー@同僚募集中	75986
202	1100000000000060170	いなみ	75920
203	900000000000097452	GXU	75644
204	300000000000002900	ユウスケ	75556
205	80328	やぎヒゲ	75511
206	1100000000000095671	Rekock	75412
207	300000000000002279	和	74466
208	1400000000000059028	うなぎ	74374
209	400000000000095076	しいな	74290
210	1300000000000096433	山菜	74032
211	300000000000098808	天糸	73754
212	200000000000052868	くに	73659
213	96290	ミランダ	73640
214	500000000000039046	コジコジ	73542
215	500000000000027653	ヒロMK-2	73503
216	414	タリナリズム	73482
217	900000000000081488	ゆーすけ	73361
218	300000000000010761	とろゾー	73015
219	1300000000000013294	霧人	72599
220	1000000000000004130	デン	72565
221	1300000000000084126	ちょろけんぴ	72362
222	1400000000000080536	チャック	72123
223	1400000000000008953	のりお	71994
224	93329	ともくん	71943
225	400000000000101983	ムーン大島	71833
226	200000000000000041	アルティ	71769
227	800000000000096251	尾道	71761
228	400000000000044739	あゆすて	71729
229	500000000000014022	ＥＶＥ	71561
230	900000000000013358	まるるー	71328
231	1100000000000053002	プチ	71227
232	500000000000099965	一通	71192
233	1200000000000097310	bx	70954
234	1500000000000097658	Cth	70821
235	500000000000097781	D-ONE	70407
236	600000000000000705	咲来	70374
237	100000000000002026	猫目	70224
238	1000000000000032696	ひーいち	70060
239	200000000000081388	シン	70056
240	300000000000085168	Kisarasan	69793
241	1000000000000097911	Free	69682
242	700000000000021582	bababa	69642
243	400000000000062216	朔弥	69620
244	1400000000000004898	zemsel	69565
245	900000000000018615	パパッチ	69523
246	1300000000000027886	カメ	69211
247	700000000000011310	にまめ	69199
248	55586	ちつむふ	69182
249	400000000000021577	あたりめ	69104
250	200000000000010170	sasahira	68412
251	400000000000097552	2HEAD	68375
252	82220	くじら	68021
253	200000000000061492	かいじゃりん	68018
254	700000000000091605	こんがり生肉	67876
255	800000000000000257	ぷりまぽあ	67844
256	400000000000002154	.ioa	67652
257	100000000000097463	イシカカ	67520
258	1300000000000022320	沫雪	67066
259	700000000000051826	ろうし	67010
260	1500000000000009933	oz	66952
261	17867	ホー・チ・ミン蒟蒻	66657
262	1300000000000103360	T	66250
263	1400000000000100894	おおきみ	66216
264	1200000000000027264	Sai 	66136
265	1300000000000082961	重騎師	66056
266	1300000000000007004	すーぱーごりらさんしゃいん	65829
267	500000000000087126	真二	65783
268	700000000000000698	t	65740
269	40919	とぅり吉	65696
270	800000000000001338	ピュアホイップ	65550
271	1200000000000006416	たごさく	65407
272	20855	ゴロー	65343
273	700000000000009741	るー	65271
274	500000000000079954	ここのえーさく@BMD相互埋め希望	65224
275	1400000000000021502	Q-P	64980
276	1400000000000023238	しましまニャンコにゅにゅ★	64650
277	300000000000029972	ひさっち	64503
278	800000000000053833	jjj	64488
279	500000000000002714	リンゴ酢大好き	64444
280	100000000000052529	ぶるっく@TYS相互埋め希望 出:奈緒紗代子	64271
281	1200000000000014195	えび	64128
282	1200000000000008361	くすのき	63698
283	1500000000000029366	とちあき	63687
284	100000000000102910	流派東方全敗	63337
285	1500000000000050772	ビヤーキー	63282
286	200000000000004824	おおたく	63242
287	700000000000096825	koko	62752
288	900000000000097393	Gearoong	62707
289	500000000000050894	パンク	62619
290	700000000000013105	nmlnml	62596
291	1500000000000004167	Blue	62368
292	1400000000000025188	ひぽぽたますP	62357
293	1400000000000084373	m@rio	62259
294	500000000000051299	まきよ	62204
295	900000000000075593	LIN	62053
296	100000000000077838	林檎飴P	62012
297	100000000000006471	March	61921
298	1300000000000052528	kaenagi	61846
299	96270	ころころ♪	61769
300	800000000000014955	sakusaku	61519
301	500000000000078142	zaemon	61338
302	700000000000027020	さやっち	61123
303	78937	ペス	60867
304	300000000000009398	トキノ	60672
305	1300000000000056310	うらがれ	60390
306	1300000000000075243	とんこつらぁめん	60299
307	100000000000096045	ヒルデガルド	60224
308	100000000000038844	NaNaSaTo	60176
309	1400000000000030199	ザナーク	60155
310	1200000000000001291	はなまるBT	60005
311	600000000000094930	ばる	59990
312	1200000000000034331	ぷりーぬ	59981
313	1500000000000098658	中位	59881
314	700000000000052471	捺輝	59878
315	100000000000061554	ぱるるる	59813
316	700000000000073551	☆ 輝きの婿 小川A ☆	59656
317	1100000000000001385	ワーダーマン	59638
318	1300000000000096606	テルル	59515
319	59792	S.S.T.	59256
320	1400000000000021593	卯ﾁｬﾗﾃｨ	58991
321	100000000000075323	ささもり	58815
322	500000000000018161	ピッカー	58677
323	900000000000012903	ギャブ	58673
324	300000000000001351	ライア(招待×)	58221
325	1300000000000098826	ナギ	58098
326	900000000000080766	かしわ	57956
327	1400000000000008354	カロ	57896
328	1500000000000084570	わこまる	57850
329	1300000000000087052	うにら	57553
330	900000000000052112	かず	57525
331	1400000000000055732	かたたたき	57476
332	1400000000000003589	kgy	57069
333	100000000000057078	かわせみ	57049
334	1500000000000029823	IKUMAX☆にじのん(虹野)	56990
335	1100000000000097846	ジョジョの珍妙な冒険	56944
336	700000000000053361	チョロミ	56801
337	100000000000000202	ちゃこ	56693
338	600000000000009728	プリメーラ	56593
339	14065	ひふみ	56349
340	300000000000003920	るは様|ω･)	56301
341	1000000000000016738	与次郎	56253
342	800000000000030131	そういち	56212
343	800000000000096138	むん	55667
344	1300000000000009735	しろ	55625
345	1200000000000100975	アイラ	55495
346	700000000000047470	京丸	55414
347	1200000000000102287	touki	55291
348	1200000000000003351	しんのすけ	55278
349	200000000000023288	そばつゆ@同僚と可奈P募集	54984
350	1300000000000053259	ジョーカ～	54976
351	800000000000040683	やまこー	54950
352	34835	コジロー	54881
353	57184	カシマシ	54759
354	1200000000000083336	TAKA(GREE更新ほぼ引退・ツイッター民に)	54695
355	600000000000002615	Phantom	54626
356	500000000000075890	コウジ	54576
357	500000000000099066	クロワッサン	54575
358	500000000000098298	SHIーX	54509
359	1300000000000097950	ナルサス	54395
360	746	おーた	54344
361	400000000000055344	マヤ	54248
362	1500000000000080310	サンジ	53983
363	1300000000000079628	ジョカ	53923
364	1400000000000080292	桜冬	53841
365	100000000000010607	レイジ	53811
366	900000000000082060	コウキ	53712
367	1500000000000080312	かーとん☆	53688
368	1100000000000002460	try	53670
369	700000000000098036	マジで？	53613
370	300000000000097207	LOW-3	53564
371	1200000000000014008	はたはた	53477
372	1500000000000096234	fredrika	53354
373	1300000000000058941	二日酔い	53312
374	1100000000000001810	夏海あきら	53298
375	1500000000000011468	タマモ‡∽∽‡	53170
376	1400000000000098321	えいえんのねじまきカギューガール	53117
377	700000000000015590	かず	53087
378	100000000000085301	GTHM	53086
379	200000000000057145	パウダー	53001
380	900000000000013078	め組の徳田	52925
381	300000000000047387	スノーフレーク	52884
382	100000000000099745	微冰半糖	52872
383	300000000000000071	st	52749
384	500000000000080597	黒ちゃん	52735
385	900000000000047068	なお	52716
386	400000000000000684	雪ん娘	52619
387	200000000000003171	りっど	52593
388	500000000000061589	わんちゃん	52569
389	1200000000000022360	Starduster	52527
390	400000000000001780	いめ	52455
391	300000000000011408	はとりぶ	52445
392	1500000000000080460	テレス	52301
393	1400000000000007390	ティア	52246
394	800000000000009057	ポアロ	51906
395	200000000000030488	桜野マリ	51750
396	500000000000060571	cdkk	51619
397	85426	ふる	51283
398	900000000000087538	ドラグン2	51282
399	600000000000102873	フェイフェイ	51242
400	1000000000000097205	ジーノ	51163
401	700000000000101118	鈴木美緒	51132
402	300000000000096664	ハイツ	51058
403	200000000000000097	オグリ	51012
404	1100000000000005151	ディライト	50344
405	200000000000101474	クラ	49755
406	100000000000025262	Ricotta	49739
407	1200000000000086403	せきぐち＠37人37色支援中	49634
408	1200000000000053841	ＳＵＮＮＹさん	49625
409	100000000000001479	和沢	49582
410	700000000000075949	ムラクモ	49516
411	800000000000027746	霧亜	49363
412	700000000000079493	秋葉凪人	49224
413	1200000000000002200	カズゲーマー LV1	49077
414	1500000000000100373	ふゆ	49076
415	1400000000000023131	Kite	48966
416	1100000000000003261	ゾエP	48916
417	1200000000000095949	大豆イソフラボン	48749
418	1100000000000091677	スクーミー・ズー	48446
419	200000000000098210	らすく	48359
420	1000000000000013318	やる気	48149
421	700000000000008736	のきあ	48102
422	800000000000098876	運の尽き	48101
423	102996	Twog	48027
424	400000000000008268	カメメカ	47977
425	1500000000000051329	うすけ	47680
426	100000000000098123	喜々	47490
427	1500000000000076295	アルスタ	47410
428	900000000000003649	ルミ	47393
429	500000000000000227	サーモン	47358
430	1100000000000040069	ゆずき	47199
431	800000000000086733	かっきー	46530
432	200000000000054259	無駄	46509
433	400000000000009042	めんだこ	46367
434	300000000000001986	ブレブレ	46305
435	500000000000103398	ライ	46221
436	900000000000058715	宮崎 茶	46021
437	300000000000099700	こはくもち	45911
438	1878	だあーー　　	45872
439	400000000000003187	Takamasa	45729
440	1400000000000077647	さわけん	45598
441	800000000000007665	ABC	45164
442	1000000000000081814	夜叉丸	45059
443	1300000000000000708	らとす	44541
444	800000000000005185	鯖ス	44412
445	1200000000000005423	とるえ	44363
446	1200000000000006703	ねね	44327
447	200000000000042689	ドリャ	44196
448	300000000000002427	小夜	44106
449	1100000000000022588	キリ	44028
450	300000000000096095	ルルshiba	43981
451	200000000000000040	美奈子love	43817
452	600000000000003240	あかげ	43593
453	1100000000000057779	ガチムチボーイ	43548
454	500000000000103443	リスト	43480
455	1400000000000103858	765M@ster	43274
456	1400000000000096670	てら	43084
457	900000000000007776	上∞~noリスクno冒険~	42792
458	5238	ぶらうぐらな@痛さは強さ！	42772
459	1000000000000058882	ハイバリー	42630
460	52353	マサ	42488
461	1200000000000053085	信州小僧	42393
462	300000000000073915	まき	42327
463	800000000000083320	mer	42317
464	16372	そのだ	42286
465	1500000000000087809	toa	42180
466	1200000000000103853	しょう	42123
467	1500000000000102156	ストロングザ武道	41616
468	900000000000031124	ニコル・ボーラス	41493
469	1100000000000000158	アリクス	41220
470	1300000000000058841	胡麻塩	41137
471	700000000000052246	そらきち	41128
472	1200000000000055089	な	41110
473	200000000000096893	さいふぉん	41062
474	800000000000007972	バーガースケーター田尾寺	41051
475	200000000000043800	景太郎	40990
476	100000000000000176	フォレノア	40905
477	102288	3.141592653...	40886
478	1300000000000086372	ton-ton	40776
479	700000000000004861	shimashi 	40692
480	1100000000000078644	お餅	40625
481	1400000000000040466	たえとも	40593
482	1200000000000098955	じゃがいも太郎	40518
483	1200000000000072983	トキオ	40496
484	400000000000000299	空中	40428
485	1500000000000017058	雨魂	40360
486	1200000000000093875	FFF	40230
487	1000000000000025013	タカチキ	39750
488	1000000000000003654	普通くんP	39620
489	300000000000006103	まくわうり	39262
490	900000000000031079	idea610	39074
491	600000000000009339	ユーシー@スマホ	39040
492	300000000000053971	むうらん	39021
493	100000000000023925	結愛	38967
494	500000000000024375	海棠	38831
495	1000000000000061779	むら	38649
496	100000000000097896	ユウギリ	38600
497	700000000000082064	れいあ	38577
498	1200000000000095471	レフトガード	38160
499	1500000000000000637	zendaman7651	38077
500	700000000000104358	おぽ	37984
500	900000000000053501	jury	37984
502	1300000000000098582	つつじ	37819
503	700000000000100666	Silvermist	37647
503	1500000000000093282	FF	37647
505	300000000000006235	芙蓉楓	37583
506	47358	外国人	37562
507	1200000000000046997	ランプキン	37556
508	300000000000085152	羽生える	37372
509	700000000000003572	うり	37234
510	1100000000000081419	シタン	37051
511	600000000000027449	H@NK	36830
512	200000000000085575	ひじりゃー	36659
513	400000000000097241	アイルくん	36535
514	80019	ナイトレーベン	36522
515	600000000000099261	みこ	36382
516	1500000000000000403	ぱけ@TYSジュリア可奈翼	36341
517	1000000000000102395	ぱん	36271
518	300000000000090229	晴れ晴れ	36000
519	1200000000000078872	ショウ	35984
520	100000000000014355	☆iM@S(廃課金も廃プレイも無理)☆	35832
521	1500000000000024246	菓桜みい	35827
522	1100000000000018453	ほむら	35483
523	200000000000086545	みにか	35360
524	1100000000000007085	のんけ	35137
525	1000000000000061686	らむ29	35103
526	200000000000053071	gp-0	34861
527	700000000000019996	Yellow	34784
528	300000000000098441	YUSA	34651
529	200000000000006547	海鞘♪	34645
530	1300000000000100038	三匁	34637
531	400000000000082197	jhon	34485
532	300000000000100918	YSK_1985	34483
533	1000000000000104092	おしんこ	34256
534	300000000000056833	キーストーン	34089
535	1000000000000079016	なるなま	34080
536	300000000000085295	零	34055
537	700000000000099862	たくどん2000	33955
538	200000000000063347	あるぅ	33929
539	700000000000098170	serits	33907
540	1200000000000002767	ちん	33885
541	900000000000019968	ふぁぼ原	33806
542	400000000000007713	やにわに／デュマ	33794
543	500000000000002557	ひな	33573
544	1200000000000001843	野良衛門	33556
545	800000000000099802	Suuki	33508
546	200000000000052784	かいば	33348
547	1000000000000073977	紅茶派	33309
548	1500000000000075927	まりも	33288
549	600000000000002065	そら	33279
550	1100000000000079427	カイン	33224
551	9536	ゆい	32705
552	700000000000015775	桐原葵純	32633
553	300000000000051205	ふらっとぱいん	32530
554	1400000000000004285	ディルーカ	32297
555	100000000000000112	貧血ヒヨコ	32192
556	200000000000094568	ジョニこ	32081
557	500000000000025018	けいお	32038
558	1100000000000008293	にな	31919
559	1500000000000015314	Yas-1	31428
560	1200000000000001300	ボン	31390
561	600000000000103829	あすなろ	31384
562	200000000000028862	はこねこ	31317
563	200000000000102641	なめ	31311
564	200000000000051019	メイハ	31236
565	60072	なむなむ	31135
566	600000000000008954	マサマサ	31111
567	1500000000000060553	フランツ	31100
568	1200000000000097783	えりまき	31089
569	200000000000102886	こまつ	30916
570	1200000000000000610	kirai@ひなまつりつこ推し	30900
571	1000000000000012085	ひろるん	30798
572	400000000000049819	銀紙	30692
573	1100000000000020647	サメハダ	30602
574	200000000000000492	HB2	30493
575	1300000000000000721	UDN	30444
576	400000000000021918	ほたる	30431
577	400000000000099365	リキ	30424
578	4447	マー太郎	30408
579	900000000000100042	バード	30147
580	1100000000000015346	RKO-ガンスタン	30094
581	22264	霧	30076
582	200000000000102030	人面カラス	30018
583	700000000000000105	カロリにゃん	30003
584	1200000000000100366	ムササビ	29963
585	1500000000000009889	レボ(ReBo)※新しいスマホ買い換えたよ	29894
586	1400000000000062008	白い悪魔	29882
587	400000000000005589	昴太朗(演劇バカ)	29776
588	200000000000000498	あーる	29760
589	1500000000000019639	DIESEL	29759
590	400000000000081385	deadcopy	29735
591	60847	イトゥルベ	29717
592	500000000000004466	賢輝	29688
593	300000000000000332	チン店長	29673
594	700000000000096610	みどり	29562
595	100000000000043218	Sforza	29523
596	1400000000000074663	ギン	29446
597	100000000000000028	いまち@同僚さん募集中	29303
598	1100000000000045789	N.Kranberry	29224
599	600000000000058668	駆汐	29200
600	500000000000010310	タナユウ	29194
601	800000000000004879	しまねこ	29182
602	1300000000000004458	GENSAN	29173
603	1400000000000056158	柴犬	29155
604	1400000000000102609	オトアワセ	29071
605	1200000000000098811	広島風	28998
606	1100000000000010601	ペペロン	28946
607	1000000000000021789	シュルツ・マクベイン	28915
608	900000000000015303	タッチー	28880
609	1200000000000007097	Den [今迄道場御利用感謝♪]	28841
610	9855	はるちゃん	28752
611	100000000000003368	ヤクライ	28744
612	400000000000052302	Mage Tank	28526
613	1400000000000075291	ヨーゼフ	28472
614	101857	ああ	28432
615	1100000000000050344	かずにゃ	28431
616	700000000000050917	さわら	28382
617	100000000000001407	由宇	28320
618	400000000000097189	こたつ蜜柑	28258
619	1400000000000001760	えすえす	28121
620	100000000000023612	Ｎormad	27997
621	1400000000000094670	ニヤじぃ	27984
622	900000000000024260	forest	27980
623	100000000000035394	みなと	27979
624	900000000000055247	ゆきいち（ハタ）	27966
625	1100000000000004004	ストボン	27868
626	11244	エイセス	27780
627	700000000000000646	白鴉	27766
628	200000000000015511	くま	27658
629	1200000000000028285	らちお	27606
630	900000000000008331	ファブリエル	27585
631	1400000000000014504	さざなみ	27485
632	1000000000000053502	ほくちよ	27410
633	1100000000000001685	歩道橋	27388
634	900000000000075001	まこＴ	27387
635	1300000000000094627	emptiness	27381
636	100000000000013988	まっこー	27306
637	900000000000073006	エグゼ	27300
638	300000000000031511	やよクエ	27299
639	1100000000000004488	時塔	27159
640	900000000000076993	うつほ	27155
641	800000000000027094	きのえ	27094
642	1200000000000004406	帷/とばり	27080
643	200000000000000673	神 尚輝	27004
644	500000000000009307	Kuro@Yosukek	26992
645	400000000000044652	ＨＩ	26969
646	1500000000000025240	にゃんちゅう	26924
647	3605	浜通	26662
648	400000000000010841	まほりく	26548
649	1200000000000001529	がぷりす	26498
650	200000000000019426	トガリィ	26435
651	900000000000004850	なっくん	26385
652	1400000000000003729	ねろ助	26322
653	1500000000000028768	ジョー	26314
654	700000000000000688	フラジャイル@しずしほ	26241
655	200000000000041146	くろさい	26049
656	800000000000057028	nirika	25966
657	1500000000000001967	ピーマン太郎	25851
658	400000000000102133	レイドック	25849
659	800000000000021848	あつを	25568
660	500000000000080575	るぅー	25565
661	300000000000102574	くもり	25526
662	400000000000102346	???	25522
663	200000000000005547	アオイホリ@プリズンホスピタル	25490
664	1500000000000001558	はろ	25422
665	100000000000020126	りょう	25417
666	1400000000000000254	くさったみかん	25396
667	1400000000000096759	ぐまー	25390
668	1200000000000083682	シンゴ	25323
669	200000000000003208	tkrtxl@必然的にくじ効率主義	25223
670	1100000000000074620	Brau	25220
671	1300000000000063198	たらば	25105
672	1028	けＥすけ	25062
673	800000000000101124	つばき	25054
674	300000000000033583	バルさん	25035
675	400000000000003157	バラム	24928
676	1100000000000082908	サクヤ	24920
677	100000000000026912	アマツ	24868
677	500000000000052586	らきゃを	24868
679	700000000000077518	ふぃね	24806
680	900000000000000010	ジャイ	24743
681	400000000000103613	寅	24671
682	500000000000053835	つかさ	24618
683	800000000000080377	ヤスヤス	24594
684	900000000000098203	平面マン	24574
685	1400000000000087062	みっちん♪	24503
686	200000000000005030	mogup	24485
687	141	さとさと18	24481
688	1200000000000085535	しお	24458
689	1100000000000051959	やがら	24353
690	1300000000000054513	あゆきゆき	24279
691	100000000000053121	レンたん	24232
692	100000000000018112	マサシ	24148
693	700000000000010150	etamasko	24079
694	1400000000000000135	婿固め	24060
695	1400000000000010746	Rin@手づくりのぶどーかんへ！	24017
696	1000000000000062314	あすか	24012
697	1200000000000057936	Sense	23936
698	900000000000077738	トマト	23917
699	900000000000001046	ぺりかん	23880
700	400000000000096385	kma-	23856
701	500000000000001127	鞠雛影葉	23695
702	800000000000073794	ひょっこ	23644
703	100000000000027443	ish	23636
704	1500000000000004414	なお	23627
705	1300000000000063256	七生	23621
706	300000000000011012	オルフェウス	23601
707	700000000000004683	YAS♪	23506
708	1000000000000099854	リプテリア小夜	23467
709	600000000000091829	o	23465
710	1400000000000088373	さとみつ	23403
711	500000000000080530	とろ	23364
712	1100000000000039818	十六夜八雲	23322
713	100000000000057052	のん@TYS同僚募集	23317
714	400000000000000720	ブルーレモン	23303
715	700000000000054595	眉ぼんっ	23151
716	700000000000087591	あさころ	23109
717	1500000000000099904	はまじ	23058
718	1400000000000052719	?玄 野(kuro_no)	23046
719	1100000000000073051	ブルーサンダー	23039
720	1200000000000002426	tamtn	22980
721	900000000000045699	めんたい	22972
722	900000000000002598	トーミ	22923
723	700000000000007448	エンドレスワカメ	22840
724	800000000000003243	きのっち	22820
725	1200000000000037805	やすぱつ	22815
726	1500000000000076960	あさひ	22676
727	500000000000097358	小室千奈美	22535
728	1200000000000001555	べる	22475
729	900000000000026092	小鳥木	22453
730	500000000000053740	ごまえ	22449
731	1000000000000052263	わんた	22354
732	500000000000095855	bun	22281
733	900000000000003851	タくヤ	22253
734	100000000000017297	チーボー	22166
735	1200000000000076445	不気味遺産	22115
736	700000000000055515	メルカン	22108
737	900000000000053094	寝不足	22106
738	200000000000103334	テラ	22101
739	1500000000000099732	初雪/温泉ねずみ	22020
740	400000000000094979	Diana	21985
741	40472	ぽん＠HN在庫アプリ済リスト在ります	21952
742	700000000000001788	やまぬら	21900
743	600000000000035701	シュウ	21898
744	1300000000000099190	タチカワ	21820
745	800000000000011291	ハラヤヒロ	21721
746	1300000000000050974	久遠	21707
747	1300000000000098401	AnknP	21663
748	500000000000055904	小熊猫（暫くお休みします）	21626
749	200000000000045609	点々	21580
750	200000000000017357	834yen	21530
751	22320	なまけもの	21513
752	1400000000000000245	ふらじーる	21512
753	100000000000002617	二階	21473
754	1300000000000085384	鉄火	21409
755	500000000000001631	もりちゃん	21356
756	1300000000000054876	高潔なる教皇、	21353
757	1500000000000096608	funtopp	21215
758	1000000000000007695	あさかぜ	21209
759	1100000000000079686	nbaws	21136
760	600000000000002369	むほーまつ	21115
761	700000000000004030	あんぱん	21056
762	300000000000094609	Tkさん	20968
763	1400000000000026917	ねこポチ	20943
764	500000000000004264	だいなっきす	20837
765	1000000000000101243	ダームスタチウム	20835
766	100000000000005222	虚無僧	20809
767	600000000000013398	たてお	20748
768	1200000000000022838	44K	20716
769	300000000000062101	ローバー	20672
770	900000000000006109	スクリーチ(ジレ)	20666
771	1200000000000052600	だる	20643
772	1300000000000013087	蒼緋	20585
773	1300000000000068014	オヤスミン	20547
774	78059	泉カラビナ	20546
775	500000000000014081	モモＰ	20526
776	1000000000000087100	sakita-4	20512
777	1000000000000084279	不空	20432
778	200000000000032497	Blue Star	20424
779	1000000000000103679	はやぶさ	20384
780	1100000000000003996	虹幻珠主  20GBコースへ	20359
781	600000000000095142	一六八	20311
782	1300000000000077928	麦	20249
783	700000000000004401	ガイスト	20186
784	500000000000003073	ロロコロ	20161
785	1500000000000044696	ルイ	20151
786	1500000000000002090	Kyoju	20147
787	1300000000000072068	芝生	20131
788	600000000000074665	tairamune	20101
789	300000000000075857	tyou	20068
790	1300000000000098406	桑原テルル	20058
791	1400000000000056960	ももうさ	20057
792	1400000000000023498	アンドゥー	20056
793	800000000000074017	ryouman	20041
794	100000000000002988	ヤジン	19962
795	1300000000000026944	ギロロ	19909
796	1500000000000045296	PapiPengin	19832
797	1300000000000015705	akot	19785
798	1100000000000036264	アユ	19698
799	1500000000000051980	枝花 @らうめん募集	19660
800	500000000000027852	たけや	19592
801	800000000000030622	オキャ	19563
802	300000000000006258	白露	19523
803	1300000000000009448	とも	19444
804	900000000000000109	こうちゃ	19307
805	400000000000008822	とっきー	19304
806	600000000000042898	dandytatata	19248
807	300000000000002214	yu-kon	19129
808	600000000000058309	たな	19119
809	1000000000000044929	シエスタ	19042
810	600000000000005630	だま	19018
811	200000000000094870	ちろ	18978
812	1000000000000006619	yoi	18973
813	1300000000000101781	ピクルス	18956
814	1400000000000096817	よっしー	18922
815	500000000000079019	不自由	18867
816	400000000000053492	ところ百均P	18838
817	1000000000000002504	リビドー７	18821
818	900000000000015159	hifi316	18810
819	100000000000056828	ネッチョ	18753
820	1400000000000062739	おけとれす	18745
821	100000000000038954	ファミチキ	18721
822	1000000000000005503	SIGU	18666
823	600000000000079469	Mamma Luce	18634
824	1300000000000051981	姐御	18611
825	1200000000000029621	みづの	18588
826	600000000000054929	サギリ	18584
827	600000000000085618	Powder	18571
828	100000000000071990	日暮薬局	18483
829	1300000000000001003	galve2P	18457
830	500000000000102988	たみる	18449
831	1500000000000007402	竜二	18342
832	1200000000000045489	げんたろう	18316
833	700000000000003790	ｿｰｲﾁ	18302
834	1100000000000014132	yahagi	18290
835	400000000000102066	にわ川	18194
836	200000000000100983	ユー	18177
837	900000000000103522	レトテイ	18129
838	200000000000054697	柿之介	18128
839	102407	小麦粉	18120
840	1200000000000005682	ヨシぴー	18072
841	100000000000053158	あんこ	18006
842	200000000000083819	アムザ	17971
843	1100000000000072366	酒路	17959
844	800000000000102797	らふめいかー	17947
845	400000000000096344	evan	17808
846	400000000000093855	慎一郎	17803
847	900000000000002859	ひびひびちはは	17789
848	200000000000005146	LIAR	17787
849	100000000000104633	agx15	17783
850	600000000000097953	木の梢	17776
851	300000000000002125	Ｒ	17640
852	200000000000075341	たっつ	17628
853	500000000000101013	タッツク	17617
854	400000000000094709	イチルレ	17556
855	800000000000029131	しぇんまお	17555
856	1400000000000084040	nomo	17545
857	1000000000000024466	無題.	17534
858	1400000000000004464	がめす	17531
859	1500000000000003252	オギ	17506
860	200000000000004253	れいしき	17484
861	800000000000097860	みこみこ	17459
862	1300000000000099950	よっしー８	17425
863	1200000000000085317	しお太	17415
864	900000000000073287	ペクチ	17414
865	29734	トッシ	17412
866	1000000000000005882	MISAWA PT-27C	17374
867	1100000000000080224	AsaYuki	17369
868	6964	ちーちゃん	17344
869	1000000000000009207	Ｚフラグ	17226
870	200000000000062292	くちぐろ	17218
871	1500000000000031566	subaru	17207
872	400000000000000440	かひろ	17173
873	100000000000024402	麦茶	17136
874	700000000000010463	ダメタ	17063
875	400000000000050669	ライサン	17060
876	1500000000000036254	あんどれ	17038
877	500000000000004523	月臣さん	17035
878	500000000000003035	kazuki	17021
879	800000000000040334	なかた	17006
880	500000000000020786	あやと	17004
881	100000000000000686	メアラス	16998
882	1300000000000101734	Rui	16992
883	1400000000000019442	羆(爆睡中)	16932
884	1300000000000008592	Ａ／Ｗ	16813
885	5200	kuma	16782
886	600000000000045964	らいとにんぐ	16773
887	200000000000000535	YOH2	16770
888	1100000000000001205	ソランP@ぶどーかん！	16767
889	1200000000000004664	あー	16759
890	400000000000078723	マシュマロうどん	16696
891	600000000000003556	フェイク	16675
892	800000000000099144	ワホ	16569
893	200000000000004913	ブル～アケマス紳士10th～130超	16544
894	300000000000085373	がと	16509
895	600000000000053831	しろくま	16502
896	1100000000000027178	バチカンＢＩＧ	16487
897	1400000000000002472	大吟醸	16450
898	1500000000000104254	Pinky	16408
899	600000000000072885	Ib	16399
899	1500000000000038378	.	16399
901	600000000000037624	サンゴ	16375
902	1500000000000093074	さやいし	16370
903	35510	エラー(みどり)	16327
904	85901	もっさし	16262
904	100000000000000846	深空猿	16262
906	800000000000095422	ビスコ	16211
907	200000000000051194	ネオマグ	16162
908	400000000000000320	mad	16156
909	1500000000000051806	水湊	16125
910	900000000000015319	モッツァン＠もーら	16099
911	600000000000007873	コトブキ	16071
912	75163	成月	16028
913	400000000000030643	みみみ	16018
914	800000000000097157	sket-ch-Book	16013
915	200000000000033055	GAN-Q_2	15977
916	1200000000000058263	カニナ	15972
917	1200000000000057757	アベル	15953
918	107	なまくら	15948
919	800000000000028147	るかぱい	15936
920	500000000000101678	ひぐれ	15924
921	300000000000096790	pilimovie	15920
922	200000000000000361	ファイ	15888
923	1300000000000074311	ダビー	15868
924	800000000000007425	戌王団長	15851
924	1000000000000002708	藍田彰(AkirA)	15851
926	22360	TARO	15843
927	1000000000000082875	To_mo_ka@P	15736
928	100000000000020892	宇影	15720
929	100000000000003042	Moca	15711
930	900000000000004515	かまたま	15697
931	1000000000000001351	F澤	15647
932	54314	くろすけ	15642
933	500000000000082722	生徒36名	15608
934	800000000000098983	kwei	15591
935	100000000000033438	ナオト	15510
936	100000000000002194	配膳(元ばめ)	15429
937	1500000000000031988	いたスト・アルラウネ	15419
938	1300000000000007557	まつば	15361
939	500000000000087027	マコト	15359
940	900000000000101182	わんころもち	15344
941	800000000000090785	うぴ吉	15317
942	1400000000000060045	飛鷹	15264
943	700000000000025299	よっち	15233
944	1300000000000055990	鳳	15213
945	1000000000000048031	コアラのマーチ	15192
946	1300000000000005486	とんこつＲ	15178
947	1200000000000101539	かえで@求)whad美希	15171
948	600000000000017679	だいぶ～ん	15118
949	1300000000000046149	朱雀	15066
950	100000000000031598	こーいち	15059
951	900000000000014714	からくれ	15042
952	600000000000061624	クリファ	15041
953	900000000000000080	出雲桜	15035
953	1100000000000000475	やらかし侍	15035
955	1200000000000031916	setsuna	15022
956	1100000000000013052	ぐるぐる	15021
957	1500000000000005233	ヤスハル	15019
958	600000000000005153	ネア	14999
959	1500000000000013918	モルディヴ	14997
960	100000000000094611	そーた	14990
961	1200000000000103497	梅ちゃん番長	14952
962	600000000000048389	ユセリア	14944
963	1200000000000010116	あかい/×in率低	14936
964	300000000000081679	とっても	14908
965	300000000000004859	クレア	14900
966	100000000000053759	雨宿り	14886
967	300000000000055810	ゆいな	14853
968	500000000000000189	みかん＠制服杏奈劇場	14822
969	1000000000000005295	ぶくろ	14808
969	1100000000000060171	おかゆ	14808
971	1300000000000037746	垣太閤 左第5中足骨々折治療中。・°°・(＞_＜)・°°・。	14807
972	1200000000000103287	まこ	14788
973	400000000000094045	ちょも林檎	14760
974	1400000000000004393	イザーク・シュール	14746
975	500000000000056651	JHONY	14740
976	300000000000052161	nkmt	14724
977	500000000000085758	くうき	14720
978	1500000000000000849	ブラケ＠ラウメン募集中	14712
979	300000000000000281	ヘカブ＠木下式恥ずかしアトミックドロップ道場	14683
980	500000000000003990	ユウ	14658
981	700000000000081455	zeremonio	14628
982	200000000000037398	ぽにょりてぃ	14624
983	1500000000000011923	ステップ	14618
984	100000000000052547	ちゃーすけ	14614
985	92819	飛鳥翔	14581
986	400000000000085183	ばぶるす	14559
987	1300000000000016385	hiroki	14484
988	600000000000073337	あいり	14470
989	1000000000000055309	へび	14431
990	1500000000000000748	ユー	14424
991	700000000000097536	SHADOW	14402
992	300000000000002346	スカル	14377
993	100000000000001020	ふぃがろ@無言トレ歓迎	14308
994	1400000000000077705	ウッシー	14252
995	700000000000007191	山本山 Team神龍	14227
996	200000000000013245	マリ子	14198
997	1200000000000098711	knu	14189
998	1000000000000003224	きのこのこのこ	14167
999	1400000000000075272	ヘルリウム	14148
1000	500000000000054482	ヘリウム	14142
1001	1400000000000075792	よっし～	14076
1002	700000000000045530	Rev	14074
1003	1827	ぐーす	14018
1004	800000000000001963	座布団	13985
1005	600000000000004480	たいしょ	13976
1006	100000000000041250	まっつん	13961
1007	300000000000048812	PEL	13925
1008	1500000000000004807	おとはな	13920
1009	600000000000074595	ザキM@S 手作りのぶどうかんから本物の武道館へ	13785
1010	300000000000004693	しゅん	13680
1011	1100000000000074788	sinzi@TYS亜桃エ島馬木　求）海ロ可琴静宮祭風星朋紗ジ翼佐横福百昴麗　以外	13667
1012	13195	ぴこぷぅ	13652
1013	600000000000041714	拳剛	13640
1014	600000000000059832	exa003	13594
1015	400000000000005323	ｿﾙﾄ&ﾋﾞﾈｶﾞｰ	13574
1016	4596	みっち	13512
1017	100000000000086703	ともっち	13508
1018	900000000000067223	TY	13465
1019	1500000000000035246	ユーザン	13457
1020	1000000000000009850	しんちゃん	13437
1021	500000000000077167	オリガミ	13408
1022	1300000000000047377	にいと	13404
1023	300000000000019027	やよい	13384
1024	7482	さらだ	13365
1025	1100000000000091158	ねこ	13356
1026	400000000000058275	ゴリットソン	13348
1027	600000000000080290	ROU	13338
1028	500000000000103003	ニッキ	13334
1029	100000000000011604	だねこ	13256
1030	1200000000000007058	すとれいと	13231
1031	800000000000022221	下克上	13227
1032	700000000000087586	nickname	13214
1033	600000000000100434	stern	13195
1034	900000000000031014	冷や麦	13188
1035	600000000000081294	草稿	13167
1036	700000000000059103	wolken	13130
1037	500000000000104750	テン	13094
1038	19949	りいん　もう朝顔一輪咲いたよ	13091
1039	800000000000099580	saywatch	13089
1040	200000000000003513	ユタカ	13061
1041	300000000000087465	gwanchan 	13040
1042	500000000000051488	ののの	13039
1043	400000000000029985	ミネ	12963
1044	800000000000001171	datte～ｲｨﾔｧｯｯﾌｫｵｫｫｵｫｳｩ～	12917
1045	100000000000077459	六角ナット	12905
1046	400000000000083652	はむ	12898
1046	700000000000061032	トパドリ	12898
1048	500000000000029947	RyO(とびら)@同僚募集中	12850
1049	1200000000000004268	大チャン@なおひと	12740
1050	800000000000061904	KAZU	12701
1051	1000000000000100522	水面	12700
1052	900000000000051499	こーはい	12699
1053	800000000000052000	ばんぞう	12644
1054	900000000000072912	慶野	12570
1055	500000000000003834	オモイカネ	12542
1056	500000000000071220	ヒビシス	12525
1057	100000000000100231	ストロー	12518
1058	400000000000000265	すのっぴー	12512
1059	1300000000000001345	マコロン	12460
1060	1000000000000001836	アフロ	12440
1061	1000000000000053348	あふろ	12426
1062	1400000000000101465	こう	12423
1063	700000000000002264	しゅまい	12420
1064	400000000000002446	八夜	12419
1065	400000000000007343	なつの	12384
1066	800000000000071837	itgeek96	12351
1067	1300000000000057209	いとぅー	12337
1068	1200000000000025869	すみす	12324
1069	700000000000008764	せの	12313
1070	200000000000029288	ストラーダ	12298
1071	1000000000000046407	夏鳥	12272
1072	1500000000000093279	くるまほしい	12266
1073	300000000000005852	いたちょ	12257
1074	900000000000011114	ほうでん	12254
1075	500000000000034226	羊毛ひつじ	12215
1076	1200000000000094734	fumi	12200
1077	100000000000052500	MS05	12166
1078	800000000000093104	まこっち	12160
1079	1000000000000036014	アクセル	12141
1080	1500000000000081217	MOTOBE5	12140
1081	1200000000000100705	みなかみ	12120
1082	300000000000050936	コウ	12119
1083	1200000000000096838	えむえむ	12102
1084	500000000000011999	おにに	12100
1085	1500000000000002258	春日高男	12099
1086	1200000000000099936	ひなお	12098
1087	79235	えびもと	12081
1088	100000000000050735	すみれの	12072
1089	700000000000090843	んんん	12054
1090	200000000000085628	ゆっきー	11999
1091	200000000000030297	アニー	11958
1092	200000000000101364	ぐみこ	11937
1092	1000000000000023772	赤いきつね	11937
1094	1500000000000093445	ミニロル	11931
1095	700000000000021793	ひろ	11930
1096	1400000000000081290	ゴーレム中谷	11911
1097	400000000000026977	キョン	11876
1098	1200000000000053394	歯科	11862
1099	1000000000000004019	悪来	11857
1100	200000000000100866	ulgsh	11853
1101	1200000000000061983	kuma	11850
1102	1400000000000077551	ななさん	11808
1103	300000000000027999	レオ[イタズラ本日おわり]	11772
1104	600000000000000971	冬夜	11767
1105	1300000000000005032	どこぞのＰ	11754
1106	1500000000000006931	けー	11738
1107	500000000000086511	いちごおにぎり	11736
1108	600000000000086717	ペコ	11604
1109	1300000000000062198	増桝はるかさん	11592
1110	1500000000000076049	ハンター	11584
1111	1500000000000004577	Ｂダッシュ(*^-')b	11583
1112	15456	とり	11578
1113	1500000000000073727	hako	11575
1114	1100000000000012387	envi	11545
1115	800000000000002141	ちびぬこ	11541
1116	1100000000000035180	ふぇでぃ	11468
1117	800000000000052057	ぽん太	11462
1118	700000000000003267	がんのすけ	11460
1119	300000000000011175	わあげん	11457
1120	800000000000027414	ショシ	11383
1121	1200000000000055792	FIAT	11367
1122	1200000000000054048	クレシエンテ	11327
1123	400000000000022505	眼鏡卿	11314
1124	700000000000034764	テッペイ	11284
1125	1100000000000004537	JCVD	11276
1126	800000000000012172	ttoshi	11254
1127	1200000000000048817	朱鷺	11234
1128	1400000000000026844	ヤト	11199
1129	700000000000004723	なは	11195
1130	1300000000000011465	ぱこ	11177
1131	500000000000002961	西村ひろゆき	11159
1132	100000000000008355	とんぺー	11156
1133	75601	DIE	11142
1134	1500000000000025267	影無し	11079
1135	1100000000000000073	せーてん	11070
1136	1400000000000024552	山電	11066
1137	500000000000073802	味噌汁	11056
1138	700000000000028751	ＢＬＵＥ　３	11051
1139	1000000000000001350	ピカテツ	11040
1140	900000000000083639	ロブスタ	11031
1141	500000000000033635	りお	11016
1142	600000000000075724	かず	11006
1143	1400000000000100588	Player 1007909726	11001
1144	1100000000000097759	どんぐり	10996
1145	1300000000000013709	おみつん	10956
1145	1300000000000080930	ポルポル	10956
1147	1400000000000103109	すわほー	10942
1148	900000000000081733	紫グミ	10935
1149	1300000000000054689	generex	10909
1150	100000000000058968	ひびびぴー	10901
1151	1500000000000100124	こだま	10885
1152	1200000000000011912	わな	10880
1153	1100000000000098873	4職分の野菜	10879
1154	400000000000030829	緑茶	10852
1155	1500000000000086003	Foxa	10849
1156	400000000000093636	カンヌ	10831
1157	600000000000098207	ちひろ	10807
1158	500000000000078062	すみすみ	10794
1159	100000000000042832	みかわ	10773
1160	700000000000000963	れんこん	10765
1161	900000000000082411	Presto	10760
1162	1200000000000041687	すとんこ	10759
1163	600000000000102891	有平	10746
1164	300000000000004397	ﾒﾛﾝﾊﾟﾝ	10744
1164	1200000000000030120	老鴎	10744
1166	300000000000025423	柴水犬	10740
1167	100000000000030567	えどがわ	10733
1168	1300000000000018841	闇の敗北者	10729
1169	700000000000010296	Mrtanaka	10721
1170	100000000000000513	しえすた	10703
1171	700000000000008199	shchshch	10702
1172	800000000000001846	切原赤也	10688
1173	400000000000027075	山電クルミ	10682
1174	200000000000037526	メルティ	10676
1175	800000000000098282	らずべりい	10657
1176	1300000000000052094	コッペ	10635
1177	800000000000001694	幽鬼	10624
1178	1400000000000087451	ぽん	10602
1179	200000000000010742	りじぇくしょん	10596
1180	1100000000000031782	プレイヤー1	10576
1181	1100000000000013086	りん	10568
1182	1300000000000025528	ドギグ	10453
1183	600000000000004016	さどっち	10448
1184	1200000000000098088	えだてつ	10443
1185	900000000000100808	ハルヤ	10416
1186	800000000000043808	ジュリ	10401
1187	600000000000091025	ふろろん	10399
1188	1100000000000031421	ＤＡＩ	10390
1189	300000000000098334	通行人B	10361
1190	1200000000000005375	werkstra	10353
1191	900000000000007035	矢野目小にサヨナラバイバイ	10352
1192	500000000000052215	かじゅや	10347
1193	200000000000008452	Angol	10342
1194	85626	籾矢丸	10332
1195	100000000000058720	宗那	10276
1196	100000000000103305	シノン	10242
1197	900000000000080656	アルタイル	10238
1198	1500000000000055488	Ifiugogo	10209
1199	1100000000000003636	aiSuzuki	10186
1200	800000000000057321	ピグザム支配人兼任P	10171
1201	1100000000000020707	緋狩	10163
1202	900000000000043170	篠川	10146
1203	800000000000095999	spaceNEET	10090
1204	1100000000000001207	シンタナ	10077
1205	300000000000006799	氷点下の猫	10059
1206	1000000000000013389	おじいちゃん	10038
1207	1500000000000054166	黒蛇	10026
1208	1200000000000097233	i.c.e.9	10021
1209	1200000000000091498	ブラックローズ	10005
1210	1300000000000074489	アルジェント	9999
1211	400000000000083394	ねむ	9973
1212	900000000000039244	じゃこ	9970
1213	1000000000000104776	Player 1009489226	9930
1214	800000000000045730	オクラホマ	9898
1215	100000000000093967	megrez	9856
1216	900000000000008238	くったり	9798
1217	1000000000000083801	syaorei	9785
1218	1500000000000101310	梅月	9752
1219	300000000000047122	ぐらたん	9715
1220	1100000000000001171	るおP	9714
1221	400000000000076029	あざらしあこ	9687
1222	200000000000074383	エルザム(ﾉｰﾏﾙ+)	9683
1223	500000000000004012	タツミ	9673
1224	1200000000000024974	政繁	9670
1225	1100000000000050535	かーな	9660
1226	700000000000055356	カクカ	9656
1227	300000000000038717	みりん	9640
1228	400000000000102433	ちゅん	9628
1229	1500000000000001881	涼矢	9624
1230	1200000000000056055	gan	9597
1231	300000000000015929	宵闇	9548
1232	1000000000000095990	ちょっぴー	9534
1233	1100000000000008327	八武ゆとり	9520
1234	400000000000011031	花咲	9515
1235	1300000000000009744	片那	9508
1236	600000000000037190	ktktktre	9487
1237	500000000000052305	mapleocean	9483
1238	800000000000008409	ねこのせなか	9470
1239	800000000000037102	星月	9457
1240	900000000000074683	ketty578	9435
1240	1000000000000097829	ねっきい	9435
1242	1200000000000008786	きたきつね	9411
1243	200000000000075180	みな	9404
1244	300000000000036878	レン	9389
1245	1300000000000001055	ねっしー	9371
1246	600000000000008554	キヌ	9362
1247	500000000000011270	あいうえお	9358
1248	900000000000033850	逆走	9305
1249	900000000000017261	放浪カモメ	9291
1250	1400000000000021876	さつき	9287
1251	900000000000102937	天夜	9278
1252	1300000000000003835	じ８	9268
1253	1500000000000052131	コスモ	9256
1254	700000000000017378	太犬	9252
1255	100000000000009409	まっこい	9240
1256	300000000000000666	ヒロ	9239
1257	1000000000000005216	garo777	9204
1258	700000000000101924	つよし	9198
1259	1000000000000097366	とうかい	9174
1260	1200000000000021499	みやびん	9158
1261	76166	ガイスラッガー 要請×	9148
1262	1100000000000072929	ごん	9132
1263	500000000000077985	森キッキ	9130
1264	1300000000000004499	まんじゅう	9120
1265	100000000000003354	四音	9117
1266	700000000000104388	ﾘﾝﾈ	9116
1267	100000000000007659	トリツギ	9102
1268	1500000000000025459	ryo	9087
1269	500000000000052502	ロペ	9065
1270	1100000000000052777	あるまA	9050
1271	1500000000000005136	釉	9049
1272	100000000000031940	ｺﾝﾄﾞﾙ（）	9024
1273	400000000000000055	ノア	9020
1274	1200000000000007318	あやまるP	9017
1275	1200000000000028396	strikefreedom_teruyo	8982
1276	800000000000097248	Air	8959
1277	1200000000000013952	ろくがつ	8946
1278	86975	ツバキ	8943
1279	1200000000000097491	ザキ	8911
1280	1100000000000101881	カネマール	8902
1281	1400000000000026079	ししまる	8883
1282	1000000000000056684	れむ	8857
1283	1000000000000005706	真燕	8827
1284	1000000000000042558	wizlilic09	8822
1285	1500000000000103513	ヒースクリフ	8788
1286	400000000000023904	IMR-765-S.KISARAGI	8784
1287	800000000000102458	oja	8773
1288	1100000000000000592	える	8740
1289	800000000000080182	akifumitt	8731
1290	800000000000095328	Zazon Zenzy	8721
1291	900000000000052154	彩葉鈴	8710
1292	700000000000013780	灰神楽	8699
1293	100000000000029986	こうちゃん	8690
1294	1200000000000007326	ＧＮＨ	8673
1295	1100000000000005541	サンマ	8672
1296	700000000000080607	奏P	8620
1297	1100000000000103264	くろしぃ	8616
1298	600000000000025819	☆すぅ☆	8608
1298	700000000000098822	さんだー	8608
1300	700000000000098186	シャンプー	8603
1301	500000000000080678	anizya	8584
1302	1200000000000005552	こめこん	8583
1303	98722	さえ	8579
1304	1400000000000051281	黒の油性ペン	8571
1305	1300000000000088538	レドノフ	8567
1306	700000000000025578	カンサイサオ	8556
1307	400000000000030993	かめ	8516
1308	600000000000099263	カルリエ	8512
1309	600000000000001764	さとる	8467
1310	200000000000082067	愚民	8448
1311	300000000000086636	Kskskun	8428
1312	1400000000000000386	みかん	8404
1313	500000000000043918	えるこんどる OFF	8401
1313	1100000000000003552	【AIR KING】ToHi【滝沢】	8401
1315	300000000000083571	ぷれすと	8398
1316	103095	なあず	8367
1317	1100000000000101273	のあ	8348
1318	400000000000096262	タツミ	8342
1319	500000000000055979	大神官ユイ	8330
1319	800000000000000603	らくだ	8330
1321	600000000000072678	みゃんまー	8328
1322	700000000000003460	ときくこ	8302
1323	300000000000020624	鋼呀	8298
1324	400000000000102725	あさたー	8295
1325	400000000000004112	おちょう	8285
1326	200000000000093846	じゅん	8277
1327	1500000000000019161	まさ	8269
1328	900000000000002765	なかむランダー☆いもーん	8256
1329	100000000000058551	yuzu	8244
1330	1300000000000025476	リコピン	8226
1331	1300000000000000447	カブレラ	8220
1332	1400000000000037476	ゆたか	8213
1333	900000000000026195	よしやす	8204
1334	1300000000000052376	Masa	8175
1335	1300000000000005793	モネもね	8160
1336	1000000000000085387	なむなむ	8143
1337	1400000000000095266	蚊遣豚	8135
1338	1300000000000050155	にゎ	8114
1338	1500000000000013549	ハット	8114
1340	400000000000001600	☆Angel Bear☆	8113
1341	500000000000000744	薙ぽん	8108
1342	1400000000000009524	由々識	8088
1343	1300000000000053525	最弱男	8072
1344	200000000000104674	Player 1009378562	8071
1345	100000000000009924	BK201	8045
1346	1000000000000041747	GI	8014
1347	300000000000097170	Diabel	8005
1348	1100000000000080219	baban ban	7998
1349	700000000000036209	ユキ	7984
1350	900000000000027662	ひろ	7955
1351	1500000000000012952	Palpal	7947
1352	1000000000000097138	tkp	7932
1353	700000000000058113	マコト	7914
1354	200000000000050432	いちどめし	7864
1355	1400000000000020341	あた	7831
1356	300000000000044991	さくら	7826
1357	1100000000000016048	gismiin	7804
1358	100000000000055434	かえる	7801
1359	1300000000000039544	よしたかし	7800
1360	500000000000022815	結弦	7795
1361	14950	みえすく	7779
1362	900000000000006869	養分	7771
1363	1400000000000076669	もなりあ	7754
1364	1200000000000053226	*	7744
1365	1100000000000035222	だめくん	7680
1366	1500000000000004263	こず	7673
1367	1300000000000002892	ダングルフ	7671
1368	1300000000000074710	ボーパルバニー	7632
1369	1400000000000003834	すばらしき新世界	7615
1370	600000000000055189	群玉	7602
1371	700000000000096152	Player 1006258359	7595
1372	1100000000000095330	みやこ	7589
1373	1500000000000084431	こいこい	7586
1374	5189	ぞな	7572
1375	200000000000099072	Player 1007151554	7537
1376	100000000000098137	シャムービー	7532
1377	200000000000085296	roooom 	7492
1378	400000000000003683	けるん	7488
1379	300000000000002803	としあき	7480
1380	800000000000093451	たいてふ	7474
1381	600000000000103007	おふとんさん	7464
1382	800000000000003429	まみむめ	7440
1383	1100000000000029251	狛犬	7434
1384	500000000000101067	クタクタ	7414
1385	1000000000000072794	ふみづき	7397
1386	100000000000022532	でんきスタンド	7372
1387	400000000000080740	ludexintiao	7353
1388	1100000000000077883	虚弱な孔雀	7339
1389	68738	けんﾁｬﾝ	7336
1390	500000000000078473	モティ(招待は好きにしてください)	7326
1391	700000000000063308	アラン	7322
1392	1000000000000009462	メガニウム	7309
1393	94028	DISK3	7306
1394	1100000000000101215	つぶあん	7288
1395	500000000000053936	lyre	7284
1396	100000000000043356	Chromes	7280
1397	600000000000002886	レノファあすと	7261
1398	1200000000000083339	ふのん	7254
1399	1400000000000079331	ヒロさん	7244
1400	500000000000009952	にゃもし	7242
1401	1100000000000003648	手乗りタイガー	7237
1402	1100000000000075080	あけ太	7222
1403	1000000000000002311	らんさ	7198
1404	200000000000036506	eggto	7195
1405	300000000000099055	さら	7185
1406	800000000000001681	兄貴	7169
1407	1500000000000057504	悠煌	7168
1408	1400000000000007783	Ray	7164
1409	800000000000039076	わいけー	7137
1410	900000000000079776	くにさん	7126
1411	500000000000042893	イッセイ	7114
1411	1100000000000054335	snow*	7114
1413	700000000000034342	茄子 みんな頑張ろう	7077
1414	1400000000000013672	まぐとん	7061
1415	600000000000019840	祇条	7058
1416	600000000000084510	橋姫	7039
1416	1100000000000022631	13式歩兵	7039
1418	800000000000001257	リッド	7037
1419	61629	ほっちゃん	6985
1420	1200000000000078469	魔スターP	6976
1421	53476	マっつ	6970
1422	900000000000050548	かぶきあげ	6969
1423	800000000000073991	アカネイア	6950
1424	600000000000003698	りりり	6944
1425	200000000000052792	ゴルバチョフ	6933
1426	1100000000000000264	ボブ？	6929
1427	900000000000048401	コンマ26	6922
1428	700000000000033776	ヒロ	6868
1429	900000000000076650	えあ	6838
1430	1200000000000024270	らくさ	6828
1431	600000000000051610	かじきまぐろ	6821
1432	800000000000055787	くみこ	6781
1432	900000000000025873	アルカード	6781
1434	400000000000012859	ナーマズ	6780
1435	900000000000082419	ネギー太	6770
1436	1200000000000007781	ショーン	6767
1437	900000000000061590	カツカレーＰ	6760
1437	1400000000000001326	タカパル＠ノーコンティニューでクリアしてやるぜ!!	6760
1439	1000000000000024848	ばりぃ	6741
1440	1200000000000005074	聖戦士きゃり～	6728
1441	700000000000047191	ヘイリバー	6718
1442	400000000000001371	ロジット	6708
1443	500000000000004728	やえか	6685
1444	1200000000000053603	なるちょ	6681
1445	1400000000000006198	李楽	6647
1446	200000000000009058	くまちゅう	6644
1447	600000000000093040	レイト	6633
1448	200000000000065402	もぃ	6630
1449	1300000000000079581	れっぷう	6603
1450	1300000000000025448	敬告	6602
1451	500000000000099022	事務員	6601
1451	700000000000098720	つるぎ	6601
1453	1000000000000103474	Shannon	6592
1454	600000000000000219	こうげつ	6580
1455	1400000000000031703	赤猫	6578
1456	100000000000024451	こしあん	6567
1456	100000000000097072	ふぁい	6567
1458	800000000000005356	ボギー	6542
1459	400000000000099036	ﾄﾛﾜ	6535
1460	200000000000103151	宇宙人の弟子	6502
1461	600000000000017660	ルリ	6492
1462	400000000000052252	光	6432
1463	1100000000000000418	遠心力	6426
1464	1100000000000012133	なぐあん	6374
1465	700000000000098737	ヨッシー４	6346
1466	500000000000004804	ユウ	6342
1466	800000000000052059	カプル	6342
1468	1100000000000019318	みっちー	6340
1469	900000000000102249	Temmie	6332
1470	1200000000000052323	扇子	6329
1471	1300000000000029582	はたぼぅ	6313
1472	1200000000000019044	いお	6303
1473	500000000000009116	kotaP（アイモバ	6266
1474	300000000000082836	た	6265
1475	300000000000033793	ササノハ	6258
1475	1400000000000094683	両頭蛇【生肉興業:越後番所】解珍	6258
1477	600000000000015505	くさ	6250
1478	700000000000094227	あやたか	6176
1479	1400000000000053042	からあげ	6170
1480	800000000000032077	グレイソン	6166
1481	800000000000081426	バルキー	6161
1482	800000000000009231	柳キイチ＠ちづひなP	6149
1483	200000000000087803	ハイパーＫ（ｱﾊﾞ女装中）	6148
1484	1100000000000097496	s d	6146
1485	200000000000052523	はまち	6145
1485	1200000000000003459	タラバガニある	6145
1487	500000000000019222	和雀	6137
1488	200000000000005455	ｼﾉﾌﾞ	6136
1489	1500000000000055070	サボテン	6121
1490	1100000000000005373	あてな	6117
1491	900000000000104326	みーこ	6092
1492	400000000000079745	Send	6077
1493	600000000000078985	みかんの皮	6069
1494	800000000000003108	小蓮	6065
1495	1300000000000057165	でんちゅう	6052
1496	900000000000009177	yu-no@	6026
1496	1500000000000005702	Ｄ.ゆたか	6026
1498	200000000000001017	しゃれこうべ	6012
1499	1200000000000055819	ケビン	6000
1500	800000000000103523	まかろん	5990
1501	100000000000061106	nono	5982
1502	500000000000101196	roy278748	5962
1503	100000000000076211	taKa	5957
1503	700000000000028813	みゅうみゅう	5957
1505	1300000000000102088	玖渚	5953
1506	200000000000004570	ユーゴ	5935
1506	300000000000100186	パズろう	5935
1508	900000000000085070	リョーマ	5908
1509	800000000000004049	ししゃも	5902
1510	200000000000104762	フェネック	5896
1511	500000000000100066	のびのび	5884
1512	600000000000051794	くると	5880
1513	1200000000000085752	ちゃとみん	5868
1514	300000000000008429	トマボー	5803
1515	1500000000000059322	コロンボ	5790
1516	1500000000000104603	こまめもん	5784
1517	500000000000053356	あいこ	5770
1518	400000000000098104	ファントム	5758
1519	900000000000096802	ryo	5714
1520	1100000000000082054	零	5693
1521	1500000000000080402	うみ	5684
1522	1500000000000093764	mikio	5678
1523	1200000000000103254	くらる	5635
1524	200000000000083023	ゆ～おか	5629
1525	600000000000040308	やまやまたん	5614
1526	1300000000000062996	きー	5611
1527	1000000000000073990	Yatchan	5607
1528	600000000000049622	expo	5605
1529	900000000000004156	SERIKA	5593
1530	100000000000092104	ハルハラ	5582
1531	1400000000000102000	おっさん	5572
1532	1400000000000002382	蒼谷 うも	5570
1533	900000000000005889	†Shigeっち†(as毒舌無頼党(*￣ω￣))	5569
1534	38122	masa	5536
1535	1100000000000033994	ななころ	5530
1536	200000000000013456	あんまき	5525
1537	700000000000042335	ポテチ	5520
1538	100000000000035909	ハルト	5512
1539	200000000000004505	何処にでも居る0va300	5500
1540	1300000000000100843	djdrmsdl	5473
1541	1300000000000000478	pixy	5469
1542	102533	カルナ	5455
1543	700000000000098535	3taka	5450
1544	700000000000014480	うーさー	5446
1545	1200000000000102257	Player 1008856556	5440
1546	300000000000029581	うらお	5434
1547	1500000000000001951	ヨコシマ	5427
1548	300000000000043150	にゃおぬあ	5422
1549	700000000000001160	いちろく	5418
1550	1100000000000072767	せのん	5414
1551	1500000000000003934	まいくろ	5407
1552	200000000000031709	スニフ	5402
1553	53487	asts	5400
1554	300000000000039059	雨音	5397
1555	1400000000000001230	§ベッチ§【訳あって野菜生活】	5356
1556	300000000000025522	スパーキー	5337
1557	1100000000000004165	ウメコナタ	5334
1558	1400000000000036664	あき	5332
1559	1100000000000050753	まつし	5329
1560	1200000000000001561	タケノコー	5323
1561	200000000000001135	大之輔P(しるこサンド)	5307
1562	1200000000000104353	取得できませんでした	5288
1563	1000000000000001140	軍鶏	5285
1564	600000000000099161	ますみ	5237
1565	700000000000098527	ユーリィ	5208
1566	900000000000050441	ミルクティー	5191
1567	1000000000000062205	ぺーち	5172
1568	700000000000096345	ニック	5158
1569	200000000000085878	nori0723	5152
1570	61666	夕凪	5134
1571	800000000000037414	ろーば	5131
1572	1000000000000073621	エンパイア	5130
1573	900000000000101901	セタリア	5128
1574	500000000000091950	れもん	5116
1575	3569	AOI	5109
1576	1400000000000081368	his@P	5091
1577	1400000000000000089	アマミ	5089
1578	56164	山手車掌	5088
1579	600000000000003010	タカピロ	5083
1580	500000000000057317	ごーすと	5034
1581	80652	GORIZO	5008
1582	1500000000000104495	取得できませんでした	5001
1583	800000000000086381	ゆうき	4995
1584	1100000000000074901	ミンクス	4984
1585	300000000000092920	りきまとり	4981
1586	100000000000062911	なしこ	4973
1587	500000000000027241	元総帥	4963
1588	900000000000026735	たかは神	4961
1589	500000000000100108	そむたむ	4952
1590	600000000000002602	鳥谷瑠美	4950
1591	300000000000042241	ゆうきん	4945
1591	600000000000079642	うー	4945
1593	1500000000000015289	くまねこ（国際保護動物）	4938
1594	400000000000000223	わりばしP	4928
1595	1300000000000007435	ゴねこ	4927
1596	1100000000000099764	よしひろ	4923
1597	1500000000000003470	シカノ	4917
1598	1000000000000096568	まどか	4903
1599	200000000000080309	ぶぷーる@北斗	4885
1600	600000000000006108	びーる	4878
1601	600000000000102605	マリリン	4876
1602	200000000000020808	歌音P	4865
1603	200000000000000077	水沢祐	4864
1603	1000000000000082557	ロマンシア	4864
1605	500000000000097713	オレンジの刺身	4859
1606	600000000000053554	Atomu	4845
1606	1300000000000041239	フォルセティ	4845
1608	300000000000004536	PFC	4832
1609	1300000000000079361	夏野菜	4827
1610	300000000000010777	ノラ	4791
1611	1200000000000062547	ラステノ	4780
1612	900000000000072691	トイ	4777
1613	74324	ツナぽん	4766
1614	4014	けも	4765
1615	700000000000019651	カズ	4761
1616	1000000000000029874	える	4760
1617	1500000000000082512	みおきち	4757
1618	68517	toy	4750
1618	600000000000035614	アン@イシイみき	4750
1618	800000000000006441	ＫＥＩ	4750
1621	1500000000000078869	まあまたけ	4735
1622	400000000000055259	Ｄａｙ	4723
1623	200000000000102870	おぼんぬ	4715
1624	1100000000000000542	loop	4710
1625	1300000000000097669	ハイエース	4706
1626	900000000000096733	Player 1006527401	4705
1627	600000000000038053	伊坂蒼 しばらく休漁	4704
1628	900000000000004113	さーちゃん	4699
1629	500000000000001564	ありりん	4672
1629	1300000000000027316	ICJ	4672
1631	900000000000011282	けんざぶろーちょっと釣りをお休みしますm(__)m	4668
1632	300000000000087031	Ayla	4665
1633	600000000000007827	なんぷらー	4662
1634	300000000000034144	チャカ	4658
1635	400000000000104477	crazia	4654
1636	1300000000000103077	のー	4636
1637	1300000000000080665	そでこ	4634
1637	1400000000000100790	ツカサマン	4634
1639	700000000000026585	ｹﾝｹﾝ()	4632
1639	1000000000000016390	しざー	4632
1641	1100000000000099539	リョウタP	4625
1642	300000000000053590	海運ポートレート	4611
1643	400000000000097320	ロム	4607
1644	500000000000090587	泉鳥	4596
1645	400000000000083675	ジャーニー	4579
1646	100000000000019296	ルゥ	4564
1647	1400000000000082705	TAGAME	4563
1648	1500000000000002038	靖臣	4546
1649	1500000000000001317	---	4519
1650	1300000000000021131	ながにい	4484
1651	100000000000077777	鵠沼海岸 平八	4480
1652	58897	sunako@	4475
1653	100000000000023702	☆mamichan★	4470
1654	99805	舞楓月(cream)	4452
1655	400000000000082474	h136cm 	4432
1656	400000000000098040	メルクリス	4427
1657	1400000000000063167	彩菜	4407
1658	100000000000038741	泡を吹く狂戦士  センチメンタル木戸修(17歳)	4388
1659	1300000000000002005	れんふ	4379
1659	1300000000000013172	Mr.アナドレン	4379
1661	700000000000087007	もちたろう	4341
1662	100000000000048652	ササラ	4336
1663	900000000000077133	餅ゾウ	4332
1664	1500000000000080979	MISHIN	4312
1665	500000000000008125	アニキ	4310
1666	100000000000009344	高本	4309
1667	1000000000000050879	まの	4307
1668	800000000000096637	あぇあぇ	4304
1669	100000000000078055	ハネちき	4280
1670	600000000000036177	メカジ	4276
1671	1400000000000102721	Sashimi	4265
1672	500000000000096838	atzgr	4264
1673	36416	やきいも	4263
1674	1500000000000104456	シータ	4256
1675	1200000000000087899	加藤	4246
1676	200000000000087435	我那覇響	4224
1677	500000000000061435	マオ	4213
1678	200000000000001302	ばっくす	4209
1679	1000000000000005910	はろはろ	4200
1680	1500000000000046675	クラトス	4167
1681	1200000000000061918	どっこい太郎	4118
1682	700000000000105025	滝川一益	4114
1683	200000000000100559	マスクドイマイチ	4113
1684	1000000000000034477	てるもん	4110
1685	100171	かばます	4109
1686	100000000000093234	勝	4098
1687	500000000000073853	アサ	4063
1688	800000000000087933	＊acco＊	4061
1689	1000000000000037530	カツラギ	4051
1690	400000000000071725	キャスリバ	4049
1691	1200000000000085002	よしのん	4039
1692	1400000000000055022	白雪	4037
1693	800000000000010694	ピピン板橋	4036
1694	600000000000102494	ベリー	4035
1695	1100000000000005060	あだるさ	4034
1696	1200000000000075852	Ryo	4025
1697	1400000000000008268	くろす	4000
1698	100000000000096505	マサキ	3990
1698	1400000000000034748	あずくり	3990
1700	400000000000073681	崔丸	3989
1701	800000000000103555	Player 1009278824	3988
1702	600000000000093279	ネコサンダー	3983
1703	1100000000000022382	tachibana918	3954
1704	7141	NS	3951
1705	1500000000000002439	杜若	3924
1706	300000000000009620	ナイアシン	3918
1707	600000000000002330	バリカタ	3909
1708	1100000000000075472	バグス	3908
1709	300000000000076911	Sanson	3906
1710	100462	ヒデ	3892
1710	400000000000008607	NT	3892
1712	700000000000032355	ゆうひ[もともとｼﾞｬﾝｹﾝ弱いし…]	3891
1713	800000000000052392	ボンクラ	3888
1714	400000000000001114	sai@ラウメン募集	3886
1714	600000000000077097	nogz	3886
1714	1400000000000096259	su_tan	3886
1717	700000000000000160	raydive	3878
1718	700000000000015401	めがはーと	3874
1719	1400000000000053052	ランラン	3866
1720	800000000000101571	あおさ	3865
1721	300000000000104338	Player 1009491875	3859
1722	900000000000101323	らぐこ	3854
1723	300000000000003645	nanoha	3844
1724	1200000000000000347	超凄い王溢正	3836
1724	1300000000000025154	RLC	3836
1726	400000000000079014	eudyptes	3833
1727	500000000000011811	ねぎ	3828
1727	1300000000000058146	サガン	3828
1729	200000000000059761	にっしー	3815
1730	700000000000000554	(・З･）=３	3795
1731	200000000000002395	Nana	3778
1732	300000000000021196	夏バテ	3769
1733	700000000000076705	ティアマト	3766
1733	1300000000000081388	四畳半	3766
1735	700000000000045279	T@K@Boo	3758
1735	800000000000075184	夜助	3758
1737	83542	C.Bulkaria	3755
1738	300000000000054403	Tandem	3742
1739	200000000000082694	リュウ・ユイ	3740
1740	1000000000000051740	マカク	3739
1740	1400000000000068257	kidball	3739
1742	1200000000000001806	Uターン	3715
1743	100000000000020836	シュウ	3710
1744	800000000000005884	寿亮＠Mr.メトロ	3703
1745	1400000000000006775	ポイント野郎!!!	3701
1746	300000000000083208	はるな	3697
1747	1100000000000097519	Kanana	3688
1748	600000000000000852	にわとり	3682
1749	400000000000096887	まちゃもきち	3677
1750	1000000000000000149	たなか	3654
1751	900000000000103803	教授	3647
1752	800000000000036807	ようこお	3636
1753	1100000000000005348	ぱぺっと	3635
1754	800000000000102637	人工衛星	3620
1755	400000000000023519	ﾀﾜﾜ	3619
1756	1200000000000001639	椿	3607
1757	700000000000081602	buse3	3600
1758	500000000000079663	MEGU	3592
1759	1300000000000061993	珈琲	3580
1760	200000000000002224	tobokiti	3557
1761	300000000000000907	にょる	3541
1762	400000000000046612	ぷれあです	3538
1763	1500000000000103759	Player 1009197583	3531
1764	1100000000000080054	ねこにん	3524
1765	600000000000059433	ハンク	3476
1766	500000000000049130	ﾃｨﾌｧﾆｰ§	3474
1767	200000000000011663	コスモ	3468
1768	700000000000036060	ai@冷房負けで風邪気味(×-×)	3434
1769	600000000000001291	hyde	3433
1770	200000000000010748	U	3413
1770	1000000000000004913	ミズ	3413
1772	400000000000080171	◯	3404
1773	1300000000000082437	SASUKE	3401
1774	600000000000000976	あるふぽ@流川市宣伝本部	3400
1775	700000000000003766	もりまる	3398
1776	1200000000000052231	ななしのごん	3396
1777	600000000000084253	まぁ～ちゃん	3392
1777	1000000000000102052	デスヨ。P	3392
1779	400000000000022335	kanai_fx	3386
1779	600000000000007866	熊さん	3386
1781	1100000000000052476	ボタン	3380
1782	1100000000000000905	hay.	3378
1783	500000000000007819	かおしっく	3363
1784	800000000000003514	椽椽(たるきえん)P	3359
1784	900000000000009198	仁奈ちゃんprpr	3359
1786	200000000000016114	ＨＯＳ	3347
1786	300000000000004381	ごんたくろう	3347
1788	400000000000055444	柏木	3344
1789	1100000000000002064	lazy_cat	3336
1790	800000000000101813	アヤ	3332
1790	1500000000000099793	Asuka99	3332
1792	1400000000000054956	ならら	3331
1793	700000000000097884	たくみ	3324
1794	1200000000000003255	jakalope	3323
1795	900000000000014980	ふぶき	3318
1796	500000000000078902	百合マイスター	3308
1797	1000000000000010253	和彦	3294
1798	1794	ちゃりるり	3292
1799	1500000000000059343	ZO	3277
1800	900000000000004045	エメグリ	3276
1801	800000000000055781	NT	3266
1802	900000000000041586	あらこめ	3240
1802	1100000000000002439	シマ	3240
1804	1100000000000014052	y.k	3225
1805	1300000000000098702	Player 1007009549	3224
1806	1300000000000004028	おん	3220
1807	200000000000078093	☆ふらりん☆	3219
1808	300000000000101972	ちゃん様	3214
1809	102303	かんかな	3199
1810	1100000000000002458	ハセリ	3191
1811	104238	N-maka	3184
1812	1000000000000015603	そぉい	3176
1813	500000000000002541	きちん	3172
1814	102423	たけうち	3170
1815	800000000000053046	ファイ	3168
1816	700000000000074221	アナロ熊	3155
1817	1500000000000061045	りすっこ	3154
1818	800000000000050958	チャマ	3150
1819	1300000000000063296	凛之介	3144
1820	100000000000000484	すず	3126
1821	1200000000000072072	プラスタP	3118
1822	1200000000000022905	るあ	3110
1823	800000000000037237	できたてEvo! Revo! 近藤大輔（ダイナモ感覚）	3096
1824	800000000000101808	りゅうせい	3081
1825	19090	のぶしげ	3079
1826	1300000000000098673	まゆげボン	3078
1827	1500000000000019976	Rumboo	3072
1828	300000000000003602	JUNN1【D】	3070
1829	700000000000098412	かずっち	3069
1830	200000000000058473	ねここねこ	3068
1831	1400000000000081083	msk3	3064
1832	1500000000000092584	Mizuki	3058
1833	200000000000049423	さとう	3049
1834	1200000000000093136	Shin@2	3045
1835	600000000000104256	メガネモジャンボ	3026
1836	300000000000007162	ﾊﾞﾃｨｽﾄｩｰﾀ	3024
1836	1200000000000030585	PJ	3024
1838	1400000000000039443	アッサン()	3006
1839	1000000000000078091	ノワール	2986
1840	1000000000000015915	ぱたみん♂	2984
1841	400000000000075041	てとら	2976
1842	700000000000050418	黒奈	2965
1843	1300000000000004121	まさき	2947
1844	100000000000097279	bud	2945
1845	400000000000102398	姫にゃんこ	2940
1846	1200000000000069246	きらきらりん	2932
1847	1500000000000101964	シン	2924
1848	900000000000003531	NBSK	2920
1848	1000000000000004353	dameganex	2920
1850	1500000000000005836	シェルパ	2918
1851	100000000000015088	MIDDLE〆	2892
1852	200000000000042512	小林悠太郎	2889
1853	1500000000000054081	ぶてぃ	2878
1854	1000000000000022068	紀斗	2875
1855	51204	春夏秋冬	2867
1856	1000000000000037394	Hirohoda	2864
1857	900000000000015118	しゅ	2858
1858	300000000000079838	megu	2855
1858	400000000000093707	Player 1005983476	2855
1860	100000000000076924	いろなし	2853
1860	900000000000093698	とーる	2853
1862	4354	なんじゃらほい	2850
1863	500000000000037314	パルパロ	2840
1864	200000000000011191	ドルべ	2839
1865	1000000000000001727	OJA	2838
1866	1400000000000104702	ハマの大砲	2826
1867	600000000000103665	Player 1009178518	2817
1868	900000000000008306	蜂子	2806
1869	1100000000000002270	いち	2805
1870	1000000000000004262	タケシ	2791
1871	900000000000075880	のみ☆	2787
1872	300000000000048587	258	2780
1873	200000000000022139	はなぉ	2775
1874	300000000000079678	ゆりころ・さんぼ	2758
1875	1400000000000004747	ジョニーJr.	2744
1876	200000000000102502	dr.コトー	2725
1877	500000000000012593	ジョー(Team.freedom)	2721
1877	1100000000000044592	呂布	2721
1879	1200000000000104068	ぷにる	2714
1880	500000000000076604	rmkn	2662
1881	1300000000000059733	UTL	2656
1882	1300000000000013827	わんわん	2654
1883	1300000000000105069	Player 1009474653	2639
1884	1100000000000007290	10mo	2637
1885	500000000000013567	Ｒー４１７９	2624
1886	1500000000000026228	雪丸	2618
1887	600000000000079350	ナツキ	2613
1888	600000000000079790	マリオン	2612
1889	1000000000000095424	まとん	2584
1890	500000000000086854	トマト少尉	2575
1891	500000000000000570	伊藤P	2560
1892	1300000000000098907	siki	2556
1893	900000000000033860	go-kai/dcd	2548
1894	1000000000000025390	半袖星人	2545
1895	1100000000000027279	アキラマン	2544
1896	1500000000000002389	青龍彡	2539
1897	700000000000062039	ゴリ	2531
1897	1100000000000095874	スカルク	2531
1899	200000000000078300	gomi	2515
1900	1200000000000004626	煮物	2514
1901	500000000000001774	レリック	2508
1902	1300000000000001474	TobyHuang	2505
1903	600000000000096867	おがたま	2489
1904	500000000000016180	arista	2488
1905	1200000000000001328	こたつにアイスにみかん	2483
1906	1100000000000048555	クマー	2474
1907	700000000000034675	オイサン	2462
1907	1100000000000069295	たけのこ	2462
1909	200000000000093771	ロボ子	2453
1910	800000000000094179	さくや	2449
1911	700000000000003850	あもん	2440
1912	8323	コウ	2432
1913	1000000000000018683	闇呑	2431
1914	1500000000000050716	がれ	2427
1915	97127	AKA	2426
1915	1000000000000030515	K(多忙ｱｸｾｽ減です)	2426
1917	1500000000000007840	nafulu	2415
1918	1100000000000099003	ンカウクメユ03	2411
1919	400000000000058568	906	2407
1920	1400000000000035992	みやー＠渡り歩き勢	2405
1921	700000000000081209	こにすけ	2400
1922	16340	りーかちゃん＾＾	2393
1923	100000000000102386	ののみや	2390
1924	88566	超多忙絡みコメしません・ひまわり	2378
1925	100000000000029782	ウィス	2349
1926	1500000000000009672	勇者	2346
1927	400000000000003812	アカギ 	2340
1928	104898	ポリアネス	2333
1929	1300000000000000794	はな	2326
1930	200000000000063167	水と炎	2306
1931	100000000000103619	ﾑｸﾑｸ	2304
1932	1000000000000022834	猫茶	2303
1933	500000000000093538	とっきー	2295
1933	1100000000000010017	ルイ	2295
1935	1400000000000050511	路々白	2288
1936	1400000000000062740	ariake@浪人生	2280
1937	1300000000000080224	cocoP	2279
1938	100000000000004905	メン	2275
1939	1000000000000102873	かえる	2272
1940	1500000000000060733	ヒナ太	2253
1941	300000000000000055	あーる	2246
1942	75400	ガロ【蒼き狼隊】	2231
1943	1100000000000000155	とみのP	2218
1944	1000000000000002493	脇汗魔神	2212
1945	500000000000102972	千歳 (?´?`?)	2209
1946	100000000000055185	うさこ	2208
1946	300000000000060612	折木	2208
1948	1300000000000079479	kuronaka	2202
1949	400000000000097037	riki 	2200
1950	1000000000000008942	モーギ	2188
1951	300000000000015312	りょう	2180
1952	300000000000092859	モシキ	2179
1953	500000000000005483	ゴンちゃんP(赤)	2177
1954	400000000000061439	たかむー	2175
1955	200000000000010212	虚弱王	2166
1956	100000000000000342	やなぎー	2160
1957	300000000000100452	acc_gree(招待はスルーして下さいm(__)m)	2154
1958	500000000000006094	馬超	2153
1958	1500000000000104215	K	2153
1960	1400000000000014725	流れ@	2152
1961	200000000000088677	ケイ	2146
1962	400000000000063474	カサンドラ	2142
1963	200000000000096865	時々眼鏡	2110
1964	1400000000000080193	ロイ	2106
1965	700000000000100044	ラムノス	2096
1966	200000000000003086	よしりん	2095
1967	1300000000000026785	ともち@求)HN茜、環、育	2091
1968	200000000000101816	たべる	2085
1969	800000000000016098	タルト	2080
1970	700000000000086844	みりーと	2057
1971	600000000000001755	水雪	2051
1972	800000000000006384	こくり	2048
1973	1400000000000081121	Nao-mix	2040
1974	800000000000033127	ジョン・スミス【ミリマス中心だにゃん♪】	2030
1975	1500000000000084112	アハト	2018
1976	1000000000000001565	シエラ	1999
1977	600000000000032223	ロード	1996
1978	700000000000000055	tabuchi3	1993
1979	900000000000044417	砂蚯蚓	1990
1980	300000000000100996	ツバッティー	1988
1981	12953	はいんど	1974
1982	1100000000000022163	神宮寺	1973
1983	1500000000000052743	そるてぃー	1972
1984	500000000000094614	ながしん	1964
1985	600000000000024064	trick	1962
1986	1000000000000061158	ザルードン	1959
1987	1500000000000050613	りょうちんP	1946
1988	700000000000057211	小沢菜	1938
1989	1100000000000093005	ひびき	1937
1990	1000000000000013702	ハル	1923
1991	300000000000076836	断空我	1908
1992	500000000000103055	明牧	1906
1993	500000000000075050	Gissy	1905
1994	300000000000029255	Lynx01	1904
1995	1300000000000053072	もちの天ぷらなんごく風味	1901
1996	200000000000077119	さと	1890
1997	700000000000000966	ハードケース	1887
1998	53556	ふぁりす	1886
1999	400000000000095762	雫石	1871
2000	400000000000001243	MLR	1870
2001	100000000000000714	枝豆	1854
2002	1400000000000007849	odakaz	1852
2003	900000000000046530	鷹瀬秋也	1851
2004	1000000000000015782	メイプル	1841
2005	1100000000000004539	うちはイタチ【玉狛支部】	1825
2006	700000000000000312	じょーじ	1820
2007	800000000000015595	ひーちゃん	1819
2008	1100000000000077497	Dom(亞)	1818
2009	300000000000009488	紅蓮	1805
2010	800000000000002208	さつき＠火曜の朝	1786
2011	300000000000102884	カウ	1782
2012	700000000000002648	佑	1779
2013	500000000000056753	７２がなんでも７２	1777
2014	1300000000000080840	司波 達也	1774
2015	62455	ごしゅＰさま	1762
2015	80199	Player 1004207072	1762
2017	1300000000000000256	まこ	1759
2018	100000000000000221	那須了	1758
2018	100000000000007936	ジャストフィット	1758
2020	600000000000028421	つなぽん	1750
2020	1100000000000099013	たいちゃん	1750
2022	44578	ゼロ	1748
2023	800000000000060556	8gタツ	1747
2024	200000000000095209	リす	1746
2025	800000000000104200	Player 1009492840	1737
2026	1500000000000078520	ぷちとまと	1725
2027	400000000000101559	MTG姉貴	1718
2028	300000000000062017	二期決定	1715
2029	200000000000078401	ラエラ	1714
2029	800000000000022080	supika	1714
2031	149	はる	1708
2032	100000000000049899	HN	1702
2033	500000000000000915	樟葉藍那	1700
2034	1400000000000046526	kanata	1696
2035	1000000000000037795	ロマン	1687
2036	900000000000079629	飛べない魔法使い	1681
2037	1200000000000009099	ログ	1659
2038	1500000000000000148	ちな	1656
2039	1100000000000094209	known	1653
2040	1200000000000057966	アカツキ	1648
2041	500000000000028284	副作用	1638
2042	1500000000000004625	Dorado	1631
2043	500000000000101782	tagi	1630
2044	1100000000000102483	HIRO	1629
2045	100000000000098877	安藤	1624
2046	800000000000056894	にゃぁ	1611
2047	1500000000000102783	ヒロP	1610
2048	700000000000004191	はるぱぬ	1608
2049	500000000000000471	たくやん	1606
2050	1300000000000096221	草薙涼子	1597
2051	1500000000000052004	羅針盤	1588
2052	1000000000000055600	ペソ	1580
2053	1200000000000006319	list	1560
2054	500000000000100904	Usui7406	1545
2055	200000000000068483	デーモンハンド	1538
2056	500000000000003156	住吉	1536
2056	700000000000077087	taka	1536
2058	600000000000022291	櫻井 唯	1513
2058	1400000000000006741	ひよまめ	1513
2060	900000000000038841	さくら	1509
2061	600000000000007871	もてぃ～+ﾟ	1501
2062	900000000000085550	シン	1500
2063	1400000000000003858	ユケツ	1481
2064	99938	Player 1007625536	1478
2064	1000000000000010126	もっち	1478
2066	18	反転世界P@朧月夜	1476
2067	1000000000000062157	ヤキサバ	1472
2068	600000000000097534	アクト	1466
2069	1100000000000004535	ホリゲン	1464
2070	600000000000061954	ちた	1449
2071	300000000000086942	P	1440
2072	800000000000093036	*みるくてぃ* 	1432
2073	1100000000000024838	Ex-SUBARU	1418
2074	73311	Jm	1416
2075	100000000000009818	ちゃり	1396
2076	100000000000103945	由良	1393
2077	500000000000056968	急便屋	1387
2077	1300000000000103423	まきたみどり	1387
2079	1400000000000006526	ﾌｫﾙ	1386
2080	500000000000076185	とうか	1385
2081	700000000000051342	しよ子	1378
2082	1300000000000091349	やなあ	1368
2083	73835	29にっく(幸福こい)	1366
2084	1200000000000098986	momiji	1364
2085	1300000000000005177	ゆきむた	1358
2086	200000000000096971	水性ナス	1356
2086	500000000000099361	フェクトーラ	1356
2088	100000000000025081	よっちん	1344
2089	600000000000104651	しっぽ	1341
2089	1500000000000050122	ささき	1341
2091	100000000000078027	青森のスーパースター	1330
2091	1300000000000100432	zemisong	1330
2093	800000000000022905	矢須乃介	1324
2094	74150	さとりん	1322
2095	79451	つきもも	1321
2096	1200000000000028121	U.N.オーエン	1311
2097	4343	あきあき	1310
2098	1000000000000061485	みた	1304
2099	1000000000000062613	カタヤン	1284
2100	1300000000000100904	ルイ	1283
2101	300000000000004930	uni	1280
2102	1500000000000001080	にくまん	1279
2103	600000000000103510	pen	1274
2104	400000000000057634	Guppy ko-suke	1272
2105	1100000000000083614	燕坂	1271
2106	400000000000077106	とろ	1268
2107	1200000000000075346	ソイソース	1260
2108	300000000000076550	くそ軍師	1258
2109	900000000000046399	けるしあ	1247
2110	900000000000018123	オータケ	1244
2111	800000000000004657	兎乃	1242
2112	1000000000000019220	秋焔	1240
2113	1500000000000101121	和泉	1232
2114	100000000000081099	みずくらげ	1228
2114	1400000000000052636	nitkit	1228
2116	1200000000000022493	もる	1226
2117	400000000000054998	zene	1217
2118	1000000000000100063	黒猫	1216
2119	1300000000000000062	ちょろの。	1210
2120	700000000000100959	広瀬真也	1204
2121	300000000000051021	しま	1202
2121	1000000000000101401	笹	1202
2123	1200000000000051245	のん	1201
2124	700000000000056013	ユキ	1191
2124	1400000000000001389	あおい	1191
2126	500000000000098899	兎鳴詩	1187
2127	500000000000095894	ニセ丸	1184
2127	800000000000010444	あお	1184
2129	500000000000056023	Brocco	1183
2130	1500000000000052758	Q	1181
2131	1400000000000053572	トウテツ	1172
2132	900000000000022185	みなやな	1171
2133	19358	ゆきぽP	1170
2134	1200000000000004376	ちゃぶらー＠飴難民	1167
2135	400000000000099904	大埼	1165
2136	1200000000000089246	かなどこ	1164
2137	1300000000000016298	M@IKO	1160
2138	1200000000000027702	かっちん	1159
2139	200000000000003881	Sou	1158
2140	100000000000068210	カン	1152
2140	1500000000000103615	Player 1009156655	1152
2142	1500000000000022054	ウォルター・ウルフ	1150
2143	500000000000062210	193	1145
2144	1400000000000060430	ブルーオメガ	1140
2145	1200000000000023849	ガットゥーゾ	1138
2146	700000000000104558	たかひー	1137
2147	700000000000104980	なつめ	1133
2148	1400000000000101119	Player 1008170254	1114
2149	300000000000024188	ウミ	1113
2150	400000000000073761	ホリ	1111
2151	400000000000018304	Zande40	1106
2151	500000000000075390	タカグリ	1106
2153	600000000000100005	電光値	1105
2154	700000000000080569	sHoot	1101
2155	4857	時間	1100
2156	200000000000080041	newgreen	1096
2156	600000000000101763	Rhia	1096
2158	1100000000000103326	カーム	1095
2159	900000000000097411	べーさん	1090
2160	75142	セッツァー	1088
2161	500000000000003553	l-m-l	1075
2162	200000000000081534	デスポーン	1071
2163	400000000000093185	ユキ	1068
2163	600000000000076543	矢丼	1068
2165	1500000000000102285	torpe	1062
2166	1100000000000041369	ヒュッケ	1054
2167	100000000000097636	ほるひす	1052
2168	800000000000043649	ZOFFY	1045
2169	200000000000094458	みり	1043
2170	900000000000012323	フリテン	1037
2171	300000000000000122	yabesatolu	1031
2172	100000000000000967	renkonn	1029
2173	200000000000084444	きち	1016
2174	1400000000000101145	キムキム＆猫ダマ	1014
2174	1500000000000025438	asa	1014
2176	600000000000035481	らすかる	1013
2177	1500000000000074630	naomu	1010
2178	700000000000085762	ゴエ	1001
2179	900000000000011456	まきば	995
2180	1200000000000062452	ジョージ	993
2181	73940	逆流性食道炎	981
2182	200000000000104547	Player 1009328818	980
2183	1100000000000020509	たけむに	974
2184	1500000000000006808	忘却	970
2185	200000000000103705	ヒロぽん	962
2186	1200000000000054833	カツG	961
2187	100000000000076126	ぼっつつ	958
2188	200000000000009161	九弓	957
2189	5112	みる	954
2190	800000000000068557	アイソン	933
2190	1000000000000052902	でれぼ	933
2192	100000000000072518	こむすび	928
2193	500000000000101388	落車	924
2194	900000000000058165	みみみ	921
2195	100000000000002416	ろ～でぃんぐP	920
2195	1300000000000078233	海雪	920
2197	800000000000086274	nmcA	919
2198	900000000000045315	マイム	896
2199	200000000000075158	ちゃめし	894
2200	200000000000010548	壽壽	891
2200	600000000000000162	りつか	891
2202	300000000000096901	ゲノP	889
2203	700000000000097822	MTD	886
2204	1000000000000035869	ｍｓｋ	885
2205	700000000000038876	ばかモン	884
2206	1000000000000040956	TRICK	877
2207	800000000000100409	ななきそ	872
2208	1200000000000096691	AliceEyu	871
2209	700000000000102174	りんね	868
2209	800000000000011068	じゅう	868
2211	800000000000097572	かきおつ	866
2212	104087	はるとぅ	865
2212	900000000000103224	石山シュンペーター	865
2214	1300000000000004610	sasame	852
2215	100000000000041260	龍驤	845
2216	600000000000096136	syamu	840
2217	1400000000000030042	ﾑﾘｹﾞｰ	839
2218	1400000000000026313	竜騎将バラン	829
2219	1000000000000102076	だまや	828
2220	500000000000097277	らいど	821
2220	800000000000101602	Player 1008679208	821
2220	1400000000000001353	くらん	821
2223	1500000000000100463	お姉@箱崎星梨花	820
2224	1300000000000001437	衿元	816
2225	1300000000000081230	くらね	810
2226	1100000000000005675	アールー	803
2227	500000000000101310	マキノン	802
2227	1000000000000020862	いーくん	802
2229	50477	クリスズ	794
2230	200000000000011982	ちょび	793
2230	1300000000000099894	おいも	793
2232	200000000000003090	ジェネシス	791
2233	800000000000096380	もじゃ子	788
2234	1500000000000007945	ましゅまろ	787
2235	1000000000000102856	玖堂	786
2236	200000000000076452	トッシー	785
2237	600000000000053060	ぬこ	781
2237	1000000000000097889	うしくん	781
2239	400000000000074382	Rds	777
2240	1500000000000082530	マーシュ	772
2241	300000000000003959	タケちゃん(2013年2月27日開設のﾗｳﾝｼﾞに所属したい)	767
2242	600000000000000156	ぼっくる	766
2243	1500000000000000984	こう	765
2244	500000000000101192	Player 1008325285	761
2245	1100000000000075182	MONTA	760
2246	900000000000079586	T@KA	750
2247	1100000000000100868	yangsu	741
2248	900000000000038837	Yun	739
2249	300000000000102781	Player 1008948339	738
2250	500000000000096350	大石	737
2251	400000000000047760	泉そうじろう	731
2252	200000000000001995	momozo	726
2253	1100000000000025230	たま(招待スルーしてください(｡-人-｡))	723
2253	1200000000000099925	うるふ	723
2255	700000000000003618	マーサ	710
2256	300000000000047834	†刹那†	707
2256	1200000000000029945	かりん	707
2258	1000000000000102189	Player 1008677850	705
2259	1000000000000032192	jackal00mayu	703
2260	1300000000000000339	umauma	700
2261	20130	すらん	694
2262	800000000000004686	aizu	691
2262	800000000000097147	SKNK	691
2264	1300000000000001085	hershel	685
2265	300000000000033205	おぎちか	680
2266	500000000000056085	sunbeam	672
2267	1000000000000005111	ぷりきゅあ	669
2268	1500000000000102927	クロ	666
2269	92142	タッター	664
2270	1300000000000004524	ソマリ	663
2271	500000000000096676	えぷそん	661
2271	1000000000000027134	ﾄｼ	661
2271	1400000000000051258	コロ	661
2274	1400000000000103928	きみあき	660
2275	1400000000000046623	ｺｰﾋｰﾌﾛ-ﾄ@ P	657
2275	1400000000000052594	おたけ	657
2277	97880	CALM	652
2278	800000000000031413	yui	648
2279	800000000000076257	白滝	643
2280	900000000000001626	ちぇあー	640
2281	600000000000050293	Kanely	638
2282	1000000000000002769	ナンジャラ	635
2282	1200000000000054958	ごまみそ	635
2284	700000000000002000	aster	634
2284	700000000000092133	Mac	634
2286	700000000000044963	ナオ	628
2287	600000000000053409	直井	625
2288	500000000000000007	ho-mi	623
2289	600000000000103105	しんちゃんP	622
2289	900000000000098169	Tomaka_mk2	622
2291	100000000000038649	ユキ	620
2292	800000000000011185	貝殻	616
2293	1000000000000007280	みゃあ	606
2294	1300000000000003962	GyoooN	602
2295	1000000000000099317	it	600
2296	1500000000000000182	あるば	597
2297	800000000000037919	Wildeyes	594
2298	600000000000029197	ゼロ	590
2299	400000000000003620	kowa	589
2300	1200000000000068902	ヒロシ◎	588
2300	1300000000000080244	ひでと	588
2302	300000000000032562	天城龍慶	584
2303	900000000000052601	もものが	583
2303	1100000000000057562	ゴート	583
2305	1000000000000053733	さちこ◎	581
2306	800000000000085293	しゅうへい	574
2307	400000000000101462	ジェイ	568
2307	1000000000000011921	ボボ	568
2307	1000000000000082265	アスベル	568
2310	1100000000000019027	ジャッキー	565
2311	1200000000000085472	realea	552
2312	300000000000001199	☆みぃにゃω☆	547
2313	300000000000104341	Player 1009492467	545
2314	1300000000000097440	なおたろうx	530
2315	1100000000000002960	きっき@エレかれ@同僚募集	527
2316	800000000000001389	発光ダイオード	525
2316	1100000000000087061	清五郎	525
2318	1300000000000100710	取得できませんでした	521
2319	800000000000003720	紅零～艦これAC勢～	518
2320	1100000000000012973	ちゃば	513
2321	200000000000105027	Player 1009493106	512
2321	1300000000000102448	ﾌｨﾙﾀﾞｰ（ﾌﾟﾘｳｽ乗り換え）	512
2323	1000000000000002016	wkch	498
2324	300000000000099280	お肉	495
2325	100000000000081391	黒シャム	494
2326	100000000000043111	藪北 もっさり～	493
2326	1100000000000100160	暁暉	493
2328	1400000000000042987	ユイ	488
2329	200000000000087383	COYG@ARS	487
2330	200000000000099682	将軍	484
2331	400000000000016907	月見うどん	482
2332	100000000000000248	じゃっく	480
2332	500000000000056365	たけま~る	480
2332	1300000000000087257	りんか	480
2335	700000000000086092	名無し	475
2336	900000000000037278	ぐ～たん	470
2337	300000000000043860	いち	462
2337	1000000000000003829	ドッグ	462
2339	600000000000104673	ましう	459
2340	1200000000000027172	かわせい	457
2341	300000000000098976	クララ	449
2342	100000000000038787	tk	445
2342	800000000000016306	ナレイン☆	445
2344	500000000000099481	raku	441
2345	300000000000096907	バーリャン	439
2345	1200000000000000023	皓太郎	439
2347	300000000000099304	いががらし	428
2348	100174	うどんこ	427
2349	200000000000073746	こむぎ	421
2350	400000000000085795	AiSy	420
2350	500000000000042969	オジャ	420
2350	1400000000000052775	モーリー	420
2353	100000000000052557	UMA	410
2353	1200000000000099278	クラウド	410
2355	600000000000007088	ロク	409
2356	1400000000000000325	abc＠ガロ	406
2357	500000000000072539	1002	402
2358	700000000000081318	kurotuki	393
2359	1200000000000098834	Player 1007312156	392
2360	1300000000000100994	こるそん	391
2361	500000000000000673	Ｔ－ＫＯＴＡＮＩ	386
2362	600000000000011703	とん	381
2362	800000000000098775	ふらいと	381
2364	400000000000073087	なたみー	380
2365	400000000000102981	Player 1008993236	378
2365	1000000000000044691	ピケル  トレキャンよろり（；＿；）	378
2367	1400000000000085446	ボンボン	375
2368	300000000000007590	菩提樹	372
2369	1000000000000014867	ya	371
2370	200000000000057677	銀月夜	357
2371	300000000000100761	ぴくろ	354
2372	1300000000000007289	ユゥリア	348
2373	100000000000104638	mint	343
2374	1000000000000095916	kv.jr	341
2375	400000000000098524	ぺりーぬ	338
2376	700000000000000207	ぽぽ	334
2377	1100000000000048024	あの頃の君は眩しかった	332
2378	600000000000094017	つっきー	329
2378	800000000000000930	YOU.K.	329
2380	1200000000000034105	ヌルハチ	327
2381	7603	Sherry	326
2382	1300000000000102014	wnery	323
2383	1500000000000061348	wolf	317
2384	700000000000104825	まゆゆん	316
2385	1100000000000023714	みさきち	308
2385	1100000000000090968	*花畑*	308
2387	900000000000087092	Hoof	306
2388	1300000000000041673	JOKER 	302
2389	100000000000031592	くろくろ	301
2390	400000000000036056	タツ	300
2390	1100000000000053323	が	300
2390	1300000000000010271	ひろ-手乗りｲｵﾘｽﾄ-	300
2393	100000000000018058	ほとき	297
2394	1500000000000004543	へっぽこ	296
2395	100000000000003990	白いだーす	291
2395	1000000000000101970	ドラ魔人	291
2397	400000000000102851	ハテナ	284
2398	400000000000005740	マッキー	283
2399	800000000000039447	リョウヘイ	282
2400	1000000000000100492	おむ	271
2400	1200000000000086309	あさみー	271
2402	900000000000103529	ざく	270
2402	1500000000000002711	番長	270
2404	1500000000000077607	よしりん(･∀･)	263
2405	700000000000016926	ミヤモト	256
2406	1100000000000011321	はじ	253
2406	1200000000000006281	ハクア	253
2408	1000000000000103770	あいり	252
2409	1000000000000099536	ねこみみ	249
2409	1500000000000079040	にゅるん	249
2411	1200000000000005310	MyA	248
2412	400000000000010435	Y㌧P	247
2413	700000000000105084	Player 1009501943	243
2414	600000000000085093	ARIA－DUE	240
2414	1200000000000042858	いずあや	240
2416	74347	ソラ	238
2417	600000000000000109	おっとべー	236
2418	1200000000000006826	Orsted	232
2419	13454	でじぃ	228
2420	1400000000000103655	ぐるじお	227
2421	34622	siji	222
2422	200000000000026689	nao	216
2423	700000000000099333	やまぶき	215
2424	400000000000103626	さ	214
2425	500000000000101014	さくま	210
2426	800000000000002284	Chat	198
2427	400000000000002957	WWE(SD)でイヤァァオッ！！	197
2427	600000000000099839	oxalis	197
2429	200000000000097258	J9	192
2429	400000000000004660	∽刹§那∽	192
2431	1000000000000019528	すなき	183
2432	900000000000011420	潤	178
2433	96632	よしやす	173
2434	600000000000059096	あこ ☆  [ Χ ]	166
2435	500000000000026887	こうちゃん	165
2436	600000000000036108	歌音	163
2436	1400000000000105067	響が好きだぜ	163
2438	400000000000095807	龍	162
2439	400000000000103666	まと	156
2440	1000000000000002991	ぺっぺ	154
2441	1000000000000082472	かず	148
2442	200000000000057097	紺野	145
2443	100000000000104696	ゆの	131
2444	900000000000002229	ひなもとよしみ	129
2445	1300000000000105096	Player 1009481981	128
2446	1000000000000053053	Yukiti	127
2447	1500000000000054094	うーさー	126
2448	1400000000000103813	メタルうーさー	125
2448	1500000000000097306	二階堂紅丸と神楽千鶴、合わせて二階堂千鶴	125
2450	900000000000104260	Uストーン	122
2451	1400000000000007188	フラ	121
2452	200000000000045385	のん《招待は無視して下さい》	120
2452	900000000000053130	うじゃの	120
2452	1000000000000007343	Mofy	120
2455	500000000000104502	水無瀬	114
2455	800000000000097746	けーせー	114
2457	500000000000057328	くるとん	111
2457	600000000000103628	dandoy4102	111
2459	100000000000032357	すえすえ～厳しい第三者の目で～	109
2460	100000000000104546	IMCE007	106
2461	1300000000000093487	Bikky	100
2462	600000000000045808	9646	99
2463	500000000000074384	ばっしゅ	95
2464	1200000000000103889	IMCE001	89
2465	1400000000000052923	まさや	85
2466	100000000000076216	おいなり	81
2467	86629	qscfthnj0322	79
2468	56809	みかん	78
2468	100000000000000448	よっし～	78
2468	100000000000006363	める	78
2468	1300000000000007315	レジェンドブルー	78
2472	300000000000098213	kr6idr	76
2473	1000000000000048640	tsutsutsun	75
2474	300000000000099806	Player 1007796547	72
2475	100000000000000240	クロ	71
2476	1400000000000105015	ちゃんるい	68
2477	1200000000000039757	万年睡眠不足	66
2478	1300000000000014425	ザッキー	65
2479	104523	Player 1009376880	64
2479	200000000000105024	crossfire2832	64
2479	1300000000000102107	さわかみ	64
2482	900000000000104443	bono9856	62
2483	600000000000028346	ゆうみな	60
2483	700000000000025849	ブキャナン	60
2483	1100000000000052504	蓮斗	60
2486	45853	きさは／こばんなまらP	59
2487	1400000000000105021	ドール	57
2488	300000000000103495	さなり。	55
2489	100000000000104821	Player 1009504689	54
2489	1200000000000104013	Player 1009385868	54
2491	800000000000104259	キャオ	53
2491	1400000000000017184	なばかり長介	53
2493	1100000000000104465	ふく	50
2493	1500000000000100873	はな	50
2495	900000000000104025	まなべっち	48
2496	300000000000091664	す	45
2497	1200000000000029362	ピロリ	44
2497	1500000000000104699	ランセット	44
2499	300000000000101476	はての	41
2500	600000000000056118	シャン	40
2501	100000000000082459	かちかち	38
2501	900000000000000880	わ	38
2501	1000000000000018833	ｼﾞｭﾘｱｽ・ｷﾝｸﾞｽﾚｲ	38
2504	1000000000000041920	イサキ	37
2504	1300000000000098731	妃菜	37
2506	1400000000000104902	眼鏡	35
2507	800000000000002540	先行者	34
2508	700000000000003651	リオグランデ	33
2508	1300000000000014441	ちょうさん	33
2508	1500000000000007289	たま	33
2511	200000000000103006	アルマジロ	32
2512	1300000000000105075	aru	29
2513	700000000000001973	Ｎｙ人	28
2514	500000000000104509	GREE ID1009421701	27
2515	100000000000027926	いろは	26
2515	1500000000000101586	NEOSJIN	26
2517	1000000000000003244	む～	22
2518	104991	巫薙	21
2518	1300000000000099570	Player 1007269421	21
2520	700000000000009962	あさまち	20
2520	1000000000000104843	yejunwon	20
2520	1300000000000007223	らくすと☆ ≫Pt≪	20
2523	700000000000105110	Player 1009511415	19
2524	200000000000032371	淀橋　ガメラ	18
2524	600000000000091308	???	18
2524	1300000000000103968	Player 1009092861	18
2527	500000000000086476	あずき	17
2528	500000000000100843	ゆうじ	15
2528	800000000000024379	こし	15
2528	1300000000000105196	Player 1009519149	15
2528	1500000000000103887	だけど	15
2532	500000000000004351	依津花-yoduka*	14
2532	1200000000000013042	とーふや	14
2532	1200000000000013754	hele	14
2535	101647	タカチキ2	12
2535	200000000000105010	秋風亭秋風	12
2535	1200000000000078843	T	12
2538	200000000000015655	レイゲル	11
2538	200000000000099479	Player 1007289906	11
2538	900000000000104040	父さん  グリー 全く繋がらないので、引退考え中	11
2538	1300000000000013018	博物館	11
2542	800000000000033394	まゆ	10
2543	200000000000105069	ちか	9
2543	1100000000000098869	のあ	9
2543	1200000000000100423	katyan	9
2546	101980	ケタケタ	8
2546	500000000000020630	ああしゃ	8
2546	1100000000000011354	あんてな	8
2549	200000000000000307	あるけい	6
2549	200000000000046355	ナンチャン 「スカイマフィア」	6
2549	200000000000105059	omhtu	6
2549	300000000000103628	アスナ	6
2549	600000000000004050	ゆう	6
2549	800000000000104251	Chopin	6
2549	1200000000000104316	Player 1009493308	6
2549	1500000000000104750	170マン	6
2557	200000000000044312	ぼのぼの♪ ドリLv.250達成♪お仲間に感謝★彡	5
2557	400000000000003406	コインケスギ	5
2557	1100000000000099994	niina	5
2557	1400000000000104261	Player 1009234206	5
2561	104984	Player 1009520464	4
2561	800000000000097118	Player 1006724728	4
2561	1200000000000000348	tyoriso	4
2564	104954	ぱなっぷぷぷ	3
2564	200000000000096857	fffan9391	3
2564	400000000000057106	アキ	3
2564	400000000000104500	Player 1009522820	3
2564	500000000000104760	Player 1009510389	3
2564	600000000000003588	ゆき丸	3
2564	700000000000105131	Player 1009520119	3
2564	900000000000104399	Player 1009506761	3
2564	1000000000000104294	はま	3
2564	1100000000000104549	Player 1009523131	3
2564	1200000000000103665	Player 1008938988	3
2564	1400000000000104942	Player 1009463150	3
2564	1400000000000105033	Player 1009497950	3
2564	1400000000000105046	Player 1009501566	3
2578	400000000000099139	銅の漆黒	2
2578	500000000000005281	みょんきちわわ	2
2578	900000000000011705	Valmanway	2
2578	1000000000000063143	くろしお	2
2578	1100000000000003404	aki1919	2
2578	1300000000000057391	フリゲート	2
2578	1300000000000096302	サラブレッド	2
2578	1400000000000043073	くろな(ぴよ子)	2
2578	1400000000000091637	ふくちん	2
2587	2934	あたる	1
2587	300000000000001499	MEGANE	1
2587	300000000000099737	11月13日	1
2587	800000000000104284	Player 1009524104	1
2587	1100000000000013637	岩男、(またいつか北海道)	1
2587	1100000000000077695	matsu	1
2587	1100000000000104532	Player 1009517323	1
2587	1200000000000074147	華	1
2587	1400000000000005257	ミユカ	1
