1	500000000000085784	ザク	600987
2	400000000000000035	すずき りょう	572622
3	1300000000000073628	ますかつ	548288
4	1100000000000008327	八武ゆとり	323092
5	200000000000007128	りょうが	319569
6	1100000000000008170	ひとりボート	316125
7	1500000000000076349	yugi	313111
8	200000000000012750	まっころ	306755
9	400000000000012260	あすまん	300488
10	500000000000023805	ガガガ	298240
11	1100000000000015285	ジャミラ@ラウメン絶賛募集中よー	289473
12	700000000000040401	抹茶ラテ	289138
13	1000000000000087007	みぃれりょんぬ	288400
14	700000000000000825	ﾓﾝﾃﾞﾝｷﾝﾄｼﾞｬﾊﾟﾝ ｱｲﾄﾞﾙﾏｽﾀｰ課 課長	286728
15	100000000000015692	あこちん@	283867
16	1300000000000085489	ねず	281779
17	1500000000000001630	一之瀬享楽＠ラウメン募集中	280741
18	300000000000007514	キテない派	277954
19	1300000000000000131	茨衣駆	273296
20	200000000000054877	にゃん太班長	270523
21	900000000000072985	みうら	268489
22	200000000000024836	ミスティ	266203
23	900000000000023986	湊 和海	264261
24	500000000000007045	高町さん	264063
25	700000000000054073	タツ	263615
26	900000000000003716	トルノ	262856
27	1200000000000009546	なむ	260043
28	900000000000077351	ぽちくじ	258710
29	55592	コージ。	258181
30	700000000000019892	シンウィッチ	256299
31	500000000000086576	ヤス	255786
32	600000000000000448	ゆん	243088
33	100000000000009913	トッティ	230252
34	94377	しか@BMD埋め	227390
35	1000000000000001358	ミントガムＰ	226517
36	1200000000000022324	ななな	223596
37	900000000000052125	くんつじ	222682
38	1000000000000032048	えいのいる	219394
39	500000000000031474	あう	215889
40	200000000000004332	ごま蜜団子	214163
41	800000000000023404	対馬	213699
42	300000000000012460	ゆーかり	209472
43	900000000000014142	金(金目鯛39っち)	204642
44	1200000000000009086	ぺたくす	203837
45	1200000000000094588	カサノバ	200565
46	900000000000085865	ハンティ	195292
47	800000000000000015	ますじ	191256
48	1500000000000004263	こず	176826
49	700000000000055500	リヴァ	174351
50	700000000000017609	クガ。	172608
51	5177	ビンティP	169677
52	1500000000000096504	ぷるおる	169487
53	300000000000010800	ta-cos	168951
54	400000000000044922	イクmiん	156345
55	1400000000000000145	黒崎	151613
56	1300000000000002447	Rhye	150647
57	200000000000010940	しんや	148373
58	700000000000075495	チャパ	145068
59	400000000000000276	Amamiya	137255
60	1000000000000023136	膝小僧鍛錬@BMDすばるん所持	136096
61	1200000000000003396	月綺	135264
62	1000000000000000101	モコ	133046
63	10406	magatu＠同僚募集中	132450
64	1400000000000022488	まーぼー	128408
65	300000000000057981	miwo	126819
66	300000000000039164	サシャ	125798
67	1500000000000023253	くおんね	125386
68	1500000000000062160	てーてん@同僚募集中	122506
69	800000000000012251	はい	122373
70	500000000000000045	朝霧@真ハーレム	121792
71	500000000000035170	フジキド	120013
72	400000000000001371	ロジット	118365
73	1200000000000001507	ばし	117321
74	900000000000051147	ドヤP	117231
75	900000000000025004	べす	116867
76	900000000000099241	蟹光線	116197
77	800000000000023979	S-042	116021
78	700000000000056280	コーラサワー	116012
79	600000000000028810	リードキット	115534
80	600000000000001562	三剱　螢	113442
81	200000000000008027	つっちー@同僚募集中	113418
82	300000000000091128	mitsu	113311
83	1100000000000054021	1949	112734
84	200000000000001098	teiji	111865
85	300000000000015723	北習志野	111199
86	300000000000055542	R団＠愛と真実の悪を貫くラブリ(ry	110725
87	600000000000000219	こうげつ	110721
88	100000000000009115	cham1231	109932
89	20855	ゴロー	107452
90	600000000000035797	あまてぃ	107374
91	300000000000073621	★黒猫★22:45Lv⑦放流。仕事OF♪釣りお仲間&チムメン募集中(^^)	106980
92	900000000000000169	りょうの	105590
93	85541	鉄扇(枝ヶ茶)	105349
94	3210	せいか	105263
95	300000000000002168	hn273	104364
96	200000000000002730	㈲TOM	102461
97	200000000000000953	男前豆腐店	100692
98	1000000000000054316	Tsuka	100581
99	6416	macs	100327
100	400000000000036415	Cthugha	99534
101	1000000000000086802	つばーぷす	99403
102	100000000000030519	マサ！？	99225
103	200000000000081749	冴	99086
104	1200000000000077251	手クボ	98011
105	100000000000072926	アカギ	97960
106	1200000000000024190	幻＠双海詩音	97861
107	16440	ちょこな	97402
108	1400000000000018426	高垣彩陽	96313
109	3940	みぷれ	96179
110	600000000000004227	E-ton(+20)	95967
111	28082	ロック	95391
112	500000000000025018	けいお	95350
113	82080	なちゃ ﾍ( ＊´ｖ`＊ﾍ)))~	95231
114	100000000000010414	ryo	93739
115	100000000000041536	ポコ	93524
116	500000000000037065	りくぺんぎん	93173
117	100000000000077978	タナポケ	93118
118	300000000000001170	もむ	92137
119	500000000000054294	にえ	91707
120	200000000000003430	1千	91515
121	1300000000000072068	芝生	91502
122	100000000000050990	あげは	91085
123	800000000000040683	やまこー	89746
124	600000000000052066	かわうそ	89347
125	300000000000075145	メグミ	89012
126	1100000000000074768	としを	88725
127	900000000000002252	nova	88416
128	1000000000000052526	真紅	87710
129	1200000000000051075	きぬんちゅ	87462
130	100000000000000023	だる	87297
131	1100000000000037442	JUM	85657
132	700000000000041012	ki	85358
133	1100000000000008447	じゅん	84961
134	1100000000000054052	ジロー	84585
135	900000000000076135	U.M.	83964
136	1500000000000005076	よこさん	83803
137	300000000000096174	ちさ	83428
138	400000000000014044	端月	83303
139	100000000000080125	なりはら	82928
140	1500000000000061253	アイザック	82788
141	100000000000040492	ジェジェなの	82027
142	1300000000000077581	P	81993
143	500000000000056245	なごむ	81128
144	1300000000000052421	ポンピン	81094
145	500000000000019423	ぱるぱる	79454
146	1400000000000085858	P(otato)＠同僚募集中	79391
147	1200000000000000348	tyoriso@BMDひなた相互	78294
148	200000000000041146	くろさい	78045
149	500000000000029942	やっさん家	77900
150	1200000000000000035	ずみ	77722
151	300000000000053033	よぞら	77558
152	1500000000000053818	蜂が飛ぶ♪	77486
153	500000000000041445	放浪P	77180
154	1000000000000060511	ぷ～	76539
155	1000000000000053234	まつらいP	76269
156	1300000000000002008	META	75735
157	200000000000002591	とっちゃん	75405
158	100000000000002543	じんじゃー	74965
159	2040	アデリー	74735
160	400000000000080713	なるべくP@BMD麗花所持相互埋め募集	74586
161	900000000000079586	T@KA	74503
162	600000000000004089	プロデューサー	74394
163	300000000000056973	こーぎー	74044
164	1200000000000002200	カズゲーマー LV1	72829
165	400000000000078278	菰摩	72811
166	900000000000043170	篠川	72786
167	600000000000032119	イセトクホ	72483
168	1300000000000038346	さくほ	72460
169	200000000000079671	ネクター	72328
170	1100000000000025201	ももちときど	72014
171	600000000000058364	りんが～べる☆	71846
172	900000000000096687	信天翁	71123
173	700000000000050487	ken	71099
174	1227	さたもに	70398
175	800000000000002847	Wish@ラウメン募集中	70182
176	300000000000005075	kazuya0	69102
177	1000000000000051670	ちゃりお	69067
178	1300000000000029461	ユメヨイ	68815
179	400000000000002710	RR	68240
180	200000000000001004	ヒャッハー	68171
181	700000000000008982	たくあん	67896
182	1780	ゆりおーさか	67514
183	700000000000010042	ニニクマ	67047
184	500000000000047375	サダノリ	66934
185	900000000000061824	しょうたま	66073
186	200000000000011826	このド	65973
187	25190	いがらす	65768
188	1500000000000003414	mgskmb	65585
189	700000000000097998	いち	65526
190	900000000000026819	くまねこ	64282
191	1100000000000028986	にんたそ	64217
192	1100000000000012387	envi	63825
193	800000000000056413	こっちゃん	63808
194	1300000000000003596	ケケワン	63750
195	1200000000000052162	ハイクロ	63582
196	1300000000000077592	test	63564
197	500000000000013943	enchante	62538
198	300000000000011789	あ～ちゃん	62399
199	600000000000008954	マサマサ	62313
200	1400000000000059028	うなぎ	62257
201	1300000000000015796	8507	62225
202	1300000000000073985	レノ	62069
203	20777	暁月	61928
204	500000000000052669	ケヤキ	61907
205	400000000000022851	リン	61352
206	600000000000076024	淀ノ木 一茶	61302
207	900000000000075053	Mii	61301
208	300000000000045995	ガバヤシ	60985
209	300000000000003077	二重奏＠同僚さん募集中	60805
210	1000000000000007134	ポツトミー	60689
211	1000000000000053612	つばさ	60676
212	400000000000003383	satosan	60481
213	1100000000000005465	ジャスティス@みつける	60196
214	400000000000005589	昴太朗(演劇バカ)	60088
215	800000000000012102	ＴＨＥ恋	59986
216	76861	Loverio	59902
217	1100000000000047148	BYK	59839
218	500000000000005096	だんぼる	59568
219	54046	t-shiren	59507
220	1200000000000038530	ふじ	59471
221	1500000000000099032	まめかん	59357
222	700000000000010432	もこり	59326
223	400000000000007314	アヴリル	59052
224	700000000000097306	いずくま	58470
225	500000000000086821	atsusan	58259
226	900000000000009362	悠翔	58084
227	900000000000096955	マオーさん	57891
228	1300000000000000020	Whitesox	57772
229	74274	アコニー	57753
230	1200000000000035472	バトラ	57736
231	400000000000007919	はりおむ	57639
232	400000000000046397	いたこらぶ	57588
233	1300000000000071528	業務用ポテサラ	57544
234	1200000000000003670	はらぺこ	57411
235	1200000000000037996	くげぬま	57409
236	400000000000021577	あたりめ	57322
237	1100000000000005744	シオン	57180
238	300000000000055813	Mon-Cala	57136
239	400000000000079936	海導@ﾗｳﾒﾝ募集	57096
240	400000000000001302	よこてき	56982
241	1300000000000057435	Pico	56962
242	1000000000000095112	極東魔術昼寝結社の夏	56901
243	900000000000046985	ひよこ丸	56767
244	900000000000077299	sool	56662
245	1200000000000052601	みこらいお	56330
246	1100000000000050778	ホトくろ	55987
247	800000000000048159	亜堕馬	55602
248	400000000000001303	モリソン	55565
249	800000000000012123	山中	55440
250	1500000000000071693	ｵﾑﾗｲｽ	55329
251	1200000000000046705	BUONO!-P	55291
252	1000000000000007341	チェルニー	55209
253	200000000000097433	netqia	55201
254	1000000000000000147	みんどねしあ	55186
255	34738	URA	55024
256	900000000000029109	グリフィズ	54653
257	200000000000004487	tizuna	54623
258	900000000000079892	ameshita	54590
259	300000000000018385	カラス	54324
260	98011	robo3456	54135
261	3548	たかはな/同僚さん募集中♪	54105
262	700000000000000380	kenbigriver	54090
263	400000000000001114	sai@ラウメン募集	54050
264	12166	しじゅうし@所恵美P	53878
265	1300000000000077913	Law7ari3A	53708
266	1000000000000017184	ミカンboy	53706
267	400000000000000822	碧流√サナ	53618
268	300000000000085098	MKPYちゃん	53539
269	1400000000000056223	ぎん	53274
270	400000000000056452	ささくす	53109
271	700000000000097809	ban	53018
272	700000000000012121	concentration	52946
273	1000000000000020546	ごう	52716
274	900000000000001190	すかわら	52528
275	1000000000000028389	_H_I_A_	52400
276	1100000000000077209	タヌキ	52382
277	1200000000000004738	ごはんですよ	52375
278	500000000000030561	かいそう	52064
279	900000000000015974	かに	51927
280	900000000000061060	ナキ	51915
281	100000000000006701	stky	51801
282	1400000000000061517	Crow-N	51473
283	1500000000000002834	ふくろう@羽休め中	51212
284	1300000000000100120	えくすぺ	51143
285	1200000000000029471	よんけ	50645
286	200000000000027827	カイエ	50552
287	1300000000000000522	もす太＠同僚募集中	50505
288	100000000000060921	non	50418
289	1200000000000002662	カイボン	50404
290	600000000000061571	16回切りが出来そうな人	50325
291	1500000000000074325	Bi	50254
292	300000000000081797	ゆーみ	50118
293	600000000000082269	農機具	50110
294	100000000000061654	ソーイ	50069
295	1200000000000094654	watari	49977
296	99807	夏越	49895
297	100000000000086710	ポリエステル	49849
298	100000000000020665	チェン爺	49721
299	100000000000077923	c0sq	49680
300	500000000000056113	音ガエル	49582
301	900000000000077609	よっちα	49437
302	60847	イトゥルベ	49409
303	300000000000023155	あき	49210
304	1200000000000032989	氷	48923
305	100000000000056246	あたま	48807
306	300000000000000531	まこと	48595
307	1300000000000058841	胡麻塩	48585
308	1400000000000023299	かたばみ	48389
309	1500000000000079985	ルンパッパ	48083
310	100000000000054391	みなかた	47981
311	1300000000000004671	葵紅＠ラウメン募集中	47834
312	900000000000087629	ドライオン3	47794
313	800000000000070409	た～き～	47740
314	1200000000000015242	koubai	47676
315	1200000000000056240	てんやわんや	47643
316	15441	tora	47641
317	1500000000000002866	かたなし	47431
318	200000000000024746	てぃにあく@辛ゲ	47231
319	700000000000004836	もも	47180
320	400000000000000402	Mure	47089
321	800000000000000683	クエレプレ	47085
322	1200000000000093754	裕	47035
323	300000000000074498	せと	46900
324	500000000000000860	まる	46767
325	455	キリン	46652
326	800000000000004063	まっさん	46576
327	1400000000000031662	優虎	46518
328	1500000000000098336	カイン	46461
329	100000000000003938	ちーうー	46423
330	900000000000005676	ネリヤマ	46387
331	800000000000079976	62	46323
332	700000000000052715	teralympic	46075
333	300000000000080434	いけゆー	46060
334	1400000000000022650	ヤマツ	45929
335	500000000000022517	iseulos	45756
336	600000000000096155	hirata0816	45714
337	1500000000000007106	佳人薄命	45612
338	500000000000003609	オノボーP@奈緒すばるん担当	45475
339	100000000000024451	こしあん	45422
340	700000000000097191	Plmokn	45395
341	100000000000021509	しもすがり	45342
342	800000000000030131	そういち	45335
343	700000000000054890	海P	45330
344	1697	空希	45219
345	1100000000000057051	赤メガネ	45197
346	200000000000021380	妹's	45140
347	800000000000052142	しましまP＠まこりんアルバム埋め協力お願いします！	45127
348	1100000000000027178	バチカンＢＩＧ	44947
349	10039	くみこ	44815
350	600000000000078270	同意承諾	44771
351	200000000000096671	kenta77	44750
352	46961	おきな	44621
353	900000000000011896	モザイク	44496
354	800000000000096115	黒い秋	44256
355	800000000000096138	むん	44062
356	1400000000000027267	請真	44015
357	1100000000000050047	spinte	43929
358	200000000000093828	かず	43873
359	300000000000055810	ゆいな	43842
360	1500000000000049114	Genjou	43700
361	600000000000003450	ナナヤ	43614
362	1400000000000074952	カガリ	43587
363	1000000000000086844	たこやき	43505
364	1300000000000005226	ギャマス	43461
365	200000000000093495	龍KAI	43418
366	400000000000000323	Amuru	43140
367	500000000000081050	hoho	43085
368	200000000000098272	シドウP	42884
369	1400000000000075792	よっし～	42827
370	400000000000033164	リッカ	42663
371	600000000000031546	revi	42444
372	1000000000000001341	ケンタ	42224
373	500000000000016142	まっこ	42146
373	1000000000000020715	マサト【花②】	42146
375	500000000000021263	みさき	42039
376	31972	トーナ	41973
377	900000000000084431	サバSR@翼P	41945
378	400000000000000213	メリア	41919
379	300000000000006999	桜田	41878
380	200000000000097231	エイラ	41854
381	1300000000000041315	御殿御剣流るろうに殿門	41836
382	900000000000026506	ほのぼのしますだくん	41824
383	100000000000020454	はとばす	41818
384	600000000000082656	ガスマスク	41778
385	400000000000000239	ビタミン	41548
386	1200000000000000897	TKT	41426
387	1500000000000083193	ひでぞー	41249
388	1400000000000021278	よろい着た人骨	41165
389	1000000000000062517	からす	41133
390	900000000000037940	■＠NDR114	40882
391	900000000000001966	うじきん	40859
392	800000000000027094	きのえ	40845
393	200000000000096243	-幽-	40807
394	1200000000000071707	ポボロ	40787
395	200000000000036750	はくたか	40716
396	700000000000097426	KNTR	40695
397	700000000000058205	桐生	40691
398	100000000000053791	CCCC	40525
399	600000000000076941	OWee4th	40496
400	800000000000057994	かとれあ＠4/16昴デビュー現地	40463
401	16528	じょん	40400
402	300000000000021365	ひなももんぬ	40263
403	300000000000007049	ta-low	40202
404	600000000000024979	小々	40191
405	700000000000095131	ﾓﾝﾍﾟﾁ改2	40140
406	900000000000005700	ゆ	40139
407	1200000000000002564	ゆーま	40061
408	1200000000000013389	バレット	40013
409	1300000000000098544	Metal Max	39935
410	1200000000000025616	smit	39871
411	800000000000062755	あぇー	39862
412	100000000000010201	へいし	39711
413	100000000000009362	ガッテン@BMD相互埋め募集	39614
414	200000000000001734	飴玉	39610
414	1000000000000001128	GOTTU	39610
416	200000000000024507	まここ	39453
417	300000000000003555	yu-ki	39307
418	1400000000000002327	大弥	39102
419	1000000000000059447	とらどら	38973
420	1100000000000008869	トモ	38900
421	1500000000000027634	nackt	38830
422	1300000000000058153	ZEDER	38733
423	900000000000097854	ンジャメナ	38612
424	100000000000018181	黒	38588
425	400000000000003987	しろにゃんこ	38415
426	400000000000056468	hida	38351
427	600000000000013400	ベンゼン	38306
428	1400000000000028924	you	38031
429	500000000000040097	わっほい	38024
429	1200000000000097868	Quick Queen	38024
431	400000000000001238	多楠	37809
432	300000000000001990	MRN	37770
433	300000000000004297	カシミヤ	37713
434	700000000000024886	ジョージ	37709
435	300000000000040352	Spica	37506
436	1300000000000007977	信太郎	37471
437	200000000000017357	834yen	37465
438	300000000000000919	あるんか	37255
439	83948	ケン	37207
440	1300000000000032293	烈桜	37175
441	1500000000000055142	boi	37164
442	1100000000000010465	ミラ	36889
443	300000000000010180	スズキ＠BMD昴⇔他ﾄﾚ募集	36863
444	700000000000051319	いんぐ	36819
445	600000000000035830	紅雅@BMD埋め希望中／当方昴可憐所持	36683
446	400000000000055655	天気職人	36566
447	1000000000000030303	カメリア	36548
448	700000000000062947	ヤマ	36426
449	500000000000092152	ジクロロ	36266
450	900000000000004597	オチミズP＠水龍牙	36241
451	1100000000000021838	エーシ	36231
452	600000000000049622	expo	36156
453	100000000000020224	モルガ	35969
454	561	いち/二見＠なおなおかわいい	35945
455	1000000000000082875	eternal@P	35941
456	1500000000000072858	凶夜@Z__kyoya	35827
457	1000000000000075113	bazooka	35807
458	200000000000063164	オメガイデブン	35733
459	800000000000057028	nirika	35454
460	1100000000000056615	CC	35357
461	200000000000045385	のん《招待は無視して下さい》	35336
462	1000000000000051401	ひゅん	35314
463	100000000000093900	スヴェン	35303
463	600000000000053572	ムッキー	35303
465	700000000000079413	ヨハン	35187
466	1100000000000001357	シノン	35179
467	200000000000006005	どらわん	35165
468	500000000000053725	からあげサン	35152
469	1200000000000080674	もぐたん	35040
470	800000000000024921	たつ	34994
471	1000000000000007726	フーＰ	34859
472	431	zak	34793
473	1100000000000027488	ひまわり	34586
474	300000000000049464	umigame	34577
475	600000000000054279	タマカズ06	34526
476	1400000000000037067	式見慶	34468
477	200000000000002475	Kussun	34395
478	500000000000052560	さとさとし	34366
479	600000000000074601	KS	34333
480	200000000000065064	しやこうこう	34268
481	600000000000006535	のこ波	34231
482	900000000000086390	トモカネ	34214
483	400000000000057831	磯兵衛	34188
484	200000000000016116	しろた	33908
485	800000000000094808	波止場のジョニー	33886
486	83542	C.Bulkaria	33881
487	1200000000000026419	よしけい	33790
488	800000000000056568	むにむにさん	33611
489	1100000000000040689	アサギリ	33566
490	800000000000005468	ツクモ	33443
491	1400000000000000843	qun	33414
492	400000000000073549	リュカ	33378
493	500000000000016180	arista	33332
494	1500000000000036121	えい	33234
495	300000000000061200	マクロ	33145
496	100000000000000656	しぃ	33076
497	300000000000037734	ゆー	32966
498	100000000000017188	ポチョムー	32950
499	400000000000016011	あーさーP	32868
500	700000000000042322	あいさ	32715
501	1200000000000030849	みつお	32614
502	98845	涼	32548
503	600000000000078263	春雪	32501
504	300000000000085460	氷川翔	32439
505	600000000000051539	sicky	32424
506	100000000000039016	シノ	32357
507	700000000000098713	ますお	32193
508	800000000000076781	もりあ	32159
509	1100000000000073983	とりごや	32124
510	1200000000000076169	カリオペ	32039
511	1500000000000051848	す～	31748
512	400000000000095780	水無月 空	31744
513	1300000000000003989	エムエス	31721
514	500000000000054427	にゃんと3939	31671
515	600000000000008657	モルモート	31668
516	1300000000000083401	アサノ	31662
517	1100000000000072239	めめ	31506
518	300000000000061917	ひまにい	31500
519	100000000000043956	すみ	31435
520	100000000000097959	Exiaan	31421
521	1200000000000039269	ＮＵＭＥ	31146
522	200000000000031955	ヒッキー	31145
523	700000000000051145	falai	31097
524	400000000000097411	パオロ	30996
525	300000000000005632	うた	30995
526	78078	snow@ngel	30870
527	1200000000000010653	ちょこりんご	30801
528	1300000000000081086	hirarin_xp	30748
529	900000000000002875	セブ	30645
530	1200000000000046514	トワロン	30619
531	700000000000075165	やっしー	30608
532	300000000000033940	マリス	30547
533	100000000000096723	花咲舞	30474
534	100000000000053112	RFM	30439
535	1400000000000081368	his@P	30415
536	700000000000014272	ひろ	30330
537	200000000000037547	y@n@	30241
538	1100000000000047091	かみさと	30168
539	500000000000006157	89	30129
540	800000000000010311	カミナシ	30052
541	1200000000000021916	熊谷	30033
542	800000000000077487	か	29967
543	900000000000073913	jdr	29911
544	1400000000000004698	はっしー０８４@デレ4th全通	29896
545	18990	ゆうたす	29760
546	1200000000000001315	ネイト	29669
547	3605	浜通	29590
548	600000000000074911	セサミン	29552
549	1000000000000026546	なう	29522
550	700000000000000634	みふぃ	29521
551	1400000000000055344	ちいろ	29494
552	400000000000000927	おいも屋先生	29458
553	1000000000000024466	無題.	29445
554	100000000000094786	N	29410
555	300000000000048544	ねもちゃん	29364
556	1500000000000098382	九重唯月	29352
557	1400000000000007388	僕クエスト	29335
558	500000000000007461	AIMﾏﾝ	29310
559	1000000000000051740	マカク	29223
560	1300000000000063198	たらば	28959
561	600000000000096913	ヤングゥ	28909
562	8788	CC	28900
563	1200000000000023308	イソップ	28899
564	1100000000000037919	おおとり	28894
565	700000000000081253	マイマイ	28875
566	100000000000094632	水柿	28677
567	700000000000067127	Player 1002122919	28626
568	200000000000095436	NULLlu	28554
569	100000000000069157	ウラカミ	28542
570	400000000000006050	秀矢@美希推し	28409
571	82222	ましょ	28393
572	100000000000023612	Ｎormad	28322
573	1500000000000062632	ナハト	28282
574	700000000000075417	メープル	28281
575	400000000000011081	ドバム	28261
576	100000000000039496	ｺｳｼﾞ	28254
577	300000000000076843	しまま	28194
578	500000000000000556	ゆっ	28154
579	900000000000002080	スタム	27969
579	900000000000046989	カイ・タスク	27969
581	1000000000000085488	momomo	27865
582	500000000000001550	伊賀くま	27860
583	700000000000049467	さち	27858
584	1300000000000077111	かなえじゅん	27839
585	400000000000031923	(ｱﾌﾟﾘ誘いお断り!!)なりぴ	27810
586	1000000000000092045	ジガノフ	27768
587	1000000000000004827	ユンケル	27707
588	500000000000033300	ヨチオ	27666
589	200000000000004925	ノグチ	27556
590	1000000000000097527	ぴーﾁｬﾝ	27483
591	400000000000006263	雲雀	27433
592	500000000000052821	やみウサ	27413
592	1300000000000059105	れおん	27413
594	59595	かなやん	27370
595	400000000000000720	ブルーレモン	27363
596	1000000000000083702	パチざえもん	27294
597	1000000000000052726	ひすみれいと	27202
598	300000000000044222	SHIN	27171
599	300000000000000692	兵十	27150
600	75400	ガロ【蒼き狼隊】	27102
601	800000000000052233	ねぶ	27099
602	1100000000000044460	りょう	27090
603	1400000000000052431	ユウ2	27024
604	100000000000055098	ミハエル	27009
605	200000000000024845	ふ	26999
606	500000000000011441	いさお	26992
607	1100000000000098873	4職分の野菜	26931
608	1500000000000077350	ツォッツィー	26759
609	600000000000005744	Aqua Regia	26748
610	600000000000000623	エネイブル	26592
611	500000000000024342	はてなん	26576
612	400000000000009884	御影	26531
613	1100000000000076055	かわいそうまさん	26484
614	53487	asts	26385
615	500000000000096731	ブラッキー	26353
616	100000000000008229	やん	26231
617	900000000000057431	ゆう!!	26225
618	100000000000077041	ぽれぽれ	26198
619	100000000000003829	つばくろ	26115
620	200000000000029449	てるる	26101
621	200000000000003815	葉月	26074
622	300000000000053482	バオーちん	26057
623	600000000000035895	ゆみみ	26048
624	1100000000000002615	やすひら	26045
625	1500000000000083482	バーロー	26012
626	1300000000000010330	急所恐怖症	25848
627	900000000000092976	ちゅん	25691
628	1100000000000086676	ojita	25591
629	100000000000078075	雄ちゃん	25574
630	1200000000000022861	あまp	25547
631	1300000000000004275	けんぱ	25504
632	300000000000000009	ぐわす	25456
632	900000000000097758	蒲生雁次郎	25456
634	1300000000000050252	ふじ	25384
635	1500000000000061306	うおのめ	25367
636	200000000000004442	つね	25361
637	1200000000000097370	聖	25320
638	600000000000019041	毘沙門天	25245
639	1300000000000081441	ぴょんたろ	25212
640	500000000000062982	AppleWater	25156
641	1100000000000022483	哩哩	25069
642	200000000000001400	iera	25052
643	16348	ティム	25038
644	1000000000000032199	憑き妖	25035
645	300000000000024380	秋良	24892
646	600000000000027449	H@NK	24845
647	1000000000000082329	さしゃ	24796
648	1300000000000076726	しーな	24763
649	400000000000004186	のぶ	24734
650	400000000000048059	Yes!リサイクル	24700
651	1000000000000005899	えれ	24681
652	1300000000000053181	えすえすえぬ	24646
653	500000000000086046	庄屋	24620
654	1100000000000054086	黒怒虎	24538
655	200000000000096086	光	24530
656	600000000000091879	やま	24529
657	1300000000000051106	saiae	24489
658	1200000000000053832	春	24476
659	400000000000000684	雪ん娘	24469
660	1400000000000078384	ancoro	24395
661	1300000000000020654	つづれ屋	24385
662	1400000000000012905	エトセトラ	24335
663	900000000000005302	御霞月	24329
664	1300000000000052922	かなぎ	24288
665	1100000000000003658	赤坂男爵	24273
666	100000000000047496	まきがみ	24244
667	700000000000003595	かわーの	24234
668	1500000000000011468	タマモ‡∽∽‡	24220
669	300000000000002508	オス	24183
670	900000000000051510	じョ―じ	24139
671	1400000000000056647	YOU	24121
672	1300000000000094993	NZ	24105
673	100000000000052693	まさまる	24039
674	1000000000000009868	タルカス	24030
675	400000000000017521	平沢ヒラリー	24008
676	900000000000015949	翔華	23987
677	700000000000000692	ルミアール	23766
678	1500000000000036361	Ｏ！Ｗ	23677
679	1000000000000044673	みや （求む！応援申請   ）	23670
680	1500000000000098658	中位	23610
681	85342	しのぶ＠速射特化	23571
682	500000000000091950	れもん	23553
683	500000000000040359	まーだむ	23551
684	1000000000000050063	シキータ	23496
685	300000000000033205	おぎちか	23461
686	1400000000000095332	ラフランス	23418
687	200000000000029288	ストラーダ	23370
688	52353	マサ	23320
689	900000000000087487	雀サブレー	23315
690	1300000000000028930	沈下酢	23308
691	1000000000000046951	青紫蘇@飴、飴を貯める	23284
692	1200000000000000577	オリロー	23239
693	200000000000050192	さっつ	23234
694	1879	Kasper	23213
695	1500000000000059296	あさぼん	23134
696	500000000000077985	森キッキ	23133
697	1400000000000000643	かてじな	23060
698	1100000000000077193	musashi1678	22974
699	1100000000000077101	第六世代行星間航行決戦兵器マコッマシーン7号	22962
700	400000000000072054	たかや	22900
701	700000000000003706	けふぃあP	22841
702	52712	どらい	22839
703	400000000000051886	かぼちゃいちごちゃい	22830
704	700000000000000966	ハードケース	22741
705	600000000000015888	しらいし	22733
706	1400000000000082762	あるる	22718
707	700000000000003357	coconutsmilk	22701
708	300000000000045139	トシキＰ	22666
709	100000000000039184	干瓢	22640
710	300000000000054562	ドランゴMk-Ⅱ	22624
711	100000000000098456	apricot	22602
712	600000000000000023	Sanno	22595
713	1000000000000024537	ナノ	22593
714	400000000000019323	聖天使神猫	22494
715	600000000000061030	ワタハ	22471
716	1500000000000021094	noppo	22455
717	1000000000000047770	ゴルゴ	22441
718	300000000000078496	とりすた	22433
719	900000000000001046	ぺりかん	22428
720	100000000000037676	咲也	22421
720	800000000000014961	カイスタ	22421
722	77564	ヒロ	22296
723	500000000000079372	亀十	22232
724	97130	fin.	22199
725	1000000000000081450	山ちゃん	22180
726	800000000000019010	クロスケ	22101
727	1300000000000020839	"ｍｅｍ ""煉獄の変態"""	22068
728	6155	黒豚	22055
729	400000000000097991	ユーノ	21961
730	900000000000097498	彌亜琉	21872
731	1400000000000000037	にものP	21856
732	100000000000003010	ひやま	21834
733	600000000000015505	くさ	21785
734	800000000000003989	Toggo	21767
735	800000000000059777	FFF (^^)	21734
736	1300000000000000601	つかいば	21720
737	1400000000000076197	くまp	21673
738	800000000000055813	しゃあぽ	21615
739	1000000000000026164	カジ	21599
740	200000000000000197	鎌倉釜山	21591
741	100000000000050735	すみれの	21583
742	200000000000022284	いっぷーどお	21574
743	900000000000028925	YUCCO	21514
744	100000000000037882	ともや	21441
745	300000000000061741	どく	21440
746	1200000000000015084	Motivator(斬)	21431
747	100000000000099100	ながすくじら	21353
748	800000000000000686	もちりん	21337
749	800000000000008057	リョージ	21309
750	200000000000005206	WINNER	21307
751	1200000000000004137	どむっち	21303
752	1400000000000057499	otakon	21259
753	1200000000000074858	せージ	21251
754	300000000000003101	ロシアネコ	21214
755	1100000000000037817	シロガネ	21206
756	1000000000000087680	スコ	21145
757	1500000000000080519	きなこもち	21112
758	600000000000013968	あおゆう	21108
759	700000000000071627	オレンジ	21097
760	1400000000000038170	やまと	20888
761	200000000000069554	たなか	20869
762	100000000000061374	リョウ	20866
763	100000000000027514	あ	20855
764	1200000000000079988	aoatn	20753
765	600000000000083413	黒炭落花生	20716
766	300000000000032469	スキート	20712
767	1300000000000079500	ちゃけ	20648
768	1000000000000092258	harumaki	20640
769	200000000000045780	まうてん	20612
770	1000000000000055642	しの	20591
771	900000000000015916	jinx	20570
772	200000000000036838	WILL	20558
773	800000000000059740	8ー3ー	20423
774	1200000000000037706	ダイアー	20409
775	1200000000000010286	どしどし	20376
776	1200000000000075325	ババロア3.5	20374
777	700000000000085886	九条綾瀬	20368
778	1000000000000097322	ケイ	20363
779	1100000000000050119	マロングラッセ	20355
780	1000000000000085836	見斬り	20183
781	1400000000000000143	すぬしー	20167
782	1500000000000032726	にーにゃ【そして私は傍観者になる】	20165
783	17083	zonghy	20160
784	1100000000000073911	Xross-fade	20157
785	25819	ジャスティス	20125
786	100000000000014604	lain	20118
787	600000000000056814	よっぴサンド	20103
788	1200000000000051023	KenKEN@HP,EH,BMD相互募集	20022
789	1000000000000039172	haityu1998	19942
790	1100000000000082910	タヌキさん☆同僚さん募集中♪	19914
791	1200000000000000259	こばると	19857
792	1200000000000098317	T.T	19835
793	1100000000000007637	L.Shockers	19812
794	100000000000012762	チハ	19782
795	1100000000000076157	きょこ	19780
796	500000000000051471	ぜう	19768
797	700000000000082010	grow?	19665
798	1000000000000001431	EKI_	19657
799	400000000000015485	Kery	19620
800	1200000000000001767	otokadnoym	19530
801	900000000000012903	ギャブ	19512
802	1000000000000000826	タスク	19447
803	300000000000023648	hmhm	19436
804	1100000000000020816	ロストジョーカー	19366
805	200000000000030403	しん	19344
806	700000000000000428	すてつか	19338
807	1000000000000000361	さんだる@準備中	19274
808	700000000000098147	0316	19192
809	100000000000080725	ハム蔵	19156
810	1100000000000000718	へるつ	19143
811	400000000000003193	ゆう（ゆご。）	19062
812	400000000000096217	マァァァァック	19056
813	200000000000058372	ハル	19042
814	300000000000051893	Qoo	18989
815	1000000000000005421	*annalotta*	18984
816	300000000000046431	ろっくま	18947
817	600000000000097627	ごましば	18938
818	500000000000009567	Lognertz	18918
819	79860	ぬくぬく	18904
819	200000000000097187	Ai	18904
821	1300000000000093644	kazami	18863
822	1000000000000098134	カミンスキー	18862
823	600000000000004208	りゅうのすけ☆μ's Finalドーム参戦☆	18831
824	900000000000079776	くにさん	18787
825	1500000000000097213	そろるね	18768
826	300000000000004977	ショウ	18710
827	600000000000008204	フィリー	18681
828	700000000000055864	リオン	18673
829	800000000000006441	ＫＥＩ	18615
830	1000000000000022872	あまよ	18580
831	600000000000097828	きしわきじじ	18569
832	1300000000000003379	影兎	18561
833	500000000000055759	コココ	18436
834	1300000000000025633	黒畑幽鬼@ULA予選走りきった	18416
835	400000000000062212	八橋りばさ	18408
836	400000000000080627	FK	18244
837	700000000000047769	mjd	18233
838	500000000000053158	bmg	18217
839	62455	ごしゅＰさま	18146
840	1000000000000078295	Golacat	18124
841	800000000000001805	しなちく	18120
842	1100000000000051787	桜	18090
843	1100000000000004719	lig	18037
844	500000000000056651	JHONY	18036
845	500000000000057057	kimashie235	17999
846	1300000000000023504	しょにー	17995
847	300000000000093597	Gwan	17886
848	800000000000077410	ぬっ	17818
849	1500000000000001153	tony105	17799
850	1000000000000017990	ボクボブ(旧ハイフン)	17794
851	200000000000002210	よっさん	17786
852	500000000000078623	ごま	17768
853	1000000000000001078	デニー	17690
854	900000000000075537	ありあけ	17682
855	600000000000075436	日菜香	17675
856	500000000000082867	Player 1004708245	17651
857	300000000000000404	ででん♪	17590
858	500000000000002898	ラズ・エルザ	17586
859	400000000000009677	デュナ	17535
860	400000000000005895	Kei-kei39	17502
861	200000000000057864	アニ中	17488
862	500000000000004340	ぐまぐま	17450
863	1100000000000038282	ATM	17435
864	1300000000000047437	まさしょう	17415
865	1100000000000036264	アユ	17370
866	500000000000081104	ウゴルガ	17345
867	1300000000000086835	WPS	17298
868	1000000000000096782	カズ	17292
869	1300000000000093697	ジャカ	17270
870	100000000000099454	和紗	17206
871	200000000000001358	ノノノ	17181
872	1100000000000001881	義男	17157
873	400000000000002139	火冬	17115
874	1200000000000052309	クロネコ	17104
875	900000000000079990	心気ろう	17053
876	100000000000081967	ルホホー	17028
877	1000000000000085291	しあら	17011
878	800000000000056398	νＥＬＳ	16973
879	500000000000063014	ササヤ	16968
880	100000000000054038	トリプルデイP	16956
881	200000000000010793	雲鯨	16864
882	1300000000000040698	ですらーdeth	16832
883	1300000000000082437	SASUKE	16808
884	1300000000000006979	芥子	16720
885	57583	アマミク	16687
886	1300000000000081353	文萌	16675
887	800000000000093257	ぜりー	16585
888	600000000000001507	すし屋のぽたさん	16580
889	700000000000072377	まっつー	16564
890	800000000000001963	座布団	16510
891	1300000000000052041	ごー	16481
892	400000000000024503	縄引き	16441
893	300000000000007235	ゆきろん	16428
894	400000000000055593	ポグレ	16418
895	900000000000042361	メキシコ	16379
896	900000000000061364	イフ	16368
897	1200000000000024774	ななふく	16352
898	1100000000000060217	たかちゃん	16298
899	1400000000000059152	144	16283
900	800000000000052030	ノリ	16273
901	300000000000098035	昇天	16260
902	500000000000000394	Raven@昴推しヘタレP	16251
903	1400000000000006139	hayate	16242
904	300000000000004366	ﾍﾞﾝｿﾞｳ改め汐宮栞(おっさん)	16230
905	1300000000000002568	んがむら	16200
906	700000000000001943	ヨッシー	16197
907	400000000000033639	ボロンゴ	16153
908	800000000000000687	おちゃーちゃんぼちぼち｡ｵﾌ｡	16147
909	33118	ほっぱんさん	16135
910	100000000000049011	兵庫侍	16122
911	1000000000000056642	フロスト	16110
912	1000000000000036511	suwakko	16090
913	1200000000000093875	FFF	16074
914	500000000000001807	ラスカル	16072
915	1200000000000085734	ぴくるす	15986
916	900000000000097140	天人	15970
917	500000000000057872	(￣ｑ￣)ｚｚｚ	15942
918	700000000000009920	NAVY	15897
919	900000000000062858	どんぐり	15872
920	100000000000074380	のん	15864
921	400000000000009004	しょう	15855
922	800000000000026371	しじみ	15810
923	1200000000000008786	きたきつね	15790
924	600000000000015947	ハイド	15765
924	1400000000000025847	冷静と情熱のあいだ	15765
926	1500000000000083727	葉月 雪(元Snow)	15762
927	1300000000000009272	TKR.N(休養中)	15752
928	60072	なむなむ	15734
929	1300000000000051190	リリー	15722
930	100000000000042468	アマノ	15695
931	200000000000003206	いまい	15683
932	400000000000002255	リオス(変態紳士)	15653
933	1000000000000098282	あゆ	15652
934	400000000000000254	CroLo	15631
935	1500000000000027672	DESTINY	15570
936	600000000000050710	ゼロ半ライダー	15551
937	700000000000000156	いさきち	15549
938	97258	京介	15508
939	1500000000000033871	hitohabune	15478
940	500000000000003061	ディン	15476
941	1100000000000000944	近藤	15447
942	1100000000000003761	稲妻の螺旋	15428
943	1500000000000003413	こくまと	15372
944	100000000000003368	ヤクライ	15338
945	1200000000000005412	ひゃくまん	15329
946	1000000000000083423	lc42	15324
947	700000000000092761	パチュリー	15318
948	1100000000000072767	せのん	15312
949	700000000000055925	ヘラクロ	15286
950	300000000000076602	乙女座193	15282
951	14034	茂原	15243
952	600000000000000973	まさあき	15216
953	1500000000000003815	祐駕楕諭吉	15173
954	900000000000051876	ミンティア	15153
955	1400000000000096334	みそたん	15143
956	1400000000000002746	ウサギ	15138
957	1200000000000073457	へごちん	15130
958	1300000000000000228	ししとう	15077
959	400000000000055344	マヤ	15062
960	600000000000001986	アリス	15011
960	1500000000000004649	けんと	15011
962	65546	mi_nakano	14993
963	500000000000032232	ファーザー	14955
964	1100000000000053672	かなち	14920
965	1400000000000027701	Nacky	14898
966	99637	K_K	14897
967	800000000000097177	MUSASHI	14889
968	700000000000077160	あひる	14878
969	1500000000000000784	バルタンZ	14866
970	100000000000087522	にらたま	14848
971	700000000000004524	々	14845
972	500000000000009067	大回転	14825
973	1100000000000086373	春坂@HN相互交換同僚募集 求）美也HN	14807
974	700000000000052711	ろくげん	14800
975	1500000000000027613	あずやん	14758
976	200000000000029572	まーむー	14718
977	86950	春雨	14706
978	800000000000062098	大熊ねこ	14700
979	500000000000007162	もふっこ	14694
980	600000000000000457	リジェノ	14686
981	500000000000056765	宇宙機構*ｱﾊﾞｺﾝご協力感謝♪	14681
982	1000000000000005706	真燕	14665
983	800000000000002782	ジトラ	14649
984	600000000000014076	TAKE	14634
985	800000000000001409	nkdisk	14623
986	15491	楼	14592
987	500000000000081057	葉月アキ	14584
988	800000000000013200	クロ	14551
989	1500000000000003644	sskm凹	14543
990	58693	郷のくまもん	14524
991	300000000000007191	ruki31	14522
992	1000000000000032839	kamecycle	14488
993	900000000000071159	シャーク	14384
994	1300000000000070987	モリゾー	14320
995	1100000000000082964	Araking	14312
996	1300000000000008137	黒海	14310
997	1000000000000084769	ゆうくん	14288
998	400000000000076293	ぺちゅ	14251
999	200000000000037487	カッセー	14248
1000	300000000000052043	そーよし	14238
1000	400000000000001779	some	14238
1002	400000000000002789	ごっち	14161
1003	900000000000081796	ねるねるねるね(ねるねP)	14108
1004	400000000000023304	キョン屋	14044
1005	400000000000003938	マオ123	13954
1006	700000000000050627	カリス	13944
1007	800000000000004329	ハゲてない☆	13770
1008	100000000000033967	幹	13760
1009	38122	masa	13721
1010	1500000000000097907	ryafu	13706
1011	1000000000000010946	onodera	13704
1011	1200000000000046260	奥武島	13704
1013	800000000000010459	米福	13690
1014	600000000000076211	Medhurst	13623
1015	1000000000000094395	病葉	13601
1016	600000000000049518	塩大福	13600
1017	1400000000000049529	ﾙｰｸ Dｺﾚ･しろつく中心	13565
1018	800000000000085293	しゅうへい	13535
1019	300000000000015648	自宅監視員	13530
1020	1500000000000046446	ますと	13526
1021	700000000000058579	U子	13525
1022	500000000000071419	P	13523
1023	300000000000099574	Baka3565	13505
1024	200000000000052784	かいば	13502
1025	400000000000056642	昇華	13396
1026	500000000000019233	つりざお	13370
1027	1100000000000094311	こま	13318
1028	1500000000000056713	Zep	13312
1029	1100000000000002749	木霊	13274
1030	1200000000000052144	冷奴	13248
1031	100000000000055165	ktt	13200
1032	1000000000000097391	きき	13199
1033	100000000000087112	ヘヤング	13174
1034	400000000000095974	深影アキラ	13169
1035	800000000000080108	あそびべ	13168
1036	1400000000000001141	せきずい	13144
1037	900000000000075532	ryu	13130
1038	800000000000059668	No.95 久能	13116
1039	1500000000000053185	菜種	13083
1040	1100000000000050339	マオー	13044
1041	1100000000000036452	ちゃま★:)	12988
1042	600000000000085455	むららん	12972
1043	100000000000097057	ちるじゃー	12960
1044	1400000000000062740	ariake@受験生	12950
1045	1300000000000084090	甘楽	12946
1046	100000000000004614	うつろ	12930
1047	1100000000000007061	KZM	12865
1048	1200000000000074178	渚	12863
1049	1300000000000077946	コト	12858
1050	1500000000000002325	うひょこ＠天然モノ	12793
1051	1400000000000076669	もなりあ	12731
1052	100000000000095392	べんべん	12724
1053	300000000000080045	おかけそ	12711
1054	800000000000002715	KEG	12698
1055	100000000000013027	はとぽ	12680
1056	400000000000012748	tsunamayo609	12660
1057	400000000000009557	じんま	12647
1058	300000000000017157	だんごむし	12642
1059	800000000000050817	ととのえる	12633
1060	1100000000000095709	m	12625
1061	1400000000000048149	スライムTake3(多忙遂にダウン＿|￣|○しばしオフリマス)	12571
1062	100000000000061185	ピンフドラ1	12568
1063	400000000000006252	アルケ	12558
1064	1400000000000096814	TSKS	12528
1065	700000000000073279	くまきち	12491
1066	4342	スミカ	12487
1067	1200000000000001305	Ritz	12480
1068	1300000000000081217	あいおい	12478
1069	200000000000068343	中	12472
1070	500000000000045400	ゲソさん	12469
1071	800000000000061642	genis	12445
1072	1000000000000077903	空野	12439
1073	300000000000003202	mist	12426
1073	1100000000000022390	三原色	12426
1075	1200000000000098811	広島風	12371
1076	1000000000000012209	アルパカ@雪歩道場運営中	12357
1077	1100000000000097753	ぶし	12342
1078	100000000000085473	千烏	12313
1079	1000000000000041738	saki	12304
1080	1500000000000100260	e4rtu56i56	12297
1081	400000000000038099	はるる	12291
1082	500000000000046723	青いツバサ	12260
1083	1400000000000025188	・	12256
1084	300000000000000258	レモネード	12244
1085	1400000000000002202	MAXX3	12227
1086	1000000000000014867	ya	12191
1087	200000000000074383	エルザム(ﾉｰﾏﾙ+)	12183
1088	900000000000000582	ピーターP	12144
1089	1100000000000069010	えるこん	12139
1090	1200000000000055439	五条烏丸	12102
1091	1300000000000055925	LIN.	12096
1092	76260	ハッピー	12052
1093	1300000000000025169	いもまつば	12021
1094	200000000000089151	lop	11978
1095	1100000000000075732	Murasame	11960
1096	400000000000057634	Guppy ko-suke	11955
1097	1000000000000044699	ソコム	11941
1098	1300000000000000890	もあい	11932
1099	600000000000049397	ナカジ	11918
1100	1400000000000032083	りんりん＠さうすぽぉ	11891
1101	900000000000077199	蟹55712	11883
1101	1500000000000082040	テッテレ	11883
1103	300000000000030957	じゅわ	11880
1104	700000000000007191	山本山 Team神龍	11832
1105	700000000000051007	wasyou	11804
1106	1300000000000100038	三匁	11762
1107	1500000000000052050	ヒロ	11758
1108	1100000000000004766	るのＰ	11723
1109	800000000000097652	sato	11715
1110	98899	はんなり	11702
1111	800000000000094875	ともかん	11701
1112	1100000000000000592	える	11690
1113	200000000000055036	レモン牛乳Ｐ	11668
1114	400000000000096328	ユウ	11611
1115	37193	ハヤブサ	11595
1116	500000000000050476	なぎっこ	11568
1117	900000000000098169	COREA@P	11560
1118	500000000000038642	ケン	11396
1119	900000000000030841	生涯中二病P	11358
1120	200000000000008368	kuro	11354
1121	1000000000000023772	赤いきつね	11339
1122	1400000000000029328	サイダー	11334
1123	900000000000098113	mintiaholic	11318
1124	900000000000052975	タカロ	11298
1125	800000000000035711	gato	11256
1126	1200000000000053062	よつばねぎ	11245
1127	900000000000045393	ろくれん	11237
1128	500000000000004615	サウス	11219
1129	900000000000003851	タくヤ	11193
1130	800000000000083051	かわうそ	11190
1131	200000000000006556	えくせる	11146
1132	1400000000000006921	Gengoro	11130
1133	93233	蒼龍氷河	11099
1134	900000000000086514	メイジ	11005
1135	300000000000075218	シャイリー	10999
1136	900000000000017355	iko	10995
1137	700000000000034700	ファイ	10991
1137	1400000000000005303	きゃべつ	10991
1139	1200000000000083130	いわさく	10971
1140	400000000000055715	はろ＠無知ぽよ	10902
1141	100000000000091983	kahuna	10888
1142	1300000000000005243	けむっそ	10865
1143	1300000000000006605	mitou	10815
1144	1000000000000056940	ヤタミー	10782
1145	1100000000000095640	リンゴ	10762
1146	1000000000000074530	Player 1002949130	10758
1147	500000000000061490	ブチギレ金剛	10710
1148	1100000000000082326	spiral	10705
1149	600000000000047713	艦隊指令長官	10700
1150	200000000000002395	Nana	10696
1151	1100000000000000789	ヨウイチ@うぐぅな真士	10694
1152	400000000000016046	くそむし	10671
1153	800000000000097884	へきる	10656
1154	200000000000099942	みー	10643
1155	400000000000079634	びとうはP	10627
1156	900000000000000390	Ｍｒ．４	10626
1157	1400000000000058760	oojisama	10622
1158	1500000000000013814	ネオグラン	10616
1159	1400000000000053572	トウテツ	10585
1160	1100000000000003349	トイレットペーパー	10513
1161	2937	高瀬　みずき	10505
1162	700000000000016242	ことのは@多忙	10502
1163	96681	タッソ	10496
1164	100000000000097130	こう	10486
1165	500000000000058852	陽介	10421
1166	700000000000000985	とむとむ	10417
1167	1300000000000086183	ラリー	10410
1168	600000000000037190	ktktktre	10407
1169	1200000000000011717	ピースケ	10384
1170	1300000000000000015	Ono(Obotaro)	10380
1171	1000000000000037714	ゲッパ	10344
1172	1300000000000059887	茣蓙P@katoyu	10342
1173	800000000000079417	霧崎	10337
1174	1400000000000002457	てつやん	10335
1175	1400000000000099702	ジェファーソン	10334
1176	1100000000000008472	すろかぶ	10314
1177	400000000000096722	りょう	10311
1178	1200000000000025084	蒼真	10291
1179	700000000000006055	habotan	10285
1180	1300000000000083899	ｐｐｐ	10251
1181	1000000000000063197	叢雲	10228
1182	1500000000000061353	まーしゃ	10176
1183	1500000000000098146	いちいち	10135
1184	400000000000015936	にこにこにー	10134
1185	1200000000000053004	ヤス/@＼	10128
1186	600000000000023890	さくら	10117
1187	700000000000096182	ネクサス系統	10115
1188	100000000000058855	くらげ	10114
1189	1200000000000050655	BOOR	10098
1190	600000000000098253	コタロウ	10097
1191	800000000000094785	えのみ	10085
1192	300000000000003721	Pen	10081
1193	37774	nobnob	10076
1194	400000000000086761	miki10	10059
1195	86211	落葉宿	10050
1196	900000000000015532	ぽれ‡殉職寸前‡	10048
1197	1400000000000026268	ガネガネP	10015
1198	100000000000003792	ＡＹＡ	10013
1199	228	悖風	10009
1200	1500000000000073827	にらたま	9984
1201	1300000000000032920	リヤ-	9960
1202	600000000000004032	Oscar	9890
1203	300000000000043860	いち	9827
1204	1000000000000099854	リプテリア小夜	9821
1205	300000000000005430	竹松	9814
1206	1000000000000036924	らいと	9776
1207	300000000000086546	Gmu	9761
1208	1300000000000099702	しあ	9755
1209	300000000000005718	BEGG(ﾍﾞｯｸﾞ)	9742
1210	100000000000001009	(´・ω・`)	9724
1211	59091	鶉	9714
1212	21675	あみん	9694
1212	500000000000026426	ガシ	9694
1214	600000000000051748	スコーン	9669
1215	100000000000074936	ひお	9656
1216	400000000000085345	たかやん	9654
1217	1000000000000077049	さかとも	9584
1218	1400000000000055470	りりー	9583
1219	200000000000056046	クリストファー	9577
1220	400000000000081927	デゴ	9557
1221	500000000000004239	五本木	9552
1222	300000000000025522	スパーキー	9546
1223	1500000000000038844	まさしぃ	9537
1224	1400000000000096817	よっしー	9528
1225	1200000000000003017	そうび	9494
1226	700000000000024028	ヒロ君	9493
1227	500000000000018672	ネギぼうず-メイン黒ウィズ他暇な時	9488
1228	600000000000025239	feng☆	9473
1229	1400000000000087106	イマジンP	9462
1230	1300000000000023184	gurga	9379
1231	1500000000000074909	大和	9357
1232	400000000000085620	haso@GREE	9346
1233	700000000000004786	はぷこ	9337
1234	100000000000032214	ニック	9324
1234	1000000000000052709	エリートトレーナーのココア	9324
1236	600000000000099804	ちえたん	9305
1237	300000000000035621	かねはる	9267
1238	1400000000000015645	ペチ	9250
1239	1000000000000053660	ハレルヤ	9246
1240	1000000000000083469	オリカ	9236
1241	1000000000000004391	kix	9234
1242	30753	キボネングデコ	9217
1243	1500000000000016560	mura0929	9176
1244	1878	だあーー　　	9153
1245	800000000000055678	kokojai	9145
1246	1100000000000095988	ゼロ	9133
1247	500000000000099670	Tamiya_Soichiro	9118
1248	1100000000000000523	シンP	9098
1249	300000000000061996	しん	9087
1250	1300000000000062172	ポカリすエッ戸	9075
1251	1000000000000000173	草々	9059
1252	1000000000000009932	T-act	9051
1253	600000000000026041	Pike	9049
1254	900000000000002305	たまころ	9044
1255	800000000000095422	ビスコ	9034
1256	600000000000004675	黒瀬	9029
1257	20277	ししょう	9026
1258	1300000000000056501	ゆう	9003
1259	700000000000034436	かむ	8998
1260	700000000000097850	オパオパＰ	8992
1261	600000000000076983	ピノ	8979
1262	1400000000000003519	morrow	8974
1263	800000000000003963	ついん	8968
1264	900000000000061985	フリ助	8950
1265	700000000000088119	まりも	8923
1266	1000000000000093482	美濃亜相Ｐ	8922
1267	500000000000097568	かべ	8912
1268	1100000000000005541	サンマ	8895
1269	400000000000085572	Ken	8892
1270	1500000000000061689	ko-hey	8888
1271	1400000000000051548	れなたん☆	8820
1272	1300000000000098529	Melody	8810
1273	49480	よっしー	8766
1274	700000000000096247	サワー	8754
1275	400000000000096876	Ben Yau	8735
1276	1000000000000000258	黒桃	8715
1277	100000000000005227	りんどう	8703
1278	1300000000000086740	ngr2	8700
1279	1500000000000093106	ピコハン	8691
1280	1200000000000001459	ぬへっほ	8690
1281	100000000000081910	かんくろう	8685
1282	1500000000000056446	ろなう	8680
1283	900000000000096832	Armadillo	8646
1284	1100000000000024838	Ex-SUBARU	8616
1285	1300000000000011546	☆ Miichan ☆	8598
1286	800000000000025022	てっちゃん	8590
1287	1000000000000005870	tkm	8581
1288	53006	レギオン	8570
1289	1000000000000001263	あずま	8545
1290	500000000000046388	ぴにゃこら太	8511
1291	1000000000000020834	ナツメ	8508
1292	600000000000010416	ぐるめっと～	8460
1293	51919	シュガ	8442
1294	1100000000000031644	チェフィ	8387
1295	600000000000016506	サム	8377
1296	1300000000000004563	ひなた	8351
1296	1300000000000079341	聴診器	8351
1298	400000000000009127	ほう	8347
1299	700000000000007090	矢野	8334
1300	1200000000000080336	イツカ	8331
1301	300000000000077781	たんたんめん	8307
1302	500000000000099755	たな	8299
1303	1100000000000072366	酒の路	8298
1304	200000000000003184	きほいる	8296
1304	400000000000049151	ギズモ	8296
1306	600000000000015958	みかけや	8289
1307	1500000000000021326	にへ☆	8272
1308	200000000000099939	kagaya	8242
1309	200000000000098375	たがねん	8239
1310	2059	〆	8230
1311	400000000000003611	近藤	8225
1312	500000000000003035	kazuki	8208
1313	1200000000000096341	暇潰し	8207
1314	300000000000086307	紅ノ雨二射タレテ	8185
1315	2441	kimi	8169
1316	1500000000000091291	ハルバート	8164
1317	1500000000000086439	SHOU3056	8142
1318	80865	青波	8133
1319	800000000000027979	トウヤ	8113
1320	500000000000000744	薙ぽん	8109
1321	600000000000056146	すずひろ	8103
1322	1300000000000019511	もりりん	8098
1323	87049	アナ工	8080
1324	1500000000000003614	END	8078
1325	700000000000095416	IOG	8072
1326	1200000000000069380	仮免ライダー	8056
1327	800000000000054977	りお	8047
1328	400000000000052042	神宮寺コゴロー	8040
1329	300000000000000031	越後屋P	8005
1330	1200000000000038358	愛敬P	7995
1331	900000000000020793	毘瑠刃院	7978
1332	800000000000097065	Player 1006711688	7971
1333	500000000000039022	やまざわ	7968
1334	1300000000000007096	まっさン	7915
1335	1100000000000005426	ウォルター	7913
1336	1400000000000051281	黒の油性ペン	7907
1337	700000000000076262	ﾍﾞﾆｰﾛ･ﾁｪｯﾛ	7893
1338	400000000000018530	しいなわたる	7878
1339	500000000000086745	たらこ	7872
1339	600000000000001056	けもあき	7872
1341	400000000000028650	ポン太	7845
1342	1500000000000080981	TC	7840
1343	100000000000038979	しろ	7826
1344	100000000000055881	春菊オトリ	7810
1345	600000000000003275	あつたや	7800
1346	400000000000000258	カタナ厨	7780
1347	33365	ちょめ助【協力感謝♪】	7772
1348	1300000000000044305	HyperORCA★	7765
1349	900000000000001696	サイポケ	7761
1350	1000000000000027747	ﾖｯｼｰ	7737
1351	1200000000000065555	Thammapob	7728
1352	300000000000000802	虚雲（∵)Φ凪	7722
1352	300000000000052106	レス	7722
1354	1400000000000052636	nitkit	7720
1355	1500000000000031702	せせり	7712
1356	500000000000039401	りゅうしょう	7710
1357	1400000000000094692	クラウド	7679
1358	500000000000000570	伊藤P	7670
1359	100000000000027307	たれうさ	7663
1360	800000000000039799	まっすー	7659
1361	1100000000000052367	すくみず	7656
1362	200000000000000077	水沢祐	7648
1363	700000000000086092	名無し	7643
1364	100000000000053675	優鯉パパ	7640
1365	700000000000004796	アクリル	7638
1366	2566	枠番連勝複式（南蛇井）	7620
1367	400000000000000966	０Ｐ	7617
1368	500000000000082333	Xanavi	7610
1369	800000000000094801	かなで	7607
1370	98928	袁紹	7583
1371	1000000000000046887	ショコラ	7572
1372	300000000000095429	ごなーる@同僚募集中	7516
1373	1300000000000034388	あだだちくん	7496
1374	1300000000000088142	まつこ	7492
1375	1100000000000024167	くりっぺ	7477
1376	1200000000000000811	こやゼロ	7444
1377	900000000000085268	うろのろ	7436
1378	500000000000007353	Wize	7430
1379	600000000000008583	コウ	7425
1380	800000000000074924	いちゃ	7413
1381	1000000000000087096	たれぱん	7411
1382	300000000000016070	わたー	7390
1383	1200000000000002459	パンダＰ	7346
1384	100000000000045981	ケンケン	7344
1385	1200000000000093801	nao2010	7312
1386	300000000000085373	がと	7303
1387	100000000000011046	Mok-take	7295
1388	1100000000000004403	SHOU89	7254
1389	200000000000003743	湊	7252
1390	600000000000015547	蛇尾丸	7246
1391	300000000000020784	ひの	7239
1392	500000000000026933	ドール	7227
1393	31010	しゃおらん@瑞希*昴*雪歩	7211
1394	1200000000000080736	なな	7184
1395	1200000000000050816	セフィラ	7173
1396	900000000000097516	kou	7168
1397	1000000000000023288	キムﾍ( ＊´ｖ`＊ﾍ)))～	7166
1398	500000000000030301	Rana	7165
1399	900000000000028160	ライジングゴッドスターニコ男	7164
1400	700000000000053491	monaka	7145
1401	400000000000082144	Anna2010	7137
1402	500000000000017331	ポプラス	7125
1403	300000000000062101	ローバー	7122
1404	400000000000004578	那加	7100
1405	200000000000087435	我那覇響	7084
1406	1300000000000002445	しゅがと	7061
1407	1400000000000098669	ノワールP	7023
1408	1300000000000074959	ランゴン	7005
1409	600000000000006108	びーる	6999
1410	900000000000046347	檜本P	6986
1410	1200000000000094091	ギャロップ	6986
1412	1300000000000055019	レッド	6985
1413	400000000000098040	メルクリス	6974
1414	300000000000002257	オカヒラ	6916
1415	1827	ぐーす	6877
1416	900000000000042829	カトゥーン【オフ 基本※なしm(__)m】	6864
1417	1400000000000049927	F18	6860
1418	800000000000003231	よっしぃ	6818
1419	1300000000000055724	れいん	6786
1420	900000000000095818	とーる	6779
1420	1200000000000095336	カズト	6779
1422	1100000000000074824	さそり	6777
1423	600000000000005228	ヤマ	6768
1424	200000000000002130	ヨシ剛茸	6762
1425	800000000000046879	ちぃ	6747
1426	500000000000050228	財	6745
1427	1300000000000020046	なかしゅん猛虎魂（旧SHUN...☆）	6734
1428	300000000000045201	Az	6729
1428	1100000000000004808	冥ＡＤ	6729
1430	900000000000037464	カツキ	6722
1431	400000000000082197	jhon	6721
1432	400000000000059298	狂三	6712
1433	200000000000001475	tear	6707
1434	300000000000039482	東風	6706
1435	1100000000000001125	璃音	6696
1436	400000000000059851	Masanori	6694
1437	500000000000000055	らねこ	6693
1438	5962	やるせない上田	6689
1439	1400000000000004629	和	6681
1440	900000000000072197	やぎ	6672
1441	1400000000000075764	アンクシャ	6670
1442	1300000000000051036	Per	6652
1443	85495	かいろ	6630
1444	700000000000084351	ぬこ	6621
1445	1000000000000006239	けぇぷ	6610
1446	100000000000054332	有里	6605
1447	99219	ペル	6604
1448	100000000000000291	ホイップ	6595
1449	200000000000007524	ﾊﾞﾆｵ	6573
1450	100000000000077272	risu820	6548
1451	1500000000000000396	megane	6546
1452	200000000000008344	ミッシー	6520
1453	400000000000098051	権左衛門	6489
1454	500000000000093637	ナタデココ	6480
1454	1100000000000093005	ひびき	6480
1456	1200000000000003726	紅しょうが	6452
1457	1100000000000000248	さぶろー	6449
1458	1200000000000003530	みすけ	6419
1459	700000000000051686	mabo	6418
1460	1483	しばー	6397
1461	1100000000000002651	かぷり	6384
1462	94010	流星	6377
1463	1100000000000030645	アオハナ	6366
1464	300000000000041650	あっさむ@HN交換同僚募集	6344
1465	500000000000007866	香埜	6331
1466	900000000000050763	香流（かなれ）	6328
1467	200000000000049423	さとう	6309
1468	500000000000051134	ささみ	6300
1469	200000000000001910	大神華撃団（ナリじゃないよ）	6297
1470	100000000000075842	トモ	6289
1471	1100000000000035843	y.lion	6288
1472	200000000000045693	渚	6281
1473	1000000000000042654	(谷;)	6278
1474	800000000000014054	ﾛｼﾞｬｰ	6273
1475	1500000000000052423	hitonari	6268
1476	1100000000000051807	ちゃりんこ	6250
1477	600000000000057194	ヤッスー	6247
1478	500000000000062798	薩摩の黒豚×	6241
1479	1500000000000097699	clear	6238
1480	54470	シュンヤ	6226
1481	300000000000009723	ORAH	6224
1482	600000000000050548	ホワイト	6209
1483	1100000000000000418	遠心力	6202
1484	100000000000005062	ミルル	6192
1485	800000000000005399	アイク	6190
1486	1100000000000081770	Cr	6183
1487	600000000000033636	しまぱん	6178
1488	900000000000073478	RB	6159
1489	37622	chaos176	6134
1490	1300000000000097504	Dr.コトー	6127
1491	75601	DIE	6126
1492	1100000000000035541	Taku	6125
1493	700000000000003966	海胆( ^ω^ )	6124
1494	300000000000052080	綿屋	6105
1495	200000000000007248	おさとも	6102
1496	600000000000004932	灰色の虹	6100
1497	700000000000042189	ミウラ	6072
1498	1000000000000004814	みずわさ	6048
1499	800000000000022596	コロモ	6039
1500	100000000000052402	まつり	6036
1501	400000000000013300	シャルン	6009
1502	900000000000006655	もーりー()	6008
1503	600000000000001589	FAKE	6006
1504	1000000000000093645	よし	5988
1505	700000000000056398	みかげ	5987
1506	700000000000042163	ヨシ	5969
1507	1100000000000010017	ルイ	5967
1508	1000000000000003216	明	5951
1509	500000000000005676	有栖川皐月	5925
1510	1100000000000003648	手乗りタイガー	5922
1511	600000000000008554	キヌ	5906
1512	93527	one	5900
1513	10802	ささみ	5898
1514	800000000000080638	(有)チャンピオン商会	5895
1515	900000000000063487	さいか＠真ちゃんﾌｧｲｯ	5874
1516	300000000000000167	yo.	5871
1517	200000000000002318	タカトシ	5867
1518	300000000000011415	京Kyo	5860
1519	1300000000000100697	ふたば	5859
1520	900000000000002765	なかむランダー☆いもーん	5845
1521	3705	超戦車	5843
1522	700000000000002648	佑	5838
1523	28002	十万石	5824
1524	700000000000013049	リチア	5820
1524	1500000000000081885	ブレイカー	5820
1526	1100000000000095945	けんだこ	5819
1527	1200000000000061568	マユキ	5804
1528	500000000000021959	ひめか	5777
1529	1000000000000004043	スギナ	5772
1530	300000000000054151	タイ	5750
1531	600000000000080719	グリム	5748
1532	11116	月猫	5745
1533	700000000000007227	しゅんど～きょ～え～	5736
1533	1200000000000030304	Flak18	5736
1535	400000000000056101	giveson	5728
1536	1300000000000011524	サニーボーイ	5726
1537	900000000000097226	ししだ	5724
1538	1100000000000040553	みらいパパ	5723
1539	97991	くそむし	5716
1540	1400000000000049350	tk多忙により放置になります	5710
1541	1400000000000081940	まっつん	5700
1542	600000000000078365	ドルべ	5691
1543	1300000000000091258	るりは	5689
1544	200000000000061828	味の助	5681
1545	300000000000096887	金眼鏡	5665
1546	1500000000000000485	そらうさ	5664
1547	200000000000054839	あつし	5620
1548	1000000000000008316	Klein	5617
1549	500000000000002234	だてっこ	5616
1550	600000000000091877	Ries	5610
1551	1100000000000015625	チャルト	5608
1552	300000000000085733	まぐろ	5585
1553	300000000000003904	tu9	5579
1554	100000000000004065	朔哉	5561
1555	1500000000000017235	機龍	5551
1556	600000000000028032	な	5550
1557	1100000000000000975	REVIN	5544
1558	300000000000051925	かみや	5535
1559	700000000000055850	あずにゃら	5531
1560	1100000000000030462	りく	5508
1561	500000000000008062	ほし	5488
1562	900000000000004156	SERIKA	5481
1563	1300000000000022110	ヴィータ	5468
1564	600000000000061104	下歩	5466
1565	1300000000000000644	なばと	5465
1566	200000000000001402	サボ玄	5456
1567	600000000000002727	おこめ	5455
1568	900000000000099919	モリのクマ	5444
1569	100000000000007545	タクマ	5441
1570	1300000000000005666	にじめも	5439
1571	1300000000000076781	ロベルトうちの	5421
1572	800000000000074290	やきいも	5408
1573	1300000000000015132	みお	5404
1574	1400000000000000380	不惑P	5402
1575	1500000000000077802	kizen	5384
1576	400000000000099925	sharu	5382
1577	1200000000000009966	IYANARD 要請△	5366
1578	1300000000000052674	hope_13	5356
1579	700000000000096788	のちのゆ	5351
1580	500000000000095968	まぐろう	5336
1581	400000000000031769	ムジコ	5309
1582	400000000000095045	神村	5298
1583	1300000000000082563	いかたこ	5296
1584	800000000000005185	鯖ス	5291
1585	6907	まーちゃん	5275
1586	800000000000050715	みずせ	5262
1587	900000000000001108	Ko-1	5256
1588	1000000000000056171	やよっさん	5253
1589	1500000000000010443	暇人破壊	5240
1590	1200000000000001806	Uターン	5226
1591	1400000000000014015	ディケイド	5217
1592	700000000000052725	たかつP	5216
1593	200000000000082650	ゆんた	5194
1594	200000000000037781	KEI	5192
1594	300000000000025272	chove	5192
1596	74414	Barrel	5178
1597	1100000000000033994	ななころ	5175
1598	700000000000009047	ナオ-7031	5132
1599	700000000000000160	raydive	5131
1600	200000000000013365	ビロード	5123
1601	19677	幽月	5119
1602	2604	ちるだ	5103
1602	800000000000049575	Yeaoh！	5103
1604	1000000000000082862	おひたし	5087
1605	1400000000000096483	もす	5070
1606	1100000000000024817	ふくっち	5068
1607	1000000000000053211	渡邉みどり	5061
1608	600000000000052075	もげおか	5053
1609	400000000000009168	morio	5051
1610	300000000000090229	晴れ晴れ	5049
1611	800000000000005336	EIM	5035
1612	500000000000058950	さっちまん	5034
1613	72227	ジュノーン	5033
1614	900000000000096733	Player 1006527401	5025
1615	1500000000000080312	かーとん☆	5020
1616	1100000000000076565	催眠	5008
1617	800000000000033394	まゆ	4994
1618	500000000000078535	dash7	4984
1619	600000000000084185	よっぴい	4970
1619	1300000000000075906	流離	4970
1621	700000000000094883	オクラ	4957
1622	400000000000052251	pack	4950
1623	1500000000000007404	ねぎま	4941
1624	35834	ニセ勇者	4935
1625	1000000000000006823	ひより	4934
1626	1000000000000097138	tkp	4925
1627	300000000000004972	クロニカ	4918
1628	1200000000000079354	じょー	4916
1629	1000000000000004691	タンカー	4914
1630	1100000000000060410	汗寛	4913
1631	100000000000081106	ぽよ	4883
1632	11856	さとう	4873
1633	400000000000002808	HIROMICHI	4868
1634	100000000000027684	リュウ	4856
1635	1200000000000055845	ゆーたろ	4855
1636	900000000000060489	マルス	4829
1637	500000000000003508	エクセルシオール	4823
1638	1400000000000045216	かきくくた	4811
1639	100000000000085834	nikkle	4807
1640	200000000000020863	たむ	4806
1641	200000000000046583	蒼大福	4802
1642	1200000000000024270	らくさ	4800
1643	300000000000003602	JUNN1【D】	4780
1644	900000000000083237	かきぴー	4779
1645	1200000000000080348	ゴハヤシ	4776
1646	800000000000001403	シズナ	4769
1647	5333	アズマ	4767
1648	500000000000079019	不自由	4749
1649	300000000000005852	いたちょ	4734
1650	730	星澪	4730
1650	700000000000004186	アカマ	4730
1652	1300000000000020465	WT	4722
1653	400000000000001915	奄空	4704
1654	300000000000002782	あらんどロン	4694
1655	500000000000098945	ごろぴっちょ	4677
1656	800000000000027497	紫桜	4671
1657	1500000000000060422	ルネ	4670
1658	5238	ぶらうぐらな@痛さは強さ！	4654
1659	94238	よーろー	4629
1660	900000000000096579	BIG BOSS	4628
1661	1100000000000007263	みたまくら@ねら	4616
1662	1300000000000080840	司波 達也	4614
1663	66635	toni	4598
1664	800000000000000674	みかたそ	4589
1665	1200000000000098047	ELF	4576
1666	1400000000000080871	なにゃもん	4575
1667	300000000000004828	むったん	4573
1668	100000000000004536	ise	4563
1669	600000000000023387	メリッサ	4550
1670	800000000000002861	つぶ野菜	4542
1671	1100000000000096836	観月	4540
1672	500000000000003156	住吉	4538
1673	500000000000079042	しーざす	4524
1674	500000000000043064	桜華	4479
1675	800000000000083242	斑鳩	4473
1676	200000000000033203	コバ	4465
1676	700000000000003766	もりまる	4465
1678	1500000000000002180	みや（PeachStyle代表）	4464
1679	100000000000068210	カン	4461
1680	1100000000000059677	TAMEZOU	4415
1681	1300000000000084247	だみん	4397
1682	97638	イケ	4378
1683	700000000000006452	GichyuP	4369
1684	500000000000076089	ぶる3	4360
1685	200000000000033055	GAN-Q_2	4352
1686	100000000000027443	ish	4344
1686	600000000000057592	ドンガメ	4344
1688	600000000000083515	ジュン	4338
1689	1400000000000028075	一喜	4335
1690	1200000000000092944	花華	4319
1691	700000000000099477	theloveliver	4315
1691	1300000000000097496	ざっかやP	4315
1693	1300000000000014573	荒井テル＠小鳥さん愛してる	4305
1694	200000000000002906	悠輝	4298
1695	1000000000000016055	TITAN3	4288
1696	200000000000080843	ゴン太	4284
1697	500000000000002598	りだ	4266
1698	200000000000000606	あまみつき	4264
1698	1100000000000007436	ｼｬﾚﾑ	4264
1700	1200000000000015702	ゲンキ	4260
1701	500000000000028200	LOM アルバム埋め協力者募集中	4256
1702	200000000000100413	竹間月	4254
1703	1100000000000018139	sasasyu	4232
1704	1400000000000002731	シャギゴ	4222
1705	1500000000000011923	ステップ	4221
1706	1300000000000016382	kokonoka01	4208
1707	100000000000099790	Aki	4202
1708	700000000000100522	ゆきと	4200
1709	900000000000073006	エグゼ	4184
1710	1300000000000028087	天王星	4181
1711	1200000000000096158	のざらし	4174
1712	1200000000000003345	芦屋虎之介	4170
1713	500000000000052253	taku	4160
1713	1000000000000006977	ケン	4160
1715	100000000000025787	<Ko-1>がモテてどうすんだ	4153
1716	300000000000079141	ishimoty	4130
1716	1100000000000098196	よっしー６	4130
1718	100000000000053797	怪傑ルサンチマン6世	4128
1719	100000000000061255	ナタリ	4124
1719	1400000000000056263	たいらの	4124
1721	600000000000002602	鳥谷瑠美	4123
1722	1500000000000077757	ユート	4121
1723	500000000000042803	まっさん３７【１０月から愛知県三河地方に復帰♪(*^^*)】	4102
1724	77543	ユーク	4100
1725	85289	BB	4096
1726	100000000000001485	ナツP	4083
1727	500000000000004244	マルコポーロ	4063
1728	1300000000000063324	ジャン	4062
1729	98249	キンタ	4032
1730	600000000000018720	ドキンちゃん☆	4014
1731	26489	prestar	4011
1732	1400000000000014407	3時のおやつ	4001
1733	52736	らいじー	3997
1734	1400000000000096883	アダルバート	3991
1735	1500000000000010613	ミラニスタ	3973
1736	800000000000014172	2424	3959
1737	1500000000000072367	かがみん	3958
1738	1200000000000009616	ヘルミーネ	3954
1739	1500000000000030770	ラト	3951
1740	200000000000059064	とっつぁん	3946
1741	800000000000077108	八重助	3941
1742	1000000000000005047	ｎｕＲ	3938
1743	300000000000081745	クーニャ	3937
1744	1200000000000081322	～桜花～	3936
1745	1300000000000062996	きー	3933
1746	300000000000017757	HEI	3932
1747	300000000000053242	エル	3930
1747	900000000000043254	敦信	3930
1749	300000000000085260	荻原 龍覇	3927
1750	8383	しょう	3925
1751	1400000000000093775	クリス	3922
1752	52821	ウマのつめ	3920
1753	900000000000046761	切龍	3919
1754	500000000000056609	どーなつ	3905
1755	300000000000057480	CAMEL	3901
1756	1400000000000041967	エリー@同僚募集中	3881
1757	900000000000012433	tokiwa@箱デューサー	3877
1758	200000000000006711	せーじ	3859
1759	1000000000000032540	みらくるん*	3857
1760	800000000000000116	焼豚プリエ	3856
1761	800000000000008899	ぬこたゃん	3843
1762	1100000000000098313	mar。	3840
1763	700000000000058113	マコト	3837
1764	500000000000006521	ZeroK	3836
1765	23445	明日香	3825
1766	1500000000000091463	緑茶葉	3818
1767	1000000000000001944	萩原フヒ歩	3816
1768	1300000000000011066	柚斗	3815
1769	97050	りけ83	3805
1770	1000000000000008923	キラメキ	3795
1771	1000000000000056019	ちるにゃん	3793
1772	1200000000000091662	政駿	3787
1773	1400000000000001255	piadai	3785
1774	1300000000000019608	コータ	3773
1774	1500000000000085639	川合	3773
1776	1100000000000081989	ナツメ	3767
1776	1200000000000007781	ショーン	3767
1778	1100000000000002270	いち	3765
1779	800000000000000317	テル	3755
1780	200000000000085872	サマーフリーク	3750
1781	1100000000000055414	アレグロ	3744
1782	100000000000020620	かすがかける	3741
1783	200000000000001302	ばっくす	3738
1784	34327	甘党ぬこ	3734
1785	1400000000000046683	beezlegrub	3732
1786	800000000000004491	保木	3720
1787	1300000000000011953	タックン	3717
1788	100000000000009939	真メガネ	3708
1789	900000000000091887	HIRO	3706
1790	1000000000000096572	ももの	3696
1791	400000000000098404	Ryan	3689
1792	100000000000012201	Hiroyuki	3685
1793	1400000000000020146	ステファ	3684
1793	1400000000000028459	イムヒロ	3684
1795	400000000000028733	rkiho	3679
1796	900000000000052176	あいまーく	3672
1797	800000000000042472	クロン	3663
1798	100000000000014962	ふぃおたん	3660
1799	1000000000000006108	ｱﾚｯｸｽ（多忙でごめんちゃい）	3656
1800	100000000000054957	空翔	3652
1801	400000000000073226	スヌーピー	3648
1802	600000000000085505	ぺぐも	3640
1803	1200000000000087725	Ketchap_2	3636
1804	578	マーク	3628
1805	1400000000000019520	こうくん	3602
1806	400000000000003356	14И3	3581
1806	1000000000000097205	ジーノ	3581
1808	100000000000005049	地球皇帝	3574
1808	500000000000014250	快姫	3574
1810	700000000000063142	灘風	3573
1811	200000000000053377	プロデューサー	3557
1812	800000000000078736	ごま	3536
1813	1500000000000096393	へび	3529
1814	400000000000084211	さささみ	3516
1814	600000000000013033	琴吹	3516
1816	1300000000000006741	ささき	3510
1817	100000000000057035	あき	3492
1818	900000000000011568	ヒカル	3488
1818	900000000000078818	タクミンゴス	3488
1820	54073	すずらん	3482
1821	500000000000038405	アルトス	3477
1822	100000000000079434	シルキー@同僚募集中	3473
1823	300000000000028562	沼地	3472
1824	1100000000000059671	こえたから	3468
1825	1500000000000046724	櫻井旭	3455
1826	600000000000024658	ごんべえ	3454
1827	1200000000000074542	ボー ・ブランツェ	3438
1828	900000000000028985	Norry	3436
1829	100000000000082327	エイプ	3424
1830	800000000000026197	澪ちゃ	3408
1831	900000000000085070	リョーマ	3406
1832	900000000000008059	りょう	3394
1833	1000000000000003688	篁	3371
1834	1000000000000056312	☆チェリオ☆	3363
1835	1300000000000083643	風舞	3360
1836	400000000000054497	さち	3354
1837	400000000000086378	げんこつ	3352
1838	200000000000079061	maidoman	3351
1839	1400000000000016266	紫音	3344
1840	1400000000000022349	むは	3327
1841	1400000000000026140	八馬	3325
1842	1400000000000021931	オオハラ	3298
1843	1300000000000050466	名人【関東木村式】	3284
1844	700000000000048697	カンパ	3278
1845	1000000000000046407	夏鳥	3276
1846	200000000000001455	うさぎ部長	3274
1847	700000000000012080	ザン	3256
1848	400000000000002194	まいったね…	3245
1849	1200000000000004348	taso720	3216
1849	1300000000000004188	ふぉるちす	3216
1851	500000000000097510	きつと	3214
1852	400000000000095036	Oro	3212
1853	1500000000000024553	mechyl	3210
1854	200000000000000044	ろびん	3209
1855	92168	アンテプリマ	3193
1856	200000000000076508	パトラッシュ	3189
1857	400000000000048224	かず	3186
1857	1000000000000004353	dameganex	3186
1859	1300000000000035663	ボンバイエ	3180
1860	800000000000057910	しらない	3175
1861	300000000000052088	すねいく(MZD)	3168
1862	600000000000005209	へろゆき	3158
1863	100000000000013620	えlさ	3144
1863	1200000000000081343	ゆう	3144
1865	1300000000000022383	具米無法	3140
1866	28446	公社	3139
1867	700000000000100046	とうがらし	3136
1868	1200000000000083611	真赤	3130
1869	1500000000000050588	renren	3095
1870	400000000000008781	黒羊	3086
1871	500000000000026887	こうちゃん	3085
1872	100000000000097284	tom	3084
1873	100000000000086690	てん	3070
1874	1400000000000000027	Николай	3069
1875	1400000000000084552	ルナ	3063
1876	100000000000007427	猫ＭＫ-Ⅱ	3060
1876	300000000000026266	亜弥斗	3060
1878	900000000000010488	うへの	3059
1879	1300000000000013827	わんわん	3057
1880	1400000000000059093	kurogal	3051
1881	100000000000014642	テル@	3049
1882	400000000000000006	煉瓦	3045
1883	1200000000000099862	いよぽん	3044
1884	1100000000000001171	るおP	3036
1885	1200000000000052025	Aisha	3033
1886	300000000000028757	†ゆう††	3030
1887	1300000000000000127	からあげBOY	3017
1888	1100000000000097492	さとっち	3010
1889	900000000000079523	司悠	3000
1890	100000000000018794	冬馬	2991
1891	1400000000000044497	bl@cky	2984
1892	100000000000029782	ウィス	2972
1893	700000000000007477	ロリカープ	2964
1894	1000000000000055576	じらい	2961
1895	600000000000099161	ますみ	2951
1896	900000000000038343	赤津紀一	2933
1897	1200000000000004875	すぷ～ん	2929
1898	700000000000057717	ろん	2928
1899	800000000000007881	おすわ	2924
1900	800000000000084224	もっぴー	2916
1901	1000000000000000489	ぺるそな	2914
1902	300000000000003959	タケちゃん	2911
1903	1000000000000098491	ナボナ	2904
1904	1500000000000005836	シェルパ	2903
1905	700000000000000232	ＦＱＦ	2894
1906	400000000000097821	tazz	2888
1907	1400000000000098497	てんてん	2880
1908	1100000000000073711	コンチョフ	2866
1909	1020	あく	2860
1910	100000000000080737	六号	2818
1911	1500000000000092584	Mizuki	2815
1912	900000000000098155	のらせ	2811
1913	200000000000058730	にゃんこ	2808
1914	900000000000082406	かんなぎこずえ	2807
1915	100000000000062357	トトイア	2755
1916	100000000000001675	saku	2750
1917	100000000000051648	こなた	2739
1918	900000000000011282	けんざぶろーちょっと釣りをお休みしますm(__)m	2731
1919	1400000000000007217	日夜‐ひよ∞(体調不良・アプリ招待×)	2724
1920	800000000000059809	西海道	2717
1921	1500000000000079660	John.k.c.harding	2715
1922	700000000000023023	幽谷響	2705
1923	1400000000000050395	Ｎ．Ｔ	2695
1924	800000000000002208	さつき＠火曜の朝	2694
1925	5283	wasin215	2683
1926	600000000000034545	ひろ野武士☆[布団]ョД`*)☆	2681
1927	600000000000098645	そるびっと	2680
1928	500000000000073864	エムロード	2675
1929	1000000000000080961	tomo	2668
1930	1400000000000055642	まろん	2661
1931	1500000000000094844	Mawile	2660
1932	200000000000027138	タラバ	2625
1933	400000000000099822	Crow	2618
1934	1400000000000006943	ジュニ	2611
1935	100000000000040958	ウナギ	2609
1936	500000000000050270	隠居爆死するOYATAKA(CV:蒼空)	2602
1937	200000000000006638	htt2	2590
1938	800000000000033379	tamm	2589
1939	1400000000000077575	アル	2587
1940	200000000000018050	【  】Linkwood@国営温泉(ﾉﾟοﾟ)ﾉ求む追撃	2567
1941	1100000000000007290	10mo	2563
1942	1400000000000001154	高橋	2562
1943	800000000000096843	サンディーニ	2561
1944	700000000000000992	芝山美海（CV.春乃伊吹）	2547
1945	300000000000004798	としもん	2537
1945	500000000000047860	04	2537
1947	800000000000022080	supika	2529
1948	800000000000052466	れい	2525
1949	100000000000021208	atata	2520
1950	1400000000000080252	Player 1004161694	2510
1951	100000000000002455	レモン	2503
1952	45992	陸奥斗雲	2490
1953	1000000000000054068	サンボル	2489
1954	400000000000093185	ユキ	2479
1955	1500000000000097537	yu-ichi	2478
1956	1000000000000003903	ニックネーム	2476
1957	900000000000078053	三鷹仁	2474
1958	1200000000000097233	i.c.e.9	2472
1959	11735	ダイボノ	2470
1960	700000000000028540	ラプター	2469
1961	1100000000000020707	緋狩	2459
1962	600000000000004577	タケミツ	2430
1963	700000000000088568	ウェスタ	2424
1964	800000000000053226	ニラ	2422
1965	200000000000001166	なのは(２度呼びは間に合わない(・・;))	2420
1966	400000000000045059	恵美	2418
1967	1300000000000094569	プロ野	2416
1968	14595	松田@青羽根Ｐ	2409
1969	400000000000060769	hisa	2405
1970	300000000000006658	柚子胡椒	2403
1971	1500000000000015821	Idatsumako	2392
1972	1100000000000015244	タブンコンナモン	2387
1972	1500000000000082555	いろはす	2387
1974	400000000000057085	滅星弾	2380
1975	300000000000001955	れき	2370
1976	1500000000000002231	ORCA	2369
1977	300000000000082438	ユベロベ	2364
1978	800000000000085167	のあん	2360
1979	800000000000097147	SKNK	2347
1980	1400000000000034749	わかなと	2345
1981	1300000000000009242	蜂	2343
1982	200000000000004787	サトシ？	2342
1983	57646	takenoko型魚雷	2334
1984	1100000000000002458	ハセリ	2328
1985	100263	maha	2327
1985	400000000000086285	Di	2327
1987	47884	アドルフィ	2326
1988	200000000000080656	とし	2322
1989	1000000000000061220	鍔止め	2319
1990	700000000000010590	EASY JESUS#KisS	2318
1991	1200000000000082898	ゆう	2314
1992	300000000000079221	KiKiP	2308
1993	1200000000000054329	NACS	2305
1994	700000000000008769	laboneet	2295
1995	800000000000002633	晴眼	2293
1996	1500000000000096931	オウジュ	2291
1997	1200000000000098378	mebachi	2290
1998	81303	青蟹	2289
1999	400000000000026397	あああ	2282
2000	200000000000038566	ごちょう	2277
2000	1200000000000013042	とーふや	2277
2002	400000000000091284	ひで	2275
2003	300000000000005699	えーじぇんと (多忙につきIN低下 m(_ _)m)	2270
2003	1100000000000061386	尊氏	2270
2005	1500000000000058144	O.Q	2269
2006	1100000000000099596	綽名999	2266
2007	75964	しみん	2263
2008	900000000000085114	穿兎	2259
2009	700000000000018073	ヨッピィチャン	2254
2010	1100000000000099727	どっすん	2250
2011	200000000000004237	にゃんこてんてー	2247
2012	1300000000000056083	優哉	2241
2013	300000000000098425	Aki	2225
2014	72440	yamato	2217
2015	500000000000100004	ローグ	2203
2016	800000000000094809	かっちゃそ	2199
2017	100000000000093301	エックス	2196
2018	9152	さくらえび	2194
2019	1100000000000045576	jim	2178
2020	1500000000000074564	K氏	2173
2020	1500000000000099448	あ	2173
2022	1000000000000047648	とりおん	2168
2023	600000000000006405	ライ【off】	2165
2023	1300000000000024416	アクエリアスのシャア	2165
2025	1100000000000096809	桜餡	2162
2026	1000000000000078045	いぬた	2159
2027	100000000000003858	NzD	2157
2028	600000000000099263	カルリエ	2156
2029	700000000000018753	キョウ	2152
2030	400000000000035952	ペヤング	2148
2031	700000000000027671	へもぐろびん	2139
2031	1000000000000034469	さとみん	2139
2033	200000000000098001	エーテル	2134
2033	1000000000000009816	cobi	2134
2035	91503	ﾌ	2133
2036	500000000000091669	エンペラ	2123
2037	1200000000000078843	T	2122
2038	100000000000029986	こうちゃん	2118
2039	700000000000048921	ヌギャー	2112
2040	800000000000018970	菜々星	2101
2041	1300000000000020549	しょ～ぢ	2097
2042	1300000000000022716	shaw	2095
2043	400000000000000251	てんくら	2091
2044	1300000000000014667	ハル	2090
2045	200000000000057275	水餅	2082
2046	100000000000024165	グッチ	2070
2047	100000000000005593	takato01	2068
2048	1400000000000052735	高遠	2065
2049	700000000000100139	まるお	2057
2050	600000000000056839	けい	2053
2050	1200000000000092712	NAMIDA	2053
2052	1400000000000054929	モノノケ	2046
2053	5818	シーター	2045
2054	1300000000000011751	わた虎竜	2033
2055	1100000000000097661	ぱるる	2029
2056	200000000000098210	らすく	2010
2057	1000000000000056351	73	2004
2058	600000000000006862	WYC@そらP	2003
2059	400000000000056972	ことみ	1997
2060	900000000000005274	国崎ましの	1987
2061	800000000000041988	ぱぱちゃ	1973
2062	1100000000000096425	悠風	1960
2063	300000000000085049	ビビッド	1958
2064	1500000000000052155	百式	1956
2065	1200000000000003274	まこちー	1955
2066	5200	kuma@同僚募集中	1951
2067	900000000000099987	奇跡	1936
2068	1500000000000009968	あーさん	1932
2069	7496	マヒナ	1926
2070	700000000000082421	じゅんぺい	1921
2071	1000000000000003522	D-BOY	1912
2071	1400000000000000569	(`ェ´)	1912
2073	1200000000000096268	うめちきん	1911
2073	1300000000000100651	せりぬん	1911
2075	100000000000030567	えどがわ	1909
2075	700000000000032355	ゆうひ[]	1909
2077	1300000000000035577	とくれん	1906
2078	800000000000066000	C1	1898
2079	600000000000061954	ちた	1884
2080	100000000000002416	ろ～でぃんぐP	1872
2081	700000000000100472	こぬ	1871
2082	200000000000009870	たとみ	1866
2082	1000000000000026002	軍曹	1866
2084	100000000000032226	maori	1855
2085	1500000000000051073	kisa_ran	1850
2086	1200000000000027342	仙堂	1843
2087	700000000000000288	莉緒	1842
2088	1400000000000002321	てらもと	1836
2089	1200000000000012574	ヨシダ	1834
2090	500000000000052365	NA.SU-VI	1823
2091	300000000000098159	ポテトヘッド	1820
2092	1500000000000088125	ウェルフェア	1818
2093	400000000000073896	TaKa	1814
2094	300000000000085301	†ケンスケ†	1809
2095	1000000000000037865	沢庵和尚	1805
2096	1400000000000010601	アカネコ	1800
2097	300000000000073254	タコデイジー	1782
2098	500000000000046684	ぽめこ	1775
2099	10743	KZ	1774
2100	100000000000055264	烏扇	1768
2100	900000000000047725	ヤマ	1768
2102	1400000000000006392	さの	1764
2103	200000000000098947	ちょこ	1757
2104	100001	んああああ	1754
2105	1100000000000001913	あつめますよ	1753
2106	1400000000000095266	蚊遣豚	1751
2107	61512	きららん	1725
2108	1300000000000075632	鬼ちちいいね	1723
2109	700000000000002537	サボり	1705
2109	700000000000013246	ファブレ子爵	1705
2111	900000000000093113	チタン合金	1704
2112	1100000000000045560	りだ	1697
2113	200000000000002301	まめ太郎	1695
2114	1300000000000001280	ちこくちこく	1680
2114	1300000000000085828	ニボ	1680
2116	99385	アコンマイン	1679
2116	800000000000068557	アイソン	1679
2118	1100000000000000618	ダッチ	1678
2119	300000000000095839	白々	1672
2120	100000000000023209	粉雪	1664
2121	1200000000000094767	Player 1006206156	1663
2122	200000000000051185	大新	1645
2123	100000000000091930	96猫姫	1637
2124	1500000000000055059	ポロロッカ　†SGL†仕事多忙要請常時△	1636
2125	500000000000088396	OR	1634
2126	1500000000000045910	79010103	1632
2127	400000000000096285	無視ぱん	1614
2127	1200000000000056599	たろう	1614
2129	500000000000028574	ZAZA	1610
2130	200000000000012435	Suguri	1609
2130	500000000000094409	ザク	1609
2132	1100000000000082098	τみかん	1608
2133	300000000000003906	椋	1605
2134	800000000000097727	萩原	1593
2135	1300000000000004704	ハトさん	1588
2136	400000000000055948	moai	1584
2137	1200000000000077676	もっさん	1581
2138	1300000000000087559	player1005238029	1574
2139	200000000000069656	ママ	1571
2139	300000000000003556	Nao.	1571
2141	1200000000000051048	清那	1559
2142	600000000000008928	TANAKA	1556
2143	700000000000100643	ねこ	1554
2144	800000000000001462	実況グループKFSIpoliceman(休止中)	1546
2145	500000000000028994	ホッケ	1542
2146	1300000000000001277	未由	1540
2146	1300000000000080107	REDTAIL	1540
2148	900000000000098071	Yukinem	1536
2149	1200000000000022493	もる	1527
2150	30779	友遊ジーン	1515
2151	100000000000022191	シノリュウ	1506
2151	500000000000088004	マーブル	1506
2151	1400000000000088254	ひらお	1506
2154	1200000000000095928	にっしぃ	1502
2155	400000000000058704	DangerousDBZ	1501
2156	500000000000091218	ちびお	1491
2157	100000000000055851	饂飩	1490
2158	800000000000017765	ナナさん【要× 空○】	1489
2159	500000000000051979	とらん	1487
2160	400000000000084783	みっちぃ	1478
2160	1000000000000098182	smksyj	1478
2162	600000000000055142	黒月うさぎ	1476
2163	1500000000000003934	まいくろ	1469
2164	800000000000079295	十六夜	1462
2165	600000000000096565	ぼん	1448
2166	1400000000000073830	みやじ	1446
2167	1400000000000042146	綾香206	1437
2168	400000000000001276	だーはら	1435
2169	1400000000000000488	乙倉悠貴	1434
2170	1000000000000002771	すいか	1422
2171	1500000000000077560	ギャバソ[SCCｲｲﾈ!]	1421
2172	1300000000000098805	ハタネコ	1415
2173	300000000000075159	参謀長	1410
2174	1200000000000097049	あゆざき	1409
2175	1000000000000011198	マーヴィン	1408
2176	1400000000000006220	特命係	1400
2177	700000000000005071	IBA	1395
2178	1000000000000086779	あっしゅ	1391
2179	1000000000000098441	コザクラ	1380
2180	500000000000098091	アプレンティス	1371
2181	34021	YOU	1367
2182	1400000000000057144	ハロ	1365
2183	700000000000100725	ソソギ	1362
2184	600000000000000359	かむい	1355
2185	100000000000078977	シノ	1351
2186	1100000000000096279	ミリ娘	1350
2187	200000000000062370	ゆずはす	1346
2188	600000000000076998	シズ	1341
2189	600000000000099956	Sumihira	1335
2190	200000000000004467	ごん	1333
2191	1500000000000097858	コロ助	1332
2192	800000000000032077	グレイソン	1331
2193	300000000000002060	ウサ	1327
2194	52103	kana	1325
2195	1400000000000079918	とうふ	1320
2196	1400000000000050708	ビッグＥ	1319
2197	400000000000095950	大村	1314
2198	700000000000099743	Player 1007381191	1307
2199	1000000000000097255	汐莉	1301
2200	200000000000100182	namazu	1300
2201	400000000000059705	ととと	1293
2202	1200000000000020994	ジュン	1286
2203	21456	平岡	1285
2203	300000000000093502	アイス	1285
2205	1300000000000019558	気楽	1284
2206	200000000000097848	ケロリン	1283
2207	300000000000096284	エマー。	1277
2208	800000000000097601	かなどめ	1275
2209	400000000000084186	なかムース	1273
2210	1200000000000086451	Pok@ri	1269
2211	300000000000096121	あまみや	1267
2212	400000000000042981	しーきゅー	1260
2213	100000000000055185	うさこ	1259
2214	1100000000000094813	しめさば	1257
2214	1400000000000000352	めたいぬ	1257
2216	300000000000082395	なまず	1241
2216	1400000000000018680	すぐる53世	1241
2218	400000000000098560	もりろん	1231
2219	1400000000000006429	fatrap	1230
2220	1200000000000007761	セール	1221
2221	500000000000024735	ひいらぎ	1220
2222	1300000000000082713	カワタ	1218
2223	100000000000020492	桃箱侍@カルタちゃんと凜々蝶ちゃんのおやつ	1217
2224	200000000000094620	かっしぃー	1211
2225	19966	a	1210
2225	600000000000001744	omochy	1210
2225	700000000000057790	やご	1210
2228	600000000000073086	瓦崎	1207
2229	500000000000014681	キムニー	1188
2230	300000000000015625	かっぱー	1185
2231	500000000000083731	うい	1184
2232	1400000000000008887	よう	1182
2233	1200000000000002658	祐希	1178
2234	1300000000000086372	ton-ton	1172
2235	200000000000000109	ちら	1167
2236	1300000000000051331	ユメノツボミ	1163
2237	1400000000000096758	壱	1157
2238	100000000000085375	オルト	1155
2239	85042	みにまむ	1146
2240	1000000000000001391	お茶	1144
2241	100000000000049899	HN	1141
2242	900000000000024204	Y.K	1137
2243	800000000000007133	奇策士@七転びっぱなし(>_<)	1135
2244	300000000000000068	さばとら	1127
2245	1100000000000027797	キッチー	1125
2246	1000000000000061779	むら	1118
2247	400000000000024048	かすみ	1114
2248	300000000000098213	kr6idr	1112
2249	1100000000000054348	fu@gree	1100
2250	4414	はれ	1095
2251	1300000000000080396	次郎ちゃん	1094
2252	1100000000000014982	まなお	1093
2252	1100000000000060018	zaqty	1093
2254	600000000000007092	うにこ	1091
2255	500000000000006070	エクセリード	1090
2256	800000000000030622	オキャ	1085
2257	800000000000020355	のあのあ	1075
2258	79235	えびもと	1068
2259	1500000000000053115	フユミ	1066
2260	1100000000000001207	シンタナ	1065
2261	100000000000008704	kenz	1063
2262	500000000000053723	あきほ	1061
2262	1200000000000003523	クルス	1061
2264	1000000000000027523	シン	1059
2265	200000000000038946	ダイ	1056
2266	600000000000050960	ワラブキP	1045
2266	800000000000028845	トシアキ	1045
2268	1500000000000096517	SWL	1043
2269	800000000000073768	rikku	1042
2269	1000000000000000113	romana	1042
2271	200000000000096213	tak	1041
2272	1200000000000075083	tomato	1040
2272	1500000000000083503	くずもー	1040
2274	800000000000095531	oshunshun	1034
2275	400000000000091912	kdst	1030
2276	98512	Player 1007022640	1029
2277	200000000000001435	囚人	1021
2277	500000000000094283	kyo	1021
2279	800000000000077229	ニノ	1020
2279	1100000000000086246	たかっきー	1020
2281	400000000000023904	IMR-765-S.KISARAGI	1015
2282	100000000000072201	tarou tanaka	1012
2283	900000000000099341	ナノアスP	1008
2284	500000000000047559	mirenn	1005
2284	700000000000079761	はちみつ	1005
2286	34790	らぁーゆー	998
2287	1500000000000001804	ななつ	996
2288	900000000000077291	minasefan	993
2289	900000000000037613	とっつあん	991
2290	300000000000051666	ヤカライバー	984
2290	300000000000066521	りょう	984
2292	900000000000086661	ふっく～	980
2293	200000000000042059	ベーコンスラッシュ	978
2294	52495	しゅーちゃん@Da属性	976
2295	800000000000062543	もっさん	975
2296	100000000000079072	カルロス	972
2297	600000000000001560	ひめ	970
2298	1400000000000032321	シンジ	962
2299	500000000000013567	Ｒー４１７９	958
2300	800000000000034080	マキノ	957
2301	400000000000050641	迷亭	953
2302	1500000000000077162	にゃいまる	942
2303	900000000000039249	はる	941
2304	500000000000097282	シュヴァイン	938
2305	1400000000000073548	ろうべえ	934
2306	300000000000096907	でタ音	929
2307	1300000000000045623	相祐	925
2308	600000000000014643	木村木村木	924
2309	1000000000000003621	*ゆきんこ*	920
2309	1300000000000003436	妃さん[要×空○ ﾘｱ多忙]	920
2311	300000000000006739	瑠璃 招待メール無視して下さい	915
2311	1200000000000096206	txexp	915
2313	900000000000077429	シキ	912
2313	1000000000000082867	トール	912
2315	800000000000042036	ヒイロノサムライ	908
2316	98796	97%無糖	905
2316	1000000000000043187	みくろ	905
2318	600000000000076702	more	903
2319	600000000000097450	めがみ	900
2319	1400000000000093842	Yoiyoi33	900
2321	1300000000000100296	倉岡	897
2322	200000000000065402	もぃ	896
2322	600000000000055862	まんじ～P	896
2324	1300000000000001738	キャスケット	889
2325	1300000000000002347	カヤ	884
2326	600000000000001080	Rosswise	879
2327	600000000000071816	クマ	877
2328	200000000000019345	みくろ	876
2329	100000000000096388	ぐう畜チック	875
2330	300000000000049112	イエッタ	872
2331	200000000000092316	コタツムリ	867
2331	1200000000000098739	美奈	867
2333	200000000000013427	みか	865
2333	900000000000077574	アイウエオン	865
2335	1300000000000074055	たこたこいしい	864
2336	700000000000100505	盖星の悠改二P	862
2337	1581	だいごろう	861
2338	100000000000071990	日暮薬局	856
2339	1100000000000100123	Player 1007931723	847
2339	1200000000000056637	レオン	847
2341	500000000000055979	大神官ユイ	844
2342	200000000000061833	星花	842
2342	500000000000099900	トルテム	842
2344	1400000000000087021	フリャ	840
2345	500000000000082893	たいきち	835
2345	1300000000000028001	そるの	835
2347	900000000000023568	ﾐｽﾞ	833
2348	1300000000000043112	シン	832
2349	1400000000000097182	塩缶	831
2350	500000000000099685	Player 1007533973	828
2351	98772	甲鉄	826
2352	800000000000007771	椎名	824
2353	87014	ユウ	823
2353	1500000000000075115	ラッシュ	823
2355	1500000000000031181	lotte	819
2356	100000000000096880	シラリ	809
2357	1100000000000031596	あずき	808
2358	100000000000053590	きみうさ	806
2359	300000000000032562	天城龍慶	805
2360	200000000000011121	ゆ～	804
2360	1100000000000085313	soma35	804
2362	800000000000083571	猛虎トラキチ	798
2363	300000000000051111	†マコ† お仲間さんに感謝_(..)_よろしくお願いします(^^)/	794
2364	200000000000100272	はしもゆ	793
2365	68346	シン	789
2366	700000000000016679	コニー	788
2367	400000000000052883	レイウォール	787
2368	200000000000061481	紫津季	784
2369	100000000000030551	mmt	781
2370	500000000000094614	ながしん	779
2371	300000000000004912	KAz	777
2372	1100000000000006765	パン太	776
2373	400000000000099036	ﾄﾛﾜ	775
2374	700000000000092324	サブロク	771
2375	200000000000056180	nekoneko03	767
2376	87103	にゃむこ	766
2377	100000000000005494	けやき	762
2377	1000000000000082265	アスベル	762
2379	500000000000077491	蛍川	759
2380	1500000000000096498	フルムーン	754
2381	900000000000029941	FUFU☆NEKO	752
2382	900000000000094952	フジダイ	751
2383	800000000000092921	ゲオルグ	747
2384	300000000000006716	Keroro	746
2384	900000000000000109	こうちゃ	746
2386	1500000000000008622	Mr.3pe	745
2387	1400000000000003559	カド	744
2387	1500000000000054081	ぶてぃ	744
2389	1300000000000079884	甘狐P	737
2390	76740	エクス	733
2391	500000000000100080	るが	732
2392	1300000000000032383	せり@自分中心、極端な 利己的考え	731
2393	600000000000003358	ばっつ	730
2394	100000000000096446	フォクス	724
2395	1500000000000002107	show81	722
2396	1300000000000058028	じじい	710
2396	1400000000000037153	フライングP@出:HN10↑, 求:ﾄﾞﾘ1(在庫未確認)	710
2398	500000000000055328	aryguma	709
2399	100000000000088236	Nenosea	708
2400	1100000000000096300	プロト	707
2401	100000000000061260	チヨダ	705
2401	700000000000008827	あっきーら	705
2403	800000000000097157	sket-ch-Book	704
2404	200000000000047548	ヨヨヨ	701
2405	98257	犬神	687
2405	1200000000000006438	ta0029jp	687
2407	800000000000079860	ライト	684
2408	200000000000076028	アカオトコ	682
2409	900000000000026045	ゆきみもち	679
2410	900000000000036144	クーイ	677
2411	200000000000022279	バンちゃん	670
2412	100000000000029380	765第1師団長	660
2412	800000000000096341	なまでん	660
2414	1500000000000028655	いっさ	659
2415	600000000000097231	れてえ	651
2415	1100000000000046835	rainy	651
2417	800000000000041574	Locust	648
2417	1500000000000028025	hiro	648
2419	25168	ドロージュン	645
2419	1200000000000091498	ブラックローズ	645
2421	1200000000000077643	トイじゃらス	642
2422	1300000000000082972	きりゅう	638
2423	400000000000000942	abing	635
2423	500000000000051878	ミンティア	635
2425	1200000000000078469	魔スターP	634
2426	500000000000020561	You&I	631
2426	1100000000000029882	Ｍ田	631
2428	800000000000082959	ふねこー	629
2428	1400000000000052594	おたけ	629
2430	1500000000000010274	みずこな	623
2431	1200000000000001428	勉助	622
2432	200000000000060041	長月	621
2433	1500000000000053983	だし巻き卵	620
2434	500000000000039471	Nata	618
2435	800000000000029616	リオンレーヌ	617
2436	93343	レイ	616
2437	600000000000004509	抹茶オレP	612
2437	1300000000000080271	Shin	612
2439	400000000000044519	怪盗メロポン	611
2440	800000000000017952	かき	608
2441	700000000000013244	ウコン	604
2442	100000000000099289	parr1061	603
2443	100000000000000221	那須了	591
2443	900000000000017338	霧乃∬元kirations	591
2443	1200000000000008455	じゃっくすP	591
2446	200000000000096036	べるかる	590
2446	300000000000008510	あかね	590
2448	400000000000083278	大佐	576
2448	800000000000005232	ｼｪｵﾙ	576
2450	1500000000000093074	さやいし	572
2451	1100000000000085273	たこくらげ	570
2452	500000000000003511	A作	569
2453	500000000000053316	ナマコ	568
2453	1100000000000022163	神宮寺	568
2455	1300000000000005547	への	566
2456	400000000000041538	リョーたん	560
2456	1400000000000096151	まつもとさん	560
2458	1200000000000009306	ケン	559
2459	24111	黄雪姫	557
2459	300000000000094162	ハムサンド	557
2461	1500000000000001897	エイジャァ	556
2462	1200000000000095759	わか	555
2463	200000000000055151	蒼ゐ	553
2464	44941	kazu	550
2465	200000000000069370	飴くん	545
2465	1100000000000055094	紳士	545
2467	300000000000020279	まあくん	544
2467	300000000000076911	Sanson	544
2469	1300000000000073335	AI5	541
2470	1100000000000097709	あいと	540
2470	1300000000000082169	ユタポン	540
2470	1400000000000075574	hatoniesawoagen	540
2473	82036	ヒーロー	539
2473	700000000000083260	yk	539
2475	800000000000095486	dreiP	538
2476	700000000000007977	Gordon	534
2477	300000000000073953	C.C.	533
2478	400000000000055420	m0t0k1	530
2479	1000000000000050965	kinoe	526
2480	300000000000098712	しょこしふぉ	525
2481	100000000000058457	とうふ。	524
2482	200000000000098333	ポンポン	523
2483	500000000000056597	加藤	522
2484	1100000000000013038	アリスター	521
2485	400000000000096828	ぷのん	519
2486	800000000000096100	Joojegal	513
2486	1500000000000078295	ワおん	513
2488	55660	ノバス	511
2489	900000000000045138	んいど	507
2490	500000000000005238	ミシマダブル	502
2491	1200000000000099565	ｴﾙﾌ＊コメ無(｡･人･`｡))ｺﾞﾒﾝﾈ＊	497
2492	1400000000000082528	PSN	495
2493	1300000000000047443	クルーエル	492
2494	1200000000000001555	べる	489
2495	600000000000095583	まぁ	472
2496	95	ハチミツ	471
2497	500000000000079544	?*｡:°?あいる?*｡:°?*	469
2498	1000000000000082989	yu	468
2499	1200000000000097748	あいろー	467
2500	100000000000100320	取得できませんでした	465
2501	1000000000000018126	サイ( ´ ▽ ` )ﾉ	464
2502	1500000000000043066	ゆーきんP	463
2503	800000000000051642	なかやま	462
2504	1100000000000050776	佑斗	460
2505	1000000000000084071	Tally-Ho	458
2506	1000000000000082918	かよ	457
2507	500000000000051501	海鴨	456
2508	300000000000078844	ギル.rh	455
2509	800000000000061753	スリザリン	453
2510	1300000000000000729	higu【お久しぶりです】あまね	448
2511	700000000000026843	マギー	445
2512	500000000000076185	とうか	442
2513	1100000000000035661	だんご	440
2514	700000000000000480	安藤	438
2514	800000000000093175	カナデ	438
2516	500000000000099721	T-765	432
2517	1100000000000055164	attuv2	431
2518	1300000000000020582	しえる	430
2519	500000000000097021	超伝導X	426
2519	1400000000000054556	氷菓子	426
2519	1500000000000049676	ミコト	426
2522	400000000000050678	まったん	424
2523	500000000000098502	sus303	421
2524	1200000000000011734	ゆきひら	417
2525	500000000000012593	ジョー(Team.freedom)	413
2526	300000000000000605	泡	402
2527	400000000000076820	ぼーるぺん	398
2528	900000000000048947	クレオ	392
2529	400000000000041834	Makao	388
2530	1100000000000010436	いっちー	386
2530	1500000000000096461	ケンジロー	386
2532	700000000000022803	galaxy	385
2533	500000000000098216	ズンズン	379
2534	900000000000004363	琥珀	378
2535	13680	ナツメ☆(ゝω･)ｖ	376
2536	4797	ワーロック	374
2536	700000000000093802	如月千早？ちひゃ	374
2538	700000000000021634	Ｌｉａ	366
2538	1400000000000065068	Player 1002081262	366
2540	1300000000000088532	ケーキ	362
2541	2762	りな	361
2542	500000000000076591	ふしき	359
2542	1200000000000018548	ケイ	359
2544	600000000000084253	まぁ～ちゃん	356
2544	700000000000074249	こたこた	356
2546	800000000000065200	でぃーぷ	352
2547	1400000000000052703	thinkthank	351
2548	1000000000000100078	aura	347
2549	100000000000098762	槻影	346
2549	1100000000000024945	kagenori＠美希狂＠ばくしといふ愉悦	346
2549	1500000000000027790	いとーぺ	346
2552	400000000000098887	あおい	345
2552	1200000000000077503	夕緋	345
2552	1500000000000051072	ちよりん	345
2555	600000000000099488	佐川沢	343
2556	100000000000072758	SCSI	341
2557	600000000000099667	346に負けない	339
2557	700000000000025775	むーみん	339
2557	1400000000000080969	納涼	339
2560	500000000000100265	Player 1007874005	338
2561	700000000000088608	Player 1005547863	336
2562	1300000000000014648	∠( 'ω')／	335
2563	500000000000096102	ゴミ袋サトシ	334
2564	800000000000011291	ハラヤヒロ	333
2565	100000000000100176	える	331
2566	900000000000061552	ヒカタロス7	330
2567	200000000000099952	ヴァル原	329
2568	100000000000030200	余裕の音だ、馬力が違いますよ	321
2569	300000000000004617	つねづね	316
2570	800000000000082937	ダイ	313
2571	1500000000000000759	ダイヤ	312
2572	800000000000061392	龍大	310
2573	98641	カカロット	306
2574	100000000000100356	あいら	305
2574	400000000000099127	ドーナツK	305
2576	900000000000091268	ななせ	302
2577	900000000000057984	RTK	297
2578	1000000000000095069	れーか	293
2579	1400000000000004110	のーねーむ@ラウメン募集	290
2580	600000000000021241	猫跨ぎ	284
2581	400000000000071727	サイマワリ	280
2581	700000000000051759	トニー	280
2583	600000000000099876	アスファルト	278
2584	100000000000018058	ほとき	277
2585	1500000000000059343	ZEX	276
2586	300000000000031213	Kaz	273
2587	1400000000000080248	ゆきと	269
2588	300000000000093493	オカ	268
2589	600000000000093044	6A→蛇翼崩天刃(゜∀゜)ﾋｬｯﾊｰ	265
2590	800000000000038733	凸攻	262
2590	1400000000000098590	電界紡糸	262
2592	700000000000088640	CHAKi	260
2593	700000000000098170	serits	259
2594	800000000000051266	ゆーき	258
2595	100000000000094256	KK	253
2595	1000000000000008368	ひよこっこー	253
2597	1300000000000091758	Player 1005640765	249
2598	200000000000052673	なる	245
2599	200000000000060812	タカ	244
2600	100000000000017480	hiro	240
2601	100000000000077079	いつき	239
2602	500000000000082373	タチコマ	235
2603	800000000000005660	メイソン	232
2604	200000000000060744	フミヲP	228
2605	1500000000000082082	りぜっと	226
2606	200000000000006506	かおる	223
2607	200000000000083050	ザコ	222
2607	1400000000000051158	けいてぃ	222
2609	1200000000000002303	正越	218
2610	1300000000000096365	Y'n	217
2611	400000000000086426	セラ	215
2612	500000000000026031	うーだい	210
2613	1000000000000086794	もっつ	208
2614	100000000000100202	からむ～ちょ	207
2614	600000000000013830	ベル	207
2614	1300000000000001474	TobyHuang	207
2614	1300000000000098402	ATSU	207
2618	1500000000000100282	雛乃	206
2619	700000000000099321	夏目桜	204
2620	200000000000000519	のんちゃん	203
2621	300000000000100076	Player 1007946547	202
2621	1000000000000097325	ハルラン	202
2623	800000000000099675	僕たちは生きている	201
2623	900000000000010094	赤羽2nd	201
2625	800000000000038827	somgom	198
2626	1200000000000004643	ツボック太郎	195
2627	400000000000053492	キャンDo	194
2628	200000000000031709	トモロヲ	191
2629	600000000000057620	hiradon	189
2630	1100000000000099539	リョウタP	186
2631	1100000000000097146	おおとろ	184
2631	1400000000000086022	安藤りん子	184
2633	1400000000000023011	Fiesib	182
2634	900000000000080440	yuh	180
2634	1500000000000001497	夏目な爪！	180
2636	1500000000000060475	凛	178
2637	97539	BURAN	168
2638	100000000000024701	あきパッチ	166
2638	500000000000075055	やぎべえ	166
2640	1000000000000003160	ＳＱＵＡＲＥ	165
2641	67763	ゆうこ	164
2641	82443	おまえ	164
2643	400000000000010841	まほりく	162
2644	500000000000005978	琥雨	161
2645	1200000000000080538	種なしよ～かん	160
2646	300000000000097645	かいと	155
2646	1200000000000022735	やなぎさわ たつのり	155
2648	800000000000002284	Chat	154
2649	1000000000000051588	テルル	153
2650	1000000000000076321	sio	152
2651	1300000000000051795	桔梗	150
2652	1300000000000030576	たこ	148
2653	700000000000099888	里那	143
2654	100000000000007813	コッヒー	139
2654	1000000000000050975	みこっち	139
2656	80462	らーぜ	138
2656	600000000000000061	あぐ	138
2656	600000000000060091	ふゆぼね	138
2656	700000000000004758	eri《アイマスのみ。マイペース》	138
2660	79793	norix99	137
2661	600000000000096940	TK	135
2661	1200000000000057966	アカツキ	135
2663	300000000000042789	プーアール茶	133
2664	98508	ナカノ	132
2664	1300000000000050793	一朗太	132
2666	400000000000057132	Shirono	130
2667	400000000000100086	roastchicken	129
2667	800000000000013900	すくるぼい	129
2669	1400000000000097336	しっくい	124
2670	300000000000026633	月楽蝶	122
2670	500000000000086931	ノブ	122
2670	900000000000003438	プニム	122
2670	1200000000000055715	ひじ	122
2674	500000000000074499	Bee8	120
2674	1000000000000051060	糠漬け	120
2676	1300000000000097625	サイド	119
2676	1500000000000085472	kenji2532	119
2678	100000000000052564	みくろ	117
2679	600000000000011571	ライバー	114
2680	100105	にみゅ	113
2681	1200000000000004626	煮物	111
2682	700000000000003205	くりきんとん	110
2682	700000000000100802	もと	110
2684	300000000000097836	あまね	108
2684	400000000000100163	くろっぷ	108
2684	500000000000004520	コーギー	108
2684	1500000000000051873	autumn.a	108
2688	100146	なら	107
2689	700000000000100182	バミューダ△	104
2689	1500000000000099930	Player 1007733599	104
2691	1100000000000085546	Player 1005037835	103
2692	100000000000000484	すず	102
2692	400000000000008068	たかちゅー	102
2694	500000000000060128	さがら	100
2695	1100000000000099395	しょう	97
2696	300000000000100111	モンキー	95
2697	1300000000000100273	Player 1007676157	93
2697	1500000000000002933	マグマラシ	93
2699	200000000000003017	kar3	92
2699	600000000000074500	ルクリリ	92
2701	1100000000000003007	zazuu	87
2702	1000000000000011612	だいちゃ	86
2703	1000000000000095916	kv.jr	85
2703	1200000000000003255	jakalope	85
2705	11851	ironfish	83
2705	400000000000070942	やまはる	83
2707	1500000000000085784	淡河	82
2708	300000000000085455	いろり	79
2708	700000000000005019	Elsey	79
2710	900000000000009822	ブライト・ノア	78
2710	1200000000000099666	片桐  啓生	78
2712	700000000000099452	Player 1007257015	74
2713	400000000000097486	にゃんた	73
2713	1500000000000046675	クラトス	73
2715	100000000000026348	蒼炎華	72
2716	900000000000005916	ひお(多忙)	71
2717	400000000000018282	TAKERU	70
2717	900000000000003059	如水P	70
2717	1200000000000099935	ゆりまる	70
2720	1500000000000004807	おとはな	69
2721	200000000000100215	Player 1006902482	66
2722	600000000000099291	ladeck	65
2722	1500000000000100334	取得できませんでした	65
2724	100000000000074399	ひつじ	64
2724	800000000000075635	れむ	64
2726	100000000000014881	稟/とらのすけ	60
2726	700000000000057184	dai	60
2726	800000000000073385	よこもり	60
2729	1000000000000034632	らいちゅう	57
2730	800000000000098241	isaki	56
2730	1100000000000031421	ＤＡＩ	56
2732	600000000000018427	しゅりー	53
2732	1400000000000097024	Recompressed	53
2734	67762	はるか	49
2735	300000000000012810	紗凪	48
2735	800000000000029487	ほのか	48
2735	1500000000000100362	タナ	48
2738	1000000000000041482	まき	47
2739	300000000000005062	瀬戸内鞆矢	46
2740	600000000000099402	ユウ	45
2740	1100000000000022289	ななゆき	45
2740	1500000000000078957	AnHei	45
2743	800000000000026137	(?_?)	44
2744	900000000000007001	かな	41
2745	800000000000099941	つばき	39
2746	1000000000000006560	クロサタン	38
2747	97064	Inhee	36
2748	500000000000095125	Player 1006170709	35
2748	700000000000095244	白原杏	35
2748	1500000000000093029	グリーン	35
2751	600000000000100229	取得できませんでした	33
2751	1100000000000062597	ゆっぴん	33
2753	700000000000007156	クソガキさん	31
2754	600000000000009644	たば	30
2755	400000000000028543	遊臣	29
2756	100000000000046228	ゆずけん	28
2756	1400000000000082529	Player 1004605086	28
2758	9707	えふに	27
2758	300000000000050779	とまぬ	27
2758	900000000000028685	yuta	27
2761	1200000000000099976	Player 1007977532	26
2762	900000000000049816	しばえび	25
2762	1100000000000009960	おわりはじめ	25
2762	1500000000000035903	たけぽん	25
2765	600000000000099840	Player 1007732662	23
2766	500000000000039510	ゆず	20
2767	44341	2分前	19
2768	100000000000057282	ふじひで	18
2768	200000000000080210	Shio	18
2768	600000000000099165	天霊	18
2768	1500000000000081195	★スター★	18
2772	1100000000000078996	Player 1004044475	17
2773	98166	ゆなゆ	15
2773	200000000000100715	seibuzuki	15
2773	400000000000015503	あるれん	15
2776	500000000000010258	アルちゃん	14
2776	1300000000000053489	まてぃ	14
2776	1400000000000094515	ツミリ	14
2779	100000000000025960	おけろぐ	12
2779	200000000000100631	Nac	12
2779	700000000000057007	ひー	12
2782	700000000000061152	氷月	11
2782	1000000000000022252	Dagoth-Ur	11
2782	1300000000000094725	pyosavu	11
2785	400000000000001595	よっちお	10
2786	200000000000001138	Lucifer1109	9
2786	300000000000061985	鬼ヒゲ	9
2786	600000000000054940	五心	9
2786	1100000000000000595	なかな	9
2786	1500000000000038793	紅音	9
2791	34622	siji	8
2791	1100000000000100184	Player 1007984363	8
2791	1200000000000001471	mjkai	8
2791	1200000000000033360	フォルラン	8
2791	1500000000000100361	りんこ	8
2796	700000000000000374	ぷにっしゅ@求）千早・風花・朋花様・可憐HN、出）HN各種	7
2796	700000000000096828	小学生メイド沢志保	7
2796	1200000000000032269	zenichi	7
2796	1400000000000000592	ヴぁるく	7
2800	100503	Player 1007972400	6
2800	900000000000067317	みやび	6
2800	900000000000078997	マスク	6
2800	1100000000000052389	Jinma	6
2800	1500000000000004248	おさむ	6
2805	100502	Player 1007971488	5
2805	600000000000100108	りん	5
2805	700000000000077564	ゆゆ	5
2805	900000000000100006	ertsdx56894	5
2805	1000000000000034471	酢	5
2805	1100000000000100161	Player 1007963691	5
2805	1100000000000100171	黒蜥蜴	5
2805	1200000000000099209	保登野田	5
2813	80637	???	4
2813	98725	もちごめ	4
2813	200000000000100767	あめこ	4
2813	400000000000084925	サークルン	4
2813	400000000000099924	Player 1007839300	4
2813	800000000000099956	Player 1007981320	4
2813	1000000000000077977	アオハナ	4
2813	1100000000000099258	mig29	4
2813	1200000000000024303	アイン	4
2813	1500000000000100299	雪季	4
2823	200000000000029282	らん	3
2823	200000000000100702	Player 1007942706	3
2823	300000000000050824	LARC	3
2823	400000000000067532	しの	3
2823	400000000000067533	すずね	3
2823	400000000000099991	Player 1007868164	3
2823	900000000000100040	Player 1007949193	3
2823	1000000000000007685	シュウィーツ	3
2823	1000000000000067861	ゆか	3
2823	1100000000000100178	Player 1007976523	3
2823	1300000000000067883	いずみ	3
2834	100000000000003127	しょぼた	2
2834	300000000000003394	イーター	2
2834	300000000000096783	￥_￥	2
2834	1100000000000100128	Player 1007935195	2
2838	100475	プリン国王	1
2838	100000000000094301	ぽんぽん	1
2838	100000000000095925	はまゆう	1
2838	200000000000004435	バウアー	1
2838	300000000000055268	ぐみん	1
2838	400000000000094838	ロマンスの神様Ｐ	1
2838	700000000000081002	よっちくん	1
2838	700000000000099395	Player 1007240039	1
2838	1200000000000099521	Player 1007724428	1
2838	1300000000000076688	西園寺	1
2838	1400000000000095995	Player 1006240574	1
2838	1500000000000057333	あかいろ	1
