1	200000000000002093	だ～と	599230
2	1100000000000001200	ザワ	541192
3	1000000000000007308	ひろゆき	334531
4	1400000000000002833	173	320118
5	900000000000007158	＠せみ	308879
6	400000000000060506	フライン	254784
7	500000000000086821	atsusan	211039
8	700000000000049156	PRIMERGY	209214
9	500000000000052069	赤坂	203386
10	1200000000000022360	Starduster	201828
11	3268	枝盛	195986
12	1400000000000009954	たこちゃん	195366
13	600000000000099108	ハザザ	191986
14	500000000000038750	ちひろ@イベ頑張るよ	187291
15	100000000000017385	らむだちゃん	183315
16	1500000000000000172	月火憐＠Vi同僚&相互埋め同僚募集	182367
17	500000000000052586	らきゃを	180164
18	700000000000054367	しろやま	179645
19	1400000000000004538	リュウ	168887
20	400000000000029415	ろんろん	167693
21	1300000000000085489	ねず	164556
22	200000000000007752	han	158160
23	300000000000004293	すみすみ	158056
24	200000000000078397	音楽に敗北民	157774
25	75024	ソリ	154366
26	500000000000050978	いそでぃ	151121
27	1400000000000027701	Nacky	148181
28	800000000000075908	常宮	147300
29	1500000000000074050	吾郎	147111
30	1000000000000029874	える	138299
31	600000000000025995	Shiro	132210
32	400000000000003506	六花	127717
33	300000000000002279	和	127326
34	1500000000000041980	しまムウ	126567
35	1100000000000023147	ダムディ	121733
36	800000000000086733	かっきー	114798
37	200000000000000062	Ryo@かなさよことはP♪*o(≧▽≦)o*♪	114437
38	700000000000000052	木枝	113163
39	800000000000073773	subtle P(さとる)	108533
40	500000000000006614	tetsuya43	107816
41	700000000000000753	蒋介石	104813
42	700000000000000443	千歳	100461
43	400000000000024992	DA	98837
44	700000000000073551	☆ 輝きの婿 小川A ☆	97941
45	200000000000039578	ASH	97858
46	900000000000055256	AZK	97311
47	200000000000042689	ドリャ	97166
48	1400000000000008354	カロ	96234
49	1000000000000074714	ヨシヲ	94490
50	600000000000045411	くらげ	93584
51	900000000000051147	ドヤP	93108
52	1200000000000080613	dat	92432
53	1100000000000002718	doing	91326
54	1400000000000007013	zerozero	90584
55	1200000000000094588	カサノバ	88945
56	1500000000000098413	ペテロ	88476
57	1400000000000096862	ﾏﾘｵﾈｯﾄ	88011
58	25160	ユウ	87479
59	300000000000039231	りあ	87143
60	1300000000000028666	かなぎ	86581
61	1400000000000001880	あやたか	86441
62	1500000000000024202	半兵衛	86238
63	400000000000008226	もじゃぴん君	86097
64	1200000000000056313	吉崎	86081
65	900000000000080364	ゆうほー	84583
66	1500000000000029479	あげー	84266
67	300000000000028529	Ｂ-ｚｏｎｅ	83783
68	600000000000004454	伊園	83341
69	100000000000029511	みんみ	83029
70	100000000000001063	ﾄｯﾁｰ	82373
71	400000000000019471	霜月七歌	81879
72	400000000000012475	ナヨタケ	81427
73	800000000000011068	じゅう	80377
74	1100000000000012626	ふにゅう	80133
75	1300000000000000508	ふれあ@千鶴さん全所持	80053
76	1000000000000087007	みぃれりょんぬ	80029
77	1200000000000052360	もよP	78483
78	300000000000022294	遊鎬P@紗代子、命をかけて君の人になります -N-	78427
79	1000000000000023836	ゆーむ	76843
80	1500000000000051301	かわ	76516
81	58984	三度の飯は甘いもの	76457
82	1000000000000049413	七弥	74980
83	600000000000045749	Zin	74967
84	800000000000032406	おにゅー	74810
85	1100000000000000158	アリクス＠同僚募集中	74757
86	1400000000000061760	山奥の谷底	74626
87	300000000000004297	カシミヤ	74046
88	500000000000000051	鏡心	73992
89	1300000000000064204	レオン	73968
90	1500000000000006808	忘却	73810
91	600000000000002481	おーか	73767
92	1200000000000001282	いるかわ	73121
93	1500000000000032041	どしろうとん	72465
94	800000000000008022	ぬる夜	72262
95	1100000000000061329	Keith	72058
96	1300000000000097812	tiptree	71667
97	500000000000007549	雪の宿	71573
98	400000000000007066	京都	71549
99	100000000000086921	neshi	71205
100	1200000000000079556	まりりん	71066
101	1500000000000079279	ashisu2	70834
102	500000000000003133	みお	70742
103	1200000000000062260	武藤P@韓国P,追放者	70535
104	200000000000060307	ぺけ	70533
105	400000000000052491	オルビー@果たして俺の勉強不足	70447
106	1400000000000004665	cleval	70441
107	100000000000000176	フォレノア	69939
108	1200000000000094902	揚げパン職人	69596
109	500000000000052424	おたまのルウ	69326
110	1500000000000091666	米山	69255
111	100000000000002527	緑路	68976
112	100000000000038844	NaNaSaTo	68917
113	300000000000003077	二重奏＠同僚さん募集中	68827
114	1100000000000003894	アベル	68472
115	1400000000000001156	わだし	68368
116	300000000000010247	萃香	67747
117	800000000000096251	尾道	67592
118	1000000000000003778	レン/ドラマリクエスト募集中	67145
119	300000000000052034	ナナシ	66759
120	900000000000054830	ひろ123	66592
121	1300000000000000239	さりゅーと	66070
122	23549	筋肉盛男	65394
123	1100000000000074036	年齢詐称P	65317
124	1300000000000085979	M影	65301
125	100000000000003936	k_ichi	65233
126	1400000000000023131	Kite	65185
127	1100000000000024017	mikeneko	64586
128	700000000000097647	LABY	64567
129	1200000000000012180	マジカル太郎	64477
130	900000000000005676	ネリヤマ	64305
131	1300000000000080217	氏輝	63989
132	1300000000000003853	もか	63755
133	1100000000000049271	セイヤ	63056
134	600000000000047725	ゆず	62526
135	600000000000000487	ペルンゴ	62525
136	300000000000078500	Pat	62407
137	600000000000005592	Curtains	61801
138	1000000000000008579	こっぺもん	61547
139	1500000000000087310	barley	61476
140	1300000000000056027	ふくろっく	61273
141	300000000000092777	スゴマル@同僚募集中	61117
142	300000000000062031	ぱる	60465
143	1300000000000000701	osora	59768
144	700000000000037046	Mayo	59710
145	700000000000014940	錆び釘	59625
146	600000000000002527	ぐるS	59350
147	300000000000000007	katsuwo	58503
148	500000000000094246	ナビスコ	58416
149	500000000000082430	成増のイタい	58392
150	76315	take	58060
151	300000000000000706	にしたか	58050
152	1000000000000022103	うな	57979
153	1100000000000003994	しゃみ1000	57727
154	300000000000072170	wonderwall	57657
155	700000000000078053	キラ	57437
156	1100000000000004299	駄円型	57145
157	1400000000000083134	ひのん	56891
158	800000000000046011	結羽	56831
159	300000000000086534	苦悩の蜻蛉もモクローを選びます	56751
160	500000000000006611	のぶっち★3(´･ω･)ｷﾘｯ	56750
161	1200000000000059724	"Ltd.Exp.""Azusa No.2""(8:00新宿発？)＠緋色"	56646
162	51047	ヨッシー	56615
163	1300000000000019275	yanusi	56577
164	600000000000061471	晩夏	56060
165	1100000000000052777	あるまA	55798
166	700000000000053093	のもじー	55714
167	100000000000003260	クマ	55644
168	800000000000000888	KTN	55583
169	300000000000027213	みつ林檎	55526
170	100000000000026669	かかお。	55353
171	500000000000072080	みかげいし	55277
172	1200000000000000134	Lunos	55230
173	500000000000039046	コジコジ	55080
174	1308	雅ぁ：	54847
175	92168	アンテプリマ	54574
176	700000000000021793	ひろ	54524
177	800000000000050570	ミートアクロス	54483
178	1500000000000008706	しおっち	54037
179	300000000000008805	SuperCurtains	53577
180	900000000000004494	ユウ	53451
181	1500000000000022377	鈴七	53391
182	1300000000000005811	アテルイ	52978
183	1100000000000015661	ケーティ@飴貯まらなくてやばい、有用潜在スキル欲しい	52929
184	20859	ポンチョコ	52779
185	700000000000005108	タチバナ	52420
186	1200000000000052758	ぺこm	52024
187	1400000000000018426	非可逆圧縮方式	51894
188	800000000000008900	叔夷	51819
189	34990	ましかく@ラウマス代理	51691
190	96894	かわいいいぬ	51678
191	1100000000000013153	ys6	51518
192	300000000000033885	アル☆ベル	51422
193	100000000000051499	みっち	51307
194	300000000000072676	K	51299
195	100000000000096045	ヒルデガルド	50815
196	700000000000026417	k	50407
197	62478	ジョンスミス	50365
198	800000000000080347	らぅおう	50338
199	1400000000000012905	エトセトラ	49964
200	400000000000085722	ぶち	49748
201	700000000000057211	小沢菜	49721
202	600000000000051610	かじきまぐろ	49713
203	1500000000000059345	りんと	49386
204	1400000000000011853	音浦	49368
205	400000000000015064	san	49262
206	700000000000058579	U子	49058
207	1000000000000006953	う3ぅ@HNトレード中	48965
208	100000000000005842	板口久雄	48861
209	300000000000006867	願寺	48762
210	400000000000003346	リヨ	48627
211	400000000000005584	半水	48519
212	1500000000000086444	zoome	48347
213	800000000000014955	sakusaku	48091
214	16528	じょん	47808
215	81634	てっさ	47795
216	800000000000076007	コマさんずら	47601
217	200000000000052926	やんし	47537
218	1200000000000052295	ミミズク	46988
219	1200000000000011353	G.G.Miyane	46754
220	700000000000044963	ナオ	46701
221	500000000000033512	スライム	46570
222	1400000000000066261	Ken	46555
223	1100000000000044660	k2	46378
224	1500000000000000422	PT	46257
225	400000000000001386	ゲイジ	46166
226	300000000000003867	柑橘系P	46119
227	400000000000000035	すずき りょう	45913
228	800000000000073486	molybdenum1701	45909
229	51369	海津	45692
230	600000000000080828	ダディ	45465
231	1200000000000003093	スーズー	45246
232	100000000000009152	ドラゴン社長	45200
233	500000000000011484	SSNK	45009
234	1100000000000022307	melves	45003
235	100000000000010431	アニオン	44857
236	500000000000085902	うなど	44712
237	600000000000004260	よしみつ	44393
238	900000000000085776	ナウ	44098
239	900000000000016582	アクアα	44041
240	1100000000000004012	ゼンダイ	43999
241	900000000000032927	炭酸水	43803
242	1100000000000021300	キャベツ太郎	43743
243	1400000000000003477	背番号9	43713
244	1300000000000037537	光子	43631
245	1000000000000070327	愚へ太	43534
246	100000000000006870	yui	43298
247	1300000000000097415	ひろ	43054
248	1300000000000013709	おみつん	42907
249	700000000000004039	浮雲	42674
250	83948	ケン	42596
251	1100000000000080833	タユナム	42347
252	800000000000096115	黒い秋	42213
253	900000000000051992	こたつ	42188
254	56266	ます	42168
255	200000000000018459	falcon108	42035
256	1300000000000002392	春琴文学座	41989
257	100000000000014747	ペタジーニ	41906
258	36329	シルフィ	41873
259	1000000000000029629	ろず	41771
260	100000000000024979	フォレ	41698
261	80328	やぎヒゲ	41129
262	400000000000014666	デイ	41116
263	1500000000000099580	dadamore	40465
264	800000000000002324	タク	40361
265	1400000000000037919	焦げ鮪	40321
266	1200000000000086912	ケプ	40298
267	100000000000008996	ysk	40225
268	100000000000094632	水柿	40011
269	200000000000051381	うりぼう	39887
270	1100000000000031291	大和	39842
271	5401	ゆや	39501
272	1200000000000050999	てお	39203
273	800000000000086274	nmcA	39103
274	500000000000076806	スプリング	39096
275	1200000000000076534	junn	39053
276	15456	とり	38998
277	1400000000000002553	G	38997
278	1200000000000001132	レノマ	38930
279	200000000000006545	ゆう	38858
280	83542	C.Bulkaria	38835
281	700000000000047470	Neige marchez	38555
282	1500000000000023222	マーヤ	38540
283	900000000000054314	リュルナ	38514
284	1300000000000002305	ですてぃにー	38386
285	400000000000049548	ukita	38367
286	200000000000036750	はくたか	38364
287	98218	ようちゃん	38322
288	1200000000000034836	ゲリラ豪雨	38096
289	500000000000078142	zaemon	38058
290	1100000000000025596	シャルロット@.402 41 116 48 BMD相互募集中((出 可憐	37863
291	300000000000013556	とた	37791
292	100000000000039002	かめこ	37728
293	800000000000042886	masuda456	37662
294	400000000000080755	和音	37432
295	500000000000020439	Blue-Rain	37403
296	1500000000000055171	あおじぇいそん	37396
297	100000000000031208	みにわん	37194
298	14065	ひふみ	36934
299	900000000000033792	cha!＠埋・トレ募	36817
300	200000000000085878	nori0723	36800
301	1400000000000002774	バンチ	36720
302	1100000000000009481	ネット詐欺乙	36639
303	1400000000000022044	Max	36549
304	80337	Sally	36403
305	400000000000056468	hida	36391
306	300000000000059888	アマンダ	36352
307	600000000000048862	マサムネ	36212
308	1000000000000082875	eternal@P	36046
309	200000000000098115	toukimilk	36002
310	300000000000051918	イソノ	35793
311	1300000000000001666	neylon	35761
312	900000000000003934	マエチョロ	35724
313	1000000000000068892	ぶっぱ	35723
314	1400000000000062282	カムチェ	35721
315	100000000000015692	あこちん@	35708
316	1100000000000056190	Jupiter	35682
317	400000000000048642	海山道	35665
318	5200	kuma	35645
319	400000000000086408	枝尺	35639
320	1500000000000052956	Razi	35468
321	700000000000004252	メルクリウス	35464
322	500000000000046227	やくびょうがみP	35168
323	300000000000005824	ライム	35165
324	500000000000039348	ぶー	34927
325	700000000000096834	HI I AM YUI	34827
326	12166	しじゅうし@所恵美P	34790
327	700000000000004371	( 0M0)	34595
328	1100000000000061865	趙雲子龍	34443
329	200000000000005405	奈留	34175
330	100000000000039016	シノ	34162
331	900000000000049555	たろひさ	34157
332	1300000000000052930	森谷りりを：＝紗代子Ｐの同僚募集してますよ	34107
333	1500000000000054077	ネタ@ひまじん	33956
334	1300000000000011804	シマリス	33809
335	300000000000055583	こめっと	33539
336	1200000000000054299	やっちー	33389
337	800000000000021010	りおん@ダブルわっほい！	33172
338	1400000000000016147	なみつき	33123
339	100000000000028953	みつね	32915
340	200000000000062292	くちぐろ	32883
341	100000000000037676	咲也	32875
342	1500000000000003954	ウェット	32867
343	1500000000000055350	jihad	32865
344	200000000000096867	もじゃ太郎	32860
345	700000000000006891	りり	32827
346	1100000000000003963	みつ	32759
347	600000000000005606	さてと（アラジン）	32742
348	75234	｢　　｣	32680
349	100000000000020665	チェン爺	32626
350	900000000000085528	shizushisu	32619
351	900000000000007251	リラ	32588
352	400000000000044652	ＨＩ	32495
353	1100000000000033900	HIKO	32471
354	1300000000000075770	ギウラス	32416
355	400000000000000299	空中	32336
356	800000000000095978	なお	32305
357	1200000000000098317	T.T	32278
358	300000000000055810	ゆいな	32269
358	1100000000000068785	rosyu	32269
360	200000000000025589	ホリー	32246
361	400000000000085411	はりー	32157
362	1500000000000003295	三すず	32142
363	400000000000095076	siina	32135
364	500000000000074853	チェイス	32125
365	1200000000000098047	ELF	32016
366	300000000000043603	kia【】	31957
367	700000000000052634	ツキヨミ@ねねね	31805
368	1100000000000050538	NON-s	31768
369	200000000000002228	はるの	31752
370	600000000000002644	メンチ	31747
371	200000000000024678	アズナ	31705
372	100000000000080125	なりはら	31581
373	1000000000000016683	Ｂａｙ	31575
374	800000000000054027	amami	31526
375	700000000000046758	まっそん	31352
376	800000000000087342	MOVE山田	31264
377	400000000000059986	lipton	31192
378	800000000000012130	たなごん	31164
379	100000000000027443	ish	31080
380	700000000000052571	きたきた	31053
381	1500000000000000129	すめらぎこう	31020
382	1500000000000069370	パントムR	30981
383	1500000000000005623	Ｅｖａ∽術式兵装｢氷の女王｣∽	30975
384	1400000000000028679	シンヤ	30860
385	600000000000073485	みぞれ	30821
386	1000000000000003287	たけちゃん	30807
387	900000000000049106	肉味噌太郎	30725
388	1400000000000038827	シフト@BMD相互埋め募集！！	30583
389	200000000000006005	どらわん	30493
390	800000000000039447	リョウヘイ	30465
391	400000000000082188	すあますたー	30426
392	800000000000013900	すくるぼい	30396
393	1400000000000000329	もでな	30356
394	900000000000005221	TAKE.N	30347
395	1200000000000034331	ぷりーぬ	30311
396	400000000000058568	906	30258
397	300000000000048904	だみ	30236
398	1400000000000096334	みそたん	30182
399	1200000000000009528	チェックマン	30103
400	1300000000000005968	シタン	29958
401	500000000000057239	コレスケ	29947
402	700000000000052894	ゆにてぃ	29925
403	200000000000004558	なっく	29922
404	400000000000014448	アルテン	29914
405	200000000000057416	丸まる	29846
406	1300000000000014895	チキン	29803
407	1300000000000031936	nissyan	29739
408	7430	ゆた	29736
409	700000000000004297	おれーす	29535
410	1500000000000023253	久遠	29533
411	500000000000034535	イーバス	29380
412	500000000000056765	宇宙機構*ｱﾊﾞｺﾝご協力感謝♪	29233
413	400000000000031032	イクスシスχ夢魅て眠る†夜雲月∮	29226
414	1200000000000049642	あかつきP	29142
415	600000000000042822	suke	29045
416	700000000000058148	ふろうと	28999
417	300000000000037333	ハム太郎	28816
418	1500000000000072181	水零月	28728
419	800000000000011671	マックの１５倍	28718
420	800000000000006264	EF64_1001	28710
421	400000000000061492	リタリン	28386
422	5346	あじへい	28344
423	4447	マー太郎	28334
424	100000000000038010	クロサエ	28250
425	300000000000012183	阿井上男	28238
426	800000000000056398	νＥＬＳ	28217
427	1000000000000007935	たおやか	27866
428	1000000000000051540	蒔成	27843
429	100000000000074759	にな	27840
429	1500000000000027821	しじみーぬ	27840
431	1100000000000058434	けいそ	27831
432	100000000000057365	ハシオ	27778
433	400000000000048506	天幻星☆ヒンクス	27760
434	78845	ヴァンブレイス	27695
435	200000000000023908	ありっと	27580
436	700000000000019996	Yellow	27572
437	800000000000002100	篠瀬	27540
438	1500000000000000984	こう	27504
439	1000000000000093631	ＡＣＥ	27499
440	400000000000037297	☆ゆき♪☆	27473
441	1400000000000098918	緑の奥様	27452
442	1000000000000011830	かまぼこ	27226
443	400000000000051257	HIRONORI	27195
444	600000000000000930	HAYASE0083	27153
445	700000000000004723	なは	27140
446	1400000000000062739	おけとれす	27084
447	1000000000000003579	シシレン	27064
448	300000000000035739	うちゅうそら001	26987
449	100000000000057292	色弱P @予備役	26909
450	100000000000013563	taka2	26796
451	2718	syana	26741
452	200000000000078334	みや	26661
453	1000000000000017153	YOK	26640
454	1300000000000079331	はなな	26631
455	1200000000000002482	もょもと兄	26585
456	1500000000000072409	rabit	26545
457	500000000000051096	U-DY	26400
458	300000000000021365	ひなももんぬ	26366
459	500000000000099667	ぎゃらどす	26256
460	1300000000000004275	けんぱ	26180
461	600000000000000866	ナスっこ	26139
462	1000000000000002649	KUJIGEN	26127
463	300000000000002860	sat☆	26055
464	1500000000000005136	釉	26040
465	800000000000016101	やすべえ<釣り･ｸﾘ･ﾊｺﾆﾜﾎﾞﾁX2中>	26002
466	200000000000073455	jaxtrail	25930
467	600000000000052214	RF-4	25908
468	1500000000000001202	コロンビア	25907
469	300000000000079153	せぬ	25847
470	200000000000024956	かがや	25794
471	700000000000099741	ウキウキP	25736
472	1300000000000021338	J=K	25605
473	500000000000000860	まる	25579
474	600000000000027199	Куня(クーニャ)	25382
475	28289	harkright	25305
476	200000000000021654	のんのん	25275
477	1400000000000044497	bl@cky	25245
478	400000000000006263	雲雀	25207
479	1400000000000060045	ひだか	25184
480	600000000000004539	ヤット	25129
481	800000000000010884	くわマン☆二世	25118
482	900000000000055514	ジンベー	25088
483	400000000000001973	MとM	24990
484	1400000000000031553	こう	24882
485	300000000000010114	nory	24795
486	800000000000035791	こうちゃんのパパ	24773
487	1500000000000046815	しきい	24709
488	1100000000000062673	しん	24571
489	1500000000000074125	tosh_p	24516
490	900000000000020258	Yusuke	24484
491	800000000000010013	紅蓮	24480
492	800000000000057876	もりソー	24468
493	1000000000000004132	真宵	24405
494	1500000000000070171	シノン	24346
495	100000000000001982	parsec11	24328
496	100000000000002526	モーニングハロー	24303
497	800000000000031156	雷牙	24235
498	200000000000036944	けん坊	24160
499	600000000000074928	たろす	23892
500	900000000000015118	しゅ	23823
501	100000000000084283	うきなし	23719
502	1500000000000022717	碧琉	23676
503	1200000000000029212	そう	23609
504	100000000000022928	tak377	23581
505	1500000000000058515	うし	23508
506	800000000000015557	トモモ	23465
507	800000000000053247	けんとめりぃ	23458
508	300000000000035941	＊ゆっこ＊	23416
509	800000000000011185	貝殻	23396
510	500000000000008536	shorter	23382
511	100000000000085618	nicemono	23355
512	100000000000044215	ジャーニー【要△】	23341
513	1000000000000011206	しるすた～	23336
514	200000000000085575	ひじりゃー	23253
515	800000000000005148	nakaie	23238
516	300000000000057825	奥田たみを	23203
517	200000000000080844	ふぁいん	23181
518	1100000000000030814	ポケベル世代	23163
519	1400000000000002881	たる豆腐	23132
520	1500000000000058636	nick	23067
521	200000000000080984	レステリオン	23026
522	17247	ひろっち	22926
523	1400000000000006722	ぽーさん	22894
524	500000000000003330	アイズ	22886
525	700000000000056819	零六	22863
526	800000000000098441	toto	22824
527	800000000000096676	おおとり	22740
528	18219	デットプール	22730
529	700000000000035259	ケンざえもん	22635
530	1500000000000029996	潤	22590
531	1500000000000088296	宇治松千夜	22527
532	1500000000000076331	クマの☆彡	22520
533	200000000000068484	ZUM	22469
534	1000000000000029534	軍医中将	22440
535	1500000000000025481	マリンズ	22437
536	700000000000013747	ていおー	22389
537	700000000000006291	咲都	22384
538	900000000000054244	　舞姫	22363
539	100000000000061695	雷電	22357
540	1300000000000100009	レバちん	22322
541	700000000000076578	かまたす民	22282
542	85901	もっさし	22244
543	900000000000022231	たねやん	22173
544	1500000000000074779	キャスバルP	22161
545	200000000000058372	ハル	22114
546	1400000000000043289	J	22092
547	800000000000025138	ジョルノ	22088
548	1100000000000004488	時塔	21949
549	1500000000000041603	名誉会長	21880
550	100000000000012762	チハ	21828
551	1200000000000000281	HALT	21823
552	1000000000000000489	ぺるそな	21656
553	300000000000052406	ヒダネ	21630
554	1400000000000076529	あーす	21629
555	1100000000000023576	帆立貝	21444
556	100000000000001997	ｃｌｏｖｅｒ	21375
556	200000000000037645	わいえす	21375
558	200000000000050220	naimonon77	21321
559	900000000000097730	サハラ	21308
560	700000000000100346	千夜	21193
561	1000000000000096845	川口氏	21142
562	1100000000000095640	リンゴ	21086
563	400000000000091124	roria	20889
564	200000000000096893	さいふぉん	20800
565	100000000000053112	RFM	20785
566	500000000000042098	チャオ☆	20761
566	1500000000000034990	やっち	20761
568	1500000000000061689	ko-hey	20733
569	800000000000016604	もっちー	20667
570	1300000000000003337	マシュマロ	20625
571	200000000000080513	もく兄	20593
572	1200000000000035473	すいこう	20485
573	1300000000000081585	キターーーー ﾍ( ＊´ｖ`＊ﾍ)))ーーーカミ！！	20464
574	600000000000003272	ウニョラ～	20228
575	800000000000049459	オオプヨさん	20162
576	300000000000000630	ケイシ	20149
577	1200000000000048637	ジャパス	20119
578	400000000000050070	ベネ	20076
579	600000000000049274	S.N	19970
580	500000000000050956	笹佐	19933
581	500000000000006042	おとあ@麗花さんラウンジできました	19932
582	900000000000096188	千の字	19894
583	600000000000014773	エニクス	19887
584	200000000000080606	ゆうご	19876
585	800000000000002823	海苔	19824
586	600000000000011703	とん	19795
587	600000000000091261	ぜぶら	19791
588	900000000000011697	まさる	19775
589	500000000000013544	ケイ	19757
590	400000000000008268	カメメカ	19729
591	1000000000000004928	†ティオすけ†	19703
592	1300000000000001538	ラックル	19696
593	800000000000073794	ひょっこ	19644
594	87091	ぎおん	19635
595	1000000000000053265	ゴキジェット	19585
596	700000000000079739	YUIX真田	19552
597	83498	あへきの	19546
598	59606	ゲス	19538
599	1100000000000011745	かにみそ	19467
600	85453	トロ	19383
601	100000000000005222	虚無僧	19370
602	800000000000052224	マイタケ	19342
603	1400000000000003552	どんでん	19284
604	800000000000092862	するめいか	19283
605	1400000000000002083	時計うさぎ	19260
606	500000000000081078	ZAWA	19206
607	800000000000008455	シャック	19176
608	600000000000005923	おっさん	19140
609	3650	MAST	19103
610	200000000000050432	いちどめし	19010
611	1100000000000080506	かも	18905
612	800000000000045961	mamanchyo	18890
613	900000000000046399	けるしあ	18850
614	9203	血染めの羊	18803
615	6094	桜	18795
616	200000000000011936	歌音	18618
617	100000000000097073	倫理君	18612
618	1000000000000081450	山ちゃん	18611
619	800000000000054171	まほまほ	18603
620	300000000000075857	tyou	18546
621	1000000000000017184	ミカンboy	18471
622	200000000000050425	16AK	18433
623	1400000000000006562	Ｔｅｔｓｕ	18403
624	200000000000069656	ママ	18362
625	400000000000075768	なゃう	18348
626	600000000000004931	ペッシ	18337
627	800000000000046879	ちぃ	18292
628	300000000000006796	ST	18263
628	1300000000000057295	ビーム	18263
630	700000000000004273	とし	18249
631	600000000000004200	竜党	18219
632	900000000000026956	わ～や	18178
633	600000000000024768	たけぞう	18060
634	1100000000000005506	ゆっけ	17870
635	1300000000000007557	まつば	17864
636	300000000000017080	も～くん＠天空の乱れ八咫鴉	17862
637	300000000000069397	はる	17848
638	900000000000081796	ねるねるねるね(ねるねP)	17846
639	1400000000000096814	TSKS	17768
640	1400000000000054997	すみす	17653
641	1400000000000027675	キリト	17644
642	500000000000075257	nao	17636
643	200000000000029449	てるる	17600
644	1200000000000000682	綾波キョウ	17556
645	96495	ソフテニマン	17521
646	1000000000000003138	hirochupapa	17440
647	900000000000016787	かがみん	17424
648	1000000000000092118	nsmt	17405
649	1200000000000025026	dee　	17387
650	600000000000056787	シカせんべい	17378
651	400000000000054497	さち	17322
652	900000000000010180	kondratenko	17277
653	1500000000000004914	わらわら	17265
654	100000000000002594	ＤＩＥ	17250
655	300000000000012082	souta@t	17249
656	700000000000075489	aaa	17215
657	1400000000000020900	nicemoon	17211
658	1400000000000023407	シアン	17181
659	600000000000044557	こらっしー	17139
660	800000000000007070	山田	17107
661	600000000000012007	ぴっぴ	17099
662	1400000000000004747	ジョニーJr.	17073
663	300000000000046943	がいこつ	17071
664	300000000000094874	earth	16965
665	400000000000055985	レインジP	16961
666	300000000000003773	のほほん	16865
667	300000000000096740	ちせぇ	16789
668	1200000000000029707	ひろ	16787
669	700000000000082567	∠快速急行	16770
670	1400000000000009992	ponda	16765
671	500000000000098176	kaname	16742
672	1400000000000063598	星立	16732
673	600000000000077097	nogz	16621
674	300000000000050920	♪桂♪	16603
674	800000000000013079	偽=蘇芳	16603
676	1200000000000072377	さかもと	16583
677	1000000000000093645	よし	16560
678	400000000000095780	水無月 空	16521
679	1000000000000074760	マック	16505
680	500000000000001409	モン卒業(  ￣ー￣)ノたっちゃん(￣。￣;)	16496
681	500000000000000666	文楽先生	16494
682	900000000000029646	葵	16438
683	1300000000000003519	むぎ	16427
684	4079	バス	16376
685	100000000000088236	Nenosea	16341
686	500000000000050203	ユキヒロ	16302
687	100000000000001797	黒めがね	16261
688	1100000000000055334	ジャガイモポテト	16246
689	1100000000000085252	riku	16223
690	900000000000097411	べーさん	16165
691	700000000000042274	冬が嫌い	16098
691	1400000000000034924	かずし	16098
693	1500000000000013749	カヲル	16080
694	600000000000097708	A2B	16054
695	800000000000016430	(｣･ω･)｣うｰ!(/･ω･)/にゃｰ!	16023
696	1100000000000037817	シロガネ	15957
697	800000000000048867	Ｄ９０（釣り、ドリ放置します）	15920
698	700000000000020343	wazui	15886
699	100000000000053714	たらて	15875
700	900000000000081129	とあるニート	15800
701	400000000000024846	やま@Albert	15730
702	800000000000093436	gnm	15720
703	1100000000000031421	ＤＡＩ	15691
704	700000000000001270	HAL	15690
705	1500000000000006989	URIKI	15666
706	400000000000080740	ludexintiao	15644
707	1400000000000080974	くーさん	15624
708	100000000000047279	りょたし	15610
709	56999	にじいろびより	15541
710	200000000000098267	おのっち	15501
711	1100000000000024945	kagenori＠美希狂＠ばくしといふ愉悦	15475
712	200000000000003664	uebaEDF	15465
713	1200000000000075226	芭蕉	15367
714	400000000000002220	雪夢	15296
715	1200000000000062691	才駕	15253
716	1200000000000009056	うさてん	15232
717	300000000000006716	Keroro	15204
718	1200000000000079212	須磨トラ	15130
719	1200000000000058473	しばお	15124
720	800000000000081844	AKIRA	15110
721	700000000000032815	山電	15104
722	200000000000042295	こはね(アプリ招待禁止(`へ´*)ノ)	15086
723	200000000000009161	九弓	15047
724	52159	yuuki	14967
725	1300000000000000980	ネム	14919
726	1500000000000073318	だーまえ	14911
727	600000000000091276	きっこP	14903
728	1200000000000037161	くろちゃん	14902
729	100000000000061185	ピンフドラ1	14767
730	1000000000000032294	じゃじゃか	14721
731	400000000000000330	ベアー	14718
731	500000000000037065	りくぺんぎん	14718
733	900000000000005406	式神	14654
734	100000000000048141	観月	14585
735	1000000000000004827	ユンケル	14558
736	500000000000000486	ザビー	14530
737	600000000000003820	しょうごん	14506
738	1200000000000000410	ダンカン	14495
739	1300000000000028755	でめきん	14486
740	900000000000031079	idea610	14464
741	800000000000038690	YS11	14456
742	700000000000033928	Yotti	14444
743	1200000000000075083	tomato	14386
744	200000000000058287	chisaii	14351
745	200000000000062560	嘉神川エルト	14346
746	1200000000000052149	にかにか	14311
747	600000000000027730	はるか♪	14294
748	500000000000092899	えれな	14288
749	1400000000000003335	よっしー04	14287
750	300000000000052043	そーよし	14238
751	300000000000098899	Erina	14234
752	1400000000000007127	シャバ僧	14208
753	500000000000085822	みゅう	14204
754	800000000000048046	☆～花桃燈～☆大物お休みしますm(_ _)m	14174
755	99385	アコンマイン	14171
756	1100000000000013895	SHOJIN	14151
757	1200000000000040550	Fuhrer	14112
758	500000000000018931	しげ	14093
759	300000000000024951	ウィザー	14074
760	300000000000022681	ゆー	13986
761	800000000000077757	ウィンダム	13982
762	900000000000093604	だく	13941
763	600000000000096020	ろー	13905
764	1300000000000066582	nn27i	13891
765	1500000000000096608	funtopp	13890
766	400000000000004143	ジミー	13793
767	700000000000097517	log	13771
768	400000000000027292	しばねこ	13760
769	200000000000081715	ナストラル	13719
770	300000000000005148	どうせいしょうねん	13678
771	500000000000057173	ゆっか	13675
772	200000000000096997	さばみそ	13655
773	1400000000000062587	璃音	13627
774	800000000000095620	翠	13614
775	400000000000056101	giveson	13600
776	1000000000000063197	叢雲	13593
777	1200000000000025421	テイルず	13585
778	900000000000053629	瑞穂	13549
779	500000000000097277	らいど	13524
780	28215	ささぱん	13512
781	600000000000084915	しゅんぴ	13500
782	300000000000074554	ふらい まんた	13485
783	400000000000029572	たもりん	13446
784	87105	もんぶらん。	13430
785	500000000000003057	ｹｲ	13420
786	900000000000031664	ジェリー	13395
787	1300000000000091825	たちむす	13373
788	100000000000045736	ふむう	13341
789	500000000000074414	おかっち	13339
790	200000000000086021	ヒザたま	13306
791	800000000000051999	さく	13299
792	200000000000001455	うさぎ部長	13281
793	200000000000000418	あかまる	13233
794	900000000000000560	もか	13221
795	800000000000026963	midget	13186
796	300000000000053645	ライガー	13171
797	765	dex＠(求HN,R律子	13165
798	100000000000035953	なこちゃん	13145
799	500000000000000732	one	13086
800	1500000000000023714	いとむす	13084
801	1500000000000042893	nomu	13059
802	200000000000031955	ヒッキー	13054
803	500000000000052942	ゆうりパパ（なんか倦怠感が･･･)	13041
804	600000000000083879	たこよん	13008
805	400000000000007409	あっきー	12976
806	1500000000000056540	キョウ	12956
807	600000000000028032	な	12950
808	600000000000003493	ｽｶ	12910
809	800000000000013594	ジュンペイ	12887
810	500000000000003335	迅也	12840
811	200000000000000245	o-ku	12834
812	1200000000000002085	うどん	12815
813	100000000000092122	keit	12810
814	1400000000000004057	ＫＡＴＳＵ	12780
815	800000000000002227	やまぶき＠同僚募集中	12689
816	46853	れー汰。	12658
817	300000000000030957	じゅわ	12580
818	100000000000004157	はち	12579
819	1300000000000084138	みっちー	12564
820	500000000000098235	ゴレムス	12535
821	1200000000000002501	泡沫	12514
822	1200000000000028013	陽葉	12513
823	1000000000000012085	ひろるん	12512
824	1200000000000097591	koro	12464
825	900000000000096802	sora	12423
826	700000000000000113	Sirataki	12390
827	1300000000000004516	エーアイスリー	12384
828	500000000000007912	しょうさ	12379
829	1000000000000096187	柊	12376
830	1400000000000005782	ひらやす	12367
831	1200000000000031841	MAKO	12364
832	1000000000000002769	ナンジャラ	12350
833	1500000000000001761	ラムサス	12285
834	400000000000093855	Player 1005991876	12254
835	1100000000000006623	おかん	12249
836	1500000000000001967	ピーマン太郎	12211
837	400000000000061208	Mickan-ya	12196
838	500000000000002453	タカタカ	12177
839	100000000000036811	あしか	12169
840	300000000000052790	エンディ	12126
841	200000000000030403	しん	12090
842	500000000000052794	gene	12065
843	1200000000000079681	Player 1004182124	12019
844	700000000000008764	せの	11957
845	1200000000000019811	やまだ	11954
846	400000000000077921	Ponta	11932
847	300000000000046979	ｵﾘｴﾝﾀﾙ	11880
848	1300000000000096918	単四電池	11876
849	500000000000099054	マキス	11762
850	900000000000060465	まりのあ	11757
851	1000000000000007554	こさかい	11711
852	1100000000000044038	みがわり	11709
853	600000000000082677	ハニーシ	11708
854	1200000000000054868	しのーじ	11676
855	700000000000019692	えるに	11642
856	1400000000000028145	ＲＹＵ－×	11602
857	1400000000000023011	Fiesib	11584
858	200000000000074405	わーひー	11569
859	1100000000000048794	サニー・ヽ(‘jjj')/・無課金イズム	11560
860	1200000000000000073	ごまお	11535
861	500000000000002860	テッカン	11529
862	400000000000074010	みつ	11465
863	400000000000025321	とｇ	11459
864	900000000000043872	ks ドリギルメン募集中！	11428
865	400000000000012859	ナーマズ	11424
866	65546	mi_nakano	11403
867	900000000000000331	締切	11386
868	1500000000000056446	ろなう	11370
869	600000000000097301	Jのひと	11351
870	1300000000000078233	海雪	11342
871	77433	vkumav	11324
872	776	まっさわ	11296
872	600000000000040308	やまやまたん	11296
874	73311	Jm	11295
875	400000000000020862	SHAKER	11284
876	400000000000000449	前川	11265
877	400000000000096230	ysk	11236
878	1200000000000013265	Brother	11226
879	1300000000000054412	春風	11209
880	1500000000000073584	れがーど	11153
881	700000000000047781	あき	11140
882	500000000000026887	こうちゃん	11112
883	900000000000075532	ryu	11110
884	1000000000000051308	シュニチ	11100
885	100000000000006150	一文字ライダー	11080
886	700000000000056166	ユージィ	10998
887	1300000000000046955	昆布森	10990
888	600000000000079469	Mamma Luce	10945
888	1500000000000013333	ふじよPP	10945
890	1100000000000091652	Mashiro	10942
891	200000000000000197	鎌倉釜山	10931
892	300000000000087698	もりそば	10881
893	800000000000080336	まの	10880
894	3059	イインチョ	10878
895	800000000000031391	まや	10876
896	700000000000000289	あの日見たＰの名前を僕達はまだ知らない。	10873
897	1500000000000039177	カジュ	10864
898	700000000000051819	ハラカツ	10844
899	200000000000016766	じゅうそうＰ	10838
900	400000000000085235	とうふ#	10824
901	100000000000004120	kaito	10823
902	1400000000000002202	MAXX3	10819
903	1400000000000057518	kobe	10811
904	1400000000000057626	まさとし	10806
905	600000000000091308	???	10794
906	600000000000059206	タツ	10782
907	900000000000033574	なみ	10748
908	1500000000000008692	れんば	10747
909	100000000000006878	Ｚａｎｋ	10738
910	1500000000000051063	わふる	10705
911	400000000000001186	すぐる	10642
912	200000000000075341	たっつ	10598
913	1300000000000019226	キンカメ	10574
914	1500000000000092666	五色	10545
915	700000000000056962	KT	10529
916	100000000000021920	ちもこ	10500
916	900000000000024204	Y.K	10500
918	1500000000000000115	九重	10488
919	400000000000091888	あっくん	10476
920	400000000000004560	tempest	10449
921	800000000000043159	幸	10443
922	400000000000006245	小岩先生	10440
923	1200000000000032989	氷	10415
924	900000000000099733	しなも	10401
925	500000000000093972	味噌煮込みおうどん	10393
926	1100000000000055090	又旅	10313
927	700000000000081382	metal mania	10291
928	300000000000085776	なつ	10277
929	500000000000009723	げとらぐ	10268
930	1500000000000031122	yukky	10265
931	400000000000019033	えるきす	10168
932	600000000000026089	カツオ	10152
933	97994	jamjam	10142
934	800000000000031225	まーたん	10138
935	100000000000010607	レイジ	10133
936	800000000000027414	ショシ	10128
937	900000000000091006	ばた	10127
938	200000000000096694	キノン	10080
939	94697	カズト	10069
940	800000000000000320	flavus	10055
941	400000000000004346	島田 秀雄	10048
942	1300000000000006572	Mei	10033
943	1000000000000051740	マカク	10025
944	500000000000027328	AOBAOKA	10014
945	300000000000092944	シュート	9985
946	5238	ぶらうぐらな@痛さは強さ！	9980
947	700000000000092325	asd	9967
948	1300000000000098678	サチェル	9959
949	600000000000020072	テイル	9936
950	1000000000000032283	レオ	9930
951	800000000000072397	ＴＭ４	9928
952	1100000000000094672	とーおか	9921
953	300000000000002764	たばっち	9904
954	200000000000050192	さっつ	9897
955	82036	ヒーロー	9889
956	400000000000024573	えり	9828
957	600000000000008045	ヤス	9776
958	200000000000043269	毒茶	9775
959	300000000000085185	Genius	9764
960	1000000000000004903	おる	9757
961	1000000000000004936	ぶるん	9741
962	500000000000036994	TICXEL@4thの3月12日のチケット星井	9731
963	1500000000000045942	MAFTY	9700
964	1100000000000060217	たかちゃん	9693
965	600000000000008784	るっつ	9594
966	700000000000057396	いろぐち	9591
967	1300000000000037746	垣太閤(突発で残業＆本業終わるやいなやバイト)	9552
968	100000000000099326	かみこと	9531
969	700000000000048921	ヌギャー	9523
970	1000000000000003083	ヴィン	9522
971	900000000000014495	おいじゅーす(寝落ち失礼(;´д｀)	9509
972	800000000000087556	そこつもの	9459
973	100000000000045695	下嶋	9448
974	300000000000075272	颯	9423
975	1200000000000001960	にぼ	9396
976	1100000000000000314	TMR2301	9373
977	42191	atem	9330
977	1500000000000036844	世界の生たぬき	9330
979	1400000000000000037	にものP	9328
980	72518	ちょもＰ	9321
981	1300000000000094508	美音	9293
982	1200000000000017689	みゃー	9274
983	1500000000000080063	ダフネ	9270
984	200000000000033359	ぷらね	9244
985	86769	lumiere	9240
986	300000000000097273	まさなり	9232
987	1200000000000021318	エイヤ	9194
988	1200000000000095949	大豆イソフラボン	9190
989	300000000000096442	ネコまに	9180
989	1200000000000085903	コヨーテ	9180
991	700000000000035688	コト＠元ドドロ	9168
992	1300000000000001084	そらとび	9108
993	700000000000037503	さく	9104
993	700000000000096957	ワールドオブもこう♪	9104
995	1000000000000052328	neeem	9102
996	800000000000000120	さなひろ	9084
997	1300000000000079292	しもきょー	9052
998	200000000000075195	玖狼	9036
999	300000000000002981	name零	9008
1000	1500000000000000193	とみぃ	8937
1001	1100000000000085690	Urara	8908
1001	1200000000000092830	ショウ	8908
1003	1400000000000006386	ろっぷ（招待・カムバックメール無視してください）	8907
1004	800000000000033515	きお	8896
1005	1500000000000001155	KennaRescue	8848
1006	800000000000076724	えるもってぃ	8838
1007	1500000000000004960	おふね	8801
1008	800000000000084900	たんそ	8786
1009	900000000000091268	ななせ	8779
1010	900000000000000301	てっつ	8765
1011	1400000000000004230	うさだるま@大グレン団	8750
1012	28130	真夢	8743
1013	700000000000004322	ＤＳＵＫＥ	8736
1014	11244	エイセス	8716
1015	1300000000000057680	新兎	8709
1016	500000000000082892	kanadeW	8686
1017	700000000000053595	kazu093	8663
1018	600000000000037180	りくむ	8662
1019	900000000000096544	とるみす	8659
1020	800000000000032466	めがね	8658
1021	78011	はる	8646
1022	1500000000000008751	かめきち	8626
1023	1200000000000011734	ゆきひら	8599
1024	400000000000004966	ziming	8585
1025	200000000000046604	glish	8582
1026	1100000000000083310	BLOOD	8568
1027	700000000000046273	セティ	8546
1028	73209	Tractorhead	8526
1029	900000000000085574	鯉桟敷	8479
1030	1100000000000058154	Ｒ１―Ｚ乗り	8442
1031	900000000000010248	わろし	8440
1032	900000000000002305	たまころ	8397
1033	1000000000000008434	DOKIDOKIはたけ	8372
1034	1100000000000024167	くりっぺ	8357
1035	300000000000033205	おぎちか	8353
1036	29649	じぇらーど	8340
1037	9536	ゆい	8329
1038	600000000000045515	agape	8297
1039	1000000000000052719	ケルオロ	8288
1040	300000000000079615	tetsu	8287
1041	100000000000080854	bonafides	8284
1042	800000000000076272	ぺいぶろう	8260
1043	1400000000000081108	はえよい	8236
1044	600000000000012370	蓬莱　葉月	8235
1045	1100000000000051802	銘無し	8219
1046	1000000000000037420	ケンタロウ	8191
1047	900000000000004597	オチミズP＠水龍牙	8174
1048	500000000000007118	棗	8164
1049	100000000000033438	ナオト	8154
1050	900000000000091655	Kappa	8144
1051	400000000000001141	トム	8090
1052	300000000000060493	ひまわりさん	8079
1053	1500000000000001706	まだら	8078
1054	1400000000000076934	地下	8067
1055	200000000000042059	ベーコンスラッシュ	8061
1055	1200000000000082521	昭和維新	8061
1057	1200000000000097297	rain	8059
1058	900000000000096465	T田	8047
1059	600000000000027913	hisa	8036
1060	1400000000000000135	婿固め	8030
1061	1500000000000015176	砂手袋	8015
1062	1300000000000092416	影山	8014
1063	52712	どらい	8012
1064	100000000000052566	かしま卜電	7983
1065	300000000000080866	鉈盛	7959
1066	1000000000000003206	ノノ	7947
1067	200000000000021222	miska	7945
1068	200000000000016913	えあぽん	7933
1069	1200000000000043522	なつ	7923
1070	500000000000001790	ひでよし	7887
1071	1100000000000093230	シマイヌ	7863
1072	1500000000000060552	タカちゃん	7842
1073	400000000000000562	杉下右京	7840
1074	1000000000000094443	ささやんぽっぽこ	7839
1074	1200000000000095928	にっしぃ	7839
1076	1100000000000072994	さむちゃん	7827
1077	1200000000000000735	さんもんめ	7812
1078	600000000000001245	梔子	7764
1079	1300000000000012778	あいなま@同僚募集中	7759
1080	1200000000000065555	Thammapob	7728
1081	1500000000000081484	tetuv1	7724
1082	700000000000069956	ジーマ	7700
1083	1200000000000096557	ryoo	7686
1084	1200000000000020079	Sam Fong@このみP	7634
1085	500000000000000583	さっきー	7616
1086	700000000000000330	じた	7580
1087	800000000000029306	リリン♪	7575
1088	1300000000000051996	ますたー	7567
1089	21456	平岡	7566
1090	1200000000000055087	白雪	7563
1091	1500000000000017494	ﾊｽﾌﾞﾚﾛー	7560
1092	700000000000001997	桜井	7545
1093	1100000000000061769	シャーベット	7529
1094	800000000000039799	まっすー	7510
1095	1300000000000004499	まんじゅう	7491
1096	200000000000051388	kon_capybara	7480
1097	1500000000000008794	notto	7461
1098	700000000000098711	ノルチャ	7448
1099	500000000000000570	伊藤P	7440
1100	200000000000006161	yukapanda	7420
1101	800000000000011852	うさこ	7418
1102	1000000000000037795	ロマン	7416
1103	400000000000002947	cs	7413
1104	700000000000057071	620P	7409
1105	600000000000073068	らいあっと	7393
1106	1200000000000035839	tsu_s	7392
1107	1000000000000001351	F澤	7380
1108	1400000000000023881	takuzo	7376
1109	1100000000000003709	ふぃん	7350
1110	100000000000016175	とまとと	7336
1111	400000000000099532	Ｉｓｏ	7334
1112	500000000000049126	ゆー	7316
1113	300000000000080279	わりばし提督	7306
1114	200000000000038221	iron	7283
1114	1000000000000051710	567	7283
1116	1100000000000051776	ドラ(どーら)	7272
1117	200000000000042482	mathiro	7259
1118	800000000000095955	オッキー	7258
1119	500000000000008254	のらぬこ	7256
1120	500000000000014481	猫まろ	7254
1121	1400000000000087021	フリャ	7242
1122	1200000000000033434	Vermilion	7219
1123	1780	ゆりおーさか	7213
1124	800000000000097451	リッツ	7212
1125	700000000000000380	kenbigriver	7199
1126	1400000000000094675	マサラ	7188
1127	1300000000000056705	かんらく	7175
1128	800000000000098270	タカ	7170
1128	1100000000000003761	稲妻の螺旋	7170
1130	300000000000045139	トシキＰ	7141
1131	34273	ケバブ	7068
1132	80973	pavane	7044
1133	300000000000025474	イクヤ	7042
1134	1500000000000072972	ごっつぁ	7016
1135	500000000000008627	三条通	7005
1136	900000000000007921	神崎P	6995
1137	200000000000012435	Suguri	6985
1138	100000000000010519	くれお	6968
1139	1100000000000014052	y.k	6961
1140	600000000000007909	theちゃん	6954
1141	500000000000037232	luckD	6936
1142	1400000000000024751	まこ	6919
1143	800000000000003429	まみむめ	6912
1144	1300000000000053126	弾正	6909
1145	39213	驚きを隠せない!!!!	6900
1146	1200000000000051048	清那	6878
1147	500000000000003440	創作（ソウサ）	6877
1148	100000000000053037	サユ	6866
1149	700000000000003267	がんのすけ	6861
1150	600000000000096802	おいどん	6859
1151	1200000000000008361	くすのき	6857
1152	1400000000000030153	トマホーク	6854
1153	1100000000000073711	コンチョフ	6853
1154	1500000000000006844	かたくら	6831
1155	1100000000000061670	わかめ	6816
1156	3998	るうと	6803
1157	1500000000000003715	とも	6787
1158	500000000000015215	ドアマン ♪	6786
1159	517	羊	6768
1160	800000000000049307	とんとん	6763
1161	1100000000000005138	sische	6759
1162	200000000000003866	牛九	6750
1163	600000000000062360	カハル	6740
1164	600000000000007287	マカーカイ	6726
1164	1200000000000001738	れーせん	6726
1166	300000000000004689	ゆきとん	6718
1167	100000000000001938	ぼいら	6704
1168	900000000000095751	バルバロム	6695
1169	78078	snow@ngel	6652
1170	1000000000000029980	鳳	6643
1171	300000000000099061	twolaps	6630
1172	7482	さらだ	6618
1173	700000000000100485	メル	6605
1174	200000000000017348	Rar@強化型クラッカー	6600
1175	100000000000086846	えむあい	6598
1176	1400000000000051444	ろじうら	6581
1177	200000000000009915	きば	6549
1178	400000000000003987	しろにゃんこ	6535
1179	1500000000000012515	ozoz	6519
1180	700000000000061765	narutara	6513
1181	1500000000000001951	ヨコシマ	6484
1182	600000000000051675	モリケン	6463
1183	600000000000074768	水	6454
1184	500000000000006094	馬超	6448
1185	400000000000010892	まつかな	6441
1186	500000000000034494	クラビス	6418
1187	600000000000030164	GIL	6411
1188	1200000000000089246	かなどこ	6405
1189	1500000000000075346	にの	6386
1190	500000000000085772	anj2610	6367
1191	97649	くずてつ	6358
1192	200000000000076030	みよ	6350
1193	1300000000000059041	かつん	6349
1194	1400000000000094269	あじくん－4の③－	6340
1195	200000000000075083	暁良は腹痛持ち	6336
1196	500000000000086676	ハシ	6335
1197	300000000000045611	てっしー	6327
1198	400000000000029393	アッキー	6323
1199	500000000000049386	雪風ブンブン	6322
1200	600000000000035570	左衛もん	6307
1201	500000000000053356	あいこ	6298
1202	800000000000037220	すがっぴ	6289
1203	900000000000080003	エイト	6271
1204	600000000000085455	むららん	6246
1205	500000000000033582	Ｋ．Ｋ	6229
1206	1400000000000049065	こすもす	6216
1207	1300000000000004621	夜行性まよら十三	6205
1208	100000000000007279	どすたん☆	6184
1209	300000000000097991	ヒロ	6159
1210	200000000000051014	ＡＺＢＹ	6150
1211	100000000000011927	seinfrau	6141
1212	500000000000033528	牛たん	6135
1213	700000000000096839	Jay	6131
1214	1300000000000016402	ikaihcim	6094
1215	300000000000074311	1003036099	6091
1216	100000000000002961	sash	6074
1217	500000000000020646	ＺＸ	6072
1218	900000000000057984	RTK	6066
1218	1100000000000038895	マジアカ	6066
1220	100000000000072385	ベーコン	6064
1221	300000000000028757	†ゆう††	6062
1222	400000000000099574	Juan Pablo Hernández	6054
1223	78867	今更	6049
1224	1500000000000058354	ティクス	6030
1225	1300000000000079359	Miluku	6020
1226	29035	ティズ	6003
1227	1000000000000061697	サクラ	5987
1228	700000000000030468	NAP	5979
1229	400000000000086624	もっさん	5965
1229	1500000000000051120	みゃう	5965
1231	500000000000042715	ｾﾙｼﾞｭ	5926
1232	1200000000000053004	ヤス/@＼	5908
1233	500000000000050894	パンク	5903
1234	200000000000075939	マスターリブラ	5902
1235	200000000000003813	百善	5893
1236	300000000000031511	やよクエ	5889
1237	500000000000037448	はんぺん	5870
1238	54046	t-shiren	5863
1239	1100000000000095709	m	5846
1240	400000000000046229	時雨	5841
1241	200000000000073061	紫苑	5840
1242	100000000000000484	すず	5815
1243	300000000000048009	シモヤマン@同僚募集中	5779
1244	200000000000030226	ふくし	5764
1245	200000000000020575	エルニーニョ	5763
1246	1500000000000073873	白峰	5760
1247	100000000000018625	中村主水	5754
1248	1000000000000005895	ブライトレッド	5740
1249	500000000000021259	とおる*亜美道場	5728
1250	1300000000000037265	ﾗｲﾃﾞﾝ (´･ω･`)＜	5717
1251	1500000000000029241	☆原《のんびり継続中》	5708
1252	300000000000090229	晴れ晴れ	5707
1253	500000000000005362	イツキ	5701
1254	1400000000000001332	yuki	5690
1255	1100000000000005675	アールー	5673
1256	1300000000000002819	エル	5656
1257	1000000000000051588	テルル	5646
1258	700000000000000755	ルー	5640
1259	1100000000000084434	図南之翼	5636
1260	200000000000081158	木元	5634
1261	700000000000005670	猫屋敷	5633
1262	500000000000099109	金烏	5627
1263	700000000000005760	げっと	5617
1264	900000000000051876	ミンティア	5599
1265	1000000000000004337	橘樹	5548
1266	94222	cherryshe	5534
1267	1400000000000002467	ねこぜ	5514
1268	47069	わっしー	5511
1269	1300000000000020465	WT	5509
1270	15476	ガナドール	5506
1271	700000000000016679	コニー	5500
1272	300000000000012987	たく	5491
1273	1000000000000003560	らるふぁ	5489
1274	600000000000098604	Suiso-Bunshi	5484
1275	700000000000002637	雪智	5479
1276	200000000000076000	てん	5471
1277	600000000000002602	鳥谷瑠美	5464
1278	300000000000001483	ninja	5447
1278	1400000000000007571	hide	5447
1280	500000000000005041	ひのお	5435
1281	700000000000057286	筑アニ	5414
1282	300000000000075415	タカヒロ	5401
1283	1000000000000055685	まさむね@美希P	5400
1284	800000000000099491	名うてのナード兄弟	5380
1285	500000000000004528	アトラス	5364
1286	32295	あさくら	5360
1287	1300000000000023849	馬単二着流し	5354
1288	76112	衿華	5347
1289	800000000000074570	かっぱっぱ～	5334
1290	300000000000054151	タイ	5327
1291	1400000000000004297	あきら(アプリのみ)	5321
1292	500000000000000062	なっきー	5320
1293	1300000000000001068	せれん	5306
1294	1500000000000097942	アギト	5294
1295	4857	時間	5293
1296	700000000000086041	カマロ	5277
1297	1300000000000035289	うす@ 復帰	5276
1298	800000000000032077	グレイソン	5272
1299	100000000000085377	kuon	5250
1300	1500000000000058022	アトゥム	5244
1301	500000000000081057	葉月アキ	5239
1302	1500000000000074080	ちうとび	5231
1303	1200000000000007798	はるにれ	5227
1304	1500000000000098146	いちいち	5226
1305	500000000000007339	瑞鶴	5220
1306	100000000000097942	紅禰【傀儡】	5210
1307	1400000000000036664	あき	5208
1308	200000000000097565	赤砲	5197
1308	300000000000006264	ち。まりも	5197
1310	1100000000000010013	まいすきＺ	5196
1311	300000000000061426	hiro	5187
1312	500000000000038572	シロワニ	5178
1313	1300000000000082448	Player 1004608365	5174
1314	100000000000002990	ノム	5168
1315	1000000000000093043	ぷんこす	5166
1316	1100000000000004912	moaishi	5161
1317	800000000000009506	魔天狼	5144
1318	800000000000042472	クロン	5143
1319	1200000000000020994	ジュン	5137
1320	100000000000096074	Fumi2	5131
1320	400000000000077400	じゃんじゃかいも	5131
1322	100000000000003638	凛ちゃん	5124
1323	600000000000008340	T	5117
1324	900000000000032140	ゴウ～	5104
1325	400000000000009605	鳩ジョ	5090
1326	1500000000000081615	to-po	5068
1327	1200000000000015187	あなご	5061
1328	1100000000000020816	ロストジョーカー	5035
1329	600000000000013694	おろろ	5028
1330	1200000000000003043	鰡	5026
1331	1300000000000081148	オーバー	5019
1332	1200000000000004348	taso720	5009
1333	600000000000006108	びーる	4998
1334	300000000000009756	モリシー	4978
1335	1400000000000006921	Gengoro	4972
1336	200000000000058830	おがお	4940
1337	1000000000000018358	スナッチャー	4919
1338	1500000000000004725	hissa	4902
1339	1000000000000023099	mangasan	4890
1340	900000000000076785	Player 1003533145	4886
1341	800000000000000228	くぬぎ	4885
1341	1200000000000005944	えぬけー	4885
1343	1500000000000029360	ドライオン	4877
1344	1400000000000097500	ざわ	4864
1345	1200000000000061198	ゆうな	4858
1346	400000000000098404	Ryan	4853
1347	1200000000000096799	ろくゆめ	4843
1348	1000000000000098901	akomi	4838
1349	800000000000088403	ヘンリーマーシャル	4826
1350	100000000000009356	カーズ	4818
1351	800000000000052896	そらやろうちゃん	4806
1352	1300000000000051331	ユメノツボミ	4800
1353	800000000000098817	なっすぃ	4797
1354	500000000000003439	悠乃	4795
1355	100000000000047509	くらら	4782
1356	1000000000000006957	Elico	4772
1357	700000000000082299	ファンテ	4753
1358	900000000000003549	けんた	4752
1359	1300000000000058361	いくや	4746
1360	93975	つるみん	4733
1361	1000000000000100037	じゅんぺい	4731
1362	1500000000000007283	こじこじ	4728
1363	300000000000052307	B茶	4716
1364	886	が～	4715
1365	500000000000076033	ドシレソ	4710
1366	800000000000000033	*	4704
1367	1400000000000024552	山電	4700
1368	1400000000000026995	ピート	4698
1369	700000000000099862	たくどん2000	4690
1370	1100000000000015901	ミツル	4683
1371	1100000000000002174	アングリル改【EZF】	4680
1372	14595	松田@青羽根Ｐ	4662
1373	1267	はしっと	4657
1374	100000000000014141	マーサ	4656
1375	700000000000094457	ぱげ	4625
1376	1500000000000008980	GOTTWOZ	4624
1377	1300000000000008044	フリーダム	4623
1378	100000000000010598	dancer	4621
1379	600000000000002981	あにじゃ	4618
1380	200000000000056165	あもり	4607
1381	300000000000056404	ツー	4593
1382	1300000000000091349	やなあ	4585
1383	900000000000007228	φ シド φ	4583
1384	1100000000000098873	4職分の野菜	4553
1385	1300000000000095657	にょっこり	4544
1386	1400000000000047508	ウミヒト	4536
1387	1100000000000080076	テイル	4528
1387	1200000000000069373	たけP	4528
1389	1300000000000004407	へのじ	4524
1390	300000000000014556	バレイアーツ	4522
1391	300000000000007749	DamoD	4521
1392	1400000000000004570	ゴクツブシ	4491
1393	600000000000002610	ｶｲ	4483
1394	1200000000000015084	Motivator(斬)	4480
1395	1300000000000080169	shrrau	4452
1396	300000000000019482	ピロシキ	4445
1397	300000000000094863	Steven	4444
1398	1300000000000032980	くしょうP	4436
1399	900000000000013090	Mr.MAR	4433
1400	1000000000000006368	くー	4426
1401	1100000000000084456	chicalm	4422
1402	100000000000004984	ハイト	4415
1402	200000000000004310	Cac3	4415
1404	1300000000000014095	ヒロキ	4412
1405	45663	かいたび	4395
1406	1400000000000033135	凛粋	4389
1407	85080	15	4388
1408	200000000000007761	弥江	4386
1409	800000000000098993	ヨウスケ	4384
1410	900000000000037655	S.T96	4380
1411	1300000000000007690	ラム	4374
1412	1200000000000052175	おさゆくＧ	4371
1413	1500000000000052394	きあぬ	4356
1414	400000000000098051	権左衛門	4355
1415	700000000000087073	トミノ	4353
1416	74202	A.I.	4348
1417	600000000000047220	たぬろす	4339
1418	100000000000055146	qurer	4338
1419	200000000000007372	いっくん	4332
1420	1500000000000056129	くりす	4330
1421	1200000000000098888	プァンツ	4327
1422	200000000000006706	oct10	4320
1423	57922	葵	4318
1424	500000000000036827	DIRGE27	4314
1425	1200000000000050567	jivvy	4306
1426	1200000000000030304	Flak18	4302
1426	1300000000000085832	オルタラ	4302
1428	900000000000096733	Player 1006527401	4301
1429	300000000000006258	白露	4300
1430	3569	AOI	4290
1431	85906	ルプス	4289
1432	1200000000000075716	Gallows	4277
1433	600000000000026475	11EIJI	4271
1434	500000000000023450	かわまさ	4270
1435	600000000000096866	よっしー	4269
1436	900000000000060882	tei9999	4263
1437	1500000000000014212	熱帯夜	4260
1438	200000000000070805	きゅう	4256
1439	700000000000098732	アルゴP	4251
1440	700000000000055288	SO_RA	4249
1441	900000000000091008	キョン子	4248
1442	200000000000037204	atm	4223
1443	300000000000008134	さとさと	4218
1444	1200000000000045995	ゆうか	4205
1445	800000000000071522	ななつ	4193
1446	1400000000000062324	千葉智史	4184
1447	1400000000000050775	けらてん@おはD@同僚募集中	4179
1448	900000000000050952	つかさ	4175
1449	900000000000011282	けんざぶろーちょっと釣りをお休みしますm(__)m	4163
1450	800000000000097157	sket-ch-Book	4161
1451	1300000000000033367	日和	4158
1452	400000000000077085	四条莉緒	4155
1453	200000000000003592	ホームズIS	4151
1454	500000000000000105	ぽにめが	4144
1455	900000000000032208	夢雪空	4141
1456	300000000000050936	コウ	4128
1456	1300000000000078339	もっつ	4128
1458	900000000000097140	天人	4116
1458	1100000000000008659	みくるりん	4116
1460	700000000000015775	桐原葵純	4107
1461	1400000000000037108	アヤ	4105
1462	800000000000098831	恭介	4104
1463	400000000000029587	ふみ	4100
1464	1100000000000085313	soma35	4094
1465	1500000000000051848	す～	4088
1466	500000000000085425	たけっつぁん	4078
1467	1400000000000058085	nobu	4063
1468	600000000000051748	スコーン	4061
1469	900000000000031202	IQ	4056
1470	1500000000000002897	じゃが	4055
1471	200000000000097368	gon	4045
1472	1200000000000085002	よしのん	4037
1473	600000000000094863	novtan	4036
1474	200000000000000848	小宇宙	4012
1475	1100000000000010135	セセリ	3997
1476	800000000000005377	☆ＹＵＩ☆	3986
1477	200000000000007496	ねういちさん	3978
1478	400000000000020616	ＲＹＯ	3959
1479	1200000000000006043	明日奈	3955
1480	1400000000000028459	イムヒロ	3954
1481	1200000000000061918	どっこい太郎	3944
1482	500000000000037247	チー	3925
1483	800000000000033379	tamm	3920
1484	1000000000000003924	特になし	3916
1485	700000000000001786	一雫	3915
1486	200000000000003184	きほいる	3908
1487	12494	トミー	3905
1487	1400000000000034487	都月咲季[男装中]	3905
1489	900000000000057685	ビターチョコ	3894
1489	1400000000000051831	ACE	3894
1491	1400000000000069906	桐維@インテリスタ	3889
1492	1300000000000005666	にじめも	3885
1493	200000000000076605	翔	3852
1494	1400000000000098546	じゅーろーた	3850
1495	39312	デフォ子	3846
1496	700000000000022251	ＭＨ	3841
1497	1300000000000076781	ロベルトうちの	3829
1498	1400000000000051797	市井春	3828
1499	900000000000056958	柘植	3826
1500	400000000000035528	艦長	3810
1500	1200000000000075781	サニー	3810
1502	900000000000009198	仁奈ちゃんprpr	3794
1503	600000000000011108	JT	3786
1504	1000000000000041738	saki	3785
1505	200000000000045609	点々	3770
1506	800000000000047969	テッツ	3752
1507	1200000000000083682	シンゴ	3744
1508	700000000000074152	カツオ武士(P)	3743
1509	800000000000001190	GOちゃん	3742
1510	1400000000000067385	Player 1002125758	3739
1511	800000000000099262	るうみ	3735
1512	1100000000000000056	ぽてりこ	3733
1513	800000000000080638	(有)チャンピオン商会	3730
1514	1400000000000063167	彩菜	3729
1515	400000000000075872	タイム	3707
1516	700000000000080837	なべさん	3701
1517	1300000000000098907	siki	3684
1518	1000000000000002457	トモヒロ	3679
1519	400000000000000320	mad	3674
1520	700000000000000152	ソティス	3673
1521	1300000000000018475	ひぽぽ	3660
1522	1200000000000080348	ゴハヤシ	3653
1523	100000000000078977	シノ	3649
1524	1500000000000008841	黒駒(通信制限きつい)	3645
1525	1300000000000052953	ケフィア	3642
1526	200000000000044956	kou （仕事多忙～）【INFINITY】	3640
1527	400000000000058899	神流(招待は無視してね！)	3632
1528	500000000000074469	ミズキング	3627
1528	900000000000085114	穿兎	3627
1530	1500000000000006155	くまちゃん	3626
1531	1400000000000002502	ヒロ	3611
1532	1500000000000073979	ひろ	3605
1533	100000000000075007	うさみん	3600
1534	300000000000099656	wasavi56	3598
1535	1100000000000011107	Toro	3583
1536	1200000000000097233	i.c.e.9	3581
1537	800000000000011445	たる	3578
1538	200000000000039235	ぶんもと	3567
1539	74324	ツナぽん	3559
1540	800000000000003409	osaki	3558
1541	900000000000001908	めんつゆ	3525
1542	300000000000000850	さなっち	3524
1543	100000000000001958	riola	3516
1544	1500000000000017969	taka-gorikun	3513
1545	100000000000008905	黒百合	3510
1546	500000000000049290	Yuki	3507
1547	500000000000004442	カンザキ	3504
1548	1000000000000096639	ろく	3501
1549	100000000000031288	メロン熊	3500
1549	200000000000004937	フレーべ	3500
1551	300000000000096089	さんばさん	3495
1552	1500000000000036361	Ｏ！Ｗ	3489
1553	500000000000025855	マッツん	3488
1554	400000000000075674	クエ	3476
1555	900000000000080177	Snack@眼鏡倶楽部	3472
1556	900000000000010812	カナヤ	3461
1557	1200000000000016045	MAIKEL	3460
1558	1400000000000023608	みも	3459
1559	100000000000098877	安藤	3447
1559	500000000000050830	のわの	3447
1561	300000000000077768	しんうち	3445
1562	1000000000000007019	しげぞー	3424
1563	100000000000029645	ﾌﾟﾗｸﾀｰ	3420
1564	1400000000000098441	SEVEN	3413
1565	1500000000000050110	きょうすけ	3394
1566	800000000000002089	まえすけ	3390
1567	900000000000082323	アリス１９	3389
1568	1000000000000092150	オマル	3374
1569	500000000000098437	甘鯛	3366
1570	1400000000000007538	you	3364
1571	500000000000083252	ちゃん	3358
1572	100000000000029986	こうちゃん	3356
1573	1300000000000074489	アルジェント	3352
1574	1100000000000099414	うに	3346
1574	1500000000000000418	ＴＡＫ	3346
1576	1000000000000027066	草薙丸	3340
1576	1100000000000080219	baban ban	3340
1578	1200000000000072900	さんよう	3326
1579	100000000000012807	しょうりん	3324
1579	1400000000000052146	（ﾟーﾟ）	3324
1581	300000000000021838	ケリーP	3320
1582	1500000000000005836	シェルパ	3314
1583	600000000000096884	やきりんご	3313
1583	1400000000000047818	ぐる	3313
1585	100000000000029782	ウィス	3303
1586	1000000000000045047	ひろひろ	3297
1587	700000000000088640	CHAKi	3286
1588	300000000000097645	かいと	3280
1589	700000000000046890	ふろん太郎	3274
1590	600000000000073651	雑穀	3273
1591	1400000000000097348	原PECO	3262
1592	100000000000015867	すいーつ(笑)	3261
1593	800000000000076076	あか丸	3257
1594	1200000000000097178	hamario	3256
1595	1000000000000080621	Cycrop	3251
1596	100000000000037161	天 雪 風	3242
1597	1500000000000037791	あきぽん	3226
1598	300000000000023002	おぱぴょん	3225
1599	1100000000000000811	快盗レトルト	3219
1600	400000000000073226	スヌーピー	3218
1600	1200000000000095336	カズト	3218
1602	600000000000061030	ワタハ	3213
1603	900000000000083583	空前	3211
1604	1400000000000001708	アリアス	3210
1605	1400000000000068191	風寺門	3202
1606	600000000000002683	Aki	3199
1607	900000000000042043	花子	3193
1608	200000000000098336	にっしゃん	3191
1609	1000000000000005677	emanon	3186
1610	900000000000097548	じるみ	3164
1611	700000000000029410	イクス	3153
1612	100000000000000078	伊集院☆確斗	3143
1612	400000000000033593	いし	3143
1614	1400000000000029028	黒桜雨キリヱ	3140
1615	300000000000003101	ロシアネコ	3135
1616	700000000000053320	パン	3128
1617	500000000000039022	やまざわ	3127
1618	900000000000001749	浮世‐これ以上アプリ増やしたくない‐	3126
1619	800000000000052137	閃鬼	3124
1620	600000000000003123	チアキ	3118
1621	600000000000030151	Sporogum	3115
1621	800000000000052000	ばんぞう	3115
1623	700000000000053066	クサリヘビ	3114
1624	600000000000010038	320	3109
1625	1300000000000000198	タスタイ	3102
1626	700000000000081172	ナンプラー	3096
1627	500000000000094210	Player 1005999781	3087
1628	200000000000092105	にく	3071
1628	1400000000000074084	まつり	3071
1630	700000000000035200	SHUSHU	3061
1631	99987	黒苺	3060
1631	400000000000000999	メガフェップス	3060
1633	800000000000099675	アクティヴレイド-機動強襲室第八係-	3058
1633	1200000000000004735	くろあり	3058
1635	600000000000029663	みっくん	3057
1636	1300000000000083899	ｐｐｐ	3054
1637	800000000000001380	ぴすけす	3052
1638	1500000000000096461	ケンジロー	3040
1639	500000000000049580	めろりん	3039
1640	1000000000000044699	ソコム	3029
1641	900000000000008340	スズミヤ	3025
1642	500000000000027852	タカヤ	3019
1643	1200000000000061883	haruo（忍<shinobu〉）	3015
1644	1400000000000005131	るるる	3008
1645	1300000000000096843	VIVID	2999
1646	500000000000034024	くろ	2991
1647	300000000000005313	じ	2989
1648	300000000000084955	前森数規	2971
1648	900000000000084691	jaxe	2971
1650	1200000000000021780	うな	2964
1651	500000000000020561	You&I	2963
1652	1300000000000001521	みやっち	2961
1653	1400000000000018894	toshi	2948
1654	1100000000000016148	Soe	2945
1655	10345	きさらづ	2938
1655	1100000000000098196	よっしー６	2938
1657	400000000000057011	kazu15973	2936
1658	1200000000000011800	ナイツ	2932
1659	100000000000050734	Miyakan	2894
1660	500000000000097151	アレス	2893
1660	1200000000000084396	NLFC	2893
1662	200000000000091197	ディエゴ	2890
1663	700000000000011579	かれは	2887
1664	1300000000000076106	イカトゥン	2875
1665	1300000000000071701	Kannasuki	2866
1666	592	france	2864
1667	100000000000097793	みそおでん	2858
1668	1200000000000055426	ウエサム	2853
1669	800000000000033166	エスプーマ	2851
1670	1100000000000086331	燻製	2848
1671	700000000000095325	しのぶ	2846
1672	21622	ema	2842
1673	1000000000000061220	鍔止め	2841
1674	1500000000000096635	Camus	2838
1675	900000000000023387	ゲキ	2834
1676	1000000000000081099	デミタス	2832
1677	600000000000099161	ますみ	2826
1678	500000000000002679	ちゃ素	2808
1679	1200000000000003087	ヒロ☆	2803
1680	500000000000046263	カズマ	2796
1681	700000000000034271	ペソギン@がんばらない	2785
1682	800000000000089329	うぃんぐ	2782
1683	1000000000000097138	tkp	2779
1684	100000000000044956	エビヤン	2775
1685	81939	shuosamu	2768
1686	800000000000021895	ＲＡＩＬＧＵＮ	2755
1687	500000000000002336	日向秀樹@誰がハゲじゃ！	2754
1688	900000000000016465	マコト	2748
1689	900000000000004850	なっくん	2738
1689	1500000000000094462	お兄ちゃん	2738
1691	700000000000080361	カクリコン	2730
1691	1100000000000030409	ひとで	2730
1693	1100000000000042303	blueQox	2728
1694	1100000000000020580	こかとりす	2721
1695	100000000000052492	らいちょう	2718
1696	200000000000009870	たとみ	2714
1697	400000000000005262	大欲なすっとん卿	2712
1697	900000000000038568	ヌカヅケ	2712
1699	1200000000000008286	たま	2711
1700	400000000000098924	Wisteria	2705
1701	100000000000091983	kahuna	2694
1702	1200000000000026009	ひさぽん。	2692
1703	800000000000000847	マルトキ	2682
1704	200000000000074122	びお	2679
1705	200000000000047194	紀鈴	2678
1705	800000000000076175	蓮華	2678
1707	700000000000062947	ヤマ	2663
1708	1200000000000061413	カビすけ	2660
1709	500000000000010356	かの	2657
1710	1500000000000081936	icend	2649
1711	500000000000014239	べるべっと	2648
1712	1500000000000051547	yuki	2643
1713	100000000000016246	イチ	2640
1714	9751	マリンバ	2632
1715	1400000000000081206	津守8108	2628
1716	1200000000000000340	ぴよひよ二等兵	2625
1717	900000000000027125	シッポー ﾟ.*･｡ﾟ☆*゜	2615
1718	600000000000020597	てくてく	2611
1719	500000000000055970	関拓	2608
1720	1500000000000055169	淳五郎真之	2607
1721	1200000000000003164	かしおり	2604
1722	300000000000005970	つっちー	2601
1723	1000000000000016390	しざー	2599
1724	900000000000006795	エノ	2598
1725	1100000000000007290	10mo	2577
1726	1400000000000092299	くうー	2574
1727	700000000000058632	スープバー	2570
1728	1500000000000079940	T-ホーク	2563
1729	200000000000007976	レベルゼロ	2557
1729	1200000000000061708	ひうみん	2557
1731	1200000000000005202	tostossot	2551
1732	1400000000000074713	koharu09	2548
1733	400000000000083086	yoko_	2544
1734	200000000000006948	ヤスダ	2543
1735	700000000000033776	ヒロ	2542
1736	1200000000000097590	Nicolas	2521
1737	1200000000000083611	真赤	2515
1738	1500000000000061536	みゆう	2506
1739	1300000000000084090	甘楽	2504
1740	1100000000000027962	シン	2502
1741	200000000000024373	～ｴﾙｻﾞ～	2490
1742	1200000000000012764	キリト	2480
1743	700000000000086092	名無し	2475
1744	97050	りけ83	2473
1745	1300000000000013294	霧人	2471
1746	12525	セシル	2465
1747	600000000000076941	OWee4th	2461
1748	1000000000000001827	マサキ＠マイセン	2457
1749	200000000000004390	すずこう	2456
1750	1300000000000078455	かさかさ	2451
1751	800000000000000947	koti	2449
1752	1200000000000098917	Vividrabbit	2448
1753	300000000000008484	なっちゃん	2444
1754	100000000000099499	シンザンP	2436
1755	500000000000028284	副作用	2427
1755	1200000000000080387	モヤビー〆〆	2427
1757	400000000000002710	RR	2417
1758	900000000000061860	あお	2412
1758	1100000000000008472	すろかぶ	2412
1760	1100000000000091695	圭江州	2403
1761	1200000000000001747	arcadia	2395
1762	1200000000000093716	erra	2388
1763	400000000000002010	源罪値	2387
1764	1500000000000047075	雷也	2385
1765	700000000000098336	ちりう	2366
1765	800000000000080836	翡翠	2366
1767	100000000000096880	シラリ	2363
1767	1000000000000005150	ハム	2363
1769	400000000000034255	ヨッシー	2345
1770	200000000000054505	かかお	2338
1771	1300000000000087245	yoh	2334
1772	1100000000000005937	もっちょ	2331
1773	100000000000016611	紺 ☆ ｺﾒ流れたらｺﾞﾒﾝﾅｻｲ ☆	2330
1774	1100000000000099462	ニトロベンゼン	2329
1775	700000000000002762	ぴよぴよ	2326
1776	600000000000098227	キング	2315
1777	100000000000085454	Ondulxxx	2314
1778	100000000000030567	えどがわ	2311
1779	700000000000005118	なつ	2303
1780	300000000000002433	vyo	2302
1781	1400000000000084061	ヴぁい吉	2300
1782	1500000000000093035	みみ	2297
1783	16348	ティム	2295
1784	800000000000046529	なんか勢	2292
1785	1400000000000098941	Player 1007127662	2288
1786	1000000000000084769	ゆうくん	2286
1787	600000000000035452	もじのの	2276
1788	1400000000000096817	よっしー	2272
1789	1500000000000035805	リョウ	2259
1790	100000000000037882	ともや	2250
1791	500000000000087149	ツバキ	2234
1792	600000000000096405	エスカマリ	2230
1792	900000000000085411	TERA0622	2230
1794	1500000000000032290	ゆうひ	2218
1795	300000000000094597	Ppp	2214
1796	1500000000000044919	ｱﾈｰﾛ[休み、休み参加中]	2207
1797	800000000000017221	虎吉	2205
1798	900000000000033731	かまちゃん	2191
1799	600000000000003588	ゆき丸	2188
1800	900000000000079649	Player 1004188313	2167
1801	300000000000033583	バルさん	2156
1802	400000000000003157	バラム	2139
1803	300000000000096011	あさたろ	2128
1804	600000000000001388	たく	2126
1805	85462	たぬき	2124
1805	400000000000065102	アルト	2124
1805	1300000000000019714	kaya	2124
1808	800000000000038500	夏草	2119
1809	600000000000014643	木村木村木	2116
1809	1400000000000052537	クルクル	2116
1811	1200000000000093791	Player 1006028156	2106
1812	300000000000043150	にゃおぬあ	2105
1812	1400000000000073996	いわやじ	2105
1814	362	げんじ	2097
1815	500000000000050977	mayers	2096
1816	500000000000058758	saturn	2094
1817	200000000000100313	かわい	2088
1818	1500000000000003644	sskm凹	2081
1819	1100000000000050421	奈倉	2079
1820	400000000000035325	ウッチェラ	2078
1821	6751	Rotary Soul	2073
1822	1000000000000081262	あじゃぱー	2072
1823	1500000000000054492	カスタード	2070
1824	900000000000008338	おれお	2064
1825	1200000000000055441	風見鶏 翠	2052
1826	700000000000009494	saxblue	2049
1827	700000000000074322	ゆと	2048
1828	700000000000078563	ボン	2034
1828	1100000000000095530	タケノコ	2034
1830	1200000000000005824	翠鈴α	2025
1831	1400000000000052626	わい	2024
1832	95135	カヅキ	2010
1833	900000000000061400	すりっぱ	2007
1834	400000000000003344	メロスケ	2004
1835	600000000000010332	れいな@EH相互HHP海美埋め募集。EH海美有り	2002
1836	600000000000080431	たまめ	1993
1837	76974	あたりめ	1984
1838	1300000000000041790	pippo	1976
1839	300000000000001694	たけまっさ	1975
1839	1000000000000024690	sulf@美奈子にお世話されたい	1975
1841	46539	うるし	1961
1842	600000000000079790	sui-un	1960
1843	1000000000000098478	つばくろう(仮)	1934
1844	100000000000055769	gut	1932
1845	1500000000000094945	納豆仮面	1930
1846	400000000000099144	夕陽ゆの	1922
1846	700000000000008117	gausho	1922
1848	1200000000000003643	mezzoforte	1917
1849	1200000000000004137	どむっち	1916
1850	1200000000000006904	べるぐ	1915
1851	800000000000098741	ヒラベルト	1904
1852	1400000000000056358	はなさかな	1896
1853	100000000000076950	缶けり	1894
1854	100000000000054038	トリプルデイP	1883
1855	1400000000000075295	しろっこ	1882
1856	1000000000000000780	たけりってぃ	1878
1857	1100000000000021378	ましひろ。役立たずでスンマセン。	1873
1858	800000000000025569	のっち(Si-R)☆千早P	1872
1859	1200000000000052284	けー	1862
1860	900000000000097365	まりも	1861
1861	1300000000000005486	とんこつＲ	1860
1862	400000000000000258	カタナ厨	1858
1863	600000000000004285	にく	1854
1864	100000000000055881	春菊オトリ	1846
1865	1500000000000001072	かずくん	1845
1866	400000000000098040	メルクリス	1844
1867	500000000000099965	一通	1842
1868	1200000000000093866	こうの	1819
1869	500000000000098059	いずも	1816
1870	300000000000097417	キラ	1815
1871	1400000000000006879	なおきち	1812
1872	1100000000000099203	waon	1806
1873	800000000000056768	white	1805
1874	600000000000097808	泡星	1804
1875	600000000000079030	いつき	1802
1876	79913	甲山虎	1795
1877	300000000000031213	Kaz	1794
1878	300000000000008395	りゅう	1787
1879	300000000000093505	TSUYOSHI	1783
1880	700000000000072163	マサ	1780
1881	1200000000000074178	渚	1779
1882	1200000000000097916	よう	1775
1883	600000000000000023	Sanno	1772
1884	1200000000000045203	オクシオーヌ	1768
1885	500000000000081242	Player 1004445637	1767
1886	600000000000051288	Masa	1766
1887	700000000000075639	ほろ酔い侍	1761
1888	400000000000094829	コウタ	1758
1889	300000000000099104	くま	1755
1890	100000000000014550	ﾃﾞｸｽ_皆に感謝、マイペースです〈仕事多忙〉	1754
1891	500000000000088004	マーブル	1753
1892	1300000000000057323	nnn	1748
1893	400000000000099463	324	1736
1894	800000000000068557	アイソン	1734
1895	200000000000081437	春城	1728
1896	600000000000084185	よっぴい	1718
1897	500000000000044632	まさ(最近ドリダンジョンきついよ)	1716
1898	700000000000096962	もんたん	1708
1899	1200000000000085409	あるこん	1706
1900	900000000000030841	生涯中二病P	1702
1901	500000000000000440	xyrus	1696
1902	1500000000000059031	ケンボー	1695
1903	800000000000005636	びゅう	1687
1904	600000000000080759	ノエタン	1684
1905	900000000000080019	ぽてこP	1679
1906	200000000000080291	ちくたく	1656
1907	900000000000098472	花225	1655
1907	1200000000000052509	イッル	1655
1909	1500000000000035903	たけぽん	1653
1910	300000000000006479	VARIS	1650
1910	300000000000079141	ishimoty	1650
1912	1400000000000049043	山	1648
1913	1500000000000083822	hanyapon	1646
1914	1400000000000095392	らいと	1644
1915	700000000000001432	こうてい	1643
1916	1300000000000030365	カシオペア	1634
1917	700000000000001072	刻	1633
1918	300000000000098323	yjoyjo	1630
1919	15405	ブリピヨ	1627
1919	1000000000000072556	ＴＡＫＥ要請▲暫く多忙	1627
1921	1200000000000001795	ミケ	1626
1922	200000000000078413	Water Field	1624
1923	1300000000000015013	かざはな＊	1620
1924	600000000000094309	yyy	1618
1925	300000000000000260	カミクズ	1616
1925	800000000000022080	supika	1616
1927	100000000000025200	Sinra	1605
1928	1500000000000096517	SWL	1603
1929	500000000000051236	ooo	1602
1930	200000000000000911	クロス	1599
1931	1400000000000054982	るーでる	1597
1932	1500000000000003934	まいくろ	1593
1933	1400000000000099701	たっきー	1585
1934	900000000000098155	のらせ	1584
1935	300000000000053703	みずなし	1572
1935	1000000000000059473	ロム@千早P	1572
1937	600000000000034128	ただの	1565
1938	800000000000073020	tanku	1562
1939	1000000000000003161	さんどめ	1551
1940	1100000000000004537	JCVD	1544
1941	1300000000000001277	未由	1540
1942	800000000000009969	白雪@貴公子	1539
1943	50039	あとら	1538
1944	700000000000025849	ブキャナン	1535
1944	1300000000000015705	akot	1535
1946	1000000000000099394	トキサン	1528
1947	1200000000000001428	勉助	1526
1948	2059	〆	1520
1948	1200000000000086456	ラットル	1520
1950	700000000000020173	MA	1510
1951	100000000000099530	Player 1007427185	1508
1952	59510	viper	1506
1953	200000000000028129	ＰＨＴＭ	1505
1954	800000000000077229	ニノ	1504
1955	1400000000000034734	アシラさん	1498
1956	94990	Player 1006123568	1494
1957	200000000000046901	ロミ	1490
1958	100000000000049899	HN	1486
1958	100000000000053591	reirena	1486
1960	400000000000056299	まるみ	1482
1961	700000000000053491	monaka	1480
1962	1400000000000055637	Yana	1475
1963	1300000000000002116	ルーシー	1471
1964	700000000000022388	小鳩	1459
1965	100000000000062946	まるヒロ	1455
1966	1000000000000003169	かとる(ぺん)＠同僚募集中	1454
1967	200000000000078277	わき	1440
1968	600000000000007043	キラヤマト6417	1439
1969	1500000000000008439	ふぇぶら～	1437
1970	99637	K_K	1434
1971	300000000000078388	こーた	1432
1972	1400000000000047926	ちーたん	1428
1973	1300000000000082989	こんにゃく	1426
1974	100000000000095941	はるやまたかゆきのすけ	1425
1975	1200000000000026111	まさお	1420
1976	400000000000001243	MLR	1412
1976	500000000000046823	きむ	1412
1978	100000000000005062	ミルル	1411
1978	800000000000061904	KAZU	1411
1978	1400000000000052775	モーリー	1411
1981	600000000000042645	アサギ	1410
1982	900000000000000436	りんご酢	1409
1983	900000000000061552	ヒカタロス7	1395
1984	600000000000050548	ホワイト	1391
1985	1300000000000057165	でんちゅう	1390
1986	500000000000077415	すふれ	1389
1987	1300000000000091689	ひろたん@アバコン達成です(//∇//)	1388
1988	1100000000000094246	わたA.I.E.N	1385
1989	400000000000005415	SIREN	1381
1990	400000000000091926	Player 1005735348	1377
1991	800000000000073606	ふふふろ	1375
1991	1300000000000081217	あいおい	1375
1993	1500000000000075295	アトモ	1368
1994	300000000000032562	天城龍慶	1366
1995	800000000000003980	てらてら	1364
1996	1200000000000052025	Aisha	1358
1997	900000000000004586	なゆた	1357
1998	400000000000007776	丹生谷 森夏	1356
1999	200000000000036720	乳酸菌	1355
2000	1000000000000083423	lc42	1354
2001	1100000000000008885	カトラン	1350
2001	1500000000000085186	exippei	1350
2003	800000000000029216	ZERO	1348
2004	200000000000039933	村上文緒	1347
2005	88279	酢さん太郎	1339
2005	800000000000095487	フォル	1339
2007	1300000000000076044	狐火	1336
2008	100000000000097410	S	1335
2009	1777	雪りんご	1326
2009	700000000000009920	NAVY	1326
2011	79686	家庭型カトリーヌ	1325
2012	1300000000000022110	ヴィータ	1323
2012	1400000000000020221	CASSI	1323
2014	1500000000000000928	ゆうちん	1317
2015	1200000000000029302	おなす	1315
2016	1300000000000087559	player1005238029	1314
2017	700000000000097978	空那	1312
2018	100000000000006363	める	1311
2019	1300000000000058894	のんび…	1308
2020	100000000000000721	植木鉢	1306
2020	1300000000000074261	無頼庵	1306
2022	100000000000098315	Kei	1300
2023	1500000000000099552	ohsugimasaki777	1298
2024	900000000000003531	NBSK	1297
2025	1400000000000094692	クラウド	1291
2026	300000000000099257	aramasi.R	1288
2027	600000000000003098	MATCHY	1283
2028	500000000000031500	ソラフミ	1280
2029	100000000000049608	ヘイグン	1278
2029	1100000000000098274	Player 1007072123	1278
2031	96681	タッソ	1277
2031	1300000000000074481	河上小鉄	1277
2033	200000000000001521	ドラキー	1271
2034	200000000000054933	t-4uirg	1268
2035	800000000000074884	唐草	1266
2036	1200000000000085540	えりーぜ	1258
2037	200000000000029947	ｸﾗｳﾄﾞ	1253
2038	700000000000072382	夏空	1247
2038	800000000000030203	村崎野	1247
2040	1200000000000092338	幸伸 (3G運用中)	1245
2041	700000000000086052	じゅんや	1242
2041	900000000000091622	ぷっちん	1242
2043	100000000000000188	夕月	1240
2044	500000000000017593	ハルクスター	1238
2045	87049	アナ工	1233
2046	1200000000000000897	TKT	1229
2047	200000000000037547	y@n@	1227
2048	500000000000082373	タチコマ	1225
2048	1500000000000010280	shadowvoice	1225
2050	100000000000036557	ana(アナ)	1217
2050	800000000000095542	ゆか	1217
2052	800000000000006422	レモリア	1201
2053	100000000000019772	マサ	1198
2054	300000000000075024	参謀P	1196
2055	600000000000005750	のーつー	1194
2056	1100000000000096809	桜餡	1192
2057	300000000000099388	ほるほりゅう	1186
2057	1300000000000073685	ジョン3	1186
2059	300000000000003959	タケちゃん	1185
2059	500000000000099481	raku	1185
2061	1500000000000056125	Hugomikony	1182
2062	1500000000000000726	コーエン	1176
2063	300000000000030261	えつお	1174
2064	1400000000000001000	メリメリ＠相互埋め同僚募集	1170
2065	600000000000003135	む～	1166
2065	1300000000000020549	しょ～ぢ	1166
2067	300000000000098937	マロングラッセ	1163
2068	1300000000000004041	沙夜	1156
2068	1500000000000097858	コロ	1156
2070	1500000000000001497	夏目な爪！	1150
2071	400000000000056926	TAKE 2ND	1149
2072	200000000000044982	カエルくん	1143
2073	800000000000098594	卯月	1136
2074	1100000000000001079	さくら	1135
2075	1500000000000072177	すぎし	1132
2076	200000000000097357	カナゴン	1122
2077	500000000000078096	まいまい	1119
2078	200000000000023011	LURK	1118
2078	1000000000000054359	ちひゃー＆千早	1118
2080	400000000000006936	ロイテル	1116
2081	1400000000000000954	ゾルダー	1113
2082	200000000000004208	ハロルド	1112
2083	1000000000000023831	もいら	1111
2084	900000000000051041	しげち。	1110
2084	1400000000000006526	ﾌｫﾙ	1110
2086	900000000000098828	ララすけ	1109
2087	900000000000086390	トモカネ	1108
2088	1400000000000003541	ピースP	1105
2089	100000000000085301	GTHM	1101
2090	1300000000000000478	pixy	1097
2091	1300000000000021129	くどまり	1096
2092	1100000000000013462	木幡	1095
2092	1300000000000063256	七生	1095
2094	1500000000000000396	megane	1091
2095	1100000000000020327	猫じゃらし	1079
2096	200000000000062308	アマスク	1068
2097	1100000000000004660	Ｊ．Ｊ	1065
2098	600000000000061571	16回切りが出来そうな人	1062
2099	100000000000100152	Player 1007809905	1058
2100	500000000000009055	しっぽ@BMD相互	1054
2101	400000000000014570	(ﾟ８ﾟ)放置	1047
2101	1500000000000030849	とっぽ	1047
2103	700000000000024719	潔白	1046
2104	1500000000000012987	来栖川芹香	1040
2105	500000000000020630	ああしゃ	1035
2106	900000000000099120	鳴牙	1029
2107	1300000000000001778	シュー㌧	1026
2108	158	金平糖	1016
2109	200000000000019142	ミリー	1014
2109	600000000000099762	luka	1014
2109	1200000000000003556	ギップル	1014
2112	1200000000000021894	ハルカスキー	1013
2113	1300000000000052922	かなぎ	1012
2114	75909	牛蒡	1011
2114	200000000000062557	ほたる	1011
2116	1400000000000056263	たいらの	1005
2117	100000000000007673	かぉ	1003
2118	600000000000055445	華村翔真	999
2119	400000000000085781	Dかんたー	997
2119	1300000000000004630	南風ぱ	997
2121	1000000000000000016	ろう	996
2121	1000000000000004913	ミズ	996
2123	400000000000088128	西海	982
2124	900000000000059704	新谷真司	980
2125	700000000000100069	茶輪	979
2126	200000000000008334	マリア…これでいいんだろ？	976
2127	200000000000074894	エルシオン	974
2128	500000000000085845	まつきち	970
2129	700000000000075949	ムラクモ	966
2130	600000000000006328	[二重螺旋(ﾈｶﾞﾃｨﾌﾞｲﾝｽﾄｰﾙ)]美乃ヴ	959
2131	100000000000079252	多津夜	957
2131	400000000000073681	崔丸	957
2133	1300000000000078416	しかお	949
2134	1200000000000023509	チロルチョコ☆	945
2135	700000000000032355	ゆうひ[ｶｰﾌﾟ優勝(^o^)v]	943
2136	1400000000000051026	アカツキ	934
2137	1200000000000099340	RuruP	933
2137	1300000000000026409	Comediablue～行くぞ大洋～	933
2139	600000000000036584	桜龍	928
2139	800000000000052422	キリタンポン	928
2139	1000000000000018126	サイ( ´ ▽ ` )ﾉ	928
2139	1100000000000096539	るか	928
2143	1200000000000080235	ロクサス♪	924
2144	1300000000000004121	まさき	918
2145	600000000000004069	あかま	916
2146	100000000000021033	ぶっくん	915
2146	900000000000079776	くにさん	915
2148	88566	ひまわり	912
2149	400000000000076293	ぺちゅ	910
2149	900000000000019842	ファイン	910
2149	1400000000000005598	ぼんた＠百合子P	910
2152	900000000000007715	ダイ	908
2153	81662	朱雀	904
2154	500000000000012328	新谷	903
2155	400000000000099900	whitegret	902
2155	1400000000000080801	アセラ	902
2157	500000000000050941	国士無双	900
2158	1300000000000013827	わんわん	899
2159	20473	山猿改	898
2160	900000000000068367	十六夜まこてぃ	896
2161	500000000000081148	らすくまん	891
2162	1100000000000008515	ブルート	890
2163	1300000000000096787	メロントロン	886
2164	600000000000014989	希望	882
2165	1300000000000006979	芥子	880
2166	700000000000008082	ぬこきんぐ	878
2167	100000000000036902	sりう	872
2168	800000000000096420	シャミセン	868
2169	800000000000076915	ta	866
2170	700000000000086224	Player 1005062839	864
2171	100000000000014055	big-five	856
2171	500000000000054427	にゃんと3939	856
2173	200000000000001138	Lucifer1109	855
2174	400000000000091402	翠楓@同僚募集中	850
2174	1500000000000093154	けんta	850
2176	800000000000096138	むん	842
2177	49821	かぼたん	840
2177	1400000000000081791	リョウ	840
2177	1500000000000000810	松竹梅みならい	840
2180	200000000000100386	よすみ	837
2181	800000000000084579	せふぃ	836
2181	1000000000000088079	みやしろＰ	836
2183	500000000000060726	9:02pm	833
2184	700000000000096921	ほしみ	830
2184	1500000000000007254	赤ぶち	830
2186	1100000000000038830	もすくわ	828
2187	100000000000004692	赤い狐	825
2187	600000000000043568	Killa	825
2187	900000000000097688	もちもち町長	825
2187	1400000000000022502	TAKAAI	825
2191	1400000000000000003	aka3kichi	822
2192	1000000000000031136	雪枝	819
2193	1200000000000052142	潮来梯	814
2194	1200000000000024774	ななふく	813
2195	200000000000008563	とくとく丸	812
2195	1300000000000087014	なっぱ	812
2197	600000000000031973	コージー	810
2198	800000000000033771	のんちき	808
2199	1500000000000005702	Ｄ.ゆたか	807
2200	1000000000000099883	スバロー	805
2201	200000000000022279	バンちゃん	804
2202	1500000000000061845	ナニ	801
2203	1100000000000041227	トモルー	800
2204	700000000000100016	瑠音	796
2205	600000000000004029	いちる	794
2206	200000000000099161	だいち	792
2207	100000000000054305	GYM	787
2208	300000000000098950	蓋付	784
2209	1200000000000028224	ダイナマイト四国	783
2210	57562	ガロ	782
2210	800000000000097248	Air	782
2212	200000000000021738	とけたみ	781
2213	300000000000092921	白メガネ	769
2214	1000000000000097205	ジーノ	766
2215	500000000000080099	Daifuku0921	765
2216	400000000000060663	えま	764
2217	300000000000021716	コン	762
2217	700000000000060571	こしひかり	762
2219	600000000000031495	定さん	755
2220	500000000000083974	tyaosuke3	752
2220	1100000000000060836	晃	752
2222	300000000000047857	黒田銭蔵(ピザブラック代表取締役)	750
2223	1200000000000007797	まさ＠ネオ茨城代表	748
2224	700000000000094441	らむりん	747
2225	600000000000001651	銀皿	746
2226	300000000000047782	hbbnn430	745
2226	600000000000000065	まはとま	745
2228	1100000000000055094	紳士	737
2229	300000000000096138	ryusen	735
2230	1000000000000019418	かりんとう	734
2231	100000000000050932	虎	732
2231	200000000000036673	史@浜風P	732
2233	1300000000000002005	れんふ	730
2234	600000000000060091	ふゆぼね	729
2235	300000000000045412	ハラボー	726
2235	500000000000076385	ディエゴ	726
2237	500000000000050146	ymt_Melxu	723
2238	500000000000000320	なすびん	721
2239	81978	沢伍	717
2240	100000000000098363	spica	714
2240	700000000000098034	あるすーか	714
2242	1100000000000078219	なぎ	709
2242	1300000000000005709	らどちょう	709
2244	1100000000000097440	ぼんば	708
2245	1300000000000002477	ここ	706
2246	1100000000000008756	うにゃにゃ	705
2247	700000000000009556	shinku1225	704
2248	900000000000056630	カーボロッキＰ	702
2249	1300000000000052939	toshi072	699
2249	1500000000000052051	しんじ	699
2251	1100000000000099622	鳴瀬	698
2252	800000000000071378	あんどりゅー。	692
2252	1300000000000098501	白くじら	692
2254	1500000000000073827	にらたま	691
2255	1364	七夏	689
2256	5039	からはい	687
2257	100000000000079436	柴田杜彦×	684
2258	800000000000080661	ドライブ	683
2259	100000000000099899	ブラス	670
2259	1300000000000019756	マサムネ	670
2261	1500000000000036091	ゼリーパクパク	667
2262	1400000000000080665	tone	666
2263	600000000000001331	マロニ ー	665
2264	400000000000046337	りゅうがくP@さよキチ	664
2264	1100000000000011148	マキバオー	664
2266	400000000000027714	エンジ	661
2267	100000000000023811	IDAMM	660
2267	900000000000003413	凸ちゃん	660
2269	500000000000000377	フサギコ	658
2270	900000000000051728	かっきー	656
2271	800000000000087790	Player 1005521544	650
2272	98276	ハリィ	649
2273	1100000000000097000	デイビー	648
2274	31864	相川さんのメガネ	645
2275	300000000000057853	守銭奴	644
2276	1100000000000002796	うえ	638
2277	47777	p@Pa	637
2277	1400000000000097437	カヴタロ@無言同僚募集	637
2279	200000000000059510	シロ	636
2280	800000000000002271	ひが	632
2281	200000000000001302	ばっくす	630
2282	200000000000061860	ともみ★たかみな押し	628
2282	1500000000000027454	懐中時計	628
2284	1400000000000075526	ニューロマン	623
2285	300000000000085339	Mspiral	622
2286	400000000000022563	シン	621
2287	700000000000017154	ぐっちー …仕事は結構多忙(^_^;) 【9月】	620
2288	500000000000011724	まわり	618
2289	600000000000023216	kemusi	616
2289	700000000000061943	杏美?	616
2289	1200000000000075880	朱雀	616
2292	100000000000035504	あおおか	615
2293	800000000000051288	(仮)	613
2294	600000000000096188	襟	604
2294	1500000000000090959	はるさめ	604
2296	1300000000000061288	雪クジラ	603
2297	600000000000094103	うどん粉	602
2297	1400000000000053092	荒波P	602
2299	500000000000007461	AIMﾏﾝ	601
2299	1400000000000042580	水踊or新川武彦	601
2301	800000000000061403	のん	598
2301	1000000000000098219	傀儡	598
2303	1400000000000049261	沈黙の凡人	596
2304	1300000000000093824	しうぞ	595
2305	200000000000082573	Ei	591
2305	800000000000002063	アロマカレー	591
2307	700000000000097502	イカ	586
2308	800000000000008392	こえま	585
2309	200000000000039070	亮輔	582
2310	95937	のぶまし	580
2310	400000000000059648	やまけん	580
2312	600000000000029255	りょんた	578
2313	800000000000017399	ゆう	573
2314	1000000000000083987	白虎	568
2315	200000000000096036	べるかる	563
2316	600000000000098996	shankai	562
2316	700000000000018911	ensemble	562
2316	1100000000000052159	シェフ大泉	562
2319	300000000000054149	ももかん	561
2320	500000000000098899	兎鳴詩	555
2321	1300000000000077525	クロ189	554
2322	73951	かつ丼	546
2322	1100000000000036264	アユ	546
2324	100000000000085834	nikkle	545
2325	900000000000017261	放浪カモメ	541
2326	900000000000005802	コザ	538
2327	20071	明日	534
2327	800000000000051011	がわっそ	534
2329	300000000000099871	メルラン♪【要請:】	533
2330	1500000000000005315	ｱｫ	530
2331	600000000000060851	Joy	529
2332	700000000000085978	ししょうや@あずさP	528
2332	700000000000099333	はりがね	528
2334	400000000000004739	ヒカル	527
2335	1100000000000050156	笹	524
2336	200000000000001435	囚人	523
2337	1300000000000096781	ユウ	522
2338	1400000000000000350	さんご	521
2339	1000000000000099792	てと	519
2340	600000000000001878	鮭＠捕獲中	516
2341	2561	いいぼう	510
2342	500000000000002598	りだ	507
2343	400000000000085848	ガチャン	504
2344	100000000000097096	mizuki	501
2344	1100000000000091158	ねこ	501
2346	800000000000005981	@k！＠はるか	496
2346	1100000000000083746	星峰	496
2348	800000000000008368	鹿島	493
2349	300000000000015932	カルキ	488
2349	1000000000000037344	TOMO	488
2351	400000000000095584	ほりえ	486
2352	1400000000000002268	きさ空○要請△～×	482
2352	1400000000000034976	第一分団 パート2	482
2354	700000000000098719	たぬき	480
2354	1300000000000086372	ton-ton	480
2356	1300000000000006433	かませいぬ	478
2357	1300000000000052215	ゆずぽん	473
2358	100000000000085508	ペテ	466
2359	1400000000000050362	ひのき	463
2360	100000000000080347	ベンさん	459
2361	1300000000000001738	キャスケット	458
2362	1200000000000099435	Player 1007678716	457
2363	900000000000037659	みっし	456
2363	1400000000000100279	黒刃	456
2365	50248	白蛇∽黒蛇	454
2366	30360	ピルクル	453
2367	57189	ユッケ	452
2368	1400000000000017337	クリムゾン	450
2368	1400000000000086271	hoshi.33	450
2370	1000000000000043493	ゆゆさま～	448
2370	1200000000000006719	ナナフシ	448
2372	200000000000008161	てぃる	444
2372	1300000000000004704	ハトさん	444
2374	1500000000000096349	ぽじてぃぶお化け	440
2375	800000000000062098	大熊ねこ	437
2376	300000000000051334	ひろ	432
2376	800000000000005232	ｼｪｵﾙ	432
2376	800000000000094801	かなで	432
2379	300000000000086490	ナオタカ	430
2380	100000000000100030	ケンゴ	428
2380	1400000000000077824	とときん	428
2382	100000000000007323	muscat	424
2383	100000000000051089	ハカセ	423
2384	500000000000003445	まっぴー	422
2385	1300000000000080396	次郎ちゃん	421
2386	98641	カカロット	420
2387	600000000000054603	エーリカ	419
2387	700000000000058222	キビタキ	419
2387	800000000000077275	やぎ	419
2390	1500000000000100020	やまうち	418
2391	400000000000051938	まりかちゃん	417
2392	79257	Player 1004056080	416
2393	200000000000097322	楡	415
2393	300000000000093600	雑草主食県民	415
2395	98293	アイマス最高	411
2395	800000000000079191	MK(^p^)	411
2395	1500000000000093106	ピコハン	411
2398	500000000000039513	かいとん	408
2398	600000000000098005	しょーいち	408
2400	1500000000000075799	はるき	407
2401	1300000000000052615	きちご	405
2401	1300000000000080244	ひでと	405
2403	1200000000000007689	猫仮面	403
2404	600000000000075724	かず	400
2405	1400000000000088373	さとみつ	397
2406	100000000000039943	コミュ濱P	396
2407	100000000000055990	仁座文衛門	392
2408	200000000000041010	優愛(in率低下中～※無しm(_ _)m)	391
2409	400000000000013300	シャルン	389
2410	700000000000004953	四糸乃	386
2411	400000000000015503	あるれん	381
2412	88138	イカロス	380
2413	600000000000099479	アリマ	373
2414	100146	なら	369
2415	400000000000071227	もろ	365
2416	900000000000020456	シンク	362
2417	34835	コジロー	360
2417	200000000000100192	小黑@きらり担當P	360
2417	300000000000061915	しゅう	360
2420	400000000000046994	憑夜見	358
2421	1000000000000058705	ハルン	357
2421	1200000000000000640	ああああ	357
2421	1300000000000056674	杏　	357
2424	300000000000033134	夢遊	355
2425	87085	いつでも暇人	353
2426	100000000000091977	千歳	352
2427	1500000000000067965	10126P	349
2428	1300000000000096365	Y'n	343
2429	1000000000000062656	八雲　×お出かけ中	340
2430	1400000000000054836	種田未来	339
2431	1000000000000046168	雪盆之助	338
2432	700000000000027715	ゆう	336
2433	600000000000077673	るーむP	330
2434	400000000000032501	けん	323
2435	800000000000019655	サンゾー	319
2436	1200000000000027595	koikaze	317
2437	700000000000074580	にく	314
2438	900000000000073725	マリソン	310
2439	1000000000000053940	@なかしこ	308
2440	100000000000051904	なななこ	305
2440	800000000000099726	Player 1007818968	305
2440	1200000000000001806	Uターン	305
2443	1000000000000087050	海鮮戦士	302
2444	1200000000000080542	たけし	300
2444	1300000000000052224	はや	300
2446	700000000000096077	ta	299
2447	1100000000000087593	Penta penguin	296
2448	96528	ShiON	291
2449	400000000000082144	Anna2010	290
2450	1000000000000096504	温もりの葉	286
2451	800000000000095486	dreiP	285
2452	1200000000000062487	シンジ	283
2453	200000000000013856	みなっとぅ	281
2454	300000000000062017	二期決定	280
2454	600000000000034545	ひろ野武士☆[布団]ョД`*)☆	280
2456	600000000000027438	ふっくん	277
2456	1000000000000027134	ﾄｼ	277
2458	1300000000000015153	ひろ坊	275
2459	99777	バラード	273
2459	600000000000098580	whatってったぁ	273
2461	59111	グリフィス１	271
2462	800000000000093742	ユッキー	268
2462	1500000000000019628	Lan@らんと読みます	268
2464	72138	いんとんさん	266
2465	200000000000100294	keda	265
2466	900000000000036717	auge	263
2467	100000000000006511	じゆうじん	262
2468	900000000000019947	ウィン	261
2468	1400000000000100437	花梨	261
2470	18522	つきは	259
2471	1300000000000011297	とろろ	258
2472	300000000000001959	レイル～ス	257
2472	800000000000086234	miz §越狂會§	257
2474	1500000000000058340	jussim	255
2475	1500000000000083014	桐生 銀弥	254
2476	900000000000076880	tales	253
2477	200000000000074544	雪華綺昌	252
2478	1000000000000034469	さとみん	251
2479	500000000000099726	ぼがーつ	249
2480	1400000000000054115	そいや	245
2480	1500000000000086600	オリエP	245
2482	700000000000004598	すばる	243
2482	1400000000000086415	ゆきまさ	243
2484	1200000000000080480	つしよ	242
2485	100000000000001981	くさだんご	238
2485	1400000000000072412	まりも	238
2487	1100000000000060786	アロン	236
2487	1500000000000094155	sugiko	236
2489	600000000000100019	ほたて	234
2490	800000000000034505	清水貴哉	233
2491	1200000000000092774	nns	232
2492	400000000000099464	IKU	231
2493	100239	Player 1007810672	229
2494	99091	Player 1007203488	228
2494	1500000000000093790	ナノ	228
2496	200000000000100289	Player 1007710402	226
2496	900000000000052730	バイアリー	226
2498	300000000000098332	yui	225
2499	1127	ぽん	224
2500	700000000000096744	すみかぜ	223
2501	300000000000056383	あおいこ	222
2502	1000000000000097178	namaru	221
2502	1400000000000054988	白河弥生	221
2504	100000000000021978	YUPA	216
2504	200000000000004688	古手	216
2506	200000000000087022	プチSP	215
2506	800000000000004657	兎乃	215
2508	100000000000096378	蒼月	213
2508	700000000000080603	ヘリントン	213
2510	1200000000000065861	Houtarou	212
2511	500000000000098458	みけ	210
2511	1500000000000054238	翠	210
2513	200000000000000220	カノン	208
2514	1300000000000095466	遥	206
2515	1100000000000099995	海猫	203
2515	1500000000000033013	るるく	203
2517	400000000000044050	なぃちゃω｡´艸)お仲間ありがとう	202
2517	700000000000004537	MATI	202
2519	600000000000050526	幻礼亜	198
2519	900000000000067223	TY	198
2519	1100000000000006879	ふみんちゅ	198
2522	1400000000000095333	naottz	197
2523	200000000000002665	夜桜ヴァル	196
2524	500000000000032767	パイロ	195
2525	100000000000099319	りんた	194
2526	1000000000000086125	ちーまっくす	193
2527	100000000000085526	ココ	191
2528	14988	*Alice*	190
2529	1300000000000078181	ジェイソンちゃん	189
2530	400000000000053675	日向 なつ	187
2530	500000000000098466	大河新次郎《CherryBlossom》	187
2530	900000000000098535	ペン三	187
2533	300000000000094822	micoto	180
2533	900000000000012087	撮りあき	180
2533	1000000000000005899	えれ	180
2533	1000000000000037860	りゅうせい	180
2533	1100000000000082416	ハル	180
2533	1500000000000000573	Earl	180
2539	400000000000088127	クボケイ	178
2539	1000000000000098742	キノコ	178
2539	1500000000000050960	なっしゅ	178
2542	800000000000054399	あすか	174
2543	100000000000061589	353号線	171
2543	100000000000074399	ひつじ	171
2545	200000000000100507	ねこぜ	170
2545	500000000000042468	ウリボー	170
2547	700000000000057657	音瑠	169
2547	1000000000000099963	リン	169
2549	200000000000097279	Player 1006509810	168
2549	1500000000000002070	むーくーん。	168
2551	300000000000095429	ごなーる@同僚募集中	166
2552	100000000000098712	山葵	165
2552	500000000000010266	ゆさちん	165
2552	600000000000077883	ソーチ	165
2552	1300000000000002519	銀-イン-	165
2556	100000000000007894	たかし	164
2557	1100000000000034761	misel	163
2557	1200000000000073929	枇杷お	163
2557	1200000000000099223	RPG	163
2560	700000000000087418	るる	161
2560	1100000000000098310	Player 1007079403	161
2560	1200000000000013769	成02	161
2563	1100000000000002032	メイちゃん	160
2564	600000000000084253	まぁ～ちゃん	159
2565	200000000000082679	きんくま	157
2565	300000000000080757	しばた	157
2567	300000000000080028	Player 1004252259	156
2567	500000000000098091	アプレンティス	156
2569	1000000000000098321	紅蓮聖天八極式	155
2570	200000000000081191	katumi	153
2571	1000000000000076321	sio	150
2572	500000000000073408	もりそば	149
2573	400000000000086285	Di	146
2574	1300000000000005610	シロー・アマダ	145
2575	500000000000037242	なかじま	143
2576	300000000000096783	￥_￥	142
2576	900000000000005916	ひお(多忙)	142
2576	1200000000000090565	えぼなな	142
2579	1400000000000028374	yskmg30	141
2580	100000000000086491	cho-_-5	140
2581	800000000000029027	MARIさん	137
2581	1200000000000018645	たまきんたまきん	137
2583	500000000000077402	リオ	136
2584	300000000000098712	しょこしふぉ	134
2585	600000000000099519	インペリアルクロス	133
2585	1200000000000099232	シング	133
2585	1300000000000100345	Player 1007710989	133
2588	1300000000000085905	晶	132
2589	1200000000000069203	ドルフィン§	127
2589	1200000000000093859	Player 1006050732	127
2591	1300000000000014708	宴寿	126
2591	1500000000000072367	かがみん	126
2593	700000000000082010	grow?	125
2593	1000000000000100035	UTAT	125
2595	600000000000028137	カイくん	124
2595	1100000000000007012	コウ	124
2595	1500000000000085438	Player 1005003647	124
2598	100000000000096246	Player 1006337281	123
2599	1200000000000095650	しろごま	121
2600	100000000000031382	リラックマ	120
2600	500000000000034702	ヒロミ	120
2600	1500000000000000043	からふる	120
2603	600000000000049928	キルト	118
2603	1400000000000006881	YOUNGER	118
2605	72238	Mr.raw	116
2605	200000000000056370	玲音	116
2607	200000000000099192	たは	115
2607	900000000000099326	Player 1007520473	115
2609	900000000000096355	ひろろん	114
2610	41941	へろ	112
2610	1200000000000093801	nao2010	112
2612	1400000000000006551	相田	111
2613	86123	AliCe	110
2613	200000000000100236	柚琉	110
2613	1100000000000076301	七海さが	110
2616	300000000000098558	なーさん	109
2616	1000000000000061779	むら	109
2616	1400000000000100461	Player 1007839086	109
2619	1300000000000006246	屍人P	108
2620	800000000000012006	さヴぁ	107
2621	900000000000055689	ぜろりん	104
2622	500000000000005978	琥雨	102
2623	300000000000063184	まこと	101
2623	400000000000080072	青春三倍速	101
2625	900000000000094221	煌星	100
2626	99779	キムタク	98
2626	200000000000033532	オカ	98
2628	100000000000098085	monoriss0415	97
2629	900000000000099234	Player 1007468905	96
2629	1200000000000079151	ちゃんなな	96
2631	100000000000082138	セネル	94
2631	600000000000081676	きんらん	94
2633	800000000000090905	きなぴ	92
2634	300000000000004805	ゴルバチョフ	91
2635	1500000000000002086	うさころ	89
2636	800000000000005754	yona47j チョット隠居？	88
2637	800000000000097727	萩原	86
2638	600000000000030621	アサテ	85
2639	600000000000006650	イサミ	82
2640	33658	メル・リンス	81
2640	800000000000000100	SETUNA@Kei-type	81
2640	1100000000000033468	ネシンバラ	81
2643	800000000000001917	DAI	80
2643	900000000000097211	水京	80
2645	200000000000001850	ジョージ	78
2646	55424	ピテ	77
2647	700000000000016365	ケイン	75
2648	100000000000073264	Player 1002640625	72
2648	900000000000007211	飛沫	72
2648	1300000000000098402	ATSU	72
2651	500000000000049331	くぎゅ	70
2651	1100000000000051991	はなでか	70
2653	300000000000073435	nop	69
2653	500000000000099988	フルーツタルト	69
2655	1300000000000099517	kMHr	67
2656	400000000000032521	カオス	66
2656	800000000000038911	マンボウ笹デューサー	66
2656	1100000000000014070	エルシド	66
2659	100267	SHIKI	64
2659	900000000000097404	ｵﾌﾄｩﾝ	64
2661	600000000000005386	tekken	62
2661	1000000000000006740	NPUG	62
2661	1300000000000098281	紅鮭	62
2664	500000000000018014	ヤマグチ	61
2664	1200000000000073870	キザハシ	61
2664	1300000000000097553	Player 1006570877	61
2667	300000000000000497	加賀城	60
2667	500000000000051601	ハク	60
2667	900000000000053130	うじゃの	60
2667	900000000000093148	YUZU○	60
2667	1200000000000078843	T	60
2667	1300000000000055789	ケッケ	60
2667	1300000000000098065	でぃーね	60
2674	61920	タムゥ	58
2674	98725	もちごめ	58
2674	900000000000087568	Player 1005406969	58
2677	200000000000100262	武蔵	57
2677	1100000000000099890	Player 1007790875	57
2679	100000000000074424	バッキー	56
2679	400000000000075700	タダキチ	56
2681	500000000000049166	poteto	54
2682	600000000000002396	おこめ	50
2682	700000000000047664	ケイト	50
2684	1000000000000086940	高野	49
2685	500000000000028943	紫苑	47
2685	1400000000000087050	CLiP	47
2687	62455	ごしゅＰさま	46
2688	1500000000000009947	山Ｃ	45
2689	100000000000061522	KEETH-RAIN	44
2689	700000000000052541	かずき	44
2691	900000000000017986	れいん	43
2692	1000000000000005449	ふぐ	42
2692	1400000000000011308	yuutaro	42
2694	800000000000099728	庶務	41
2694	1500000000000026617	シンジ(ツンツン、マキマキよろしく)	41
2696	100000000000081499	ナイロン	40
2696	100000000000100130	せんか	40
2696	700000000000098905	旋	40
2699	100000000000077270	Player 1003613425	39
2699	400000000000080450	シャンピー	39
2701	42001	猫耳キノたん@ファフナーマジ天使ほしぃ	35
2701	300000000000079988	Player 1004244467	35
2701	1300000000000039693	Takao	35
2701	1300000000000099610	Player 1007291677	35
2705	300000000000002799	minami	33
2705	1100000000000099882	Player 1007786075	33
2707	97134	Player 1006515840	32
2708	1000000000000086020	akira	31
2709	44669	皆のGさん	30
2709	1300000000000088308	みおく	30
2711	500000000000094685	タルト	29
2711	1100000000000087590	こはぬ	29
2713	1300000000000081121	モスラ	28
2714	200000000000032381	りょう	27
2714	1000000000000033942	ログイン	27
2716	300000000000003394	イーター	26
2716	400000000000002868	レイン	26
2718	200000000000003017	kar3	25
2718	400000000000098998	Player 1007308708	25
2718	500000000000079876	むさのまる	25
2718	1100000000000093238	Frame	25
2722	200000000000001431	Shyn	24
2722	800000000000099743	ファッキン中田	24
2722	1200000000000052503	あすか	24
2725	100000000000003726	Ken	23
2725	900000000000045255	ラッキー	23
2725	1300000000000004684	黒犬	23
2728	300000000000054578	サクヤ	21
2728	500000000000058786	竜胆宰	21
2728	600000000000099963	MMMa	21
2728	1000000000000099255	Popopo	21
2728	1300000000000096965	ゆき乃	21
2733	200000000000013601	ｼﾞﾀﾞﾝ18世	20
2734	1500000000000036274	まと太	19
2735	1100000000000045670	G.Z.R	18
2736	800000000000004063	まっさん	17
2736	900000000000004709	しょっく	17
2736	1400000000000009738	こいのぼり∞	17
2739	100000000000002893	ズミ/ダ・ヴィンチちゃん大好きマン	16
2739	800000000000033385	ぴかちう	16
2739	1200000000000051432	ぐんまちゃん	16
2742	100250	シン	15
2742	100000000000001867	ろっくP	15
2744	300000000000030283	モナー	14
2744	500000000000099510	Player 1007431093	14
2744	700000000000003737	眠	14
2744	1000000000000097325	ハルラン	14
2744	1300000000000054296	マサナリ	14
2744	1400000000000100440	リセ あくあ	14
2750	5415	ぬるちゃん	13
2750	100285	Player 1007836144	13
2750	100000000000013777	真江爺	13
2750	800000000000091603	らくら	13
2750	1200000000000075852	Ryo	13
2755	600000000000098358	しげぞう	12
2755	900000000000099866	うどん娘	12
2755	1000000000000002567	いな	12
2755	1300000000000022199	sbjacky	12
2759	800000000000052825	なみ	11
2759	1500000000000099275	ろけもば	11
2761	200000000000008293	runa*	10
2761	200000000000010662	くろひ	10
2761	600000000000031146	HamaShou	10
2761	700000000000100430	Player 1007757255	10
2761	1500000000000004160	ダンプティ	10
2766	8257	ゆまっち	9
2766	300000000000099828	Player 1007810275	9
2766	600000000000100005	電光値	9
2766	1200000000000022644	またたび	9
2770	400000000000067345	青以	8
2771	200000000000100418	ちっさいひつじ	7
2771	300000000000099616	sence023	7
2771	1400000000000004184	メカハリ ﾘｸｵﾌ	7
2774	200000000000100525	Henrytopper	6
2774	300000000000010031	J･P･Y	6
2774	700000000000077464	まく	6
2774	900000000000028964	コジコジ(^^ゞ	6
2774	900000000000099810	アーリア	6
2774	1000000000000004244	clover	6
2774	1100000000000054348	fu@gree	6
2774	1400000000000097761	な～ゆ	6
2782	200000000000001317	たっく	5
2782	300000000000099859	はう	5
2782	400000000000099309	とっく	5
2782	600000000000100038	Player 1007842662	5
2782	1100000000000097040	foyfoo	5
2782	1100000000000099997	Player 1007850123	5
2782	1200000000000004626	煮物	5
2782	1400000000000017537	★しゅう☆	5
2782	1400000000000082492	とむ	5
2791	98583	七尾 繭子	4
2791	100000000000034570	unknown	4
2791	100000000000097569	simo21	4
2791	400000000000052793	有希	4
2791	400000000000075863	Player 1003306404	4
2791	1000000000000023634	セレブマン	4
2791	1300000000000075961	かっすぃ	4
2791	1300000000000100602	Player 1007851389	4
2791	1400000000000086401	Player 1005055950	4
2800	10253	ワールドピース	3
2800	200000000000019384	ASG	3
2800	400000000000099871	panspeedmeron	3
2800	500000000000074401	まゆおか	3
2800	600000000000020996	とうふ祭	3
2800	600000000000062018	板尾	3
2800	700000000000100549	Player 1007817495	3
2800	800000000000098276	Player 1007122840	3
2800	1100000000000098482	yenkyo	3
2800	1200000000000000894	コヲタ	3
2810	200000000000080812	ゆな	2
2810	300000000000096551	ましゅまろ	2
2810	300000000000099207	takahshs	2
2810	400000000000008849	かず	2
2810	400000000000098174	Player 1007036548	2
2810	600000000000097147	samusamu	2
2810	800000000000030332	あれん	2
2810	900000000000007047	とうふ	2
2810	1000000000000009372	みそパン	2
2810	1300000000000000708	らとす	2
2810	1300000000000087679	紫月	2
2810	1400000000000016266	紫音	2
2810	1500000000000038295	けんや	2
2810	1500000000000099291	ゆ	2
2824	99859	シャンピー	1
2824	100000000000043974	ひでちゃん®  ※無しごめんなさい。[ドリ仲間募集中]	1
2824	100000000000100218	Player 1007841665	1
2824	300000000000016430	☆カズ☆(^o^)/	1
2824	700000000000002017	りふくん。	1
2824	800000000000026888	ｱﾒｼｮｰ(震災支援活動中)*全遅*	1
2824	800000000000070409	た～き～	1
2824	900000000000041018	さな	1
2824	1000000000000004665	Tomo	1
2824	1000000000000076326	カガナギ	1
2824	1000000000000100309	でがらし	1
2824	1100000000000000253	ハバネロ	1
2824	1100000000000099844	Player 1007766875	1
2824	1100000000000099961	Player 1007830507	1
2824	1200000000000011980	いかさまおー	1
2824	1200000000000099685	Player 1007811884	1
2824	1300000000000004006	印g	1
2824	1300000000000011579	かにぱんだ	1
2824	1300000000000025619	スモーク	1
2824	1300000000000051124	かすみ	1
2824	1400000000000017885	しょー	1
2824	1400000000000098696	Player 1007055598	1
2824	1500000000000100146	RAIZA	1
