1	1500000000000051609	ペトロス	1430607
2	1400000000000033525	つも	1257220
3	500000000000000609	タクヤ	813743
4	300000000000049644	にょろ@出張ちゅー	562941
5	1500000000000061976	bd8z	538552
6	199	コガラシ	538283
7	900000000000004754	ふく（C）	530264
8	1100000000000023714	みさきち＋ラウメン募集中！	514190
9	500000000000049521	しろつめ	461957
10	500000000000022470	かじお@9月まで繁忙期	448075
11	500000000000081223	真美のている	428854
12	1100000000000050975	コセト	427126
13	400000000000086098	AAS	426176
14	1200000000000042015	透音	384346
15	7450	ちいか	382767
16	300000000000005500	ラッシュ	381976
17	1400000000000057518	kobe	376830
18	95103	ぽんちょ	371224
19	400000000000001164	天海みあま	368158
20	100000000000055426	ねぐせ	339245
21	1300000000000001398	rasio(らしお)	336028
22	1000000000000022103	うな	335773
23	1000000000000014473	submariner	301379
24	300000000000079241	よー	298370
25	31529	ドラピッツ	295784
26	1400000000000004549	とむ？	295246
27	1000000000000082106	野菜ジュース@765PM,両日	292801
28	500000000000000012	スーケー	288933
29	300000000000031878	D．D	280455
30	200000000000007976	レベルゼロ	275888
31	1100000000000037208	リローデッド	275777
32	300000000000010792	むらさめ	270198
33	800000000000003204	なめこのみそしるちゃん	261055
34	500000000000008508	アンバランス	257164
35	1200000000000054833	カツG	239502
36	96525	おやしろ	238169
37	200000000000052868	くに	233353
38	100000000000014337	テト37	230453
39	200000000000077809	ロイ	226883
40	600000000000004043	でぃーぷくりあー@かじゅある勢	224428
41	400000000000052253	ぜっきー	217732
42	1200000000000005118	Ｇｙｕｈｏ	213734
43	1100000000000007051	ぶーびー	211534
44	300000000000016070	わたー	209419
45	1000000000000076088	Joker	205680
46	200000000000000040	美奈子love	200992
47	300000000000073940	jack	198253
48	500000000000085845	まつきち	187080
49	200000000000078221	ﾏﾘｹﾛ	181206
50	1100000000000046826	毛玉	175793
51	800000000000078649	ぷろっきー	175143
52	500000000000000706	ヒルト	173089
53	4610	カリスマ養分	169976
54	300000000000024166	あると	168429
55	700000000000079978	リオル	168414
56	800000000000004865	さへー@殴って、どうじょう	168062
57	100000000000032744	のみ	167454
58	1500000000000000348	Leonardo	166060
59	400000000000011081	ドバム	156422
60	1100000000000081729	HANSEN	156314
61	76861	Loverio	151543
62	1000000000000044448	ほしまる	150040
63	200000000000063347	あるぅ	149186
64	500000000000005814	ｴﾐﾔ	149042
65	1500000000000000871	はいぐれ	147765
66	600000000000061588	反魂蝶	147305
67	400000000000053921	カンザキ	146327
68	1300000000000015148	HANTAR	145567
69	600000000000003545	煌きらり	143464
70	800000000000006759	しゃるる	142304
71	500000000000003559	い	141537
72	1300000000000013238	たかこ	140245
73	1500000000000000090	ななみ	137802
74	400000000000054104	いちご大福	137696
75	1500000000000010496	獅子闘十嵐（ししとうがらし）	136267
76	600000000000054929	サギリ	135484
77	1100000000000080863	トモヒロ	134059
78	1100000000000020059	かわしま	131297
79	1200000000000001507	ばし	131176
80	500000000000055904	存在感のない小熊猫	130351
81	700000000000055469	たこたこす	129566
82	1000000000000003289	東都の不沈艦	128632
83	1300000000000078680	山だ	125900
84	800000000000093257	ぜりー	125328
85	300000000000076893	salts	124264
86	800000000000041915	びち.よっちゃん △	123981
87	300000000000002460	神風空蒼	123762
88	54656	CHARGE	123417
89	400000000000030210	ツバサ	122925
90	500000000000077750	いったく	122695
91	400000000000095845	Lirael	121064
92	1400000000000074350	レイ@	119941
93	1300000000000055725	勇者ponpon	118188
94	78073	淡丁	117519
95	700000000000033320	もりそば@ラウメン募集中	117473
96	1100000000000033479	ryobu	112312
97	900000000000004197	塩バター	112248
98	200000000000059937	オルフィ	111009
99	100000000000012373	寝うどん	110844
100	1100000000000009998	コスモ	110660
101	200000000000093724	yuuri takahasi	110470
102	500000000000026826	ポアロ	109736
103	300000000000003918	どんてん	109652
104	1000000000000080660	さくらんぼ	108105
105	400000000000077540	なむやん	107589
106	1500000000000050626	NP	107162
107	700000000000072508	キュー	105979
108	200000000000004253	れいしき	105916
109	900000000000003805	るかとに	103571
110	1500000000000027862	しそもり	103370
111	900000000000046580	はーちゃん	103047
112	1300000000000063165	uruna	103031
113	1300000000000008261	紗倉	102098
114	500000000000072694	オクラ納豆　招待気にしないで	101284
115	200000000000058578	素ゴック	99685
116	800000000000003806	シンジP	98999
117	600000000000003220	sinsei	98354
118	200000000000000361	ファイ	98082
119	700000000000077685	andy	97199
120	800000000000097239	大鍋	96383
121	1100000000000013735	コンペイトウ	96309
122	75253	noname	95352
123	1200000000000004200	緑茶	95252
124	800000000000050514	凪尼マルコ	92529
125	900000000000002841	ぷっぴ	92439
126	200000000000074480	●	92333
127	1300000000000056885	kaz	91639
128	1100000000000024844	ななねこ	91567
129	1200000000000022654	はいちゃん	90606
130	300000000000047231	あみ☆	90126
131	800000000000052280	アスンソン	89957
132	100000000000095229	もち	89884
133	400000000000006789	NPC	89340
134	1300000000000003852	隆弘	89118
135	1100000000000052024	もりべ	89101
136	400000000000024129	たから	87730
137	1200000000000014540	日高	87457
138	53256	ハンペン	86794
139	1200000000000056846	ジモン	86453
140	400000000000073549	リュカ	85941
141	1100000000000005426	ウォルター	85932
142	200000000000019900	ニョッキ	84910
143	700000000000053758	クラッチ@pinyaclusterP	84255
144	1149	aokiP23	83927
145	400000000000079778	ジョニィ	83295
146	1100000000000007436	ｼｬﾚﾑ	82430
147	200000000000004567	くろのあ	82365
148	200000000000016240	あると	81771
149	700000000000007623	さとし	81476
150	800000000000074013	街星[支店長]	80774
151	800000000000034503	Warta	80595
152	1100000000000095631	テツ	80217
153	1500000000000055708	けにゃま	80087
154	100000000000051234	ごまふ	79270
155	1200000000000057447	安田牛乳	79238
156	500000000000029280	Ash	78656
157	600000000000006700	rk9523	78356
158	4661	ハル	78060
159	1500000000000053890	も	77307
160	900000000000044005	ほおずき	77099
161	100000000000020983	朔	76224
162	1500000000000000452	じんりゅ	75965
163	1400000000000056387	うどんどん	75404
164	100000000000038036	ひなた	75207
165	800000000000050836	亀太郎	74892
166	500000000000001564	ありりん	74859
167	1500000000000072044	おもち	74751
168	1400000000000016147	なみつき	74072
169	800000000000062069	すたふぃー	72897
170	1300000000000073985	レノ	72165
171	700000000000056328	よだれむし	71379
172	400000000000087841	ルイコスタ	70943
173	300000000000049846	らんぷ	70512
174	500000000000038800	cortex	70243
175	800000000000017121	おくら	70191
176	1300000000000077820	yosshan	68985
177	700000000000073877	1kk	68932
178	300000000000086899	Avaloki	68867
179	600000000000000212	みょーちゅー	68809
180	1300000000000081027	しろ	68480
181	300000000000004789	鵜野勇太	68254
182	700000000000030929	てつ	67680
183	1500000000000096504	ぷるおる	67460
184	4097	チップ	66926
185	400000000000046015	けんたっくばうむ	66854
186	600000000000006026	Franboise@フラン	66809
187	200000000000096792	あかし	66154
188	700000000000030952	シグΣBMD相互埋め同僚募集中	66131
189	1000000000000057114	スタップ細胞	65826
190	700000000000047542	やまやん	65675
191	1500000000000077442	GaheWu	65503
192	1500000000000006780	えふけん	65366
193	1500000000000006352	ちゃんすぅ	65148
194	100000000000009827	BlindF@ith	65092
195	1100000000000074106	りるりる	64166
196	1100000000000027699	batu	63868
197	800000000000096115	黒い秋	63406
198	1200000000000053135	ほっと	62712
199	800000000000001838	ﾓﾅ	62350
200	200000000000098890	リッカ	62260
201	300000000000079132	sig	61748
202	600000000000077948	汚汚	61713
203	1200000000000032080	ねじまきどり	61511
204	1400000000000081227	かばぢ	61497
205	900000000000000187	Drewin	61421
206	1400000000000049492	静	61209
207	300000000000057480	CAMEL	61132
208	1400000000000003477	背番号9＠もやし生活	61005
209	500000000000012674	ヒューバー	60935
210	100000000000001593	パン太郎	60848
211	1100000000000007085	のんけ	60517
212	1500000000000025481	マリンズ	60204
213	1100000000000047188	ろしあん	59849
214	96270	ころころ	59546
215	500000000000077741	とるた	59299
216	300000000000040128	ギルバート	59220
217	500000000000098235	ゴレムス	59154
218	1300000000000001739	逢坂椎奈	59130
219	900000000000000417	かくばる	59127
220	1300000000000057435	Pico	59030
221	200000000000056358	奪取	58955
222	1200000000000001746	ハイゼンベルク	58280
223	1200000000000038530	ふじ	58170
224	1200000000000053053	chihiro	58025
225	900000000000050618	int8	57960
226	300000000000001831	ガオ(ラウメン募集中)	57932
227	600000000000075578	すててこ	57813
228	800000000000096138	むん	57422
229	100000000000034972	マッツ	56957
230	200000000000012022	とてとて	56889
231	1000000000000005220	Yui	56862
232	1000000000000004177	アデリー	56777
233	1300000000000007299	atiam@	56760
234	1100000000000051752	ほほほほい	56662
235	900000000000047048	かちょん	56474
236	1300000000000074713	魔帝ｻﾝﾁｬｰﾝ	56429
237	900000000000001572	カズ	56357
238	700000000000072431	でんのすけ82	56288
239	1500000000000051301	かわ	56270
240	300000000000020423	ういくん	56242
241	600000000000001186	まと	56184
242	600000000000085371	まーくん	56136
243	1000000000000056782	ナギ	55913
244	1400000000000011240	テンコ盛り	55904
245	1300000000000078738	おれんじ	55353
246	900000000000077351	ぽちくじ	55351
247	800000000000002590	高槻家の猫@相互埋め同僚さん募集	54964
248	1200000000000016945	はとばねぇ＠相互埋め同僚募集	54860
249	500000000000009207	もりそば	54650
250	1500000000000075358	しろぬま	54534
251	500000000000043663	不良品ミゥ	54508
252	600000000000098207	ちひろ	53978
253	200000000000098126	X-FILE6	53705
254	100000000000006858	SSS	53578
255	600000000000056547	とし	53520
256	1000000000000080571	rai	53482
257	97208	ma	53251
258	24784	いづみこ	53065
259	100000000000015441	らささべ	52959
260	100000000000053414	まっくす	52914
261	1500000000000099130	Jaggy	52862
262	1400000000000047377	☆サンクス☆	52850
263	45804	カレン	52571
264	1300000000000081147	北見道人@同僚募集中、気軽にどうぞ～	52523
265	100000000000060526	のーしー	52383
266	500000000000099066	クロワッサン	52120
267	1200000000000092396	セカンドランク	51991
268	1400000000000021307	MIAS	51663
269	600000000000024409	今日からシャカちゃん(ライバルリセットもういらない)	51622
270	800000000000002899	リセル	51465
271	500000000000046227	やくびょうがみP	51452
272	200000000000030488	桜野マリ	51369
273	100000000000019362	角刈り雀	51257
274	800000000000092921	ゲオルグ	51241
275	600000000000055453	ﾍ(ﾟ∀ﾟﾍ)	51040
276	800000000000097525	193プロ	50971
277	52353	マサ	50925
278	700000000000029758	viorate	50912
279	364	きゃべつ(近畿産)	50655
280	1000000000000051472	ライノラット	50634
281	100000000000082327	エイプ	50563
282	700000000000052698	nanasi42	50536
283	1100000000000078882	KKKKKKK	50251
284	1300000000000052060	kody	50014
285	600000000000051822	セイルオウ	49698
286	400000000000052270	イトゥ	49022
287	1300000000000003853	もか	49002
288	53654	焼き魚系男子	48946
289	800000000000082004	ktcal	48719
290	1300000000000024733	アリサ	48705
291	500000000000019918	かぐら	48589
292	1000000000000003654	普通くんP	48526
293	400000000000023219	懲りないトモ	48409
294	800000000000050718	きたろー	48239
295	200000000000055900	ゆきみち	47953
296	800000000000021168	小倉トースト	47901
297	100000000000014642	テル@	47847
298	6482	金太郎あめ	47664
299	500000000000002393	山田	47096
300	400000000000044824	助兵衛	47083
301	28757	だいぞう	46886
302	500000000000085822	みゅう	46805
303	1100000000000047071	ヒデック	46788
304	400000000000003266	アルイー	46767
305	1000000000000036369	じゃす	46616
306	300000000000036888	minn	46507
307	1000000000000087007	みぃれりょんぬ	46447
308	700000000000022230	スペクター	46319
309	200000000000003090	ジェネシス	46246
310	1100000000000054618	幻の学院生	46234
311	1000000000000091446	みやび	46074
312	1400000000000030183	しょう	45606
313	1400000000000081426	o2on3	45453
314	200000000000055307	どらちゃん@同僚募集	45206
315	200000000000007542	さいとぅー	45191
316	800000000000014210	けちょ	45089
317	3882	Tenkai	45022
318	200000000000081024	すずき	44963
319	1000000000000001090	みつば♪+ﾟ*ﾟ	44897
320	800000000000013200	クロ	44861
321	400000000000004224	ユウP	44847
322	1000000000000020715	マサト	44776
323	800000000000031213	ほしくん	44496
324	700000000000025370	じゃすた	44343
325	700000000000092188	yst	44339
326	1400000000000009524	由々識	44194
327	100000000000051889	dantech	44083
328	1200000000000052184	みかひ	43988
329	1000000000000092406	Sopure	43972
330	1200000000000057074	asa	43684
331	800000000000023918	ゆっくり(新種)	43675
332	900000000000082093	しんよ	43566
333	1000000000000037459	カイザーリング	43508
334	400000000000073056	たらい	43496
335	200000000000032381	りょう	43475
336	5648	しんぱ(多忙の為お返事遅れますm(_ _)m	43437
337	800000000000013718	collbrande	43424
338	1400000000000097437	カヴタロ@無言同僚募集	43292
339	800000000000075188	餓凰	43249
340	1200000000000080467	ささやん	43119
341	1000000000000096572	ariue	43112
342	1500000000000071693	ｵﾑﾗｲｽ	43029
343	600000000000055122	爆発士=サン	42968
344	100000000000027439	Xeno	42880
345	600000000000082346	カズ	42839
346	900000000000087629	ドライオン3	42734
347	1200000000000098789	きりさか	42509
348	900000000000025873	アルカード	42479
348	1100000000000052159	シェフ大泉	42479
350	1200000000000026212	ラムー	42146
351	500000000000000696	しん	42063
352	600000000000000375	k	41998
353	100000000000076353	めがね@転職活動中	41920
354	600000000000000882	銀のおたま	41819
355	800000000000007665	ABC	41739
356	400000000000020042	お賽銭箱ちょうだい！！	41654
357	400000000000026208	うに	41643
358	300000000000008107	ぱんにー	41511
359	400000000000021917	ダイ	41477
360	100000000000014747	ペタジーニ	41378
361	800000000000043649	ZOFFY	41147
362	200000000000059331	にき	41141
363	900000000000094639	p	41108
364	1000000000000096582	ぐれ	40979
365	800000000000081853	Tonnura	40628
366	300000000000005123	113	40540
367	900000000000004131	にふらむ	40454
368	300000000000072684	トキ兄	40368
369	300000000000046389	two-forty	40349
370	1300000000000006509	アナグマIII	40271
371	800000000000004048	ユハル	40161
372	85879	春凛	39712
373	600000000000002827	峰華	39548
374	200000000000086690	花丸うどんm	39477
375	300000000000003555	yu-ki	39241
376	91994	幡芽	39146
377	1400000000000055879	miami38	39092
378	900000000000040408	ぽん	39081
379	1200000000000093103	中途半端	38956
380	1000000000000036669	カイ	38939
381	1500000000000096234	fredrika	38885
382	100000000000085766	れう	38836
383	500000000000046944	mami	38714
384	1100000000000076157	きょこ	38703
385	800000000000053938	wacky	38626
386	700000000000087073	トミノ	38601
387	57922	葵	38403
388	800000000000078751	あいおん	37987
389	200000000000096499	みじんこすちん	37658
390	500000000000009615	キラーK	37320
391	400000000000052819	trude	37220
392	1000000000000009347	ロイエンタール	37150
393	300000000000032089	ヒロ	37075
394	41396	二宮金次郎	37043
395	1400000000000063167	彩菜	36642
396	1300000000000027633	蒼南瓜	36563
397	500000000000081050	hoho	36488
398	900000000000077827	カオス	36430
399	600000000000026817	ねこころね	36385
400	600000000000048901	きむえす	36293
401	1100000000000005056	メガネ	36265
402	400000000000085063	メンタツ	36148
403	1300000000000002228	ますP	36034
404	800000000000029957	KEL	35959
405	100000000000000239	井上トモ	35755
406	400000000000050334	ケダチク	35699
407	700000000000011820	社員	35664
408	300000000000095670	アマミ	35573
409	1000000000000016738	与次郎@テスト期間	35538
410	1100000000000072239	めめ	35270
411	1000000000000014515	ひこいち	35147
412	600000000000085654	ふぉいp	35058
413	1200000000000000854	らき☆缶P	34936
414	900000000000038585	ひう	34925
415	1500000000000018111	レクトール	34921
416	400000000000042107	けん	34749
417	600000000000001560	ひめ	34607
418	1400000000000053091	破壊王子	34479
419	300000000000000071	st	34343
420	700000000000000656	小龍砲	33845
421	100000000000098123	喜々	33762
422	200000000000092910	うら谷	33584
423	200000000000056376	みなしごハッチ	33523
424	400000000000004112	おちょう	33509
425	1500000000000001735	ルイ	33506
426	400000000000029934	やっくん	33434
427	400000000000005928	arika	33430
428	400000000000061756	つかりん	33208
429	400000000000006050	秀矢@美希推し	33117
430	700000000000005978	にゃんこ丼	33083
431	300000000000006624	ちかちか	32933
431	500000000000023634	シズク	32933
433	900000000000000992	天体戦士Ｐ	32918
434	400000000000015485	Kery	32700
435	700000000000073279	くまきち	32569
436	400000000000057146	(☆×☆	32522
437	1100000000000085203	naka	32508
438	200000000000080913	あ	32260
439	100000000000011083	astry	32232
440	1000000000000077549	多秦	32217
441	1300000000000037672	仮人	32211
442	55398	かささ	32151
443	1200000000000003989	チェント	32099
444	500000000000026556	はむお	32083
445	1500000000000002320	kyui	32066
446	400000000000025022	R&D	32022
447	900000000000018630	フヒト	31951
448	1100000000000097846	ジョジョの珍妙な冒険	31824
449	1300000000000044214	とーくん:[平日in率低下]	31780
450	300000000000028432	ゆーた	31713
451	400000000000034697	キノ	31487
452	82816	RR	31464
453	600000000000004062	ゆうじ	31291
454	300000000000037493	ゆう	31211
455	1400000000000008596	谷岡P	31144
456	100000000000011293	白詰草	31132
457	1200000000000000350	みやの	31066
458	1100000000000005923	まふばこ	30902
459	6185	カツヒモビッチ(求HN.R真美、出他HN.R	30882
460	600000000000095064	桜花	30796
461	400000000000007137	百姓	30780
462	100000000000096661	やよかず	30720
463	800000000000033729	よるごみ	30655
464	900000000000053725	ぽむ＠	30620
465	28446	公社	30551
466	600000000000091879	やま	30526
467	400000000000003520	ばななP	30491
468	900000000000000043	Ｄｅｎｋｅｃｙ	30438
469	1200000000000095471	レフトガード	30370
470	1400000000000080140	なな	30367
471	300000000000011633	あでか	30162
472	900000000000059303	たらん	29993
473	600000000000091829	o	29840
474	300000000000002250	とも	29673
475	200000000000096893	さいふぉん	29628
476	1400000000000059671	krow	29522
477	700000000000056327	K.M	29436
478	800000000000000674	みかたそ	29364
479	200000000000002970	【來】AK 多忙ｲﾍﾞﾎﾞﾁﾎﾞﾁ	29304
480	100000000000012308	箒クリニック	29299
481	500000000000003564	ｔａｄａ	29262
482	1000000000000031329	クリフ	29175
483	1500000000000053417	key-1	29116
484	400000000000096882	tar	29100
485	800000000000008378	サバミソ	29069
486	600000000000065753	しげ/独孤求敗	29063
487	700000000000039646	ゆーり	29052
488	800000000000010013	紅蓮	29024
489	100000000000009924	BK201	29021
490	900000000000043170	篠川	28965
491	200000000000098682	SPARK	28946
492	3866	カピバラ	28882
493	1300000000000046700	ponytail	28785
494	1500000000000097056	マックイーン	28724
495	600000000000022832	げんげん	28666
496	300000000000000919	あるんか	28644
497	1000000000000056156	ばすく	28641
498	1400000000000008308	リィ	28333
499	1300000000000043232	由乃(よしの)	28296
500	1500000000000002356	Ｇ	28287
501	100000000000021165	みことさ	28272
502	200000000000080513	もく兄	28154
503	300000000000052147	カキP	28049
504	500000000000080734	れんが	28044
505	400000000000012093	min	28002
506	100000000000052523	いとるあ	27962
507	1400000000000088678	mayashi	27792
508	200000000000061833	星花	27465
509	400000000000048506	天幻星☆ヒンクス	27463
510	200000000000000655	まっか～	27456
511	400000000000045422	さっぴー	27454
512	700000000000027237	Sharlotka	27396
513	800000000000056556	pyon[かしこまっ！]	27367
514	500000000000097876	Jink	27366
515	200000000000099483	kawasemi_mk-2	27311
516	1500000000000081195	★スター★	27166
517	600000000000086530	もえもえQ	27160
518	300000000000052320	晃平	27146
519	700000000000007448	エンドレスワカメ	27141
520	1000000000000053219	ヘルハマー	27140
521	300000000000013025	ねことんぼ	27131
522	700000000000007090	矢野	27070
523	500000000000004228	そうゆ	27047
524	100000000000008912	koya	27020
525	49983	うさたか(-_-)	26970
526	800000000000080377	ヤスヤス	26944
527	200000000000004861	あたたん	26943
528	100000000000001328	いぷしろん	26906
529	700000000000080467	かぎたん	26852
530	800000000000004738	あきぞう	26827
531	500000000000091218	ちびお	26730
532	200000000000012246	テッシィ	26650
533	500000000000062757	いすひらP	26640
534	1300000000000061805	ナオ	26637
535	400000000000011419	ラストスミスミス	26532
536	800000000000055678	kokojai	26519
537	800000000000000163	せいぱんだ	26512
538	1100000000000041403	高山病	26409
539	800000000000077051	ノゴロー	26397
540	100000000000009818	ちゃり	26351
541	800000000000000683	クエレプレ	26345
542	1500000000000052758	Q	26336
543	500000000000058947	なっちゃん	26278
544	100000000000098894	BLALON	26272
545	700000000000100016	瑠音	26209
546	500000000000094210	Player 1005999781	26161
547	700000000000005250	ﾚｯｸｽ	26062
548	100000000000060574	ﾕｳｷ	26046
549	300000000000008536	まーちゃん	26012
550	1300000000000022110	ヴィータ	25915
551	1100000000000005891	Green@真美・まつりP	25827
552	1500000000000078942	徳川まつり	25795
553	800000000000093053	うつよぷよ	25783
554	1300000000000003795	ほー	25764
555	400000000000036415	Cthugha	25684
556	1200000000000077731	白桜	25554
557	700000000000082208	赤い一撃	25527
558	1500000000000000266	aran	25377
559	600000000000053261	ｷﾝｷﾝ7878	25286
560	1400000000000013888	タカヒロ	25216
561	900000000000037548	まる	25213
562	900000000000073006	エグゼ	25180
563	1000000000000001291	かけ	25139
564	900000000000000233	空井	25116
565	1100000000000014634	じょん	25112
566	1500000000000003448	がっちゃんP	25032
567	1200000000000003277	タク	24992
568	400000000000072256	UMA	24746
569	36732	ほりたく	24697
570	1100000000000004498	Mr.PARUPUNTE	24658
571	100000000000000543	じょえ	24641
572	1100000000000070982	ちくわ	24626
573	900000000000010180	kondratenko	24480
574	400000000000081960	コカ・コーラ大臣@Nichola	24432
575	96634	WoLF	24349
576	200000000000003664	uebaEDF	24316
577	900000000000079224	M@N@K@	24271
578	900000000000000373	リット	24262
579	300000000000095988	ぶた	24261
580	400000000000003198	みっくん@ζ*'ヮ')ζうっうー！	24221
581	1200000000000062479	＼(^o^)／	24121
582	1400000000000041270	乙女plug in実装してくれ（招待無視してください）。	24072
583	1300000000000088598	河合彰仁	24042
584	1300000000000074726	バリ子	24012
585	500000000000002714	リンゴ酢大好き	23982
586	1200000000000079155	れんびん	23862
587	300000000000052789	はいね	23828
588	1500000000000004807	おとはな	23820
589	1000000000000002828	けい@満開の桜はるるん求む	23817
590	300000000000045412	ハラボー	23765
591	100000000000096217	utumuki	23748
592	400000000000007728	はらぼう	23712
593	1000000000000058255	だし	23707
594	12166	しじゅうし@所恵美P	23663
595	900000000000000748	みみぅ	23600
596	94222	cherryshe	23546
597	1200000000000004479	コウ	23544
598	600000000000004711	つっちー＃	23503
599	1500000000000003280	きよぴー	23499
600	1200000000000022324	ななな	23447
601	600000000000083413	黒炭落花生	23402
602	800000000000002744	ゼーレ/体調不良	23191
603	1300000000000045228	ユー	23141
604	1879	Kasper	22933
605	200000000000094873	モルスァ	22923
606	700000000000099678	イトケン	22808
607	1200000000000014920	紅葉みさき	22734
608	27911	希依	22680
609	1200000000000010349	SeA※Ｓ※	22620
610	800000000000054469	jellyfish7	22560
611	600000000000000109	おっとべー	22462
612	1000000000000026309	匿名希望P(元せいや)	22387
613	400000000000046337	りゅうがくP@さよキチ	22373
614	1200000000000004179	tonar	22346
615	1200000000000071448	ゲルマン忍者	22299
616	1200000000000039178	イッキ	22289
617	1000000000000003579	シシレン	22288
618	1000000000000011206	しるすた～	22246
619	1100000000000078183	ゆー	22196
619	1400000000000045731	将馬	22196
621	600000000000039474	風来	22181
622	800000000000004143	税理士のくず	22161
623	1100000000000074163	Polsy	22123
624	600000000000034277	ぱぁしあす	22112
625	1200000000000004027	尽一	22091
626	1300000000000002447	Rhye	22071
627	1100000000000054276	ジュリアス	22029
628	1200000000000085684	KARASU	22023
629	1300000000000031983	みっさわ	22007
630	1200000000000050104	コーヘー	21991
631	1000000000000051710	567	21990
632	100000000000070468	エレナ	21890
633	1100000000000060410	汗寛	21817
634	1200000000000002564	ゆーま	21808
635	1000000000000005541	いけ	21740
636	1100000000000062528	セント	21690
637	600000000000005499	すふぃっと	21555
638	900000000000053029	たちばなP	21469
639	1300000000000052615	きちご	21457
640	100000000000051306	parts_king	21364
641	1500000000000019639	DIESEL	21314
642	800000000000004193	林田	21275
643	400000000000004068	こあさ	21250
644	1500000000000029996	潤	21232
645	1400000000000094670	ニヤじぃ	21229
646	1300000000000083467	はぁと様	21177
647	300000000000021365	ひなももんぬ	21093
648	1200000000000038944	ネス	21008
649	1400000000000020220	おぱんつぁー	20955
650	800000000000079438	れぐはと	20925
651	900000000000029451	モーム	20856
652	1500000000000058065	nei	20808
653	59091	鶉	20772
654	1200000000000085535	しお	20768
655	1200000000000004600	Natsu	20759
656	500000000000054565	ラギ@	20741
657	700000000000062283	抹迷助	20723
658	700000000000004589	ほんがら	20713
659	1400000000000004632	kajusan	20630
660	2522	かざみん	20628
661	400000000000002387	桐山	20584
662	300000000000045988	杉並区2.5次元Ⅱ	20579
663	1000000000000088580	ムシャ	20578
664	900000000000085212	仄	20574
665	1500000000000082040	テッテレ	20467
666	1500000000000008828	まこＰ	20409
667	700000000000049467	さち	20376
668	1300000000000006572	Mei	20297
669	600000000000001035	肉	20271
670	200000000000017606	まーす	20181
671	1200000000000002146	バンバp	20179
672	1200000000000032053	ﾕｷｶﾞﾐ	20160
673	500000000000055759	コココ	20112
674	500000000000097282	シュヴァイン	20048
675	900000000000082867	銀子	20036
676	900000000000015916	jinx	19965
677	300000000000050263	dhkun	19945
678	600000000000097828	きしわきじじ	19942
679	900000000000050880	佐久間何某	19929
680	1300000000000051167	まくま	19900
681	600000000000001507	すし屋のぽたさん	19896
682	1000000000000082123	ジャクソン	19894
683	12569	HIRO	19843
684	300000000000013094	イザディ	19541
685	300000000000003773	のほほん	19488
686	1300000000000084167	ユウ	19475
687	600000000000075909	こたるる	19462
688	1400000000000028355	誤丼	19429
689	700000000000013552	アキ@レモネード	19428
690	100000000000001347	もうちゃん	19370
691	500000000000050794	ミヤビ	19330
692	800000000000008849	くろいの	19292
693	800000000000000709	サンパチ	19260
694	1100000000000028340	みっちょん	19243
695	1000000000000052551	しいたけ	19222
696	1200000000000004449	コジロー	19123
697	800000000000098282	らずべりい	19110
698	800000000000079417	霧崎	19097
699	1100000000000079498	ふぉくす	19084
700	400000000000034672	しぇる	19083
701	1100000000000001079	さくら	19052
702	1000000000000005421	*annalotta*	18984
703	500000000000036566	まどか	18906
704	600000000000009696	flog-man	18879
705	900000000000051929	orz...	18797
706	1400000000000034924	かずし	18781
707	400000000000024846	やま@Albert	18772
708	400000000000086340	たかぼう	18750
709	700000000000045957	Moka＊o(｀ω´ )o	18564
710	300000000000002483	しろまんじゅう	18555
711	100000000000005390	ξ*'ヮ')ζ ギギギギギ	18542
712	200000000000011826	このド	18525
713	600000000000015695	YUKI	18469
713	1100000000000075875	にゃんこ	18469
715	1100000000000002846	Motmot	18454
716	1100000000000000826	Ｋ	18438
717	1500000000000050110	きょうすけ	18340
718	900000000000053629	瑞穂	18331
718	1100000000000064279	Mobius1	18331
720	300000000000098490	inugami	18316
721	1500000000000056462	ぽてこ	18314
722	1500000000000013814	ネオグラン	18300
723	900000000000097014	Player 1006656121	18290
724	1100000000000076605	のいん	18281
725	900000000000086637	コウリョ	18264
726	46360	へーさく	18263
727	1100000000000022736	3ba	18224
728	1500000000000061549	ml	18152
729	93284	車炅表	18133
730	1400000000000058912	ブレイズ	18063
731	1100000000000082098	τみかん	18034
732	1000000000000036511	suwakko	18032
733	200000000000003227	ちょっちょ	17928
734	1000000000000023136	膝小僧鍛錬@BMDすばるん所持	17921
735	1300000000000032388	ゆん	17856
736	499	sobriety	17776
737	100000000000074380	のん	17771
738	300000000000080080	ボブ	17758
739	1200000000000099283	しず	17753
740	800000000000080734	Marcy	17747
741	100000000000077360	tutan	17708
742	1300000000000046149	朱雀	17665
743	500000000000051447	へろ@同僚募集中	17644
744	1000000000000003549	リーチェ	17623
745	1000000000000057249	G	17617
746	800000000000084936	Player 1004974008	17521
747	800000000000096549	はつきな	17391
747	1000000000000010946	onodera	17391
749	200000000000000568	フォーニ	17380
750	17817	たみぃ	17360
751	400000000000028756	たいたんぱー	17319
752	1200000000000019020	ブチャラティ	17303
753	800000000000022927	ゆきぽ57	17300
754	1400000000000006213	応龍@ドリ仲間募集中	17243
755	100000000000091038	たかさん	17239
756	1000000000000075353	Yoh	17234
757	300000000000003721	Pen	17223
758	700000000000000156	いさきち	17194
759	400000000000026935	くにってる	17157
759	900000000000038984	mikado	17157
761	1300000000000007436	さるびゃー	17112
762	600000000000001611	SEPT	17092
763	100000000000007020	ねこま	17073
764	100000000000085301	GTHM	17048
765	800000000000053616	八咫烏	17018
766	700000000000022127	リッキー	17010
767	1200000000000055071	Qururu	16959
768	600000000000057492	herojei	16927
769	700000000000020490	±ゆ	16779
770	500000000000013159	キノ	16773
771	1200000000000094918	Shu-ta	16720
772	600000000000012841	ねじ	16691
773	1100000000000002119	key	16685
774	200000000000053809	ぬがっさ	16652
775	1000000000000081408	クルック	16642
776	1000000000000003878	高木社長	16640
777	400000000000010929	のっく@テト	16639
778	700000000000099195	Samarium	16637
779	1500000000000049963	shirooo	16634
780	800000000000098764	受験生	16624
781	800000000000029031	アッラー	16596
782	400000000000080139	さくら	16568
783	600000000000026475	11EIJI	16524
784	500000000000097542	eyenova	16497
785	600000000000025843	シキ	16488
786	1200000000000075864	Supiotu	16451
787	1000000000000010616	はむ	16432
788	800000000000000607	ろじ	16360
789	1200000000000096341	暇潰し	16351
790	900000000000079776	くにさん	16298
791	100000000000006363	める	16290
792	400000000000005155	ジーニアス	16275
793	1200000000000000768	コルマ	16233
794	600000000000002487	ユキヒカ	16151
795	100000000000014082	一斗	16138
796	900000000000012233	ユメゾウ	16119
797	1400000000000000350	さんご	15951
798	400000000000003275	Pitta	15897
799	800000000000021398	三枝3G	15895
800	100000000000095292	Player 1006230865	15888
801	1200000000000051409	himmel	15871
802	200000000000081437	春城	15853
803	77289	サ二ー	15845
804	900000000000054244	　舞姫	15815
805	300000000000008188	おじさま	15813
806	500000000000005318	柳也	15789
807	900000000000020060	つかさゆい	15786
808	400000000000078634	おがやんＰ	15784
809	600000000000095108	taka	15770
810	600000000000045760	てん	15762
811	200000000000039817	ソード	15759
812	600000000000006939	シキ	15706
813	400000000000005169	恒点観測員340号	15612
814	900000000000007488	EXIA	15609
815	1200000000000080295	Player 1004302124	15603
816	1300000000000008586	ｎｏｎｏｎｏ	15500
817	600000000000025672	高月神	15456
818	1500000000000056680	あらあら	15437
819	900000000000042412	Paki	15391
820	600000000000076211	Medhurst	15326
821	900000000000026956	わ～や	15308
822	100000000000004553	タカタカ	15300
823	1200000000000010286	どしどし	15282
824	900000000000018123	オータケ	15261
825	100000000000075575	しんじP	15239
826	200000000000069554	たなか	15192
827	600000000000096866	よっしー	15171
828	1300000000000040787	プランクネス	15128
829	200000000000037526	メルティ	15120
830	1200000000000001824	ひらへい	15103
831	1300000000000020426	しゅうまい	15099
832	1400000000000001091	にーにー	14958
833	400000000000094979	Diana	14953
834	1100000000000093568	メシュー	14946
835	1500000000000085123	ままま	14935
836	1500000000000036073	あかさん	14927
837	100000000000098315	Kei	14914
838	1400000000000050708	ビッグＥ	14895
839	1200000000000097783	えりまき	14891
840	300000000000095429	ごなーる@同僚募集中	14861
841	900000000000007228	φ シド φ	14836
841	1100000000000004082	きりたんぽ	14836
843	400000000000083675	ジャーニー	14802
844	400000000000077400	じゃんじゃかいも	14801
845	1400000000000007487	オーケン	14786
846	800000000000040336	魔石の槍	14628
847	1000000000000062517	からす	14625
848	1300000000000051036	Per	14603
849	300000000000078038	リキ	14589
850	1200000000000005552	こめこん	14544
851	700000000000056054	Pi-Ro	14539
852	300000000000059780	Gﾊﾞﾄﾛﾝ	14536
853	500000000000058144	みずぼし りん	14483
854	200000000000084444	きち	14473
855	500000000000071698	つばめ	14425
856	500000000000053098	ちゃくしん☆	14384
857	400000000000034355	hamaco	14368
858	1300000000000097786	ヘンヤ	14355
859	900000000000003522	アハト	14336
860	1500000000000021326	にへ☆	14313
861	600000000000083966	オデンネ	14312
862	1200000000000080117	こてめろにうむ	14295
863	1000000000000003349	ごん	14290
864	1000000000000005406	chemblue	14289
864	1400000000000073640	緑茶	14289
866	700000000000033528	sakai5963	14274
867	1100000000000001901	ケティン	14239
868	600000000000022310	作者B	14189
869	1500000000000086901	M@SCON	14164
870	85316	kaz	14108
871	1300000000000075695	Easy	14084
872	5177	ビンティP@同僚募集中!	14060
873	200000000000053781	mich	14049
874	1100000000000004102	康之	14016
875	800000000000080388	乙哉	13959
876	42471	Ayataka	13800
877	900000000000098877	ED	13796
878	100000000000049187	漆	13774
879	1100000000000029748	ヨシオ	13744
880	900000000000074622	ヒューマン	13741
881	80421	式．七夜	13728
882	500000000000002234	だてっこ	13710
883	4039	あきおもさん	13680
884	1000000000000006300	しゃもじ	13630
885	700000000000002537	サボり	13623
886	500000000000006229	まっこりん	13622
887	1200000000000095812	あいぱど	13607
888	1000000000000015910	二藍ニャガ	13579
889	200000000000096854	井上	13576
890	200000000000037108	又三郎	13573
891	300000000000002719	Tomoexia00	13536
892	1500000000000005702	Ｄ.ゆたか	13519
893	1000000000000084769	ゆうくん	13462
894	100000000000002334	夕霧	13410
895	1000000000000037530	カツラギ	13403
896	600000000000008140	tako	13396
897	500000000000022728	OOPS	13388
898	600000000000098316	カザ	13365
899	1500000000000051652	とめ@同僚募集	13353
900	4014	けも	13340
901	1500000000000025240	にゃんちゅう	13275
902	100000000000053714	たらて	13266
903	1200000000000077145	IORI P	13248
904	1100000000000073911	Xross-fade	13221
905	1000000000000000674	あに	13166
906	800000000000073541	エンディー	13139
907	500000000000081498	りく	13120
908	1300000000000006850	Generation3	13112
909	200000000000097611	タクヲ	13109
910	1400000000000007254	小坂井	13080
911	1200000000000019628	たまご(協力仲間に感謝☆）	13073
912	200000000000098317	さらさら	13065
913	1500000000000098978	MaryI	13064
914	700000000000081172	ナンプラー	13050
915	900000000000099378	よっさん	13042
916	900000000000053654	アキト	13041
917	500000000000024707	なかた	13039
918	1300000000000081148	オーバー	13028
919	300000000000091826	しほにゃ	12992
920	600000000000050280	ジョゼ山	12990
921	200000000000086002	nadenadeitoken	12982
922	100000000000075045	しょうじ	12977
923	92142	タッター	12966
924	300000000000095913	テル	12955
925	1000000000000006781	としやん	12954
926	1500000000000005370	MIMI	12952
927	900000000000021375	そろそろいい加減に引退しろよ	12939
928	100000000000071821	もちまつり	12938
929	500000000000081057	葉月アキ	12908
930	100000000000080347	ベンさん	12902
931	400000000000082474	h136cm	12877
932	1500000000000009224	めし	12848
933	1000000000000008434	DOKIDOKIはたけ	12773
934	600000000000077577	カバーず	12740
935	1400000000000023224	てらけん♪	12738
936	1200000000000094734	fumi	12722
937	200000000000004236	toofoo	12708
938	700000000000085978	ししょうや@あずさP	12673
939	900000000000020985	あおの	12652
940	1500000000000001125	響マミ	12578
941	500000000000000818	ＴＲＯ	12570
942	600000000000005484	でっかち	12563
943	1100000000000004827	ホルモン	12551
944	1500000000000003484	しょうぎばん	12496
945	900000000000003263	いさん	12447
946	700000000000018753	キョウ	12405
947	1100000000000094958	アウラ	12404
948	1400000000000098630	Gyou	12366
949	1400000000000003541	ピースP	12334
950	1000000000000013580	おでこat70要請x寝ますそして仕事	12330
951	1300000000000077946	コト	12301
952	98153	Player 1006950288	12281
953	200000000000092437	かぶらぎ	12280
954	1000000000000097753	GO★MI	12278
955	1400000000000030089	久保君の弟バカテスLove＠てさ部最高	12258
956	400000000000097926	tttauo	12219
957	1500000000000079330	イチロー	12208
958	1000000000000023772	赤いきつね	12204
959	500000000000052253	taku	12141
960	400000000000033265	teteron	12101
961	800000000000032466	めがね	12075
962	1400000000000000677	Aoi	12074
963	800000000000035805	あすか	11987
964	1000000000000000071	魔光蟲ロンシャン	11981
965	900000000000002875	セブ	11941
966	800000000000036683	桑田パパ	11890
967	1500000000000001558	はろ	11865
968	1300000000000072859	まるさんかく	11864
969	300000000000031670	F kh	11862
970	800000000000077443	マル	11842
971	1300000000000072327	わむう	11807
972	500000000000001146	青銀星☆	11784
973	700000000000052075	ふるす	11729
974	1400000000000051116	管理人	11728
975	1200000000000093754	裕	11719
976	700000000000098368	タッチャン	11711
977	500000000000037232	luckD	11683
978	1400000000000054146	キリン(クジ友募集)	11682
979	1100000000000008960	カミィ	11661
980	1000000000000007685	シュウィーツ	11660
981	41458	匿名	11589
982	22385	雅坊	11584
983	1300000000000025943	syu	11547
984	100000000000006963	玉王	11525
985	100000000000085801	カトチェ	11506
986	79235	えびもと	11500
987	900000000000044546	はづきち	11484
988	1000000000000003471	ヒロ	11450
989	800000000000052059	カプル	11414
990	400000000000025569	こんどぅー	11396
991	1400000000000081806	tyjohn	11373
992	300000000000000370	ねこごろん	11335
993	500000000000051645	峰	11288
994	200000000000088239	アンディー	11284
995	1400000000000023441	ユウ（・ω＜）	11280
996	1200000000000002046	nanosan9	11271
997	1000000000000000830	WOK	11256
998	1100000000000001019	さとみ	11228
999	46145	ぽん	11181
1000	100000000000045543	赤枠	11177
1001	100000000000099118	リドリー	11176
1002	300000000000079949	しょう	11125
1003	300000000000036273	†ウルフ†	11118
1004	1200000000000020319	hino	11092
1005	200000000000095583	セレン整流器	11089
1006	700000000000003520	ＺＥＲＯ	11042
1007	1500000000000062655	TM-SRW	11026
1008	1200000000000098197	kowalskii	11023
1009	1300000000000004275	けんぱ	10992
1010	1200000000000049946	マキ@	10956
1011	500000000000050270	蒼空(ｿﾗ)@隠居勢	10925
1012	900000000000099155	えいす	10908
1013	1400000000000021700	特盛	10904
1014	400000000000078730	弾蝶	10896
1015	1000000000000001517	ぽぽんがぽん	10794
1016	1500000000000038879	七武衆	10785
1017	300000000000038234	炊飯じゃー	10780
1017	1000000000000053794	フロル	10780
1019	500000000000008769	madoka@BMD相互・海美	10728
1020	500000000000004351	依津花-yoduka*	10709
1021	800000000000003626	あっきい@ルンピカ！！	10650
1022	600000000000003789	トム	10645
1023	1200000000000097566	りゅうのすけ	10641
1024	400000000000055715	はろ＠無知ぽよ	10640
1024	1000000000000097966	SITF	10640
1026	1300000000000001068	せれん	10612
1027	200000000000054934	白雨	10609
1028	300000000000003826	kabawokun	10592
1029	1100000000000098270	Suido	10589
1030	52712	どらい	10566
1031	100000000000097930	nagi	10558
1032	900000000000096687	信天翁	10535
1033	1200000000000098388	輝刃	10524
1034	300000000000018385	カラス	10513
1035	700000000000077736	うんも	10512
1036	1200000000000077536	基也	10504
1037	800000000000007386	とくほ	10454
1038	1400000000000004570	ゴクツブシ	10415
1039	1400000000000006117	尾てい骨	10413
1040	600000000000007064	♪葉月みつる	10382
1041	700000000000051819	ハラカツ	10380
1042	1100000000000010362	カブレーラ	10327
1043	1500000000000061964	ルキ	10312
1044	500000000000008015	厄神	10302
1045	1300000000000004880	nio	10296
1046	100000000000010819	はると	10237
1047	200000000000099133	つな	10231
1048	600000000000046524	たまねぎ	10222
1049	900000000000006552	はぁ…早見沙織さん…	10219
1050	1100000000000022002	筒屋	10165
1051	400000000000091691	えだまめ	10152
1052	700000000000000557	カナリアP＠大和撫子道場	10125
1053	500000000000000472	なのか	10120
1054	1500000000000000119	なかよし仮面	10109
1055	600000000000004524	成宮由愛	10108
1056	1300000000000077525	クロ189	10062
1057	600000000000097902	匂宮絶夢	10054
1058	96000	まらかす	10046
1058	1000000000000095160	蛇遣い座	10046
1060	1400000000000062587	璃音	10011
1061	400000000000099226	純米大吟醸	10009
1062	1200000000000004406	帷/とばり	10003
1063	900000000000023216	Ｎ	10001
1064	700000000000047149	ルミナリエ	9999
1065	300000000000002860	sat☆	9995
1066	1200000000000078469	魔スターP	9977
1067	1000000000000002034	Oggy	9970
1068	1300000000000077111	かなえじゅん	9958
1069	300000000000042241	ゆうきん	9936
1070	1000000000000002988	noki	9892
1071	100000000000062717	るな	9866
1072	1200000000000035839	tsu_s	9856
1073	1300000000000008107	しとりん	9821
1074	1200000000000057503	Ne	9792
1075	1000000000000080961	tomo	9750
1076	1100000000000086331	燻製	9676
1077	1000000000000053733	さちこ◎	9638
1078	1100000000000031537	らんぽ	9579
1079	700000000000050343	昴(G3)	9576
1080	700000000000075047	グリP	9575
1081	400000000000053906	ヨッシー８８	9565
1082	33365	ちょめ助【協力感謝♪】	9557
1083	200000000000079547	佐久間 まゆ	9555
1084	700000000000051826	ろうし	9548
1085	700000000000092174	komanetin	9547
1086	300000000000002801	ひろ吉	9534
1087	200000000000031902	^ ^	9520
1088	98018	わらびもち	9506
1089	700000000000005105	おひつ	9504
1090	1200000000000008300	ナナメ	9492
1091	400000000000004578	那加	9477
1092	1100000000000001207	シンタナ	9453
1093	700000000000079564	トン	9433
1094	600000000000007650	芋	9420
1095	500000000000077043	中野ばーがー	9405
1096	1100000000000056190	Jupiter	9352
1097	400000000000086761	miki10	9338
1098	800000000000024257	カモ	9334
1099	200000000000033400	カツオ	9324
1100	800000000000032157	パイセン	9314
1101	9533	kore	9295
1102	100000000000078027	青森のスーパースター	9282
1103	1400000000000096814	TSKS	9265
1104	1500000000000081351	よしのモン	9263
1105	600000000000035392	ナベ	9251
1106	300000000000003275	スターぴー	9228
1107	300000000000029302	ぷちこんぶ	9197
1108	1300000000000063278	Aries	9195
1109	1200000000000075325	ババロア改二.5	9148
1110	400000000000091695	ビスモマイ	9120
1111	100000000000014125	影(´ω｀)クリコン仲間に感謝です(´∀｀)	9094
1111	300000000000078496	とりすた	9094
1111	1000000000000051401	ひゅん	9094
1114	600000000000004067	ほくそn	9086
1115	700000000000085930	るぴな	9079
1116	1400000000000030305	みそそ	9033
1117	600000000000002786	さがん	9012
1118	800000000000022046	コピー	9011
1119	100000000000009386	くりぼ～～	9010
1120	600000000000027438	ふっくん	8965
1121	300000000000086214	まっさん	8959
1122	700000000000008015	遠野 志貴	8949
1123	1000000000000022579	reo	8944
1124	1500000000000092018	Player 1005725839	8934
1125	1100000000000030749	廿五里P	8928
1126	100000000000003612	サニー	8903
1127	1100000000000020790	おたわ	8886
1128	900000000000074124	愉快な奴隷たち	8880
1129	1300000000000000048	わだつみ	8873
1130	600000000000006108	びーる	8847
1131	700000000000000379	タイラン	8833
1131	900000000000096294	ごき	8833
1133	400000000000097720	たっく	8821
1134	400000000000001387	くたろ	8807
1135	500000000000083569	SilverP	8784
1136	900000000000095673	猫夜凪	8781
1137	600000000000026078	ヒゲ太	8770
1138	800000000000093104	まこっち	8754
1139	1200000000000039825	D-ZEL	8746
1140	700000000000004495	楠木@BMD相互埋め募集(出まつり美也)	8734
1141	100000000000051330	びび	8731
1142	1000000000000001078	デニー	8729
1142	1000000000000011363	かめーぷる	8729
1144	1200000000000049895	きこう	8728
1145	1300000000000095674	wovex	8719
1146	1000000000000061619	キリット	8699
1147	900000000000070123	エコ	8691
1148	1500000000000061240	おおいし	8686
1149	900000000000032599	セキッチ	8685
1150	900000000000071889	ごまふ	8672
1151	100000000000008890	VIVA	8648
1152	400000000000002947	cs	8646
1153	700000000000085917	折敷	8622
1154	700000000000011006	たばねこ	8611
1155	100000000000096393	冬樹が聞き間違えたヘホホ運送	8586
1156	1100000000000015009	やや	8581
1157	300000000000029743	ふなふてぃ	8579
1158	1100000000000001234	か～や	8566
1159	1500000000000098378	kz	8552
1160	700000000000026249	レオニクス	8536
1161	300000000000000702	がいと	8523
1162	1300000000000044305	HyperORCA★	8514
1163	900000000000009401	こも	8501
1164	800000000000087556	そこつもの	8461
1165	700000000000028751	ＢＬＵＥ　３	8460
1165	1000000000000077903	空野	8460
1167	1100000000000055273	じなんぼう	8459
1168	1400000000000001112	いーらい	8448
1169	1500000000000009849	みやびき	8441
1170	500000000000088075	levy	8412
1171	900000000000029748	KUROKO.	8383
1172	73420	dante	8353
1173	300000000000077617	era9.14	8352
1174	700000000000004631	もてP	8338
1175	100000000000016763	Ben	8335
1176	1000000000000036477	zuki	8313
1177	58531	としお	8294
1177	1200000000000087395	ガイヂ2	8294
1179	500000000000086511	いちごおにぎり	8275
1180	500000000000097470	kunikuzushi	8260
1181	200000000000003513	ユタカ	8241
1182	1100000000000099690	こけい	8233
1183	1100000000000021850	無限いぬ	8230
1183	1500000000000005243	ベルベットパス	8230
1185	800000000000052755	おひれ	8213
1186	600000000000079601	越乃苗床	8183
1187	1500000000000062336	ぐんないめあ	8150
1188	400000000000000788	ひかげ	8140
1189	200000000000003861	佑 -task- 豺華広報担当	8129
1190	1500000000000008883	りうりう	8117
1191	1100000000000047487	どらねこ(勤務中/お仲間に感謝)	8110
1192	700000000000002243	クラファー	8058
1193	800000000000000098	タク	8032
1194	700000000000023235	KAHARA	8030
1195	1100000000000042303	blueQox	8029
1196	700000000000000456	きらりん☆	8015
1197	500000000000005771	いぶき野.com	8008
1198	1200000000000031451	kaz	7992
1199	1500000000000005172	(0M0)	7991
1200	400000000000002909	クワトロ・バジーナ	7987
1201	900000000000045257	タマタマ	7969
1202	1000000000000083639	Player 1004761866	7940
1203	400000000000074010	みつ	7938
1204	600000000000066869	ねぎとろまき	7890
1205	900000000000003476	ゆき	7881
1206	1000000000000001326	グダくさん	7878
1207	500000000000010035	京阪6000系6001は愛車	7855
1208	100000000000035953	なこちゃん	7816
1209	900000000000023387	ゲキ	7788
1210	600000000000009091	モ蔵	7773
1211	500000000000069952	レイラ	7734
1212	600000000000005581	かっし→	7719
1213	100000000000053434	三六	7684
1214	500000000000003079	(*･ω･)	7681
1215	800000000000004822	刹那	7679
1216	1400000000000051937	Snob	7665
1217	300000000000029316	シゲ	7643
1218	25636	マージ	7640
1219	900000000000020146	零	7616
1220	1000000000000010253	和彦	7592
1221	1200000000000007866	大	7590
1222	500000000000085100	A-strike	7585
1223	1500000000000037275	160cmP	7583
1224	1100000000000095330	みやこ	7565
1225	300000000000052123	メティア	7539
1226	1200000000000003255	jakalope	7527
1227	200000000000056555	おっちゃん	7488
1228	300000000000023321	Ｕｕ	7470
1229	900000000000054589	R+alt	7463
1230	1500000000000099649	べるないん	7461
1231	800000000000034008	わんだー	7439
1232	700000000000007699	べのむ	7408
1233	200000000000074383	エルザム(ﾉｰﾏﾙ+)	7382
1234	300000000000048799	エヅア	7373
1235	300000000000015929	宵闇	7360
1236	100000000000045981	ケンケン	7344
1237	1300000000000099190	タチカワ	7335
1238	600000000000082348	フレディ	7334
1239	700000000000008769	laboneet	7319
1240	600000000000096506	いく	7308
1241	1100000000000002210	双葉	7301
1242	700000000000030518	のり	7286
1242	1300000000000080840	司波 達也	7286
1244	600000000000073093	たけしし	7280
1245	100000000000037557	Isabelle	7272
1245	1500000000000013157	食あたり	7272
1247	800000000000079936	AKAHOSHI	7254
1248	700000000000021353	*あいか*	7215
1249	100000000000077719	やなた	7210
1250	900000000000046072	c-echo zen	7168
1251	800000000000051364	タカＰ－Ｚ！	7164
1252	100000000000085508	ペテ	7148
1253	1000000000000004295	へのい	7143
1254	900000000000010671	まあ、なんでも、ちひゃーですけれど｡	7140
1255	700000000000099842	神楽	7083
1256	600000000000080704	わらびぃ	7046
1257	800000000000000035	kkkk4	7040
1258	200000000000002922	しからく	7029
1259	1200000000000094605	ru8plus	7020
1260	1200000000000025748	ぴよぴよ	7019
1261	200000000000078186	サイトウp	7018
1262	900000000000000301	てっつ	7014
1263	500000000000078473	モティ(招待は好きにしてください)	7013
1264	400000000000005337	夢幻	7005
1265	1100000000000031782	プレイヤー1	6975
1266	100000000000021314	おでん缶	6974
1267	1400000000000002491	吉良吉影	6938
1268	800000000000096037	アルンP	6890
1269	1000000000000091556	よしひろ	6885
1270	1000000000000007134	ポツトミー	6855
1271	500000000000082430	成増のイタい	6825
1272	300000000000023610	タツミ	6808
1273	500000000000038405	アルトス	6800
1274	800000000000041943	tomo	6798
1275	300000000000057853	守銭奴	6779
1276	800000000000027424	ryof	6768
1277	1200000000000002940	タイラー	6750
1278	400000000000000535	ヤマジン	6747
1279	1500000000000092666	五色	6727
1280	77564	ヒロ	6722
1281	800000000000076847	Player 1003583432	6696
1282	300000000000054201	あゆむ	6692
1283	24730	saku	6680
1284	400000000000061728	ソウ	6671
1285	600000000000074632	c15idm0h1iu8t2xwy340	6664
1286	600000000000099161	ますみ	6662
1287	800000000000052035	ぱっぴー☆	6660
1287	1300000000000056208	マーティー	6660
1289	1300000000000016739	すわたま	6657
1290	100000000000000005	なかたん	6651
1291	1000000000000028683	もえ	6646
1292	200000000000084251	8月9日	6624
1293	100000000000055881	春菊オトリ	6623
1294	600000000000012769	ﾁﾋﾞいぬ	6610
1294	800000000000010925	ジョニー	6610
1296	192	そうり	6608
1297	700000000000042163	ヨシ	6602
1297	900000000000074793	真庭の某さんP	6602
1299	300000000000090816	おいちゃん	6601
1300	700000000000095416	IOG	6597
1301	900000000000004080	アイリスP	6589
1302	1100000000000002963	ボッスン	6530
1303	900000000000094866	Ouka	6521
1304	99351	なぎうぃぎー	6513
1304	300000000000098808	天糸	6513
1306	500000000000031599	妃世	6510
1307	800000000000007881	おすわ	6462
1308	600000000000004866	ヤマネコ	6456
1309	600000000000082093	ぴよすけ	6450
1309	700000000000051221	ハヤト	6450
1311	1100000000000088066	takoita	6445
1312	1100000000000000041	yu-ki	6439
1313	500000000000028749	lush@おやぶん見習い	6433
1314	34111	BLUE-BELL	6417
1315	500000000000073865	おゆ	6408
1316	900000000000006335	にゃぐ	6403
1317	1500000000000000134	えりさん	6402
1318	200000000000002130	ヨシ剛茸	6378
1319	500000000000005423	ペエ★	6370
1320	400000000000020634	かつみ	6368
1320	700000000000001197	§黒雪姫§ カウントダウン2	6368
1322	1500000000000002105	たくあん	6360
1323	200000000000048223	梟	6352
1323	1500000000000065126	Dazs	6352
1325	1200000000000034692	さけフレーク	6320
1326	700000000000100355	とのに	6294
1327	800000000000012006	さヴぁ	6288
1328	1300000000000087002	ニキ	6282
1329	300000000000005190	G3	6279
1330	400000000000096667	橘	6275
1331	1500000000000008980	GOTTWOZ	6264
1332	1500000000000093101	skim	6243
1333	900000000000000536	はるさき	6240
1334	500000000000084544	ヤス	6231
1335	62455	ごしゅＰさま	6212
1335	900000000000097459	izmy	6212
1337	300000000000003591	korodog	6206
1338	1000000000000004910	吉野	6192
1339	500000000000051762	ゴケ	6188
1340	1300000000000053525	最弱男	6176
1341	600000000000007445	hiro	6174
1342	300000000000094566	ちゅんちゅん	6162
1343	800000000000042472	クロン	6151
1344	400000000000004594	げる	6127
1345	26097	ver2	6121
1346	400000000000090597	Player 1005607588	6115
1347	500000000000062369	bamboo12	6077
1348	300000000000056120	火咲P	6061
1349	600000000000058490	葉先	6049
1350	1300000000000086908	りりす	6046
1351	1500000000000077389	あんべる	6032
1352	37712	トロン	6020
1353	1400000000000042146	綾香206	6019
1354	600000000000080381	キリエ	6014
1355	1300000000000005648	mamesibo	5999
1356	600000000000001133	ティーP	5997
1357	600000000000025335	さなぎさん	5996
1358	1000000000000017221	マコト	5984
1359	600000000000099487	かのよ	5953
1360	1400000000000060675	たかあき	5929
1361	200000000000003184	きほいる	5927
1362	1100000000000099353	はいぱーわっしょい	5904
1363	1200000000000039757	万年睡眠不足	5897
1364	1300000000000059121	kei	5892
1365	100000000000054880	拓生	5885
1366	1200000000000000404	三世	5877
1367	1400000000000004953	虎子	5870
1368	1500000000000099482	SQP	5858
1369	1100000000000050882	リコ	5852
1370	700000000000039339	さかな	5844
1371	1500000000000050494	シダ	5836
1372	1200000000000016045	MAIKEL	5831
1373	400000000000061288	長門	5827
1374	700000000000000697	あらじ	5813
1375	1300000000000032383	せり@自分中心、極端な 利己的考え	5803
1376	1400000000000043328	孤高の人Ⅱ	5796
1377	600000000000000065	まはとま	5729
1378	400000000000015266	ののワ	5720
1379	588	うにりんご	5702
1380	1200000000000074333	なッつん	5696
1381	1000000000000074523	たまごぼーろ	5686
1382	400000000000073226	スヌーピー	5660
1383	1000000000000063197	叢雲	5655
1384	1300000000000075906	流離	5654
1385	22774	三日月夢	5648
1386	700000000000025578	カンサイサオ	5643
1387	600000000000003318	りっちゃん	5640
1388	500000000000082238	ten	5635
1389	1100000000000093379	森の民	5627
1390	1500000000000057504	悠煌	5617
1391	400000000000007334	鎖骨にBAN	5592
1392	1200000000000007134	のうりん	5586
1393	700000000000083508	ケンタッキー	5580
1393	1000000000000020620	Orif	5580
1393	1200000000000022735	やなぎさわ たつのり	5580
1396	800000000000010723	ほねの	5572
1397	200000000000059656	しじみ	5566
1398	700000000000100182	バミューダ△	5560
1399	1300000000000052754	AiK	5553
1400	900000000000007054	えんたろ	5538
1401	700000000000046199	若松	5504
1402	1100000000000008659	みくるりん	5488
1403	500000000000079544	?*｡:°?あいる?*｡:°?*	5478
1404	300000000000000339	けけどら	5475
1405	800000000000000847	マルトキ	5474
1406	1200000000000055410	オルタ	5471
1407	1300000000000022781	coumei	5435
1408	1400000000000049261	沈黙の凡人	5429
1409	1300000000000051106	saiae	5395
1410	600000000000058673	ベッティー	5380
1411	300000000000074387	プロデューサー	5369
1411	1400000000000025163	nagato	5369
1413	500000000000099491	香取	5361
1414	1100000000000049467	胡麻ダレ	5355
1415	700000000000088568	ウェスタ	5354
1416	700000000000077126	なずな	5351
1417	200000000000027628	桃友	5340
1418	500000000000001464	賢者？	5334
1419	1400000000000087252	ビーバー	5322
1420	500000000000091669	エンペラ	5284
1421	900000000000099514	ぜんざい	5274
1422	300000000000002561	ウメ	5271
1423	1300000000000099627	Player 1007303277	5261
1424	1100000000000020580	こかとりす	5252
1425	500000000000046106	夜桜	5244
1426	1200000000000004223	occhanF	5243
1427	1400000000000018784	しげ	5236
1428	700000000000061990	がもり	5231
1429	800000000000011631	Georg	5201
1430	700000000000001270	HAL	5200
1431	600000000000085404	べこ	5198
1432	1500000000000028768	ジョー	5190
1433	1500000000000061541	暴走マッスル	5188
1434	700000000000013296	無尽合体ｷｻﾗｷﾞ	5187
1435	700000000000072163	マサ	5165
1435	1100000000000096131	ビメイダー	5165
1437	1400000000000000174	二曲輪	5124
1438	1200000000000005650	くりむ【S.A.D】	5117
1439	1100000000000098274	Player 1007072123	5111
1440	400000000000095698	てぃーてとら	5096
1441	1000000000000004576	KAW@千早ちゃんP	5068
1442	1100000000000096233	美星	5060
1442	1400000000000002878	ｳｯﾁﾝ/uttinn(osu!)	5060
1444	300000000000053242	エル	5049
1445	1200000000000001738	れーせん	5044
1446	200000000000011191	ドルべ	5040
1447	200000000000054844	あしか	5035
1448	900000000000051499	こーはい	5012
1449	200000000000082734	32tenn	5005
1450	100000000000000297	ロキP	4979
1451	500000000000081859	はっくしょん8801	4968
1451	1200000000000080623	velvet	4968
1453	1200000000000006779	デスティニー	4941
1454	1300000000000033403	雪ノ狐	4932
1455	600000000000055545	つゆ子	4910
1456	4343	あきあき	4891
1457	400000000000099530	masamura	4881
1458	1000000000000081359	ぴょん	4878
1459	1500000000000012256	木暮	4871
1460	900000000000096733	Player 1006527401	4859
1461	400000000000047760	泉そうじろう	4852
1462	300000000000046040	ベル	4841
1463	1300000000000087559	player1005238029	4798
1464	1100000000000031421	ＤＡＩ	4790
1465	800000000000000033	*	4768
1466	700000000000019192	まっきー	4750
1467	400000000000005262	大欲なすっとん卿	4746
1468	800000000000013900	すくるぼい	4739
1469	1500000000000096381	miki	4732
1470	400000000000073761	ホリ	4725
1471	600000000000027757	徒十郎	4714
1472	900000000000007211	飛沫	4694
1473	900000000000082060	コウキ	4670
1474	1200000000000004865	ねこまる	4669
1475	200000000000004696	えすとりっひ	4664
1476	1100000000000090937	いおらん	4657
1477	1100000000000076203	こうめちゃん	4654
1478	200000000000062370	ゆずはす	4649
1479	600000000000079790	sui-un	4601
1480	1500000000000028612	ほぱ	4595
1481	200000000000021222	miska	4588
1482	39850	枝河	4578
1483	700000000000100265	Player 1007659143	4574
1484	100000000000078741	セツナ	4564
1485	900000000000035942	Lucina	4560
1485	1300000000000023521	キリ	4560
1487	900000000000097353	Merlin	4550
1488	300000000000018808	ポニョのパパ★	4541
1489	1200000000000098903	わこ	4539
1490	1100000000000085677	coco717	4499
1491	1400000000000005096	絶白夜	4492
1492	800000000000009104	おっ	4480
1493	1300000000000046167	ぐっさん～要請×、空○～	4456
1494	800000000000001193	リセット	4425
1495	500000000000055328	aryguma	4416
1495	600000000000056283	ちひゃー☆	4416
1497	300000000000006799	氷点下の猫	4402
1498	900000000000003319	とらこ	4400
1499	400000000000037728	385	4394
1500	1400000000000003983	はさみん	4381
1501	75158	Kou	4369
1502	1400000000000007702	ライラ	4340
1503	1500000000000051152	玄兎	4329
1504	700000000000099333	ぽんたろス	4316
1505	500000000000011131	ほののん	4297
1506	1200000000000001442	エフラム	4284
1507	1200000000000000807	氷水	4279
1508	69495	ハル	4228
1509	1310	ACRO	4213
1509	100000000000054332	有里	4213
1511	1500000000000021446	idiotic	4206
1512	900000000000056167	りんごろ	4205
1513	900000000000075124	シロー	4194
1514	200000000000061763	乳牛魔エフィ	4193
1515	1500000000000014805	AREA88	4190
1516	97316	shibu	4170
1517	500000000000001240	カズ(イン率低下します)	4167
1518	800000000000070036	シオン	4166
1519	1000000000000037753	mitarashi421	4164
1520	800000000000041851	シェフチェンコ@門倉運輸	4158
1521	1400000000000059093	kurogal	4157
1522	1300000000000097065	ssgw	4153
1523	700000000000081164	ロク	4151
1524	100000000000007576	いっか	4147
1525	500000000000093198	ツカサ	4146
1526	2566	枠番連勝複式（南蛇井）	4145
1527	800000000000000598	dic	4135
1528	300000000000033248	シモえもん	4125
1528	900000000000094322	あかみ	4125
1530	100000000000097896	ユウギリ	4120
1531	1300000000000038846	ボン	4117
1532	1498	Raben	4090
1533	78078	snow@ngel	4083
1534	700000000000052696	せりざわ	4080
1535	800000000000082381	UVER	4072
1536	1200000000000027595	koikaze	4068
1537	600000000000025000	スノードロップ	4067
1538	1000000000000003688	篁	4061
1539	1400000000000048509	Nene	4047
1540	500000000000005806	26★P	4045
1541	1100000000000047625	大熊猫	4043
1542	1500000000000008678	八朔	4041
1543	600000000000099708	Kyeolgun	4038
1544	1300000000000027348	野球マスクP	4032
1545	1500000000000098656	かてぃー	4014
1546	500000000000077278	吉椎	4004
1547	1200000000000068172	とも(応援ポイント達成出来ました。お仲間の皆さん有難うです(^_^)	3998
1548	1200000000000054507	Atmosphere	3993
1549	1300000000000097974	chamaru	3992
1550	800000000000014751	のだっ	3990
1551	300000000000001085	たか100	3964
1552	100000000000055054	マクス	3944
1553	500000000000011255	トンヌラ	3935
1554	52821	ウマのつめ	3920
1554	400000000000049151	ギズモ	3920
1556	1300000000000074013	Tatsuking	3913
1557	800000000000071522	ななつ	3908
1558	100000000000019296	ルゥ	3906
1559	400000000000010029	だいすらぁ~	3890
1560	100000000000091983	kahuna	3878
1560	800000000000085640	メイトウ	3878
1562	1200000000000014879	SLDG	3872
1563	1500000000000057684	ゆでたまご	3865
1564	900000000000080198	どんぐりｖｅｒ２.7	3861
1565	1400000000000006315	まやま	3860
1566	700000000000047571	さおり	3857
1567	100000000000000132	如月優	3855
1568	800000000000087618	しーや	3838
1569	100000000000032829	おもち	3824
1570	300000000000033130	零崎独織	3814
1570	1400000000000042187	かー	3814
1572	600000000000007827	なんぷらー	3812
1572	700000000000074464	夜	3812
1574	1500000000000060898	昌幸	3794
1575	1000000000000053336	魂魄 妖夢	3780
1575	1000000000000072812	くろざね	3780
1577	200000000000097768	denzel	3773
1578	800000000000008083	ムーンライト	3768
1579	1300000000000078293	目覚ましのなく頃に	3760
1580	600000000000097830	ひよこ大魔王	3758
1581	900000000000001263	うみどり	3742
1582	400000000000096083	オリガミ提督	3738
1582	1100000000000080224	AsaYuki	3738
1584	500000000000086046	庄屋	3715
1585	98276	ハリィ	3714
1586	500000000000097418	Y.K.K.	3704
1587	1500000000000001072	かずくん	3690
1588	1000000000000098129	ゆうちぃん	3689
1589	500000000000049157	ミモリンスキー	3680
1590	400000000000054196	もやし姫	3679
1591	100000000000001958	riola	3675
1592	200000000000051334	はるさめゴーヤ	3670
1592	1500000000000087129	けのーび	3670
1594	500000000000099803	レイ	3663
1595	500000000000002823	のの	3658
1596	300000000000097273	まさなり	3650
1597	1100000000000015926	そろそろ…	3646
1598	200000000000008515	諭吉	3645
1598	1000000000000097204	くみちょー	3645
1600	700000000000002856	月光蝶	3644
1601	1100000000000077831	nao	3640
1602	600000000000004016	さどっち	3636
1603	700000000000096259	KSM	3634
1604	300000000000019945	alK	3630
1605	500000000000006960	ガナス	3610
1606	1500000000000060124	Carmen	3597
1607	600000000000037435	T M	3589
1608	41941	へろ	3588
1608	200000000000001302	ばっくす	3588
1610	200000000000002182	いか	3587
1611	300000000000047122	ぐらたん	3576
1612	300000000000096461	あみ	3575
1613	1300000000000100213	リッチャン	3574
1614	400000000000074341	ちょろの	3568
1615	300000000000027321	ハチミツ	3544
1615	700000000000017790	ひでぼ	3544
1617	900000000000021567	雪花	3538
1618	100000000000001638	らしょう	3537
1619	500000000000001127	鞠雛影葉	3532
1619	1500000000000055259	はんきち	3532
1621	500000000000097101	ダースベイダー	3527
1622	100000000000050996	リア	3525
1623	600000000000078985	みかんの皮	3523
1624	500000000000022824	くま吉	3521
1625	800000000000072605	南東	3520
1625	1200000000000053733	rits	3520
1627	74437	水陸両用	3510
1628	1400000000000052211	りあ@ブラックラボ	3507
1629	100000000000055769	gut	3504
1629	1000000000000054023	タコ@あずささん推し	3504
1631	100000000000039211	ハセ会長	3502
1632	100000000000074275	タイタン	3491
1633	1300000000000051715	りぃ＠	3487
1634	800000000000001549	マッハサンデー（やすくにP）	3486
1634	1200000000000055441	風見鶏 翠	3486
1636	600000000000061902	はこ	3484
1637	1300000000000084090	甘楽	3481
1638	1200000000000001806	Uターン	3444
1639	200000000000044982	カエルくん	3438
1639	1500000000000009863	ミノリー	3438
1641	500000000000056365	たけま~る	3426
1642	1500000000000099862	kei	3413
1643	500000000000072645	田中まさる	3411
1644	98963	ヒデユキ	3409
1645	900000000000055336	E.Ki-n	3392
1646	1300000000000080985	スミレ	3372
1647	100000000000007774	asagi	3368
1648	1000000000000015802	わふー	3364
1649	85080	15	3363
1650	500000000000083447	うさ五郎	3354
1651	100000000000030088	tomo	3353
1652	1400000000000009372	T・K	3340
1653	600000000000050960	ワラブキP	3332
1654	1500000000000036232	Satoshi	3317
1655	1500000000000093106	ピコハン	3309
1656	700000000000045166	shin☆ta	3308
1657	1500000000000001967	ピーマン太郎	3304
1658	800000000000095865	しゃけおにぎり	3301
1659	200000000000098244	suzxi	3290
1660	1500000000000005836	シェルパ	3279
1661	33118	ほっぱんさん	3278
1662	100000000000015379	キーミマ	3277
1663	1500000000000001709	棒六本	3262
1664	700000000000022977	チェリー	3255
1665	300000000000049201	フロム	3247
1666	1300000000000037496	やじろべー	3222
1667	600000000000037726	ブーにゃん	3218
1668	300000000000008453	ｶﾞﾛｰﾄﾞ	3215
1669	600000000000013239	ピロ	3214
1670	1200000000000041591	吸血魔エリカ	3210
1671	400000000000088026	あずまなお	3204
1672	700000000000062270	k	3201
1673	300000000000028757	†ゆう††	3152
1674	99585	ささ	3132
1675	1200000000000006547	pochi11	3129
1676	200000000000092105	にく	3122
1676	400000000000010841	まほりく	3122
1678	100000000000086969	あいる	3120
1678	700000000000002369	ののたん	3120
1680	1300000000000075342	ポップ	3115
1681	1400000000000036732	adolc7	3111
1682	1200000000000054048	クレシエンテ	3101
1683	1500000000000099853	オロオロ	3100
1684	800000000000000998	こめこ	3082
1685	200000000000000577	ユーリP	3079
1686	300000000000002691	ぶっしー	3074
1687	100000000000030567	えどがわ	3071
1688	500000000000098435	レンコン	3061
1689	900000000000093558	ウーシー	3060
1690	700000000000020942	一志	3051
1690	1500000000000078701	みんご	3051
1692	600000000000083096	セロリ	3049
1693	300000000000050786	じゅんP	3048
1694	1000000000000036014	アクセル	3046
1695	600000000000049776	まー	3037
1696	700000000000096291	衛士	3026
1697	100000000000097915	いっちー	3019
1698	700000000000100194	Player 1007630055	2992
1699	1300000000000032104	コウスケ	2988
1700	100000000000046714	酢橘	2981
1701	1200000000000096555	桐@紗路	2978
1702	1400000000000094650	やぶこ	2969
1703	1100000000000077653	グルコサミン	2966
1704	800000000000001256	きりつネＬ	2944
1705	99873	はこぺん	2941
1706	900000000000075298	タナカ	2933
1707	300000000000029972	ひさっち	2927
1708	1300000000000011789	なんこつＰ	2915
1709	1400000000000097124	かみやん	2912
1710	200000000000003077	ジェード	2906
1711	800000000000026060	雪兎 【美龍麗・絆】協力ありがとうございます。	2905
1712	300000000000002655	torotoro	2904
1713	400000000000031521	綺乃	2903
1713	800000000000016989	翔	2903
1715	1300000000000080691	湯	2901
1716	1100000000000099220	jymmy	2899
1716	1400000000000038374	ツバメ	2899
1718	700000000000004401	ガイスト	2892
1719	300000000000021597	のふへろ	2888
1720	1200000000000006559	ぼちぼち。つっちぃ。	2872
1721	1000000000000096053	Steven	2868
1721	1100000000000025230	たま(招待スルーしてください(｡-人-｡))	2868
1723	800000000000005754	yona47j チョット隠居？	2860
1724	1200000000000053221	ぱなっしょん	2859
1725	300000000000096513	トルフィン	2850
1726	900000000000083590	小箱	2841
1727	1300000000000067964	マロ	2840
1728	1500000000000002258	春日高男	2838
1729	200000000000085843	ティック	2834
1730	1100000000000004017	ブルックリン	2832
1731	1000000000000056312	☆チェリオ☆	2821
1732	800000000000002246	ゴウジン	2820
1733	900000000000000623	キサラギ	2816
1734	100000000000004638	HPL	2808
1735	900000000000003320	だるま14	2805
1736	500000000000006094	馬超	2804
1737	100000000000000328	sin	2803
1737	400000000000096239	スリップ	2803
1739	1300000000000028389	sawa	2800
1740	800000000000086945	櫻華	2798
1741	200000000000099032	ヅんヂン	2792
1742	400000000000050286	aqua0331	2786
1742	400000000000060900	キング	2786
1744	1400000000000098227	窓際のカーテン	2785
1745	100000000000038227	たろかず	2780
1745	1500000000000041751	ハリオ	2780
1747	500000000000085646	ラツマ	2776
1748	200000000000100345	Player 1007737186	2772
1749	85297	エルレア	2763
1750	200000000000085407	tora	2762
1751	200000000000004605	にゃんこ@桃まつり	2754
1752	300000000000003959	タケちゃん	2747
1753	37005	Rion	2745
1754	800000000000076386	hogehoge	2726
1755	500000000000073287	よもさか	2717
1756	600000000000026089	カツオ	2711
1757	500000000000100009	渚	2704
1758	75909	牛蒡	2694
1759	800000000000046529	なんか勢	2692
1760	1400000000000100100	daidude85	2691
1761	300000000000032562	天城龍慶	2680
1762	6778	ヤマンチュ	2678
1763	11161	MrSparks	2670
1764	1400000000000005934	ブルーヴァ	2662
1765	100000000000097636	ほるひす	2660
1766	1000000000000009788	ゴック	2643
1767	300000000000093538	ｸﾛｸﾛｻﾝﾎﾟ	2639
1767	1300000000000012821	ののわ	2639
1769	900000000000092803	ナオト	2638
1770	1400000000000081206	津守8108	2628
1771	800000000000003254	ガルフストリーム笹本	2626
1772	56106	花梨P	2622
1773	300000000000097489	tana	2616
1774	1300000000000047129	ANOA	2614
1775	800000000000002626	つうさん	2608
1776	600000000000003073	Iris	2607
1777	400000000000097362	ume	2604
1778	100000000000047327	まるたんぼ	2600
1779	900000000000021147	みっきー＆つばさ	2589
1780	1300000000000091825	たちむす	2582
1781	500000000000062271	癒乃	2580
1782	1000000000000053070	空太	2565
1783	200000000000010793	雲鯨	2551
1784	1000000000000069424	クローバーP	2545
1785	700000000000011052	ズッケン	2542
1786	1200000000000098497	百合松茶	2538
1787	200000000000097749	毬藻	2536
1788	1300000000000028214	こじ	2535
1789	1000000000000061102	murakenzu	2521
1790	800000000000097491	ユウ	2505
1791	42485	リーズバイフェ	2502
1792	400000000000086918	赤椿	2496
1793	900000000000038837	yun	2493
1794	8202	ま～ちゃん	2492
1795	900000000000096802	sora	2480
1796	300000000000098515	ユーリル	2470
1797	500000000000003508	エクセルシオール	2460
1797	500000000000080262	あいざわユウキ	2460
1797	700000000000053220	射命丸 尊	2460
1800	1100000000000054126	ガワオP(元NACHT)	2457
1801	1400000000000023482	ぼんくら	2445
1802	500000000000097096	ヨッシー３	2436
1802	1200000000000022493	もる	2436
1802	1400000000000078188	miya	2436
1805	1300000000000000659	やぎ@幼なじ美奈子	2430
1806	800000000000004073	インフィー	2429
1807	1100000000000052989	ちんた	2427
1808	886	が～	2424
1809	1500000000000001750	ジャガー	2421
1810	200000000000100256	humoni	2411
1811	500000000000000042	Crifff	2371
1812	900000000000000380	すずしろ	2362
1813	200000000000089151	lop	2350
1814	1300000000000087613	ミキ	2349
1815	1400000000000045226	Paris (･ω･)	2344
1816	400000000000074330	モンスター	2343
1817	1000000000000012888	けよりな	2331
1818	1400000000000097182	塩缶	2330
1819	1100000000000099013	たいちゃん	2318
1820	800000000000077052	八橋	2315
1821	1100000000000052873	久坂	2310
1822	1500000000000081953	斬り捨てごめお	2302
1823	1000000000000002248	リュウセイMk-Ⅱ	2299
1824	1200000000000008587	pairiota	2277
1825	800000000000098594	卯月	2276
1826	500000000000051428	かぺ	2270
1826	700000000000007419	ヨタハチ	2270
1828	900000000000054364	いなみる	2266
1829	500000000000000055	らねこ	2257
1830	1200000000000042263	SYU☆彡	2251
1831	1000000000000003861	マキィーテP	2247
1832	500000000000078388	原口	2238
1833	1300000000000051209	よし	2237
1834	600000000000099804	ちえたん	2229
1835	1100000000000080071	かねうし	2221
1836	500000000000014481	猫まろ	2210
1837	700000000000095244	白原杏	2207
1837	1400000000000038937	ねここ	2207
1839	1300000000000091244	かずやん	2200
1840	400000000000022242	摩華	2192
1841	100000000000099274	紅い髪	2189
1842	200000000000075548	knock	2187
1843	900000000000077375	流雲劍	2182
1843	1100000000000008336	シリウス弐式	2182
1845	200000000000082590	べるの	2171
1845	500000000000009760	るあ	2171
1847	1000000000000024756	rieul	2165
1848	100000000000072428	如月	2157
1849	1400000000000020743	レン	2154
1850	800000000000011291	ハラヤヒロ	2140
1851	1100000000000016636	ﾅｵﾅｵ	2130
1852	300000000000050631	クロノス	2125
1853	800000000000035258	ﾙｰｼｨ	2100
1854	94028	DISK3	2097
1855	95060	ねぎ	2090
1855	1500000000000085388	よしまる	2090
1857	800000000000040562	なお	2085
1858	1100000000000006184	サトケン	2079
1859	400000000000079065	ヨッシー	2072
1860	800000000000030867	hilkka	2069
1861	700000000000031910	ヤリイカ	2065
1862	800000000000026757	すてぃ～ど!	2051
1863	1200000000000062083	サラ	2038
1864	900000000000076979	わんこ	2024
1865	1000000000000011198	マーヴィン	2022
1866	200000000000058953	アキ	2015
1867	500000000000014339	なのは	2012
1868	1200000000000027172	かわせい	2010
1869	800000000000096991	シーサー	1996
1870	1200000000000005202	tostossot	1991
1871	1400000000000076980	アリアス	1989
1872	1500000000000016355	水野由結	1984
1873	600000000000049518	塩大福	1977
1874	300000000000054949	二代目綺羅偉人	1976
1875	200000000000081191	katumi	1972
1876	300000000000094664	ケイ	1971
1877	1400000000000098670	利愛	1966
1878	400000000000077052	Azetry	1961
1878	1200000000000041828	しんとも	1961
1880	1000000000000096644	羅主斗	1956
1881	600000000000055243	ろーでぃんぐーろry	1951
1882	1100000000000087061	清五郎	1945
1883	82456	バラ	1943
1884	600000000000004707	horn@萌えつきた流星	1940
1885	1500000000000098600	雪夏	1939
1886	500000000000001937	白熊対決@猛牛戦士募集	1932
1887	600000000000006476	loki	1925
1887	1200000000000079711	ヒロタカ	1925
1889	99907	あまとほ	1921
1890	99219	ペル	1888
1891	1000000000000006957	Elico	1877
1891	1200000000000084658	taka0913	1877
1893	1100000000000007290	10mo	1864
1894	1400000000000002126	カテジナ	1862
1895	900000000000008338	おれお	1860
1896	5818	シーター	1858
1897	700000000000098535	3taka	1856
1898	1100000000000018139	sasasyu	1855
1899	700000000000053320	パン	1839
1900	800000000000075697	熱々おでん	1837
1901	600000000000061345	とも	1836
1902	1000000000000055327	おニャとも	1830
1903	1000000000000097902	てけまぬ	1827
1904	500000000000049222	☆みっきー☆	1824
1905	400000000000006131	蘇羽	1814
1906	300000000000093182	Yuni P	1810
1907	200000000000096624	赤羽業	1805
1908	1100000000000024439	ばんメシ	1801
1909	1100000000000000683	のえる	1794
1910	1000000000000029815	クメン	1793
1910	1500000000000098256	マリーダさん	1793
1912	1300000000000006115	ジャック	1790
1913	100000000000011562	＊ゆぅすけ♂＊ｲﾝ率低下中m(._.)m	1785
1914	100000000000014221	キョンシー	1774
1915	200000000000000273	５２４	1769
1916	1100000000000002753	FF零式	1764
1917	1200000000000037415	Ｐたろー	1762
1918	400000000000057721	プロ雪歩Ｐ	1758
1919	300000000000098011	十四松	1757
1920	600000000000055356	konkon	1744
1920	800000000000094717	多軌	1744
1922	94990	Player 1006123568	1743
1923	100000000000073239	rootan	1741
1924	1300000000000088561	ほたて	1740
1925	400000000000094751	よしだ	1733
1926	99415	Player 1007319552	1732
1927	400000000000057108	まーくん	1727
1928	1300000000000000946	くいぐるみ	1720
1929	1400000000000000569	(`ェ´)	1717
1930	1400000000000003868	かむ	1714
1931	600000000000002472	みょん	1704
1932	1500000000000079085	VOLUPTAS	1697
1933	300000000000008425	Ad伊藤	1695
1934	500000000000097788	にんじん	1686
1935	1500000000000050345	ピアね	1680
1936	800000000000068557	アイソン	1679
1937	1500000000000003150	扇風	1674
1938	400000000000099365	リキ	1670
1939	900000000000011282	けんざぶろーちょっと釣りをお休みしますm(__)m	1669
1940	1300000000000020798	チロりん	1661
1941	700000000000044977	DD	1656
1942	200000000000074016	ねねちゃんちー@サンシャイナー	1655
1943	1500000000000080630	ソラアオ	1654
1944	99450	星丼美希	1653
1945	1100000000000020696	ほま	1648
1946	700000000000003595	かわーの	1640
1947	300000000000007590	菩提樹　普段書かないけどお友達に感謝です(*⌒▽⌒*)	1639
1948	1100000000000097735	n46	1633
1949	100000000000099499	シンザンP	1627
1950	100000000000037882	ともや	1623
1951	1500000000000002180	みや（PeachStyle代表）	1622
1952	200000000000059742	Inufuku66	1618
1952	800000000000018427	ジェームズ	1618
1954	600000000000081294	草稿	1615
1955	300000000000019825	ガイ	1605
1956	200000000000004218	ステルス・モモ	1600
1957	100000000000009543	†珊瑚†	1596
1958	500000000000023683	/null	1595
1959	500000000000038630	こんの	1592
1960	1000000000000097138	tkp	1590
1961	800000000000003135	五郎蔵(ゴロゾウ)	1580
1962	1200000000000019057	～～～	1575
1963	200000000000075288	あんこ	1569
1964	1200000000000079635	haorenmousi	1568
1965	300000000000050499	MAZERAN	1560
1966	1500000000000002473	凡人	1558
1967	1100000000000095717	ニャオキック	1557
1968	1100000000000029925	なち	1551
1969	1200000000000023253	そら☆	1550
1970	500000000000053027	はろ	1549
1971	81303	青蟹	1541
1972	1300000000000100082	Player 1007546829	1540
1973	900000000000025288	ケスラー	1537
1974	800000000000021243	紗季☆	1534
1975	1300000000000006234	クラプリ	1529
1976	300000000000097953	コンフ	1521
1977	1000000000000061956	ハル	1520
1978	600000000000035614	アン@イシイみき	1506
1979	1500000000000099732	初雪	1490
1980	1400000000000025540	ペペロンチーノ	1489
1981	900000000000072197	やぎ	1478
1982	800000000000099369	（仮）	1477
1983	700000000000099652	かもしょう	1475
1984	800000000000099527	にゃーず	1473
1985	400000000000097726	ムスコス	1462
1986	900000000000092523	みちたロンドン	1457
1987	1100000000000029669	Toyo	1455
1988	1100000000000009011	ゆいん	1454
1989	24437	ミミカ	1443
1990	23592	ねー	1440
1991	200000000000032540	仮面ライダー884号	1437
1992	600000000000094357	双海真美	1432
1993	200000000000080630	しむ	1431
1994	300000000000000483	クロコダイル	1430
1995	700000000000043303	はちみつクマ	1414
1996	1400000000000022923	ファントム	1410
1997	800000000000094799	水輝	1409
1998	800000000000004196	闇狼	1405
1999	85334	小兎	1400
1999	800000000000025496	ふんころ	1400
2001	100000000000019772	マサ	1398
2002	400000000000001592	☆dk★	1397
2003	100000000000022726	けい	1391
2004	600000000000083547	でじこん	1377
2005	200000000000059379	こーた	1376
2006	1400000000000039544	蒼石	1373
2007	300000000000013304	BOBO	1371
2007	1100000000000056019	さいなん	1371
2009	100000000000099965	やまや	1369
2009	300000000000034144	チャカ	1369
2011	1300000000000074959	ランゴン	1363
2012	96595	diarut	1357
2012	300000000000000299	ビョウキ	1357
2014	900000000000055758	めろんぱん	1356
2014	1000000000000099317	it	1356
2016	200000000000085296	roooom	1353
2017	900000000000010488	うへの	1341
2018	700000000000033696	ホロっち。	1340
2019	1500000000000096517	SWL	1332
2020	1000000000000099883	スバロー	1330
2021	200000000000072898	ひだまり	1324
2022	1000000000000098441	コザクラ	1320
2023	800000000000013539	odorimasho	1319
2024	1100000000000046835	rainy	1318
2025	1400000000000073327	ゲンナイ	1313
2026	600000000000061298	RGBYGSC	1311
2027	1200000000000096206	txexp	1310
2028	600000000000084885	Player 1004915686	1292
2029	700000000000020173	MA	1291
2030	800000000000003305	ip2	1290
2031	1500000000000009968	あーさん	1288
2032	1500000000000083395	きみあき	1284
2033	100000000000099831	Player 1007610385	1276
2034	1100000000000080175	ルイス￥	1273
2035	300000000000093338	なたぴょん	1269
2036	200000000000057508	カイロ	1267
2037	600000000000009004	いこもといさや	1259
2038	800000000000034437	アッシェ	1258
2039	500000000000097358	qazaq15951	1256
2039	1100000000000070989	みっちん	1256
2041	100000000000099826	刹那Fセイエイ	1255
2042	1200000000000068485	たつみ	1246
2043	400000000000098131	やまぐ	1245
2044	1200000000000087899	加藤	1240
2045	800000000000003206	焼肉ファイヤー	1238
2046	500000000000034029	みずしろ	1236
2047	900000000000079935	コンコン	1230
2048	700000000000097998	いち	1213
2049	200000000000098469	スラア	1212
2050	600000000000048872	alice3567	1209
2051	1400000000000000454	kirino	1208
2052	1200000000000003845	なお	1200
2053	500000000000056987	AAA	1191
2054	1000000000000005042	Ｋ	1190
2055	1000000000000098526	k	1184
2056	1300000000000078416	しかお	1180
2057	400000000000008709	アキスケ	1178
2058	100000000000004597	mysticcage	1174
2059	1300000000000085366	なーさん。	1170
2060	1300000000000100261	あんず	1169
2061	78851	スピリット	1168
2062	100000000000067447	アクセル	1164
2063	300000000000096011	あさたろ	1145
2064	1300000000000098662	★ちくわ大明神★	1144
2065	900000000000037133	ぬしおか	1140
2066	1400000000000034102	ひこ	1136
2067	100000000000003640	しき	1122
2068	6602	みなぎ	1121
2069	1200000000000099137	Player 1007479324	1119
2070	800000000000099214	ノコノコ@プリ仲間継続	1116
2071	300000000000098378	海王	1114
2071	1200000000000091917	Player 1005742332	1114
2073	1300000000000013827	わんわん	1107
2074	600000000000010822	エジライダーP	1104
2075	800000000000081967	ak	1096
2076	600000000000099788	ライト	1095
2077	800000000000099177	まがこ	1088
2077	1400000000000074711	Player 1002963918	1088
2079	1500000000000032097	たみー	1087
2080	400000000000093035	ゼルモス	1076
2080	1100000000000061857	どら焼き	1076
2082	900000000000030965	ノヴァ	1075
2083	300000000000079901	toshi	1074
2084	600000000000051152	葵	1066
2085	200000000000037197	ゆきみや	1062
2086	1400000000000010601	アカネコ	1059
2087	700000000000099386	るんば	1047
2088	400000000000072594	チヒロ	1045
2089	1100000000000006417	もみじ	1040
2090	900000000000026741	アール	1038
2091	1500000000000005024	くじらP	1034
2092	900000000000096379	たんぼ	1032
2092	1300000000000001778	シュー㌧	1032
2094	1500000000000071679	星空	1030
2095	300000000000097991	ヒロ	1029
2096	900000000000001626	ちぇあー	1027
2097	300000000000013462	らおせと	1020
2097	500000000000099365	かずね	1020
2097	900000000000037221	あっちー	1020
2100	800000000000088403	ヘンリーマーシャル	1013
2101	47884	アドルフィ	1006
2102	400000000000079713	フォラス	998
2103	1500000000000006248	太公望	996
2104	900000000000042652	たけし	976
2105	1400000000000037080	大熊猫	969
2106	1400000000000002153	mike	964
2107	600000000000077760	斎藤	963
2108	1400000000000097609	めがね委員長	960
2109	1000000000000027523	シン	955
2110	400000000000070466	しゃけ	954
2111	100000000000032354	ニカ	952
2111	600000000000005414	油田王	952
2111	1500000000000039016	朝。	952
2114	100000000000069449	時雨	943
2115	1100000000000017210	めーがす	941
2116	300000000000092702	ゆしち	937
2116	1100000000000021702	蛇の目傘	937
2118	300000000000017271	不器用な男	933
2118	1300000000000075243	とんこつらぁめん	933
2120	100000000000016010	しち	929
2120	200000000000008112	おやどり	929
2122	900000000000000017	左利きのリョーマ@ドラマシアター始めました	925
2123	500000000000028389	クマ	920
2124	1500000000000087124	まれ	919
2125	400000000000036714	ベルモンド	916
2125	500000000000080993	ゆあ。	916
2127	22424	ｔａｍｔａｍｐ	915
2128	1500000000000084570	わこまる	913
2129	1400000000000088211	shiuva	912
2130	1300000000000002550	デニーク	911
2131	9252	しかられるもの	904
2131	500000000000092233	サトシ	904
2133	1100000000000059282	mr906	901
2134	1100000000000004537	JCVD	897
2135	1500000000000098503	Player 1007089711	896
2136	1400000000000052768	one	894
2137	1300000000000000644	なばと	890
2138	1300000000000010049	かきゅん	887
2139	1500000000000097152	kazupon	884
2140	1100000000000029540	燕	881
2141	1400000000000030687	につは	879
2142	800000000000002600	ふぉるてぃ	875
2143	600000000000030944	モン太	864
2144	600000000000074651	もふこ	862
2144	1300000000000054513	あゆきゆき	862
2146	400000000000003987	しろにゃんこ	859
2146	600000000000086481	柑橘p	859
2148	900000000000052384	めーぷる	857
2149	600000000000002049	ゆぅ	855
2150	98822	ファルコ	854
2151	1300000000000056315	鈴木安寿	852
2152	100000000000099444	優	850
2152	1500000000000004463	ｍｉｕ♪	850
2154	1000000000000099528	廉	845
2155	700000000000078124	萩乃	844
2155	800000000000073004	ぴかちゅりん	844
2157	200000000000001313	シアク	841
2157	400000000000072889	ryoji	841
2157	700000000000016251	いなさん	841
2160	200000000000029784	茂政	837
2161	100000000000074264	にゃほ	833
2162	600000000000079960	NA×2	831
2162	1300000000000037731	さらみ	831
2164	400000000000021462	ちゃみ	827
2165	500000000000008468	飛晶	824
2166	700000000000086874	Tomo.A_7	822
2167	500000000000042826	Yohko 【 ×】	820
2168	1100000000000099009	Player 1007303019	816
2169	1400000000000098993	ふた	815
2170	76740	エクス	814
2170	1300000000000062557	弥透	814
2172	1200000000000078843	T	810
2173	1300000000000051996	ますたー	808
2174	600000000000001215	tako＠貴音P	804
2175	1400000000000046623	ｺｰﾋｰﾌﾛ-ﾄ@ P	800
2176	200000000000082656	錆び月	799
2177	1400000000000024916	スパ	789
2178	1300000000000084270	cocorico	784
2179	900000000000073535	しずゆい	782
2180	1200000000000000190	桐生一馬	779
2180	1200000000000008494	ムンムン	779
2182	700000000000047191	ヘイリバー	774
2182	1400000000000004907	サンサン	774
2184	1300000000000088436	SiroKo	773
2185	1100000000000095530	タケノコ	771
2186	1400000000000053079	NUA_P	767
2187	1000000000000028122	としさん	766
2187	1200000000000039455	にと。	766
2189	1500000000000039936	ＴＳＵＮＤＯＲＡ	762
2190	600000000000030474	doll	761
2191	300000000000025423	柴水犬	758
2192	500000000000085611	ベジー	757
2192	600000000000037190	ktktktre	757
2194	1200000000000096562	ワイザー	756
2195	1500000000000046531	自由（）	754
2196	800000000000027414	ショシ	752
2197	1300000000000091689	ひろたん@アバコン達成です(//∇//)	751
2198	82220	和波	750
2199	1500000000000099190	チキンカツ	747
2200	1300000000000081443	しゃーこ	745
2201	300000000000054260	ボクデン	743
2201	1100000000000038282	ATM	743
2203	900000000000010590	ギー	740
2204	1200000000000011765	海☆坊主	736
2204	1200000000000038472	くるぶし	736
2206	1100000000000078964	ミカン	732
2207	1100000000000073108	モレ	731
2208	1100000000000031596	あずき	730
2209	400000000000061871	釣りバカ	725
2210	49831	ゆらりダビ伝	720
2210	100000000000080960	じょにー	720
2212	300000000000004912	KAz	719
2213	800000000000037973	book	713
2213	900000000000007903	ないとう	713
2215	1500000000000051251	天野真志郎	707
2216	1100000000000099716	えりぼー	704
2217	800000000000018970	菜々星	700
2218	1000000000000080496	クロロク	692
2219	1400000000000051627	かまたま	691
2220	1100000000000009960	おわりはじめ	690
2221	54097	RYU	685
2221	600000000000098123	よもぎ	685
2223	1500000000000054238	翠	684
2224	200000000000061991	泰之市川	682
2224	300000000000025760	もよ	682
2226	200000000000026667	ぐらふぁん	680
2227	400000000000002194	まいったね…	678
2228	100000000000085436	ELSIE	677
2229	1500000000000024596	wizard5121	674
2230	100000000000085834	nikkle	672
2230	300000000000022567	唯我独尊  ( v^-゜)	672
2230	500000000000099481	raku	672
2233	800000000000052279	ろしあん	671
2234	500000000000060257	すのう	667
2235	1500000000000003468	タロウ	666
2236	400000000000008177	かつゆう	665
2236	1100000000000022163	神宮寺	665
2238	1200000000000004268	大チャン@なおひと	663
2239	1500000000000085273	シズノ	662
2240	500000000000097472	ニンジャマン	661
2241	100000000000021920	ちもこ	658
2242	1400000000000086022	安藤りん子	652
2243	500000000000015521	†流姫†	651
2244	600000000000027220	カラス	649
2245	700000000000056013	ユキ	648
2245	1000000000000014722	ハーヴェイ	648
2247	40	にら	646
2248	200000000000085878	nori0723	641
2249	1100000000000099464	ルウ	640
2249	1300000000000034792	ＩＣＥ	640
2249	1300000000000070798	燕子花	640
2252	500000000000099017	イシワタ	638
2253	200000000000022508	シリアル	631
2253	1500000000000004031	マドンＲＸ３	631
2255	700000000000099081	なすなすな	629
2255	1300000000000001868	Nao-Style	629
2257	300000000000056719	かるら	628
2258	1000000000000015030	白黒パンダ	625
2259	700000000000098371	444	621
2260	1200000000000084956	サトチー	617
2261	400000000000007634	こう	616
2261	500000000000096350	大石	616
2263	300000000000074061	ころりん	612
2263	900000000000098287	出荷待ち。	612
2265	1300000000000080113	コバ	608
2266	600000000000019089	ごっちゃん	602
2267	800000000000052358	aruzya	600
2268	900000000000099326	Player 1007520473	599
2269	1200000000000071880	Masahiro Nakagawa	596
2270	200000000000025218	chang-yu	595
2270	500000000000085534	ほちゃな	595
2272	900000000000009630	禄多	593
2273	79131	ムーサ	590
2274	1400000000000085692	キンタロウ	587
2275	500000000000007912	しょうさ	586
2276	700000000000100284	Player 1007668183	584
2276	1500000000000099930	Player 1007733599	584
2278	500000000000095037	rip	582
2278	600000000000098566	Player 1007127606	582
2280	1300000000000076270	魔～沙	581
2281	99935	Akahame	580
2282	1100000000000097151	燕	576
2283	100000000000088221	Nemodora	570
2284	1500000000000012301	マリ	567
2285	1500000000000099627	みにさらだ？？？	564
2286	400000000000099429	まいあみ	562
2287	400000000000080506	レイ	558
2288	1500000000000034287	アザゼル	557
2289	800000000000097157	sket-ch-Book	550
2290	600000000000037833	カズ	548
2291	1200000000000028758	龍王	546
2292	200000000000054126	上野介	545
2293	700000000000021634	Ｌｉａ	544
2294	100000000000071990	日暮薬局	541
2294	400000000000085572	Ken	541
2294	1000000000000004227	jarvis	541
2294	1200000000000095505	narume	541
2298	200000000000019796	すみめに	539
2299	1200000000000012789	ぱろたこ	537
2300	1000000000000001860	ぽんこつ	531
2301	1300000000000099154	Player 1007141533	527
2302	100000000000019833	鈴子	525
2302	800000000000062543	もっさん	525
2304	1000000000000097325	ハルラン	524
2305	1000000000000078540	Jonathan	521
2306	400000000000053117	はんしん	520
2306	900000000000097366	荒野の渡り鳥	520
2308	1100000000000081419	フォン・スパーク	516
2309	100000000000034180	Y	515
2309	1100000000000003890	ウィレム†ｸﾞﾘｰﾝﾚﾌﾄ†△	515
2309	1500000000000003942	影利	515
2312	100000000000053878	ソロ	511
2313	100000000000047496	まきがみ	510
2314	500000000000095781	橙架	507
2315	300000000000051666	ヤカライバー	505
2316	1400000000000099105	dorachoco	500
2317	400000000000091685	たつた	498
2317	1100000000000094766	匣	498
2319	500000000000061691	ナタデココ	497
2319	1000000000000044673	みや （求む！応援申請   ）	497
2321	500000000000032232	ファーザー	495
2321	1000000000000066247	ジャスティード	495
2323	500000000000062289	えいひれ	493
2324	500000000000096447	ろっく	488
2325	1200000000000011975	remy	487
2326	200000000000059130	イェーガー	486
2326	1200000000000051201	波多野	486
2326	1300000000000010349	マチャ！	486
2329	1200000000000006904	べるぐ	484
2330	500000000000070464	哲士◎永遠のﾘﾂｺ勢	483
2331	400000000000026210	シュガー	480
2331	1400000000000018064	ジャガー	480
2333	1500000000000008111	敬助	478
2334	1200000000000075550	ハッシー	474
2335	700000000000056167	らぎ	473
2335	1400000000000003727	ガイ	473
2337	1400000000000065068	Player 1002081262	472
2338	200000000000013174	hull	467
2339	500000000000009192	sf	466
2340	1100000000000058051	雑賀	465
2341	1300000000000097536	J	463
2342	700000000000083720	せのー	459
2342	1100000000000098721	iza弍式（仕事多忙中）	459
2344	1000000000000062513	horse	456
2345	300000000000095791	きゅうり	455
2346	500000000000064031	みちゃりん	453
2347	200000000000051120	naka	451
2348	700000000000099561	ゆら	447
2349	900000000000096027	Wxw	446
2350	500000000000005060	乃斗	443
2351	300000000000080732	はるかっか	441
2351	500000000000006223	サブロー	441
2353	400000000000098762	陳柏穎	439
2353	800000000000097147	SKNK	439
2355	1100000000000060834	れむすけ	438
2356	1200000000000007142	二の黒	435
2356	1400000000000100261	ふじ	435
2358	400000000000099270	Player 1007441348	434
2358	1400000000000017803	千葉ﾛｯﾃﾌｧﾝ()	434
2360	200000000000023851	アザトース	431
2361	1400000000000078182	たろぽん	430
2362	1400000000000096863	さはら	428
2363	1200000000000093877	しずく	427
2364	2735	いくら	426
2365	700000000000040892	しおん	425
2366	300000000000026189	フックー	423
2367	33749	烏骨鶏	421
2368	1500000000000096863	かいとく	420
2369	600000000000007088	ロク	418
2370	6410	四世村正	417
2370	100000000000016072	ワックス	417
2372	600000000000075145	和泉康太＠同僚募集中	415
2372	1300000000000029800	ARI	415
2374	100000000000098752	Dr.Ｋ	413
2374	1200000000000069224	しんちく	413
2374	1400000000000009603	ケヤキ	413
2377	100000000000099775	Player 1007571217	411
2378	200000000000100304	shulshagana	408
2379	200000000000048719	ガリガリバー	407
2380	1400000000000002837	ふくちー	406
2381	1000000000000097780	貴音プロデューサー	405
2382	200000000000002501	のっぴき	402
2382	800000000000081790	えびし	402
2384	300000000000097812	Player 1006977443	400
2385	700000000000003369	ノックアウト	398
2386	300000000000002302	ポリプＰ(粗挽き大和糊)	397
2387	900000000000070926	しかで	396
2388	100000000000098327	旨味星人	395
2388	200000000000008293	runa*	395
2388	1200000000000058671	珀	395
2391	1843	ゆう	394
2391	200000000000093866	デネブ	394
2393	300000000000052088	すねいく(MZD)	392
2393	1400000000000100312	ぷろっきー	392
2395	400000000000099227	Player 1007421988	390
2396	1200000000000006742	カラメルプリン	386
2397	400000000000003433	紗英	384
2397	900000000000019947	ウィン	384
2399	300000000000090984	ケルベロス	383
2400	1200000000000094514	ほー	380
2401	800000000000055869	ユイ	379
2402	500000000000001776	ｼｬﾐ	378
2403	600000000000086915	miria	376
2403	800000000000010821	べる	376
2405	1200000000000000497	TAK	374
2405	1400000000000055470	りりー	374
2407	800000000000097053	だにえる	373
2408	300000000000057428	Yuki	369
2409	400000000000055664	KING_VEGA	361
2409	600000000000060432	idolm@ster	361
2411	82443	おまえ	360
2411	100000000000005405	彩花	360
2413	600000000000007496	ググる	352
2414	2423	ｾｲﾒｲ	351
2414	1400000000000098892	メリン	351
2416	400000000000016907	性悪ウサギ	350
2416	600000000000099479	アリマ	350
2418	700000000000052557	ヴィヴィアンw	348
2419	29213	PHOIZ	347
2419	900000000000051866	ミストの達人	347
2421	700000000000055288	SO_RA	343
2421	800000000000080661	ドライブ	343
2423	200000000000069378	ユニコーンP	342
2424	1400000000000060298	ケチャぷ	341
2425	900000000000016870	★乱崎 案山子★	340
2425	1100000000000000837	みぃたんP	340
2427	300000000000000783	HCL	339
2428	1300000000000011129	バルサマニア	338
2429	300000000000038543	MAG	336
2430	1000000000000000559	noise	334
2430	1100000000000087242	ひででP	334
2432	1400000000000081249	エラリー	333
2433	100000000000001801	陽月	332
2434	800000000000096757	とまと	330
2434	1400000000000057039	Stargazer	330
2436	700000000000099548	Player 1007290999	329
2437	500000000000098899	兎鳴詩	328
2437	1400000000000042099	歌が永遠	328
2439	1000000000000012262	ぶれいず	326
2439	1300000000000022442	明日	326
2439	1300000000000029773	アレス	326
2442	1500000000000041182	ネス	325
2443	300000000000038227	YUMA	323
2444	1200000000000055867	椎名阿香	322
2445	1100000000000034761	misel	317
2445	1500000000000099802	jasiya	317
2447	1000000000000013233	やっちん	315
2448	100000000000053797	怪傑ルサンチマン6世	313
2448	600000000000052068	瑞	313
2450	15276	暗澹pon	309
2450	100000000000039057	キョウ	309
2450	200000000000045105	tetsuya	309
2453	84098	たまねぎ	307
2453	600000000000084253	まぁ～ちゃん	307
2455	1500000000000052868	あきかん	305
2456	1000000000000099605	Player 1007415578	301
2457	1400000000000098109	五臓六腑	300
2458	1500000000000013809	りん	298
2459	300000000000099451	Player 709701971	293
2459	1100000000000099494	Qq1013	293
2461	900000000000015030	TMG	290
2462	400000000000055582	うおのめ	289
2462	400000000000087986	Player 1005525092	289
2464	300000000000011415	京Kyo	286
2465	100010	Player 1007660912	285
2466	600000000000004107	をか	284
2466	1500000000000000545	とっくまん	284
2468	7914	けんや	283
2468	300000000000093891	ネギネギ	283
2470	900000000000099413	ZUN.B	282
2471	600000000000074778	北風 雪華	279
2472	700000000000075304	下宿警備員	278
2473	800000000000098495	パインヒル	277
2474	400000000000004365	伏竜	275
2475	1200000000000099257	ぐっち	272
2476	1000000000000018225	たくに	271
2477	800000000000039354	日シリ2005	268
2478	200000000000056023	我愛羅ちゃん♪	267
2479	300000000000080274	Player 1004299731	263
2480	200000000000052673	なる	262
2481	900000000000094737	つよし	260
2482	700000000000098905	旋	259
2482	800000000000061959	川澄P	259
2484	400000000000097244	櫻葉	257
2484	1100000000000004608	リボルグ	257
2486	400000000000082905	たっさん	256
2486	500000000000099932	Player 1007692101	256
2486	600000000000052445	ころ	256
2489	600000000000022186	ハツミ	255
2490	27597	◎Fe◎	254
2490	1100000000000029101	ムネアキラ	254
2492	200000000000076701	Tsukikagez	250
2492	700000000000097475	dj_yuyushiki	250
2494	300000000000054276	あさひ	249
2494	400000000000099464	IKU	249
2496	600000000000097427	キアン	248
2497	900000000000097381	マスク	247
2498	1000000000000016122	∵マサ※流m(_ _)m	244
2499	600000000000099836	カナダモ	242
2500	1200000000000000744	れおちか	241
2501	1200000000000097976	ミリア	238
2502	600000000000056093	シュン	237
2503	300000000000003906	椋	235
2504	1100000000000086209	ウミスズメ	232
2505	700000000000055790	トーゴ	229
2506	600000000000002602	鳥谷瑠美	224
2507	600000000000096500	フクリ	221
2508	1400000000000087985	あき	220
2509	600000000000098206	風和	219
2510	900000000000087218	みさきち	218
2511	59111	グリフィス１	214
2512	100000000000006236	観鳥	213
2512	1100000000000099371	RYOTA	213
2514	500000000000086765	はまぴ	211
2515	3018	明日奈	208
2515	900000000000074795	長月	208
2517	83862	CAT&LOCK	206
2517	100000000000006034	メトロ	206
2519	400000000000001276	だーはら	205
2520	1500000000000081921	SCANDALaS	203
2521	200000000000074688	Σ(ﾟДﾟﾉ)ﾉ	202
2522	400000000000086976	もっさん	199
2523	500000000000061192	くらぽん	198
2524	900000000000004709	しょっく	197
2525	900000000000085176	タカにゃんＰ	196
2526	500000000000076591	ふしき	194
2527	52404	三つ巴	193
2528	600000000000096349	***	189
2529	300000000000094866	麒麟	187
2530	1100000000000099542	まこ	186
2531	500000000000096571	どりあん	184
2531	1100000000000080076	テイル	184
2531	1100000000000099057	小少将	184
2531	1300000000000093677	がえる	184
2535	1400000000000011779	凪桜02	183
2536	1200000000000079062	どらろー	182
2537	1100000000000097709	あいと	180
2538	300000000000052974	クロブチ	179
2539	800000000000036327	憂	177
2540	800000000000086511	いちご	176
2541	1100000000000098812	シンディ	175
2542	400000000000061684	ぼぶ＊	174
2542	1200000000000080211	juri	174
2544	1300000000000082387	ジオンP	173
2545	900000000000027563	Petit-Gu-mi?	172
2546	1100000000000061618	翠＠すい	169
2547	900000000000030202	コウ	168
2547	1400000000000002902	群咲	168
2547	1500000000000000573	Earl	168
2550	900000000000096072	すなだ	166
2551	1200000000000097762	マジすか学園	165
2552	600000000000004386	メテオ	164
2553	800000000000098281	Player 1007123672	163
2554	1100000000000075597	FRACTAS	162
2555	73940	逆流性食道炎	160
2556	200000000000096671	kenta77	157
2556	400000000000099450	As0938	157
2558	800000000000095341	ぺん	156
2559	100000000000067567	赤瞳	154
2559	800000000000089538	Satopyon(@￣ρ￣@)	154
2561	500000000000074828	けあれすみす	152
2562	100000000000003055	七瀬【ﾏｯﾀﾘ☆ｲﾍﾞお仲間さんありがとう☆】	151
2563	700000000000086960	Player 1005147495	150
2563	1400000000000079287	しゅう	150
2565	500000000000093941	いばらっちょ	147
2566	300000000000052807	咲月	145
2567	1500000000000050958	のじ	142
2568	900000000000095681	おっぴー	141
2569	500000000000011724	まわり	139
2570	100000000000085175	ぱちぇ	138
2570	1000000000000001341	ケンタ	138
2572	500000000000099192	無糖	134
2573	600000000000073758	真白	133
2573	1200000000000076596	デッキ	133
2575	1000000000000001884	カットラス	130
2576	100000000000022097	あかいろ	127
2577	900000000000099546	Player 1007670137	126
2578	91533	kyon	125
2579	100000000000093959	marlboss	124
2579	500000000000095396	Player 1006238709	124
2581	800000000000099184	Player 1007492760	123
2582	1400000000000006165	アスラン【gaia小隊】	122
2583	100000000000029292	height	121
2584	800000000000004565	コブラ	114
2585	100000000000074327	Player 1002965137	113
2585	1100000000000099809	TS	113
2587	600000000000099781	Player 1007695366	110
2588	1300000000000023052	でんでら	109
2589	93619	Kaguya	108
2590	100000000000000379	MajiAngel	105
2591	1300000000000099404	明津	104
2592	800000000000002200	☆きりりん☆	103
2592	1000000000000007069	とうふ	103
2592	1200000000000098243	さきゅ	103
2595	1100000000000099263	♪よったん♪	100
2596	1400000000000099980	はいちん	99
2597	1500000000000072934	カムイ	98
2598	1300000000000054401	サイコウ	97
2599	57538	ゆう	96
2599	400000000000096119	輝介	96
2599	400000000000099562	まるくす	96
2599	700000000000036459	capuru	96
2603	700000000000037599	理空	95
2604	100052	Player 1007689936	94
2605	62552	デイランP (ENGLISH)	92
2606	1200000000000081352	和依	90
2607	500000000000060475	ミク	89
2608	200000000000099192	たは	88
2609	1500000000000099142	とみけん	86
2610	800000000000042886	masuda456	81
2611	1100000000000085567	pusukee	78
2612	300000000000085458	寡黙	71
2612	700000000000099977	mqck1	71
2614	900000000000099643	マツタケ	70
2615	200000000000057002	BLB	69
2615	300000000000099693	アルルナ	69
2617	300000000000098955	ずんだP	67
2617	600000000000050228	ブレイブ	67
2619	1000000000000100030	マユリ	63
2620	600000000000099811	???	61
2621	1000000000000081490	ポチ	57
2622	700000000000097880	まどの	56
2622	1400000000000100295	Hani	56
2624	98574	hogeeeee	55
2625	500000000000085546	gatach	52
2625	1100000000000091652	Mashiro	52
2627	400000000000028773	おーずд	49
2627	1000000000000053888	なきりゆう	49
2629	700000000000096754	ナッパ	44
2630	1400000000000099481	Player 1007293998	42
2631	800000000000000856	nagisalove	40
2631	1200000000000050580	ゆか	40
2633	100000000000099776	国後	39
2633	700000000000041817	りな@出現低	39
2633	900000000000085565	ルスオ	39
2636	1200000000000099454	勇人	38
2636	1500000000000099547	すたぱら	38
2638	1000000000000002880	百太郎	35
2638	1300000000000100165	そばにく	35
2640	300000000000027851	ぴかたん	34
2640	400000000000006935	らぁめん	34
2640	400000000000099785	Player 1007760532	34
2643	1200000000000099515	Player 1007722060	33
2643	1500000000000041388	リョタ	33
2645	200000000000096456	@integra	32
2645	300000000000090356	ぽんちゃん	32
2645	400000000000091201	Player 1005650324	32
2645	400000000000097038	ゆきち	32
2649	400000000000002967	jun	30
2649	700000000000020076	Angelarms	30
2651	1400000000000100119	Player 1007638446	29
2652	100148	知音知音	27
2653	100000000000100007	取得できませんでした	26
2653	1300000000000096365	Y'n	26
2655	100146	Player 1007745216	25
2655	400000000000081454	みに	25
2655	600000000000002396	おこめ	25
2658	1300000000000002953	なおP	22
2658	1400000000000100265	あんみつ＠	22
2660	1100000000000096662	おふー	20
2661	100000000000087520	kaosan	19
2662	1000000000000036024	ナフサ	18
2663	700000000000100418	取得できませんでした	17
2664	1000000000000003114	らくゆう	16
2665	300000000000099539	さくらもち	15
2665	700000000000098986	暗闇のザジ	15
2665	900000000000002620	あなぐま	15
2668	600000000000075828	るい	14
2668	1300000000000046465	滝	14
2668	1500000000000000748	ユー	14
2668	1500000000000099911	おぼろ豆腐	14
2672	700000000000100419	きな粉	13
2672	800000000000091547	Player 1005689800	13
2672	1100000000000087870	Player 1005506795	13
2672	1400000000000052684	オズ	13
2676	200000000000100291	大豆	12
2676	300000000000098633	取得できませんでした	12
2676	1200000000000005122	春風永遠	12
2679	100000000000098184	satake	11
2679	1300000000000021796	sasukeRX	11
2681	900000000000081559	Player 1004545353	10
2681	1000000000000000319	キール	10
2681	1100000000000099534	エモ	10
2681	1200000000000003919	やきとり(゜▽゜)	10
2685	200000000000100360	ヘジス	9
2685	400000000000099427	めぐ	9
2685	500000000000006601	MUTA	9
2685	900000000000099667	Player 1007734601	9
2685	1100000000000099826	Player 1007757275	9
2685	1200000000000099386	Player 1007646588	9
2691	100000000000057608	暇人至上主義	8
2691	200000000000072649	ゆん	8
2691	400000000000096801	ライバー	8
2691	600000000000098814	御霊供膳ﾏﾝ	8
2691	1000000000000097628	セキヤ	8
2691	1100000000000099797	やゆよ	8
2691	1200000000000024530	treby	8
2698	100145	Player 1007745136	7
2698	600000000000000313	わさびもち	7
2698	600000000000036269	コウザキケイ	7
2698	900000000000029282	レモン	7
2698	1100000000000099825	Player 1007756571	7
2703	100000000000100006	おっぺけぺ	6
2703	200000000000099820	さやかん	6
2703	300000000000022806	ハルにゃんEyeSight	6
2703	300000000000080870	アズーリ	6
2703	900000000000099655	Player 1007730169	6
2703	900000000000099685	将軍タロウ	6
2703	1000000000000091369	たらうたり	6
2703	1100000000000099767	福島慶斗	6
2703	1200000000000093652	はんだ	6
2703	1300000000000100422	しゃろん	6
2703	1400000000000093105	ハルト	6
2714	200000000000001488	ｽﾓｰｸﾁｰｽﾞ	5
2714	200000000000030735	ねこだ	5
2714	300000000000083299	Tack	5
2714	1100000000000084949	きくらげ	5
2714	1200000000000002845	なまごみ	5
2714	1400000000000013821	三ツ矢	5
2720	78049	へんてこ	4
2720	400000000000099777	kurohebi1227	4
2720	500000000000077752	キッチン	4
2720	800000000000013011	うまぽん	4
2720	1000000000000005107	ぱぴ	4
2720	1200000000000047515	ネオネオ	4
2726	4665	飛鳥	3
2726	98726	もとちか	3
2726	200000000000100358	Player 1007744898	3
2726	300000000000099674	Player 1007720131	3
2726	400000000000077798	れいか	3
2726	600000000000096937	くぃーん	3
2726	800000000000099549	Player 1007721608	3
2726	1000000000000100163	ボルティモア	3
2726	1100000000000090400	Player 1005603947	3
2726	1300000000000014425	ザッキー	3
2726	1300000000000015457	ジーク	3
2726	1300000000000083630	どりーぱみゅぱみゅ	3
2726	1300000000000099496	祢緒	3
2726	1400000000000002267	MUSIC♪	3
2726	1400000000000063266	Feda	3
2726	1500000000000099960	Player 1007751055	3
2742	81832	新堂	2
2742	100000000000024701	あきパッチ	2
2742	100000000000077618	ぶるぼん	2
2742	200000000000073057	霧崎鈴葉	2
2742	200000000000100351	Player 1007740850	2
2742	600000000000075038	Player 1003184342	2
2742	700000000000064339	Player 1002070967	2
2742	1100000000000020509	たけむに(招待無視してください)	2
2742	1400000000000098397	マーチュン押し	2
2742	1500000000000098138	satake	2
2752	97153	きりかさ	1
2752	100000000000026670	ﾋﾛ	1
2752	200000000000000116	ブルーオーシャン	1
2752	300000000000030375	打吹	1
2752	300000000000096117	はたは	1
2752	500000000000028734	けいちゃん	1
2752	500000000000043276	Take_Kaz	1
2752	600000000000085859	りき	1
2752	1000000000000096377	姫香	1
2752	1100000000000004539	うちはイタチ【玉狛支部】	1
2752	1300000000000008734	ユウヤ	1
2752	1400000000000098636	白月	1
2752	1500000000000042851	青バラ	1
