1	500000000000004806	Kazeuma@まったり勢	554308
2	800000000000028147	るかぱい	482637
3	800000000000095937	キドニー	400386
4	900000000000053029	たちばなP	254503
5	300000000000002125	Ｒ	247210
6	800000000000086453	A.K.ダイソン	240849
7	1200000000000074789	ray	234620
8	200000000000007496	ねういちさん	228481
9	500000000000000504	concon	219778
10	200000000000001009	すっしー@翼単騎道場	218451
11	300000000000000676	野鳥	209496
12	73311	Jm	204464
13	1500000000000033910	ｷﾂﾂｷ*夢幻*	190994
14	1400000000000047509	イッパイアッテサ@５月１日ドラマシアター投稿しました（翼ジュリア瑞希）	189283
15	300000000000049670	よっしー	183008
16	100000000000073297	とーや	182782
17	600000000000003329	神話Ｐ	182114
18	800000000000026839	はやてぃん	178519
19	300000000000057981	miwo	178243
20	600000000000004043	でぃーぷくりあー@かじゅある勢	178150
21	1400000000000023299	かたばみ	176450
22	600000000000075431	ミコト	171180
23	500000000000006524	刹那P【要×ﾘｸｵﾌ空○】	170788
24	1200000000000077251	手クボ	170541
25	1400000000000016192	すばるん　放置	169485
26	1400000000000000003	aka3kichi	169080
27	22917	もけけ	166185
28	200000000000054873	シモン	161616
29	800000000000011715	ヒロ	158856
30	800000000000012102	ＴＨＥ恋	157047
31	1500000000000076331	クマの☆彡	153806
32	1200000000000054833	カツG	151603
33	93513	茶太郎	151368
34	800000000000080388	乙哉	151345
35	100000000000029511	みんみ	146071
36	600000000000045411	くらげ	144693
37	700000000000062371	ねここたつ	144002
38	1400000000000000492	アオモグラ	143033
39	900000000000055229	feketerigo	141637
40	700000000000009474	インティライミP＠盛岡公演来るまで隠居	141571
41	1400000000000013143	J-zo	140905
42	72571	リュウサン	140336
43	1400000000000095578	たっつん	140327
44	900000000000052349	ぱるさん	139550
45	700000000000097809	ban	139105
46	100000000000047279	りょたし	138143
47	1100000000000015285	ジャミラ@ラウメン絶賛募集中よー	137716
48	200000000000004606	爆散っ！BOM夕コス	136902
49	1400000000000074350	レイ@	133967
50	800000000000036493	Rewriter	133185
51	100000000000046766	なみP	132232
52	400000000000074613	とりたつ	131788
53	400000000000002113	たみ	131640
54	100000000000005719	アオ	127904
55	400000000000080461	K	127541
56	1300000000000063569	ポピー	127212
57	300000000000013556	とた	126472
58	900000000000043170	篠川	125648
59	700000000000056819	零六	125635
60	4215	セージ	125177
61	100000000000003078	たろ	124965
62	500000000000056080	あずみ	124533
63	700000000000014940	錆び釘	124459
64	200000000000060307	ぺけ	124254
65	700000000000051798	NGTa	123858
66	200000000000063347	あるぅ	123723
67	400000000000091685	たつた	123055
68	600000000000100244	Dolt	122588
69	800000000000023404	対馬	122341
70	1500000000000096506	影王	121214
71	300000000000004352	neospue	121121
72	200000000000012246	テッシィ	120236
73	1300000000000075133	Squeeze	120049
74	1500000000000086444	zoome	119844
75	16372	リムコ	118359
76	1400000000000000880	ヤマ	117924
77	1500000000000027454	懐中時計	116428
78	500000000000072694	オクラ納豆　招待気にしないで	115488
79	300000000000080414	ジャン	115484
80	1400000000000097158	kurutoga	115449
81	800000000000057622	りぷ	115302
82	1100000000000004808	冥ＡＤ	115290
83	10406	magatu＠同僚募集中	114851
84	300000000000059857	レン	114637
85	1000000000000049413	七弥	112503
86	1400000000000019551	ヤマノウエ	112142
87	700000000000062606	リックP	111942
88	1500000000000000129	すめらぎこう	111926
89	1400000000000016149	ほや…ほや…	111798
90	1100000000000073865	けだま	111723
91	1500000000000061396	アリア	111617
92	1100000000000003921	ゲスマイル	111307
93	700000000000013574	dbqqs1K515	110573
94	200000000000036944	けん坊	110479
95	20777	暁月	110410
96	900000000000001186	そらんちゅ@ラウメン募集	110166
97	700000000000019996	Yellow	109504
98	300000000000050920	♪桂♪	109439
99	600000000000077162	あげっちさん	109426
100	600000000000003701	三万石@DT書き	108878
101	1400000000000060132	クララ	108430
102	400000000000095076	siina	108372
103	1500000000000041980	しまムウ	108124
104	1827	ぐーす	108044
105	500000000000026582	しんどー	107467
106	200000000000004274	N・A・Ga	106615
107	1400000000000077690	ツルペタマン	106030
108	400000000000074481	tomochi	105874
109	1100000000000025918	華月†SBR桂馬†空○	105114
110	700000000000097647	LABY	103708
111	900000000000053094	寝不足	103584
112	300000000000024780	はる	102893
113	200000000000039578	ASH	102868
114	1500000000000002866	かたなし	102830
115	100000000000077236	ボールド	102743
116	500000000000005602	スリッパ	102247
117	700000000000078910	シロル@同僚募集中	102190
118	800000000000055813	しゃあぽ	102071
119	900000000000052185	ジェダイ	101890
120	1000000000000062150	ヒーロー	101835
121	1100000000000003035	GoE	101063
122	1000000000000004130	でん	100675
123	1209	無理右衛門	100557
124	400000000000096280	swallowtail	100337
125	900000000000013779	みたらし団子	99883
126	1200000000000080613	dat	99670
127	900000000000098628	しおん＠同僚ｸﾀﾞｻｲ!	99609
128	300000000000087465	gwanchan	99600
129	300000000000007590	菩提樹　見事遅刻^^;	98840
130	700000000000000698	t	98291
131	300000000000037522	竜之介	98243
132	200000000000072841	ミップ	98225
133	91994	幡芽	97787
134	100000000000002374	ﾐﾗﾝ	97576
135	95949	なしすけ	97381
136	300000000000038485	夕凪	97094
137	1500000000000052501	ごっきー	96509
138	900000000000031794	おはな	96213
139	1500000000000052004	羅針盤	95996
140	400000000000099318	Ruren9527	95733
141	500000000000003676	働け無色	95600
142	500000000000011811	ねぎ	94560
143	1100000000000001182	まめ	94225
144	1300000000000096934	ガラヤカ	94201
145	1100000000000057779	ガチムチボーイ	93268
146	400000000000071248	umi	93185
147	100000000000053727	じりおん	93118
148	1500000000000046180	ポジティブP	92902
149	1000000000000017886	sh	92796
150	200000000000045884	u-mibe	92750
151	600000000000080394	ごっくんぼうや	92406
152	1300000000000026642	ケントス	92267
153	400000000000051850	いのつむり	92230
154	1400000000000053502	CaT	91642
155	600000000000048192	かき	91560
156	1500000000000029914	～はる～	91374
157	1100000000000062673	しん	91018
158	1000000000000086838	micky	90947
159	82382	弦奏	90851
160	200000000000022508	シリアル	90825
161	500000000000052424	おたまのルウ	90418
162	300000000000030151	ぬ～ん	90362
163	500000000000002871	尽未来	89878
164	800000000000008022	ぬる夜	89355
165	1200000000000097310	bx	88498
166	700000000000096834	HI I AM YUI	87851
167	900000000000032145	タスク	87622
168	200000000000052378	赤ネコ	87240
169	1200000000000034361	urban	86125
170	200000000000024845	ふ	86030
171	200000000000100182	namazu	85499
172	800000000000002342	みわ	85489
173	1500000000000007832	あき	85482
174	200000000000006740	蛮騎士@我が姫アゼイリア	84944
175	1000000000000002680	式守四太夫	84895
176	800000000000056287	香料	84725
177	1500000000000020929	daiki52	84608
178	500000000000005696	さば	84464
179	100000000000003627	ゆっぷー＠yuu_pooh_mlms	84404
180	400000000000000213	メリア	83964
181	600000000000002886	レノファあすと	83610
182	1500000000000007514	日向小麦	83580
183	1200000000000036590	くらのせ	83475
184	1400000000000052626	わい	82914
185	1200000000000014028	くりっく	82867
186	1000000000000097911	Free	82676
187	900000000000097452	GXU	82528
188	1500000000000071444	おたま	82415
189	500000000000097781	D-ONE	82373
190	100000000000097676	ap-5	82276
191	1000000000000021168	Launcher	82065
192	1400000000000054997	すみす	82017
193	200000000000025432	miiru18	81700
194	1500000000000079985	ルンパッパ	81167
195	900000000000023263	ジョージ	81120
196	500000000000022517	iseulos	80828
197	1100000000000082098	τみかん	80712
198	1100000000000024577	あうあう	80408
199	1100000000000026116	井手正太郎Ｐ	80376
200	1200000000000085317	しお太	80334
201	200000000000078254	アィス	79861
202	100000000000009422	なま	79762
203	700000000000050343	昴(G3)	79739
204	1500000000000097658	Cth	79501
205	700000000000088542	あかさび	79456
206	400000000000097552	2HEAD	79439
207	1400000000000056616	弱いサカナ♪	79130
208	300000000000051042	ツバサ	78912
209	1300000000000082439	すももあめ	78747
210	700000000000002903	頭狂ナバウサギ	78515
211	500000000000099803	レイ	78227
212	600000000000097604	エクセル	78076
213	300000000000075077	パルプンテ	78046
214	1100000000000003910	蒼次郎	77760
215	600000000000051877	ポンポコ	77429
216	93737	サラダ記念日	77152
217	600000000000019774	しど・ビシャス	76876
218	80663	樹雪P	76613
219	100000000000005861	大仏	76612
220	1300000000000000701	osora	76607
221	700000000000014303	HuUkA	76514
222	200000000000051716	Rainoh	76459
223	800000000000097681	ユキィィィ	76436
224	700000000000027846	たぁぼう	76423
225	700000000000024719	潔白	75991
226	400000000000000715	トラ	75896
227	700000000000046848	きょんしー	75773
228	700000000000045227	きちぃsan	75538
229	100000000000011646	PON克	75479
230	1500000000000051980	枝花 @らうめん募集	75367
231	800000000000100057	yuur	75107
232	500000000000054294	にえ	75075
233	200000000000046095	みのる（アイマス仲間募集中( ´艸｀)	75019
234	1400000000000001016	にゃいぺーす	74998
235	300000000000043603	kia【】	74373
236	1000000000000078091	ノワール	74110
237	1400000000000044151	キラリ	73648
238	100000000000085740	パンにはジャム	73259
239	1400000000000013947	矩継	73128
240	500000000000049322	リヴ	73114
241	1100000000000055414	アレグロ	72993
242	700000000000083720	せのー	72384
243	400000000000079778	ジョニィ	72344
244	1500000000000097929	HEIGHT-8	72099
245	400000000000030993	かめ	72098
246	80328	やぎヒゲ	71566
247	900000000000013358	まるるー	70652
248	1200000000000094652	cysteine	70639
249	300000000000002279	和	70469
250	100000000000097999	ええかんじ	70228
251	700000000000097306	いずくま	69951
252	1300000000000078374	真鈴	69895
253	300000000000050936	コウ	69488
254	900000000000007047	とうふ	69218
255	1000000000000025184	うなぎん	69051
256	1400000000000002327	大弥	68995
257	390	軽量	68883
258	1500000000000001643	てる	68878
259	1300000000000008137	黒海	68872
260	500000000000005814	ｴﾐﾔ	68851
261	100000000000096518	syuna	68800
262	400000000000097783	GGG	68660
263	400000000000001371	ロジット	68459
264	300000000000006575	ふたば	68424
265	300000000000004556	カズ	68304
266	900000000000003716	トルノ	68303
267	1200000000000051048	清那	68100
268	900000000000002033	温泉ぱんだ	67755
269	1300000000000076726	しーな	67397
270	1300000000000098544	Metal Max	67228
271	400000000000080755	和音	66764
272	800000000000028026	ぽてむきん	66624
273	300000000000057715	Mutehead	66184
274	500000000000007744	ポン	66140
275	31972	トーナ	66066
276	100000000000020454	はとばす	65867
277	1100000000000004012	ゼンダイ	65784
278	400000000000029697	ボビー	65749
279	600000000000080806	トンタ	65218
280	900000000000026735	たかは神	64920
281	1200000000000081257	Hikaru	64706
282	300000000000100245	tifa	64691
283	800000000000040683	やまこー	64594
284	700000000000072279	とにゃむ	64572
285	1100000000000099931	crowkun	64526
286	1400000000000011240	テンコ盛り	64426
287	100456	はまぐり	64424
288	800000000000033771	のんちき	64368
289	1000000000000092406	Sopure	64329
290	700000000000001063	ko-chan	63882
291	1100000000000097107	窓際	63867
292	14616	Are	63865
293	700000000000000966	ハードケース	63840
294	700000000000002815	YuneKichi	63780
295	400000000000081189	りふぃん	63536
296	700000000000053053	Hina	63382
297	400000000000021917	ダイ	63343
298	1000000000000041747	GI	63234
299	52551	kzkz	63165
300	800000000000005054	taki	62901
301	1000000000000083731	ラグナル・ロズブロク	62880
302	79528	みっぷる	62853
303	400000000000024992	DA	62511
304	300000000000005075	kazuya0	62509
305	1200000000000095871	羽生	62406
306	700000000000039646	ゆーり	62394
307	1500000000000010756	もる	62376
308	500000000000010331	TK@トレード募集中	62355
309	1200000000000099283	しず	62274
310	1100000000000054021	1949	62262
311	1300000000000051190	リリー	62162
312	1100000000000005506	ゆっけ	62090
313	100000000000000441	涼風	61928
314	1300000000000000508	ふれあ@千鶴さん全所持	61784
315	200000000000091196	リツヒト	61680
316	400000000000096377	ミリオンＰ	61672
317	1400000000000051320	万座毛	61589
318	1300000000000074665	鶴巻	61585
319	1000000000000085449	くぼつ	61529
320	600000000000008204	フィリー	61472
321	1100000000000024945	kagenori＠美希狂＠ばくしといふ愉悦	61440
322	500000000000098777	Rewrite	61432
323	400000000000076029	あざらしあこ	61399
324	1300000000000043610	み *放置気味です*	61358
325	1400000000000024500	もぐら OFF（BMD風花可憐歩）	61310
326	1000000000000021112	１けん	61197
327	1400000000000046114	マニゴルド	61160
328	500000000000061223	はこ	60887
329	1100000000000002718	doing	60785
330	1100000000000002197	andy	60746
331	900000000000038984	mikado	60562
332	1000000000000099775	うにとろありす	60460
333	700000000000006661	pomera	60376
334	700000000000072157	カイト	60125
335	1000000000000058525	クボマナ	60104
336	900000000000080526	ツナ缶	60004
337	1200000000000023308	イソップ	59792
338	400000000000013630	ぱぱぱ	59472
339	700000000000024007	N_フジグスクP	59334
340	500000000000013787	がんちん	59229
341	1200000000000034161	アリア	59010
342	1000000000000058470	オニオン	58866
343	1100000000000001205	ソランP@ありがとう仙台	58772
344	80880	ふぁんとむ	58327
345	100000000000021314	おでん缶	58302
346	200000000000000097	オグリ	58278
347	10039	くみこ	58073
348	400000000000097804	mooco	58048
349	600000000000045749	Zin	57842
350	1300000000000096843	VIVID	57774
351	100000000000099745	微冰半糖	57762
352	800000000000096138	むん	57747
353	600000000000087200	white-wave	57677
354	200000000000030783	泡盛@古酒	57336
355	100000000000050082	智	57276
356	700000000000007139	K@cho.	57213
357	1500000000000023902	みやっちP	57176
358	1500000000000099130	Jaggy	57171
359	400000000000025589	kyosato	57157
360	700000000000028082	じじわーちん	57061
361	1400000000000037799	かーず	57044
362	400000000000080139	さくら	56928
363	1300000000000047377	にいと	56835
364	1200000000000027702	かっちん	56703
365	1500000000000028412	あたむん	56663
366	100000000000074683	ロバ	56650
367	96013	八九寺P	56468
368	200000000000000498	あーる	56416
369	100000000000073998	シグマ	56283
370	1200000000000021059	ユウ	56282
371	1300000000000003013	パエリア	56220
372	400000000000008048	熊五郎	56204
373	1300000000000056331	アラカワ	56184
374	400000000000056468	hida	56026
375	1500000000000055702	たくあん	55935
376	300000000000026516	あさやん	55912
377	900000000000007004	BAR!	55740
378	1400000000000053830	きょん	55672
379	1500000000000085477	むくさく	55640
380	600000000000097478	Kimono	55624
381	1300000000000056384	さとこ	55427
382	900000000000080182	Yukon	55355
383	900000000000052251	麒麟	55285
384	1500000000000085216	ZAN	55269
385	900000000000080949	Ringstone	55266
386	100000000000026669	かかお。	55243
387	800000000000096115	黒い秋	55120
388	1500000000000005702	Ｄ.ゆたか	54880
389	1300000000000083808	ゴットゥーザ様	54759
390	1200000000000000350	みやの	54739
391	1000000000000006953	う3ぅ@HNトレード中	54720
392	400000000000000937	ひろき	54603
393	700000000000058579	U子	54380
394	1100000000000057051	赤メガネ	54377
395	300000000000097311	めろん。	54344
396	1000000000000001020	おけつ	54323
397	900000000000057984	RTK	54304
398	200000000000086854	エイラ	54290
399	1100000000000095874	スカルク	54224
400	1300000000000052734	しろばと	54038
401	1200000000000076534	junn	53856
402	1200000000000002502	しらたきＭＯＫＯ！！	53845
403	500000000000096401	フレッシュレモン	53715
404	500000000000003559	い	53612
405	400000000000052152	ふりぃ	53604
406	900000000000054726	きりん	53593
407	1500000000000059345	りんと	53466
408	300000000000005852	いたちょ	53408
409	800000000000050570	ミートアクロス	53215
410	800000000000079180	drake	53030
411	1500000000000100398	ＭＡＳＡ１９１９	53024
412	500000000000007819	かおしっく	52984
413	400000000000019471	霜月七歌	52942
414	1200000000000004805	ﾌﾆｬｰ	52865
415	900000000000079429	KAKA	52821
416	900000000000097487	Stain	52796
417	500000000000097825	RGX	52789
418	50312	かでぃすけ	52717
419	1300000000000034388	あだだちくん	52592
420	1200000000000005396	シズぽん	52576
421	1500000000000097704	O-4	52452
422	600000000000051523	ONE	52431
423	3940	みぷれ	52382
424	200000000000098682	SPARK	52358
425	1200000000000099278	クラウド	52272
426	1200000000000000959	スグリュー	52264
427	700000000000005299	達磨大臣	52141
428	200000000000036529	tak-p	52080
429	1400000000000000556	ギエ	52045
430	800000000000050617	カイン	52000
431	700000000000006814	オナガ	51960
432	900000000000044707	Catmint	51672
433	1200000000000097974	XYLITOL	51670
434	600000000000096877	あれな	51625
435	1200000000000096063	シュン	51576
436	1100000000000097522	5th Tindalos	51556
437	1300000000000007004	ぎば	51484
438	300000000000097453	Phantom4	51480
439	1400000000000096759	ぐまー	51396
440	800000000000038672	B-LAST	51392
441	700000000000098095	Qx	51376
442	1400000000000004848	タツギ	51368
443	1300000000000055766	ヒダカックン	51348
444	600000000000096254	ヒラタツ	51329
445	1100000000000081563	木くずまみれ	51307
446	700000000000025841	りゅう@ラウメンゆるぼ	51232
447	600000000000045808	9646	51208
448	1200000000000075988	おおぬき	51185
449	800000000000006441	ＫＥＩ	51166
450	1500000000000073723	ころべえ	51144
451	400000000000009678	Ayuta	51141
452	400000000000096950	ワタル	50964
453	1000000000000000147	みんどねしあ	50838
454	1200000000000071992	ＫＹＫ	50744
455	1100000000000008721	あわあわ	50704
456	1000000000000099863	綿愛雪(yuki)	50440
457	1300000000000076044	狐火	50408
458	600000000000085312	轟ブラックモア	50369
459	200000000000011822	お茶好き@taxi	50246
460	700000000000099537	Koh@403	50146
461	500000000000016598	10:00	50040
462	1300000000000081413	南郷	49929
463	1200000000000001529	がぷりす	49874
464	57198	和人	49696
465	99391	ゆきを	49664
466	400000000000052289	YozoraP	49662
467	1000000000000098526	k	49560
468	1300000000000087014	なっぱ	49384
469	100000000000056478	ばんり	49231
470	500000000000096550	九頭　文治	49163
471	700000000000003459	よっしー	49124
472	300000000000028502	有楽町	49106
473	1100000000000058166	ちいさなさん	48998
474	900000000000076498	イノッタ	48936
475	1000000000000041738	saki	48850
476	100000000000057898	スーホ	48735
477	1400000000000044296	ふぇい	48720
478	700000000000005108	タチバナ	48475
479	200000000000037781	KEI	48455
480	900000000000033392	じゅん	48395
481	1100000000000056136	2najung	48349
482	600000000000008697	かたや	48326
483	800000000000091568	桜子mk10	47995
484	1200000000000096766	カツ	47800
485	1100000000000030719	master	47648
486	200000000000070205	えあー	47617
487	900000000000092967	千早P	47567
488	200000000000054589	さかき	47527
489	1100000000000086539	たろう	47471
490	300000000000071249	まや	47374
491	1100000000000061673	くまモン	47368
492	1200000000000097453	Uroboros	47353
493	800000000000085390	ミロ	47175
494	300000000000029316	シゲ	47174
495	600000000000096015	かずまん	46992
496	600000000000098996	shankai	46991
497	1200000000000001746	ハイゼンベルク	46939
498	100000000000050764	水銀党雑用係	46912
499	1400000000000052867	2代目隊長	46685
500	800000000000008691	猫真姫	46680
501	1300000000000076781	ロベルトうちの	46557
502	1300000000000075220	kazu	46474
503	400000000000096887	まちゃもきち	46396
504	500000000000004243	カズ	46050
505	88313	ユン	46010
506	1500000000000091666	米山	45718
507	500000000000018437	とっくん	45648
508	800000000000007115	アキ	45586
509	1000000000000098135	ざわP	45440
510	1000000000000081385	まめぞー	45228
511	1000000000000015802	わふー	45216
512	200000000000013456	あんまき	45210
513	500000000000004228	そうゆ	45038
514	1300000000000004671	葵紅＠ラウメン募集中	45000
515	1200000000000054755	執事虎の穴	44898
516	1000000000000001263	あずま	44892
517	200000000000052743	カムカムP@戦犯(センパン)！オレ！	44744
518	900000000000099155	えいす	44730
519	1200000000000001328	こアみ	44518
520	800000000000002827	はとちぃ	44500
521	300000000000058509	LIBROS	44408
522	800000000000061192	りばっぢ	44375
523	61666	夕凪	44324
524	47684	まー	44280
525	1100000000000022483	哩哩	44166
526	400000000000005169	恒点観測員340号	44118
527	1000000000000054071	tom	44062
528	300000000000056877	cia	44026
529	92115	INFE	43991
530	700000000000079244	ゆーく	43859
531	1400000000000083134	ひのん	43838
532	500000000000008769	madoka@BMD相互・海美	43820
533	1000000000000005841	ホッパー	43575
534	700000000000080513	のぶたし	43544
535	300000000000062031	ぱる	43500
536	100000000000082225	sakaz21	43483
537	700000000000001960	じんご	43472
538	100000000000004278	ディスガイア	43436
539	1300000000000066582	nn27i	43273
540	28446	公社	43200
541	500000000000098137	LoLi9	43195
542	600000000000092995	リトル	43124
543	100000000000078055	ハネ	42970
544	200000000000097368	gon	42904
545	1300000000000005188	三郎	42870
546	1200000000000000274	かる	42552
547	4157	シキ	42499
548	1300000000000074311	トム	42344
549	1200000000000072377	さかもと	42328
550	400000000000027817	Rin	42297
551	1400000000000009128	さわ	42224
552	500000000000098136	いい男	42188
553	1500000000000050494	シダ	42152
554	200000000000078277	わき	42136
555	1300000000000079629	hayabusa	42053
556	1400000000000004537	ゆかお　	41998
557	900000000000097854	ンジャメナ	41764
558	1000000000000001803	朽木孔竜	41705
559	500000000000088004	マーブル	41688
560	600000000000004567	piro☆入学したよ☆	41672
561	1300000000000098545	PaPa	41658
562	600000000000021383	まこさと	41648
563	1200000000000001789	ネティクス	41496
564	1200000000000019628	たまご(協力仲間に感謝☆）	41488
565	800000000000060267	ヤマト	41384
566	1200000000000097361	ぽんすけ	41360
567	700000000000020490	±ゆ	41338
568	1000000000000009741	MEISTER	41259
569	1200000000000095954	カール	41239
570	900000000000020708	シソ	41140
571	300000000000046431	ろっくま	41138
572	1200000000000097868	Quick Queen	41128
573	1200000000000003487	ミフネ	41126
574	1500000000000046446	ますと	41099
575	1400000000000046895	59式	40968
576	400000000000074751	alkatne	40965
577	85121	レト	40864
578	1300000000000050501	bigtree	40800
579	700000000000097185	asuharu	40768
580	500000000000051440	しゃんはい	40747
581	100000000000055881	春菊オトリ	40620
582	21538	コウ	40589
583	700000000000000152	ソティス	40550
584	500000000000010247	S.freedom	40520
585	300000000000038234	炊飯じゃー	40508
586	1400000000000052717	Stjb	40444
587	1200000000000007531	surround7.1ch	40271
588	700000000000098396	Player 1006967479	40142
589	800000000000076724	えるもってぃ	40096
590	1000000000000094111	YEBISU	40085
591	36220	びあーど	40064
592	700000000000052765	かたぽん	40052
593	100000000000020224	モルガ	39989
594	100000000000038848	いっしん	39810
595	500000000000006517	ZAX	39709
596	1500000000000051161	トロ	39690
597	1000000000000062282	ryouochix	39635
598	300000000000094621	吉矢	39452
599	400000000000004186	のぶ	39400
600	400000000000022429	ｇｕｓｌ１１９２	39392
601	800000000000052030	ノリ	39361
602	900000000000046513	ツバサ10	39360
603	30753	キボネングデコ	39312
604	1500000000000001717	むささび	39307
605	1500000000000023222	マーヤ	39296
606	300000000000099724	チャー州MEN	39267
607	1500000000000036091	ゼリーパクパク	39232
608	100000000000074380	のん	39180
609	600000000000003835	いおん	39136
610	700000000000087073	トミノ	39134
611	1400000000000000691	朝陽	39048
612	200000000000032790	Ｍ氏	39029
613	100000000000062717	るな	39000
614	600000000000002527	ぐるS	38910
615	1000000000000084279	不空	38826
616	1000000000000046887	ショコラ	38824
617	100000000000085754	yasu	38722
618	800000000000065044	Hiroshi	38664
619	900000000000003180	yaya@sato	38583
620	900000000000053549	アディオス	38532
621	11193	true tears	38351
622	600000000000009013	しんたぬ	38315
623	1500000000000000403	ぱけ@埋め希望 渡BMDのり子	38127
624	1400000000000051088	大達人	38057
625	400000000000085634	椎名久遠	38054
626	900000000000097366	荒野の渡り鳥	37992
627	600000000000079831	鯨	37952
628	1100000000000052738	ゆーぽす	37928
629	200000000000009658	タケ	37550
630	800000000000099494	あみな先輩	37474
631	800000000000008935	悠	37470
632	100000000000086690	てん	37448
633	1100000000000014132	yahagi	37320
634	200000000000015250	クイロ	37180
635	1200000000000052231	ななしのごん	37158
636	1100000000000036138	逢ちゃん	37121
637	300000000000001019	Ulmia	36995
638	900000000000092924	伊井	36917
639	200000000000075947	zhangruiy	36896
640	700000000000074353	あめ	36850
641	900000000000022708	なかやん	36790
642	1500000000000027634	nackt	36731
643	1000000000000081814	夜叉丸	36694
644	800000000000080219	Charome	36633
645	700000000000100419	ねねちゃんちー@サブ垢	36600
646	200000000000097749	毬藻	36531
647	1300000000000085845	びーえす	36485
648	200000000000086042	ケニーG	36440
649	1200000000000099298	wjk	36300
650	600000000000002369	むほーまつ	36240
650	1500000000000076295	アルスタ	36240
652	63020	たう	36185
653	300000000000051918	イソノ	36024
654	1000000000000073977	紅茶派	35952
655	1100000000000092865	鳳梨78	35928
656	1500000000000004221	いちこ	35898
657	600000000000094912	なべ	35760
658	800000000000006526	山田秋沙	35695
659	400000000000000251	てんくら	35640
660	800000000000021407	フィーニクス	35616
661	900000000000056223	白圭	35552
662	600000000000078365	ドルべ	35396
663	200000000000050192	さっつ	35288
664	100000000000019493	さおぴー	35205
665	1400000000000062892	ほんわか	35198
666	400000000000034844	しろー	35160
667	1400000000000002881	たる豆腐	35148
668	1200000000000098986	momiji	35080
669	100000000000000112	貧血ヒヨコ	35068
670	1000000000000053502	ほく千代	35025
671	500000000000051216	姫理亜	35024
672	600000000000026422	ソーナンス【千早…すまない……私は…メンチローゾ(環P)だ】	34984
673	800000000000073773	subtle P(さとる)	34948
674	1300000000000019272	水無月	34938
675	1100000000000060217	たかちゃん	34930
676	1400000000000000705	青山零二	34858
677	1000000000000024343	こめ	34708
678	1400000000000007584	Tamoto	34617
679	73271	ペス	34600
680	200000000000033472	ちくわ	34575
681	600000000000007300	o-10	34541
682	500000000000004266	つかさ	34479
683	600000000000078263	春雪	34416
684	600000000000100218	くもじぃ	34366
685	1200000000000083783	Player 697188444	34360
686	100000000000077501	ほむP	34340
687	700000000000050140	ガスm@s	34271
688	300000000000050471	熱リンゴ	34185
689	800000000000085495	ハックシ	34165
690	1300000000000083433	アバドン	34085
691	200000000000080656	とし	34063
692	500000000000045230	ぁゎゎ	34012
693	100000000000076935	ツリーダイア	34002
694	200000000000055822	ぎふと	33994
695	300000000000000295	愁一	33944
696	300000000000037089	シャルロット	33929
697	1300000000000096781	ユウ	33893
698	800000000000074013	街星[支店長]	33841
699	200000000000031278	ちょこ	33713
700	500000000000031599	妃世	33648
701	900000000000046347	檜本P	33599
702	700000000000008827	あっきーら	33568
703	100000000000055769	gut	33562
704	700000000000000891	えみなる	33530
705	500000000000003035	kazuki	33484
706	1100000000000000824	ぶれいぶ	33472
707	600000000000084915	しゅんぴ	33434
708	200000000000009655	ぴぴ	33430
709	500000000000002457	ざんし	33416
710	300000000000001214	おハル	33375
711	900000000000079586	T@KA	33213
712	500000000000034804	なお	33037
713	72138	いんとんさん	32973
714	1200000000000037675	笹野葉太郎	32893
715	500000000000022229	あらま	32872
716	400000000000016011	あーさーP	32868
717	800000000000005468	ツクモ	32820
718	300000000000030357	にえんて	32819
719	400000000000091809	Angel Owl!	32736
720	300000000000096011	あさたろ	32706
721	500000000000093315	十式	32688
722	1300000000000033238	ユニークラ	32671
723	800000000000056256	カナタ	32656
724	100000000000001322	漂者	32576
725	1200000000000007507	大樹	32480
726	1000000000000076626	偽竈馬	32468
727	200000000000098217	hiroto	32456
728	800000000000052896	そらやろうちゃん	32427
729	300000000000044057	かずき	32392
730	300000000000005514	こぱん	32288
731	400000000000088026	あずまなお	32280
732	52661	ぜんきょー	32272
733	1000000000000058882	ハイバリー	32244
734	1200000000000079155	れんびん	32225
735	1400000000000052431	ユウ2	32193
736	1000000000000053348	あふろ	32185
737	700000000000051155	kotya	32161
738	20156	ゴトラたん	32119
739	1000000000000100613	みどりんご	32117
740	400000000000033639	ボロンゴ	32084
741	1400000000000003593	ひめつば	32024
742	600000000000001611	SEPT	31962
743	1000000000000052328	neeem	31943
744	600000000000087466	taka	31760
745	200000000000002263	ケヴィン	31748
746	400000000000004402	ショウタ	31744
747	800000000000035812	ツッチ	31740
748	300000000000086237	はらら	31720
749	1300000000000095576	Berlioz	31704
750	100000000000000303	ユン	31695
751	500000000000092152	ジクロロ	31679
752	1100000000000099837	Player 1007764011	31615
753	300000000000046860	geo	31600
754	400000000000085411	はりー	31588
755	800000000000097696	５４３	31564
756	300000000000004845	やなぎ	31425
757	100000000000061386	ukeyhero	31418
758	400000000000055388	紅玉	31353
759	800000000000082258	ゆのき	31343
760	500000000000087813	チョコバー	31342
761	200000000000051028	some music	31296
762	1400000000000003064	アニ	31292
763	700000000000055515	メルカン@あずさフラスタ企画中	31286
764	1100000000000004978	思惟	31254
765	200000000000008872	シバニク	31239
765	1200000000000074474	ぴーめぐ	31239
767	600000000000026475	11EIJI	31104
768	700000000000092324	サブロク	31097
769	500000000000000045	朝霧@真ハーレム	31062
770	500000000000028284	副作用	31034
771	1500000000000007739	たくあん	30955
772	900000000000074683	ketty578	30817
773	1400000000000004126	いぬちよ	30776
774	1400000000000096983	みったん	30754
775	600000000000099804	ちえたん	30743
776	100000000000056900	うみゆめ	30728
776	1200000000000049898	肉球	30728
778	200000000000096865	時々眼鏡	30687
779	1200000000000021780	うな	30682
780	600000000000046808	アクエリアス	30536
781	400000000000095670	hiro-2209	30501
782	900000000000092523	みちたロンドン	30443
783	600000000000061554	A-RU＊2	30412
784	900000000000000564	よさくら	30399
785	600000000000025335	さなぎさん	30390
786	600000000000075145	和泉康太＠同僚募集中	30378
787	800000000000020294	くるーちぇ	30362
788	2908	ゆじ	30323
789	200000000000003131	ダイ	30312
790	500000000000055886	Sandvvich板	30288
791	900000000000097101	乃麦	30256
792	1000000000000069250	焼きもも	30225
793	600000000000002902	でぃむ	30152
794	1300000000000061952	REBECCA	30101
795	200000000000002475	Kussun	30076
796	1200000000000099804	なか/かしま	30072
797	400000000000055919	あれこ	30067
798	200000000000083589	照山	29848
799	200000000000097578	棗	29819
800	300000000000003773	のほほん	29814
801	700000000000045600	ハル	29725
802	1300000000000037537	光子	29608
803	300000000000009813	wktksan_	29592
804	1300000000000078129	歌らん	29570
805	1200000000000004268	大チャン@なおひと	29569
806	200000000000098342	hiro	29544
807	500000000000001774	レリック	29502
808	600000000000006317	ミケランジェロ	29491
809	77616	せるりあ	29458
810	400000000000080171	◯	29396
811	500000000000002518	千夜	29296
812	800000000000055678	kokojai	29290
813	900000000000030965	ノヴァ	29284
814	600000000000018172	よしお	29203
815	1100000000000079833	△○	29200
816	900000000000006621	如月 たけし	29138
817	1500000000000016560	mura0929	29120
818	1300000000000052616	ばるきゅりあ	29102
819	100000000000005975	noi	29078
820	800000000000003726	由樹	28752
821	1300000000000038919	神楽坂こうしろう	28720
822	700000000000019485	頌也	28704
823	900000000000037659	みっし	28678
824	400000000000026317	李	28564
825	98626	へへはろ	28527
826	200000000000065402	もぃ	28456
827	1000000000000085494	パイセン	28394
828	200000000000080606	ゆうご	28384
829	400000000000056452	ささくす	28377
830	1100000000000008070	みつ	28350
831	600000000000016087	匿名熱望	28339
832	600000000000041784	☆みゅう☆	28336
833	500000000000074384	ばっしゅ	28327
834	1200000000000052025	Aisha	28236
835	300000000000054928	デスティニー	28227
836	1500000000000099258	アステル	28209
837	500000000000094210	Player 1005999781	28208
838	1500000000000054295	カリン	28171
839	200000000000003551	チョッパー	28142
840	800000000000077575	スバル乗り	28102
841	55518	さけのこ	28064
842	600000000000027449	H@NK	28032
843	900000000000051264	ちはやちゃんが好きなP	28024
844	1200000000000081102	トゴレス	27976
845	600000000000001056	けもあき	27971
846	1500000000000008980	GOTTWOZ	27944
847	700000000000099115	山さんさん	27918
848	32107	のぞみん	27912
849	700000000000004325	alex	27848
850	1400000000000038937	ねここ	27684
851	1500000000000100505	_にけや	27599
852	1200000000000025664	黒羽小紋	27594
853	1400000000000061133	ミキツバ@セキト	27547
854	1200000000000085082	もちつき	27545
855	500000000000003114	ミラノ	27540
856	200000000000056001	みー(ФωФ)	27537
857	200000000000098344	NiUM	27526
858	800000000000095487	フォル	27502
859	1400000000000063377	mi	27462
860	500000000000007631	坪倉凛	27425
861	900000000000081703	namizi	27387
862	1400000000000024757	ABAYO	27368
863	200000000000017348	Rar@強化型クラッカー	27327
864	1200000000000005383	まつたく	27312
865	1200000000000087196	kair	27266
866	100000000000096407	あまいP	27264
867	400000000000029041	明日から	27230
868	1300000000000074261	無頼庵	27216
869	500000000000085772	anj2610	27191
870	500000000000085902	うなど	27170
871	1000000000000026945	unany	27160
872	1100000000000046835	rainy	27144
873	300000000000047857	黒田銭蔵(ピザブラック代表取締役)	27120
874	1200000000000078872	ショウ	27119
875	1100000000000058244	いなやま	27112
876	800000000000060986	マサカズ	27071
877	1000000000000074558	ホシゲン@Laniakea	27054
878	1300000000000007066	マイケルコウ	27008
879	1200000000000083336	TAKA・双海真美・矢澤にこと仲間達の部屋	26975
880	1300000000000059997	しろちゃん	26965
881	500000000000006747	Puccaリボン	26941
882	400000000000099925	sharu	26903
883	600000000000096020	ろー	26825
884	1200000000000001454	真土	26788
885	800000000000053247	けんとめりぃ	26756
886	1500000000000097672	クルックス	26655
887	1500000000000000218	よっこん	26635
888	1000000000000079168	でんちゅう	26623
889	1500000000000097761	ヒデ	26572
890	300000000000029273	蒼井満月	26520
891	100000000000096074	Fumi2	26470
892	300000000000050773	koppi	26457
893	1100000000000075985	ソニゼル	26346
894	1100000000000098031	すたーすくりーむ	26152
895	300000000000002517	ヒロ	26114
896	1100000000000093230	シマイヌ	26112
897	1400000000000000843	qun	26105
898	600000000000047220	たぬろす	26081
899	900000000000096843	ケゴ	26078
900	800000000000038622	lokipao	26067
901	500000000000016142	まっこ	26054
902	13914	ＮＡＳＳＡＮ	26022
903	100000000000098123	喜々	26016
904	100000000000030088	tomo	25984
905	1100000000000100052	やまだ	25968
906	200000000000078432	ハセヲ	25962
907	1500000000000023604	あやりんP@琴葉法被企画中	25851
908	500000000000047375	サダノリ	25797
909	1500000000000081978	黒糖ﾐﾙｸⅡ	25792
910	800000000000046072	わたポン	25736
911	800000000000036474	どっちつかずＰ	25708
912	900000000000080858	中丸	25698
913	1400000000000006021	heyho	25592
914	1300000000000004621	夜行性まよら十三	25578
915	1200000000000001315	ネイト	25542
916	1100000000000076157	きょこ	25443
917	200000000000005547	アオイホリ@プリズンホスピタル	25416
918	1500000000000010290	Blaze	25301
919	700000000000100644	エスフォルテ	25176
920	200000000000087803	ハイパーＫ（ｱﾊﾞ女装中）	25104
921	200000000000059331	にき	25080
922	200000000000096299	リュッペ	25013
923	50477	クリスズ	24980
924	100000000000096505	マサキ	24898
925	700000000000016950	くれない	24826
926	600000000000087866	tong@mi	24800
927	700000000000042163	ヨシ	24752
928	600000000000011473	タク	24750
929	85648	ひろなお	24726
930	1400000000000022923	ファントム	24700
931	1400000000000046853	関所	24681
932	600000000000048813	マロ	24572
933	900000000000045699	めんたい	24534
934	500000000000007162	もふっこ	24530
935	200000000000094870	ちろ	24462
936	600000000000012651	C.A.Zeppeli@4th2日目全力	24424
937	300000000000011408	はとりぶ	24360
938	1000000000000097138	tkp	24344
939	600000000000013830	ベル	24304
940	1400000000000082622	あくえす	24292
941	1100000000000080071	かねうし	24243
942	1300000000000034662	ぎんじ	24217
943	100000000000004013	うなぎ星	24181
944	1100000000000033991	ソラ	24142
945	100000000000057365	ハシオ	24120
946	700000000000008758	紫紅＠夜勤	24117
947	700000000000085589	トト	24017
948	1000000000000000721	おぱマ	23989
949	1300000000000097503	MilaN	23949
950	900000000000084920	カズキング	23941
951	1200000000000078843	T	23921
952	1400000000000033326	ぺぎﾌｸﾞ	23881
953	1500000000000081615	to-po	23864
954	800000000000035711	gato	23808
955	1000000000000077426	竜巻	23775
956	800000000000054171	まほまほ	23772
957	1500000000000099549	B	23735
958	1500000000000070171	シノン	23734
959	900000000000006800	もずく	23700
960	1300000000000075163	あずに	23692
961	400000000000091284	ひで	23672
962	1100000000000096324	Cocobolo	23666
963	500000000000010563	木馬兵	23599
964	500000000000007546	紺	23522
965	1100000000000051802	銘無し	23456
966	1500000000000002933	マグマラシ	23364
967	1000000000000023085	SHOWGO	23361
968	1100000000000007237	じゃじゅじぇ	23285
969	1200000000000075612	あおき	23188
970	1300000000000072335	フェルス	23117
971	1400000000000061188	おおば	23111
972	1500000000000006844	かたくら	23063
973	1500000000000085473	皇帝	23060
974	1300000000000007890	シロ	23048
975	100000000000004522	ｳﾞｫﾙﾌ	23040
976	47222	ヒューズ	23007
977	500000000000013978	ZTAR@秋月	22977
978	77932	DICE	22900
979	700000000000084059	ぼんぼん	22795
980	1000000000000002357	ゆぼ@愛美世代	22773
981	6924	mofu	22664
982	500000000000085959	でんこP	22652
983	1500000000000058451	123456	22537
984	1028	けＥすけ	22491
985	72227	ジュノーン	22488
986	700000000000002375	YUKI	22455
987	1300000000000025154	RLC	22437
988	1000000000000074868	ドンペリ	22318
989	1300000000000008389	lordcrimson	22310
990	200000000000086035	リッジャーノ	22270
991	200000000000005610	モナカ	22217
992	1100000000000078762	コタネブラ	22209
993	1200000000000022861	あまp	22121
994	200000000000001611	るなぱんだ321@多忙でIN減りますが応援は◯&コメ抜け陳謝ですm(_ _)m	22048
995	200000000000001789	ﾋﾛﾋﾟｰ@in率低め?	21960
995	700000000000092325	asd	21960
997	1400000000000018770	shero	21945
998	300000000000078601	リュウ	21934
999	800000000000078449	ロキ	21840
1000	1200000000000096557	ryoo	21786
1001	100000000000004188	hidexel	21774
1002	800000000000076995	ama	21772
1003	1500000000000027041	ローム	21710
1004	500000000000012929	vanity	21666
1005	100000000000083467	スギヤンmax	21616
1006	1100000000000022390	三原色	21595
1007	1500000000000081218	よーか	21584
1008	500000000000004067	キツカワ	21564
1009	1200000000000006661	you	21459
1010	200000000000059578	LOG	21373
1011	900000000000057685	ビターチョコ	21296
1012	700000000000029957	下愚のばぱる	21274
1013	1000000000000028122	としさん	21268
1014	1400000000000015645	ペチ	21216
1015	93286	長月	21208
1016	300000000000087031	Ayla	21184
1017	300000000000094206	coil 0120	21120
1018	900000000000053507	ぴんたろう	21115
1019	600000000000077673	るーむP	21075
1020	900000000000083946	荻原雪歩―おぎわらゆきほ―	21073
1021	500000000000029781	かやのむ	21064
1022	1500000000000061365	mikashiko	21000
1023	1500000000000018008	ラン	20972
1024	1500000000000083014	桐生 銀弥	20948
1025	1000000000000055309	へび	20924
1026	900000000000058715	宮崎 茶	20856
1027	300000000000080156	ピカリン	20855
1028	700000000000000762	じょーじまP	20801
1029	300000000000045010	ばっさー	20790
1030	1300000000000058941	二日酔い	20755
1031	200000000000051051	蒼い蠍	20688
1032	800000000000057876	もりソー	20625
1033	1100000000000071434	かやま	20622
1034	1500000000000096944	にっしー	20613
1035	300000000000015312	りょう	20604
1036	500000000000079143	はる	20564
1037	1200000000000018548	ケイ	20528
1038	1000000000000015318	トモ	20524
1039	700000000000018901	ノア@我那覇響P	20515
1040	1100000000000036392	弦樂士	20468
1041	700000000000098170	serits	20437
1042	1100000000000094208	ヴォテ	20412
1043	100000000000059459	ぐず	20392
1044	500000000000001427	ゆーと	20265
1045	1000000000000013792	たろった	20256
1046	900000000000096465	T田	20253
1047	600000000000019041	毘沙門天	20196
1048	1200000000000009296	しいたけ	20192
1049	1500000000000071474	ピーフン	20172
1050	1300000000000082437	SASUKE	20162
1051	100000000000006662	たぐ	20090
1052	500000000000033502	あるも	20082
1052	1100000000000001207	シンタナ	20082
1054	1500000000000077350	ツォッツィー	20079
1055	400000000000000694	おしゃす	20064
1056	2566	枠番連勝複式（南蛇井）	20040
1057	300000000000025616	マッキー	19983
1058	1500000000000077560	ギャバソ[SCCｲｲﾈ!]	19981
1059	200000000000032497	Blue Star	19980
1060	1500000000000003252	オギ	19936
1061	900000000000031014	冷や麦	19928
1062	200000000000000288	緋羽みうな	19908
1063	500000000000096574	おすし	19904
1063	500000000000097144	あきんぬ	19904
1065	600000000000001507	すし屋のぽたさん	19896
1066	200000000000052992	FN MAG	19852
1067	800000000000095618	がし	19830
1068	1200000000000006695	ＰＯ＠ほんとはみんなと一緒にYYしてみたい♪	19812
1069	100000000000039184	干瓢	19810
1070	300000000000094874	earth	19681
1070	900000000000035767	旦那ｒ	19681
1072	1400000000000023936	ささみ	19663
1073	400000000000004578	那加	19624
1074	800000000000055781	NT	19540
1075	1500000000000050734	よしさ～ん♪	19452
1076	59595	かなやん	19384
1077	800000000000056568	むにむにさん	19353
1078	800000000000062781	ひろP	19341
1079	300000000000079995	Малина	19331
1080	700000000000021486	シキ子	19256
1081	300000000000075218	シャイリー	19070
1082	1500000000000053496	もしゃこ	19061
1083	6787	ヨシノリ	19000
1084	300000000000046979	ｵﾘｴﾝﾀﾙ	18998
1085	400000000000075944	くぼち	18950
1086	17709	△ぬっくん 乙※相互割愛でよろしく(-人-;)参戦&お誘いありがと～(^o^)/	18872
1087	1000000000000002016	wkch	18818
1088	800000000000000116	焼豚プリエ	18776
1089	700000000000001409	hikaru	18768
1090	300000000000024617	うにゅ	18762
1091	100000000000054881	ご当地ガンダム	18749
1092	400000000000002341	ま(日記に所有リスト)	18730
1093	1200000000000016045	MAIKEL	18720
1094	600000000000080601	近藤	18700
1095	100000000000052693	まさまる	18676
1096	1300000000000013827	わんわん	18646
1097	76166	ガイスラッガー 要請×	18628
1098	1400000000000074844	七海	18536
1099	100000000000022726	けい	18531
1100	800000000000000317	テル	18524
1101	100000000000009833	なやんす	18515
1102	800000000000054442	Wohagi	18508
1103	300000000000096198	トゥエルP	18410
1104	1200000000000050104	コーヘー	18368
1105	500000000000029738	せっきー	18333
1106	1100000000000097597	VEN	18331
1107	600000000000001845	くっぴー	18310
1108	1300000000000056837	Bauer	18306
1109	1200000000000035473	すいこう	18248
1110	1200000000000097918	哉兎	18204
1111	1500000000000002215	ショッカーライダー	18172
1112	700000000000100864	あやざむらい	18167
1113	1200000000000086577	KASA	18152
1114	900000000000037133	ぬしおか	18142
1115	700000000000019151	バフィー	18136
1116	1500000000000023510	ライオン次郎	18131
1117	600000000000080129	なす	18116
1118	1500000000000003824	たつ	18106
1119	200000000000100258	Player 1007695426	18096
1120	900000000000098431	としちゃん	18086
1121	99572	ヴぁん	18077
1122	1000000000000099558	妖精	18070
1123	600000000000000250	罵詈雑言	18050
1124	1300000000000055110	ゆゆまる	18049
1125	800000000000086034	しゐへい	18008
1126	800000000000070036	シオン	17952
1126	1000000000000007922	ソクラテス	17952
1128	400000000000034255	ヨッシー	17904
1129	700000000000100194	step	17824
1130	500000000000047533	姫ノ花	17792
1131	1000000000000073958	jeter2	17718
1132	900000000000007670	ゆりを	17716
1133	1000000000000067881	シキ毛	17704
1134	1400000000000055598	卓也	17663
1135	94818	ロッテ党	17640
1136	1500000000000085231	ゼン	17576
1137	85562	おすけ	17556
1137	400000000000002154	.ioa	17556
1139	300000000000094215	まくらくま	17536
1140	1000000000000053265	ゴキジェット	17500
1141	400000000000003754	いいだっち	17491
1142	600000000000049815	stein	17490
1142	1100000000000030178	mAsa	17490
1144	1000000000000009723	merrymew	17478
1145	400000000000002171	鶴屋Ｐ	17438
1146	900000000000082377	KAZU	17400
1147	500000000000056606	ブロッサム	17352
1148	200000000000083476	ふじ	17314
1149	1100000000000002933	テレッテ	17280
1150	1300000000000051167	まくま	17257
1151	200000000000013245	なつき	17238
1152	300000000000053032	ゆーと	17232
1153	77433	vkumav	17227
1153	800000000000001311	ヴァディス	17227
1155	800000000000016349	ヨナシキ	17200
1156	1200000000000037295	heishiA	17185
1157	1200000000000085002	よしのん	17182
1158	95072	アスパー	17097
1159	900000000000050886	かみえ	17092
1160	500000000000097309	みるそに	17078
1161	1400000000000046683	beezlegrub	17067
1162	100000000000068210	カン	17061
1163	700000000000098094	たけくら	16960
1164	81280	けにたそ	16951
1165	700000000000001698	オイラー	16940
1166	1400000000000006562	Ｔｅｔｓｕ	16890
1167	900000000000029944	ゆたか	16888
1168	1000000000000061102	murakenzu	16853
1169	1400000000000044761	ナナシ・フィーユ・ドミナシオン	16848
1170	1100000000000057810	｡+☆∫ё¡д☆+。	16812
1171	1400000000000100526	nini	16711
1172	600000000000061104	下歩	16704
1173	300000000000094254	まゆり	16702
1174	500000000000016296	やき	16698
1175	600000000000012912	かわやそ	16635
1176	4079	バス	16628
1176	1000000000000039733	グリム	16628
1178	800000000000018499	しゅぐる②	16580
1179	600000000000000705	咲来	16575
1179	1200000000000055715	ひじ	16575
1181	1000000000000081408	クルック	16563
1182	1300000000000057209	いとぅー	16472
1183	1400000000000075807	パンダ番長	16440
1184	1300000000000074305	あめこ	16394
1185	900000000000081488	ゆーすけ	16390
1186	300000000000006409	eclipse	16369
1187	400000000000076450	Mako	16350
1188	1100000000000096332	ミサエル	16236
1189	1500000000000080267	むむむ	16213
1190	700000000000076518	NekkiChan	16200
1191	100000000000097092	ナン	16165
1192	500000000000095932	ガンバル	16159
1193	600000000000061030	ワタハ	16146
1194	1000000000000006619	yoi	16096
1195	700000000000079739	YUIX真田	16086
1196	900000000000094953	らん	16071
1197	1300000000000073985	レノ	16035
1198	700000000000095331	はっぷる	16024
1199	1500000000000057192	りつか	16016
1200	1100000000000051751	ネリ	16010
1201	4958	玲志	16006
1202	600000000000098301	ガビィト	15987
1203	700000000000075489	aaa	15948
1204	300000000000006479	VARIS	15944
1205	200000000000053896	くろろん	15942
1206	300000000000003132	ロストン	15912
1207	1500000000000003469	かんち	15848
1208	700000000000069956	ジーマ	15816
1209	80421	式．七夜	15808
1210	700000000000086903	藤乃丘	15800
1211	300000000000000281	ヘカブ＠木下式恥ずかしアトミックドロップ道場	15763
1212	1400000000000062739	おけとれす	15696
1213	600000000000039474	風来	15652
1214	600000000000072115	Taka	15637
1215	400000000000002097	ぞら	15608
1216	100000000000019833	鈴子	15588
1217	500000000000063730	らいなぁ	15570
1218	300000000000080057	椛	15568
1219	400000000000008942	KKND@同僚募集	15561
1220	1300000000000010553	ひつじ	15520
1221	300000000000002683	紫奈（しな）	15499
1222	1500000000000032290	ゆうひ	15496
1223	700000000000049263	弟切	15380
1224	12166	しじゅうし@所恵美P	15378
1225	100000000000097284	tom	15326
1226	1100000000000004537	JCVD	15322
1227	300000000000004798	としもん	15296
1228	700000000000030637	ふーみゃ	15286
1229	1000000000000000343	クリップ	15254
1230	1400000000000076669	もなりあ	15232
1231	900000000000083364	くーばー	15221
1232	600000000000001651	銀皿	15210
1233	200000000000081074	響夜	15204
1234	100000000000002617	二階	15188
1235	500000000000020786	あやと	15173
1236	200000000000075775	たんくん	15152
1237	1500000000000097190	よっしー２	15134
1238	1100000000000074244	ナストラ	15114
1239	400000000000004357	ゆディックP	15112
1240	600000000000075724	かず	15108
1241	2544	黒猫	15056
1242	1100000000000000523	シンP	14976
1243	900000000000012192	Ω	14965
1244	1000000000000048893	やすと	14960
1245	1200000000000095619	pon	14952
1246	300000000000076911	Sanson	14904
1247	700000000000002547	俺P	14866
1248	800000000000053212	さか	14860
1249	99637	K_K	14842
1250	500000000000061647	揚げパン(全略)	14796
1251	1100000000000083382	鷹	14794
1252	400000000000012748	tsunamayo609	14770
1253	100000000000083639	ブレイド	14734
1254	800000000000087618	しーや	14730
1255	300000000000099470	むぅ	14702
1256	700000000000012080	ザン	14690
1257	100000000000003289	シュウスイ	14688
1258	87434	さど×まよ	14640
1258	1500000000000075175	shark	14640
1260	1500000000000031982	ひげくじら	14603
1261	800000000000098993	ヨウスケ	14600
1262	700000000000008117	gausho	14588
1263	1200000000000095911	あらけん	14586
1264	600000000000000086	りんりん太子	14504
1265	500000000000078388	原口	14475
1266	1300000000000100945	player	14464
1267	1200000000000004406	帷/とばり	14424
1268	1500000000000076193	緑青	14376
1269	800000000000009989	けー	14375
1270	1200000000000029302	おなす	14310
1271	1000000000000097547	AHC	14302
1272	900000000000097548	音羽	14291
1273	700000000000098371	444	14235
1274	300000000000074230	イオタ	14233
1275	600000000000035452	もじのの	14229
1275	1000000000000033888	虎河	14229
1277	1300000000000100674	墓石	14224
1278	1400000000000096723	春日屋	14209
1279	1000000000000006127	まやや	14105
1280	1500000000000098454	Nemo.	14082
1281	1500000000000082530	マーシュ	14007
1282	1200000000000097370	聖	13964
1283	800000000000078596	ないん	13920
1283	900000000000042965	あちょるん	13920
1285	1000000000000028721	たかなし	13851
1286	300000000000082836	た	13845
1287	1500000000000093123	黒弟にこりょ	13809
1288	1300000000000051974	はなのきず	13780
1289	1400000000000028716	あした	13766
1290	900000000000051147	ドヤP	13748
1291	300000000000005343	くろがね	13728
1292	300000000000056162	サネモチ	13695
1293	1300000000000001932	山陽Ｐ	13692
1294	1200000000000025530	イベリス	13674
1295	900000000000001194	文弥	13664
1296	400000000000080810	はす	13634
1297	700000000000025849	ブキャナン	13606
1298	600000000000097459	To-cay	13594
1299	200000000000083783	わだつみ	13590
1300	86950	春雨	13562
1301	300000000000096167	ta_alphonse	13552
1302	1500000000000018233	?船長	13546
1303	400000000000078584	みのむし	13536
1304	300000000000073568	セイ	13504
1305	83640	オコジョ	13485
1306	1000000000000014867	ya	13463
1307	1100000000000004403	SHOU89	13460
1308	200000000000008334	マリア…これでいいんだろ？	13440
1309	700000000000059417	蓄電池	13320
1310	600000000000097828	きしわきじじ	13268
1311	1500000000000055162	武熊 豊	13218
1312	1400000000000082487	朝倉	13200
1313	1400000000000080558	ヨシ	13190
1314	600000000000019478	ワーク	13104
1314	800000000000056398	νＥＬＳ	13104
1316	1300000000000011576	茶島	13067
1317	400000000000000399	ダイヤモンド田中	13060
1318	500000000000096292	えんどー	13024
1319	500000000000002961	西村ひろゆき	13005
1320	100617	ふうた	12985
1321	800000000000052614	いず	12908
1322	1100000000000005348	ぱぺっと	12856
1323	100000000000049164	ハムスター	12845
1324	1300000000000001031	サイズ	12840
1325	400000000000077604	ヒヨシ	12826
1326	400000000000033911	阪神	12808
1327	500000000000014653	(´ω')ﾟ+ cyulun	12800
1327	600000000000049518	塩大福	12800
1327	600000000000072075	NANA	12800
1330	1100000000000049467	胡麻ダレ	12792
1331	300000000000085295	零	12789
1332	1100000000000005151	ディライト	12781
1333	588	うにりんご	12763
1334	500000000000098426	ベコ	12756
1335	700000000000055925	ヘラクロ	12752
1336	300000000000086214	まっさん	12665
1337	1400000000000005782	ひらやす	12590
1338	900000000000005867	シャッチー	12581
1339	1200000000000013867	茜音色	12569
1340	900000000000010488	うへの	12568
1341	1300000000000061964	Toshi☆	12566
1342	300000000000075145	メグミ	12536
1343	1100000000000033780	ortiz	12502
1344	200000000000056020	ジット	12417
1345	700000000000004127	dai	12400
1346	1300000000000080417	ガイヤ	12375
1347	1400000000000098497	てんてん	12371
1348	300000000000022441	ワンス(カープ応援中)	12354
1349	400000000000097420	Player 1006806660	12347
1350	700000000000050635	ジャムズＰ	12346
1351	1200000000000056599	たろう	12320
1352	1100000000000098812	シンディ	12275
1353	900000000000055639	しうす	12269
1354	500000000000052794	gene	12245
1355	800000000000071257	ふぁんとむ	12244
1356	400000000000083719	神崎真	12232
1357	1400000000000031662	優虎	12208
1358	1000000000000037200	ダック	12204
1359	200000000000022284	いっぷーどお	12122
1360	700000000000051006	いろいろ	12117
1361	600000000000001719	庶凡	12091
1362	300000000000096824	ザビ	12083
1363	1100000000000047116	Seela	12080
1364	600000000000097088	つばさ	12025
1365	900000000000017261	放浪カモメ	12015
1366	1000000000000003818	紅葉	12000
1367	900000000000075048	しんのすけ	11976
1368	900000000000003319	とらこ	11958
1369	900000000000026541	ﾁｶｼ	11932
1370	1000000000000099427	イザーレ	11909
1371	300000000000006235	芙蓉楓	11880
1372	200000000000097768	denzel	11814
1373	100000000000006245	やまと	11760
1374	500000000000078900	ミクミ	11736
1375	1200000000000060896	elder	11725
1376	100000000000042094	子猫P	11709
1377	500000000000047336	りっちゃん@596	11696
1378	93743	tし	11685
1379	1100000000000015625	チャルト	11680
1380	100000000000042265	さとにゃん	11661
1381	1200000000000087535	765&346	11656
1382	1200000000000037796	赤柳	11649
1383	500000000000077032	koshi	11640
1384	1500000000000056219	のらゆらP	11625
1385	700000000000003346	るーきー	11595
1386	1200000000000046997	ランプキン	11547
1387	1200000000000009943	きっためん	11531
1388	400000000000058945	空宙	11521
1389	200000000000011825	あに	11520
1390	1500000000000003802	緋蜂	11509
1391	1500000000000075416	Player 1003259439	11485
1392	100000000000073343	ウォルト	11457
1393	1300000000000082169	ユタポン	11434
1394	1000000000000006781	としやん	11430
1395	1400000000000006775	ポイント野郎!!!	11424
1396	700000000000036715	かないしゃ	11393
1397	300000000000096105	ヒオ	11389
1398	600000000000005744	Aqua Regia	11382
1399	300000000000052043	そーよし	11320
1400	80963	aoi	11288
1401	200000000000006161	yukapanda	11272
1402	400000000000005403	you	11268
1403	800000000000081736	らいでぃお	11251
1403	900000000000081597	ShiMa二郎	11251
1405	59193	阿新	11215
1406	500000000000005407	こっぺり	11212
1407	900000000000077037	大和610	11152
1408	800000000000097551	オタク屋	11104
1409	1100000000000072360	key9600	11088
1409	1400000000000007186	あ	11088
1411	600000000000031146	HamaShou	11072
1412	1400000000000049065	こすもす	11064
1413	1400000000000086396	なにぬねの	11050
1414	300000000000071840	R	11049
1415	700000000000100702	Player 1007897031	11020
1416	1400000000000011853	音浦	10990
1417	200000000000054130	きゅあやんきー☆	10960
1417	1300000000000039866	hibikicking	10960
1419	15491	楼	10944
1420	1200000000000004649	ｷｭﾍﾞﾚｲ	10926
1421	25029	うらむく	10907
1422	1100000000000002651	かぷり	10899
1423	100000000000001009	(´・ω・`)	10845
1424	1300000000000088642	けみちょす	10840
1425	1400000000000030305	みそそ	10838
1426	1200000000000073936	メロス	10824
1427	1500000000000051848	す～	10819
1428	400000000000058275	ゴリットソン	10814
1429	1100000000000080224	AsaYuki	10776
1430	500000000000099308	かるでら	10746
1431	1200000000000069246	きらきらりん	10704
1432	1100000000000092424	渋谷*.横山とpair	10680
1433	800000000000080734	Marcy	10643
1434	100000000000053155	kuzukita	10582
1435	1400000000000098415	エンター	10560
1436	1000000000000051740	マカク	10512
1437	500000000000036443	ぽんけん	10488
1437	1200000000000058944	樹希	10488
1439	1500000000000001983	タンタン	10482
1440	200000000000010170	sasahira	10472
1441	100000000000008355	とんぺー	10468
1442	1100000000000096810	も	10417
1443	100000000000087372	海P	10410
1444	800000000000007642	PYU作	10405
1445	1000000000000002988	noki	10376
1446	200000000000062308	アマスク	10375
1447	500000000000054081	遥かなる蒼	10328
1448	600000000000077028	れいろん	10317
1449	2059	〆	10314
1450	200000000000024507	まここ	10303
1451	100000000000009601	麦茶	10275
1452	1000000000000010126	もっち	10232
1453	900000000000096733	Player 1006527401	10192
1454	1500000000000096315	ミム	10177
1455	1000000000000056171	やよっさん	10176
1456	1200000000000036446	†うめさん†	10166
1457	1000000000000097527	ぴーﾁｬﾝ	10153
1458	1000000000000026728	火鳥泉行	10144
1459	900000000000052082	マリス	10143
1460	1500000000000051690	Bee	10128
1461	1300000000000000217	絢月	10080
1462	100000000000001930	三才駅P(せんべい)	10065
1463	1000000000000024631	まる	10016
1464	1300000000000020580	白藍	10005
1465	1100000000000020580	こかとりす	9996
1466	100000000000009409	まっこい	9990
1467	1300000000000013155	缶切り	9984
1468	100000000000095392	べんべん	9960
1468	500000000000010223	なのP@がっき～	9960
1470	1100000000000007637	L.Shockers	9906
1471	1000000000000003688	篁	9894
1472	600000000000037190	ktktktre	9835
1473	100254	蒼そいびん	9722
1474	1000000000000097963	チョコん	9709
1475	600000000000041428	ハジメ	9672
1476	700000000000023168	(雛σωσ)	9632
1477	1400000000000094650	やぶこ	9600
1478	400000000000004140	さんく	9591
1479	27812	ガーベラ	9585
1480	700000000000095367	なつき	9572
1481	900000000000020146	零	9565
1482	300000000000005313	じ	9543
1483	500000000000003131	みやと	9540
1484	1200000000000049331	マリンカリン	9527
1485	45214	へいぼーん	9504
1486	300000000000097111	Player 1006708483	9472
1487	300000000000081870	多摩ひより	9408
1488	600000000000092988	VSR-10	9402
1489	1500000000000054125	はいだ	9384
1490	1300000000000062215	ルミカ	9358
1491	1400000000000096817	よっしー	9344
1492	1300000000000000015	Ono(Obotaro)	9342
1493	200000000000098653	Narita	9318
1494	1500000000000000106	ディス	9260
1495	100000000000030567	えどがわ	9240
1496	1100000000000099089	オレンジリバー	9223
1497	1100000000000074907	赤の守護神	9215
1498	26886	カトリーヌ(♂)	9214
1499	800000000000029961	エンカー	9180
1500	500000000000002453	タカタカ	9170
1501	1100000000000029653	hig＠shi	9152
1502	600000000000077883	ソーチ	9125
1503	800000000000013539	odorimasho	9109
1504	600000000000100325	Tadayuki	9090
1505	400000000000026977	キョン	9079
1506	300000000000100076	Player 1007946547	9067
1507	1400000000000061306	tak	9044
1508	1300000000000000131	茨衣駆	9042
1509	700000000000009920	NAVY	9040
1510	1100000000000058619	痛快野球スカっとベースボール	9000
1511	900000000000049816	しばえび	8975
1512	800000000000096422	だいり	8965
1513	900000000000020489	さけわかな	8952
1514	100000000000003042	Moca	8925
1515	100000000000062951	フライ	8915
1516	100000000000024701	あきパッチ	8886
1517	500000000000006094	馬超	8866
1518	1100000000000079140	烈輝	8832
1518	1400000000000000582	しのーる	8832
1520	600000000000076983	ピノ	8829
1521	1000000000000091580	carlzhy	8776
1522	1000000000000001565	シエラ	8760
1523	15129	くっすん	8744
1524	700000000000034764	テッペイ	8712
1525	200000000000078286	ジュンジュン	8694
1526	100000000000023702	☆mamichan★	8635
1527	500000000000085546	d	8626
1528	800000000000039251	anie-k	8622
1529	1000000000000078020	オモイカネ	8595
1530	300000000000004397	ﾒﾛﾝﾊﾟﾝ	8592
1531	1500000000000074926	おにく	8584
1532	900000000000004941	いなほ	8568
1533	400000000000054608	おくとん	8561
1534	600000000000079089	yuoy	8554
1535	800000000000042472	クロン	8553
1536	1200000000000008786	きたきつね	8400
1536	1300000000000072435	くろねこ	8400
1538	88466	とてけて	8379
1539	1400000000000030417	フェイトTハラオウン	8371
1540	1200000000000000272	あそうぎ	8326
1541	400000000000048506	天幻星☆ヒンクス	8301
1542	200000000000100727	、ショウ	8288
1543	400000000000005129	烏骨鶏	8287
1544	1400000000000024114	ユーリ	8280
1545	500000000000051263	英二士	8256
1546	62394	なる	8248
1547	100000000000091381	けい	8213
1548	1400000000000028507	湧哉	8180
1549	300000000000100195	Player 1008030307	8164
1549	500000000000031231	ice	8164
1551	85978	しぶりん	8138
1552	400000000000031699	やまえもん	8129
1553	900000000000085574	鯉桟敷	8074
1554	75163	成月	8061
1555	1400000000000077844	Ｋ２	8048
1556	25109	とまとじゅーす	8042
1557	700000000000051742	IRONMAN	8040
1558	500000000000051083	虎姫＠奮闘中	8014
1559	1000000000000003311	ペタ	7997
1560	200000000000057503	うめこうじ	7953
1561	500000000000003440	創作（ソウサ）	7945
1562	800000000000055572	カイト	7920
1562	900000000000050457	ぺたんこ	7920
1564	800000000000076076	あか丸	7891
1565	900000000000023387	ゲキ	7887
1566	1100000000000091208	らすの	7872
1567	1500000000000074991	Ranzzzz	7851
1568	500000000000000337	デリオ	7831
1569	400000000000014650	せきお	7830
1570	1500000000000019639	DIESEL	7818
1571	800000000000099370	バム	7813
1572	500000000000071419	P	7800
1573	100051	MC ★ Ecchi	7768
1574	1100000000000027899	チャン	7760
1575	1300000000000045762	成長途中	7744
1576	700000000000001973	Ｎｙ人	7696
1577	300000000000099998	maka	7654
1578	1400000000000039443	アッサン()	7652
1579	300000000000076602	乙女座193	7641
1580	500000000000030816	はるやん	7618
1581	1200000000000009646	まいつ	7608
1582	1000000000000099317	it	7604
1583	200000000000100555	石虎凛	7593
1584	100000000000096809	ひまじん	7544
1585	100000000000003231	伝助	7516
1586	900000000000045685	zeroP@同僚募集中	7470
1587	1100000000000035222	だめくん	7462
1588	79235	えびもと	7415
1589	1500000000000049079	sasataku	7392
1590	1200000000000001046	Ext	7366
1591	1200000000000002176	おまだら	7328
1592	1400000000000061203	シモシモ	7324
1593	500000000000046498	なしすな	7312
1594	1000000000000053344	だるま屋	7308
1595	300000000000035637	Ｃ	7307
1596	700000000000038924	一二三二一	7304
1597	34256	クトゥス	7293
1598	1200000000000001561	タケノコー	7244
1599	1400000000000082762	あるる	7238
1600	1300000000000087335	gorani	7222
1601	1400000000000096444	倉里	7195
1602	200000000000051116	ひげまるP	7191
1603	1500000000000019628	Lan@らんと読みます	7181
1604	1000000000000032354	著著利GUESS	7176
1605	700000000000068216	きょうへい	7164
1606	700000000000012667	ドリル齋藤	7154
1607	100000000000081106	ぽよ	7105
1608	1300000000000003589	gatoh10	7088
1609	100000000000099454	和紗	7080
1609	700000000000036603	鶏肉	7080
1611	1000000000000022554	kei	7076
1612	1500000000000092576	Supplement	7068
1613	1200000000000032921	Litchi	7064
1614	600000000000004934	森っち	7052
1615	200000000000080301	かもちな	7040
1615	1100000000000079982	かまぼこ	7040
1615	1400000000000030089	久保君の弟バカテスLove＠てさ部最高	7040
1618	1300000000000004641	矢印	7020
1619	200000000000079594	mark	7010
1620	200000000000000633	DEEP	6976
1620	300000000000056833	キーストーン	6976
1622	1500000000000007356	いなみ	6970
1623	800000000000046075	なな	6957
1624	11735	ダイボノ	6940
1625	1400000000000027701	Nacky	6939
1626	900000000000061700	元旗	6928
1627	300000000000057679	アルス	6920
1628	1500000000000031702	せせり	6886
1629	100000000000078354	チチガタ	6880
1630	500000000000052280	agito5	6872
1631	900000000000100068	木野	6848
1632	100000000000074811	チグノ	6842
1633	400000000000052211	うさぎロール	6838
1634	800000000000010694	ピピン板橋	6818
1635	500000000000085872	矢田ピーマン	6814
1636	17817	たみぃ	6797
1637	98532	スピアー	6795
1637	500000000000055658	ももも	6795
1639	800000000000066000	C1	6792
1640	1200000000000052234	コショウP	6790
1641	600000000000025843	シキ	6768
1642	100000000000052474	チードル	6759
1643	1300000000000001666	neylon	6735
1644	1300000000000080691	湯	6713
1645	900000000000050477	ぴ～(o・∇・o)	6706
1646	500000000000064883	モブリット	6704
1647	100000000000098042	凪太@11/2明日は君と。	6684
1648	800000000000049292	レオン@HHP相互埋め募集中	6671
1649	500000000000098053	久瀬	6664
1649	700000000000007230	gamebrain	6664
1651	300000000000002549	ひびきん	6656
1652	1200000000000000281	HALT	6654
1653	1400000000000068257	kidball	6645
1654	400000000000052109	RUGGER	6640
1655	100000000000000328	sin	6631
1656	58834	麗華	6564
1657	800000000000099675	ペンギンなのに魚とはこれいかに。	6560
1658	1400000000000060896	オムレット	6555
1659	100000000000081857	さとP	6552
1659	1000000000000020620	Orif	6552
1661	100000000000053037	サユ	6549
1662	100000000000002061	パコ	6544
1663	1200000000000000807	氷水	6528
1664	400000000000004363	まっきぃ	6487
1665	1400000000000047508	ウミヒト	6480
1666	700000000000005800	ヒロリン	6479
1667	900000000000050486	シマ	6475
1668	97638	イケ	6456
1669	300000000000076131	ぶらっく。	6451
1670	300000000000037811	綾取り	6436
1671	700000000000004636	かわいち	6430
1672	700000000000042335	ポテチ	6412
1673	23226	ヤカン	6392
1674	1300000000000010271	ひろ-聲の形のｲｵﾘｽﾄ-	6390
1675	1500000000000010510	ともちん	6340
1676	100000000000011651	ゆきまる	6332
1677	600000000000079469	Mamma Luce	6312
1678	300000000000086404	うにころ	6278
1679	100000000000033858	裕羽	6272
1680	200000000000003184	きほいる	6240
1681	800000000000074819	夏希	6214
1682	700000000000058113	マコト	6209
1683	300000000000050779	とまぬ	6208
1684	600000000000014643	木村木村木	6200
1685	100000000000095292	Player 1006230865	6199
1686	700000000000087586	nickname	6194
1687	1200000000000056279	來鵡	6190
1688	1000000000000092835	SAYAKA	6184
1688	1300000000000054689	generex	6184
1690	200000000000032168	ＴくんＰ	6165
1691	97130	fin.	6162
1692	1100000000000073900	C4D	6158
1693	1000000000000077180	yuzuriha	6143
1694	600000000000007043	キラヤマト6417	6098
1695	100000000000006360	KOBA	6087
1696	900000000000004470	クヴォッチ	6053
1697	800000000000085464	弱気	6051
1698	1100000000000075732	Murasame	6042
1699	1400000000000000104	ヨチコ	6041
1700	600000000000057592	ドンガメ	6020
1701	400000000000098655	Player 1007189284	6016
1702	100331	R	6000
1702	500000000000087027	マコト	6000
1704	100000000000071990	日暮薬局	5991
1705	400000000000026497	黒池	5977
1706	900000000000100230	緑茶	5952
1707	500000000000077429	七龍	5928
1708	200000000000004818	Zacky	5912
1709	300000000000097744	あとらす	5903
1710	700000000000000232	ＦＱＦ	5888
1711	1100000000000081482	式子	5886
1712	500000000000029839	ぜふぃ	5860
1713	80319	弓兵	5849
1714	500000000000097094	よっしー１	5839
1715	700000000000100355	とのに	5824
1716	600000000000006108	びーる	5800
1717	800000000000003075	AT	5783
1718	1200000000000093866	こうの	5781
1719	700000000000095416	IOG	5778
1720	1000000000000000188	ばうあー	5772
1721	400000000000022291	ばおり	5760
1721	1300000000000080928	もっち	5760
1723	1400000000000096404	林芳樹	5751
1724	500000000000054427	にゃんと3939	5748
1725	800000000000052138	みしく	5744
1726	500000000000086619	yuki	5738
1727	200000000000001619	ラキ	5728
1728	1500000000000061667	klom555	5706
1729	400000000000051977	カズ	5676
1730	1300000000000003923	アルシェイド	5674
1731	100000000000091930	のんちゃん	5665
1732	1400000000000004161	ﾏﾀﾞｲ	5664
1733	87465	レアリスタ	5646
1734	800000000000000500	晴美	5642
1735	14459	戯510	5601
1736	100000000000038741	泡を吹く狂戦士  センチメンタル木戸修(17歳)	5595
1737	100000000000100514	oけぃo	5568
1738	700000000000004463	たけのこ	5530
1739	300000000000056139	可奈翼美希	5523
1740	200000000000004236	toofoo	5516
1741	1400000000000004292	くるみ	5504
1742	500000000000100108	そむたむ	5456
1743	100000000000058257	箱々	5448
1744	1300000000000004940	Ken	5446
1745	1100000000000062595	Icewings	5440
1746	200000000000001302	ばっくす	5434
1747	400000000000013236	ちくわ(ん)超多忙ちう(T ^ T)	5418
1748	200000000000031545	ヤマト＠	5376
1748	1000000000000030472	hanbee	5376
1750	1000000000000000173	草々	5368
1751	200000000000094869	はるまき	5356
1751	1500000000000062336	ぐんないめあ	5356
1753	1300000000000009750	umie	5328
1754	1300000000000016360	もやし	5312
1755	1400000000000083047	くとり	5311
1756	300000000000053590	海運ポートレート	5276
1757	500000000000074942	ＥＧＧ	5257
1758	200000000000087299	さこのま	5248
1759	1300000000000010327	チュウジ	5237
1760	300000000000004912	KAz	5210
1761	92206	もこもこ	5208
1762	1100000000000007290	10mo	5200
1763	1100000000000037832	ミルギース	5194
1764	400000000000020042	お賽銭箱ちょうだい！！	5180
1765	500000000000050771	765PRO	5176
1766	18219	デットプール	5148
1767	700000000000027088	ゆりちょめ	5138
1768	800000000000022900	ウェズレイマウス	5134
1769	1300000000000002226	もふ	5127
1770	600000000000041583	ハマーン	5124
1771	200000000000096046	ブルース(きよっちゃん)	5112
1772	1400000000000029996	きんぎょ	5105
1773	300000000000033793	ササノハ	5101
1774	400000000000002841	通行人Ａ＠頭タオル	5096
1775	1300000000000043139	レックス♪連休最終日はのんびりo(^o^)o	5083
1776	600000000000035142	るーみす	5064
1777	700000000000051933	月代ユカ	5059
1778	1300000000000000228	ししとう	5046
1779	1300000000000004246	ある	5042
1780	200000000000002565	tau	5019
1781	1200000000000055735	行泰2	4989
1782	1300000000000047437	まさしょう	4964
1783	600000000000002727	おこめ	4939
1784	900000000000030709	るち	4935
1785	1000000000000001430	ヒロ～ン	4928
1786	600000000000100374	NOVA	4925
1787	300000000000090356	ぽんちゃん	4920
1788	600000000000051288	Masa	4890
1789	1000000000000003792	紅狸	4865
1790	500000000000061851	マスオ	4854
1791	700000000000028540	ラプター	4844
1792	1400000000000047416	もちるこ	4840
1793	300000000000098323	yjoyjo	4834
1794	100000000000055185	うさこ	4812
1795	700000000000023758	ザラ紙@環Ｐtheおやぶんぶん	4804
1796	100000000000052566	かしま卜電	4800
1796	600000000000000159	シュウ	4800
1796	1400000000000014015	ディケイド	4800
1799	1300000000000094978	セイナ(アイルP)	4798
1800	1500000000000055070	サボテン	4776
1801	700000000000004186	アカマ	4752
1802	300000000000051148	カニツ	4748
1803	800000000000098783	アキラ	4744
1804	600000000000095877	BASHI	4734
1805	700000000000003969	カレチ	4728
1805	900000000000002031	あめのこ	4728
1807	200000000000086229	ツジギリ	4711
1808	1300000000000077963	ひろろん長官	4704
1809	1000000000000095916	kv.jr	4691
1810	1300000000000086721	Player 1005078701	4672
1811	600000000000082610	Blackphone	4665
1811	700000000000095424	ぶり	4665
1811	1500000000000025438	asa	4665
1814	100000000000006092	美凜	4648
1815	600000000000095088	たかいち	4632
1816	900000000000096795	yama	4625
1817	1300000000000015955	どすこい	4608
1818	1200000000000017912	機長	4599
1819	1100000000000081666	あずきち	4597
1820	1100000000000004420	white head	4590
1821	1300000000000079292	しもきょー	4587
1822	900000000000000582	ピーターP	4574
1823	100000000000052559	凜	4560
1824	86028	りんりん	4555
1825	800000000000066550	現代の音楽	4544
1826	400000000000054650	ミニパ	4536
1827	1100000000000084456	chicalm	4534
1828	1400000000000077705	ウッシー	4532
1829	1400000000000005131	るるる	4512
1830	200000000000100667	Player 1007919474	4511
1831	600000000000079790	sui-un	4510
1832	1000000000000014637	ぢるの	4495
1833	100000000000096661	やよかず	4447
1834	1400000000000000677	Aoi	4437
1835	900000000000031124	ニコル・ボーラス	4424
1836	58896	トーマス	4418
1837	11851	ironfish	4415
1838	1200000000000080633	ツバサＦ	4411
1839	600000000000000633	タコ@お疲れモード	4404
1840	1100000000000033468	ネシンバラ	4401
1841	200000000000086831	デルター	4392
1842	800000000000085195	麦門冬湯	4382
1842	1400000000000049261	沈黙の凡人	4382
1844	1200000000000054299	やっちー	4370
1845	400000000000098730	どんぐり	4362
1846	1000000000000051710	567	4348
1847	800000000000017301	ﾏｰﾙ･ﾊﾟﾝｻｰ	4288
1847	1000000000000051588	テルル	4288
1849	1000000000000083000	はおちー	4285
1850	900000000000080430	minaharumi	4283
1851	200000000000076000	てん	4270
1852	400000000000031910	たー	4260
1853	1100000000000003002	Besucher	4245
1854	1000000000000079490	マッハ	4244
1855	1623	よしかず@あんにょ	4239
1856	500000000000004505	雅柳	4229
1857	100000000000008828	やくもん	4214
1858	1100000000000097454	しいたけ	4205
1859	96487	ゆっこまん	4189
1860	1500000000000099904	はまじ	4185
1861	800000000000028903	とーでん	4180
1862	1200000000000055792	FIAT	4168
1862	1300000000000001853	ヴァイス	4168
1864	1200000000000078743	ライデン	4160
1865	1400000000000098670	利愛	4143
1866	1400000000000100579	さだ  ｲﾝ減	4128
1867	1000000000000099236	ソアラ	4122
1868	100000000000038979	しろ	4112
1869	800000000000016727	葉水	4103
1870	800000000000094678	チャオ	4084
1871	500000000000016180	arista	4064
1872	700000000000011807	ユッキー	4063
1872	1400000000000100234	txc	4063
1874	700000000000088640	CHAKi	4062
1875	200000000000000959	アゐス	4046
1876	1300000000000075405	とも	4032
1876	1400000000000061332	海本	4032
1878	200000000000092390	ベックマン	4020
1879	300000000000008484	なっちゃん	4006
1880	300000000000002037	チューベー	3980
1880	500000000000051762	ゴケ	3980
1882	700000000000003220	猫又三郎	3971
1883	100000000000071802	fuku	3962
1884	200000000000052208	風使い	3955
1885	1000000000000011830	かまぼこ	3952
1886	800000000000015465	馬竹	3944
1887	1200000000000072232	マーズ	3904
1888	800000000000055160	えりんぎ	3887
1889	1200000000000028782	コウキ	3869
1890	100000000000074424	バッキー	3856
1891	200000000000003513	ユタカ	3852
1892	400000000000010841	まほりく	3848
1893	500000000000076089	ぶる3	3815
1894	1000000000000007335	AWACS	3808
1895	100000000000085338	Mog	3798
1896	900000000000072912	慶野	3792
1897	96114	Takumi P	3790
1898	300000000000005289	あゆ	3773
1899	500000000000078848	magenta	3763
1900	700000000000099767	ねむいぞ	3735
1901	1100000000000085064	TKD	3726
1902	900000000000004561	きょ～すけ	3712
1902	900000000000032208	夢雪空	3712
1904	300000000000061867	supakani	3692
1905	1200000000000004799	templeP	3689
1906	700000000000088471	蟹	3686
1907	1500000000000050128	xia	3664
1908	1500000000000012461	コトギリ	3662
1909	1000000000000000167	心人	3657
1910	200000000000098057	水淵	3654
1911	1200000000000091514	あいら。	3652
1912	300000000000096674	Strawberry	3648
1913	1300000000000075903	Seung Jae Lee	3640
1914	600000000000022291	櫻井 唯	3632
1915	900000000000094299	しずく	3627
1916	1000000000000041920	イサキ	3600
1917	1200000000000086725	SGK	3588
1918	400000000000023904	IMR-765-S.KISARAGI	3584
1918	1000000000000051461	abs	3584
1920	200000000000100580	もふ	3582
1921	100000000000050932	虎	3565
1921	1000000000000087096	たれぱん	3565
1923	75558	ヒカル	3558
1924	400000000000088128	西海	3555
1925	200000000000006276	sands	3538
1926	700000000000000111	カンバラ	3498
1927	600000000000051886	はやさん	3497
1928	500000000000016940	6号	3496
1929	800000000000097451	リッツ	3470
1930	700000000000083999	ほるもん	3456
1931	800000000000095804	nomoto	3426
1932	1000000000000029163	ああs	3421
1933	1000000000000083622	小山荘の住人	3418
1934	1100000000000018139	sasasyu	3392
1935	600000000000072725	千由	3388
1936	900000000000028001	レオ	3385
1937	1100000000000071146	マダラガ	3376
1938	800000000000055660	太陽とすっぽん	3371
1939	1500000000000035246	ユーザン	3367
1940	500000000000045400	ゲソさん	3361
1941	1300000000000097974	chamaru	3360
1942	900000000000046083	二階堂	3357
1943	400000000000094322	あざーす	3332
1944	400000000000008414	ぱぴこ	3328
1945	700000000000091445	イナバP	3318
1946	700000000000020778	まっふん	3317
1947	700000000000052121	ATT	3298
1948	900000000000010094	赤羽2nd	3282
1949	600000000000029905	いの	3264
1950	600000000000078283	笹蒲鉾	3260
1951	500000000000090611	ジョン・ドゥ	3227
1952	300000000000003959	タケちゃん	3208
1953	4857	時間	3200
1953	100000000000011046	Mok-take	3200
1953	200000000000034311	すずもん	3200
1953	400000000000054905	眠兎 ＊招待無視でお願いします	3200
1953	400000000000099410	ZhenJie3007	3200
1958	800000000000068557	アイソン	3194
1959	500000000000056851	きゅーぶ	3192
1960	85462	たぬき	3186
1961	100000000000093584	ヨートン	3164
1962	200000000000002730	㈲TOM	3141
1963	1400000000000013994	奈々★スタ	3136
1964	500000000000097788	にんじん	3135
1965	700000000000016065	めんべい	3132
1966	600000000000016506	サム	3120
1967	1500000000000003274	oyansu	3100
1968	1400000000000025307	ザル	3098
1969	500000000000082106	Daichi	3096
1970	500000000000009597	Keg	3093
1971	1400000000000094587	しゅーと	3068
1972	100000000000084956	tsuchi04	3067
1973	1300000000000011579	かにぱんだ	3066
1974	300000000000071870	♪咲夜♪	3063
1975	1000000000000023022	Togo	3060
1976	500000000000079462	テラコヤス	3055
1977	500000000000015418	esmo	3042
1978	1400000000000082585	KENT	3031
1979	900000000000096790	はる	3030
1980	500000000000076604	rmkn	3026
1981	300000000000007235	ゆきろん	3024
1982	400000000000076732	ヤマチャン	3008
1982	800000000000026137	(?_?)	3008
1984	600000000000088201	すらりん	3005
1985	1000000000000002744	凸どぅー	3003
1985	1500000000000005836	シェルパ	3003
1987	400000000000049692	らうらん	2985
1988	200000000000083146	真夜中	2980
1989	300000000000098937	マロングラッセ	2978
1990	300000000000081080	朋	2960
1991	800000000000053046	ファイ	2950
1992	1500000000000073584	れがーど	2947
1993	700000000000087418	るる	2944
1994	1000000000000056194	Hibiki	2940
1995	800000000000010165	ぽた	2936
1996	700000000000003766	もりまる	2916
1997	600000000000025000	スノードロップ	2905
1998	100000000000094786	N	2895
1999	400000000000010929	のっく@テト	2892
2000	1100000000000076092	配信おじさん	2880
2001	3857	じーじょ	2877
2001	800000000000084224	もっぴー	2877
2003	700000000000076101	耐熱性ＤＮＡポリメラーゼ	2860
2004	900000000000098336	永姫	2855
2005	1500000000000026228	雪丸	2824
2006	7323	ヒャッハー	2816
2006	400000000000081064	うま	2816
2008	74202	A.I.	2803
2009	200000000000097569	Player 1006637890	2790
2010	100000000000083393	庶務	2760
2011	83862	CAT&LOCK	2758
2012	100000000000000208	もばげい	2752
2012	1500000000000092584	Mizuki	2752
2014	600000000000099546	ino	2749
2015	1500000000000009555	アーサー ランク	2742
2016	1400000000000098807	しいの	2728
2016	1500000000000072700	フライングゴリラ	2728
2018	700000000000077862	Player 1003696743	2706
2019	1000000000000051761	こう	2699
2020	1200000000000038358	愛敬P	2688
2021	200000000000094540	おりーぶ	2686
2022	92033	みかつき	2681
2023	600000000000000262	ピヨソ	2667
2024	600000000000049274	S.N	2644
2025	1200000000000001806	Uターン	2640
2026	800000000000004422	ちょp	2635
2027	800000000000100038	Player 1007960744	2633
2028	800000000000099214	ノコノコ	2624
2028	1300000000000010883	Bestie_Hagal	2624
2030	1400000000000084811	G@G	2598
2031	200000000000000199	けいちー	2583
2032	77929	ラル	2579
2033	1300000000000076714	彰	2571
2034	200000000000094185	ヒロッキー	2569
2035	200000000000100272	はしもゆ	2561
2036	400000000000042981	しーきゅー	2560
2036	800000000000082822	ミートン	2560
2038	600000000000099577	ハイスピ	2558
2039	900000000000099514	ぜんざい	2555
2040	800000000000073020	tanku	2550
2040	1200000000000069224	しんちく	2550
2042	1100000000000080700	mizuishi	2544
2043	800000000000015317	しづー	2536
2043	1100000000000008293	にな	2536
2045	1100000000000074824	さそり	2535
2046	1100000000000094209	known	2525
2047	456	Echos	2496
2047	300000000000003366	カッキー	2496
2049	900000000000053903	饅頭	2494
2050	900000000000005311	ビルファル	2484
2051	800000000000002246	ゴウジン	2478
2052	700000000000060040	ミツ	2472
2053	500000000000091669	エンペラ	2470
2054	1200000000000087899	加藤	2464
2055	1300000000000054278	九魔	2449
2056	700000000000085588	ケン	2432
2057	1000000000000098441	コザクラ	2408
2058	700000000000081800	タカハス	2400
2059	1300000000000027307	凪	2382
2060	500000000000075873	vuna	2379
2061	600000000000053646	いいは	2373
2062	100000000000056747	yonku882	2353
2063	1200000000000091317	スワ	2352
2064	300000000000097474	ジッロ	2338
2065	100000000000100511	kms1219	2337
2066	400000000000097573	ひつじ	2336
2067	300000000000016070	わたー	2334
2068	800000000000085149	すきっぷ	2321
2069	1400000000000074711	Player 1002963918	2315
2070	1300000000000080107	REDTAIL	2310
2071	300000000000000517	ブチ	2309
2072	200000000000097172	ひのみさき	2306
2073	29226	あさひ	2304
2073	200000000000086435	朱雀	2304
2075	100000000000097915	いっちー	2301
2076	800000000000094770	トシ	2292
2077	1300000000000086435	くろまりも	2289
2078	1200000000000038498	北大路	2284
2079	1300000000000098501	白くじら	2283
2080	79940	たまきん@ゲスト指名に感謝	2282
2081	1200000000000099340	RuruP	2277
2082	1200000000000004378	大吉松	2272
2082	1400000000000076310	日ノ円	2272
2084	1100000000000005550	いなやま	2265
2085	1500000000000097942	アギト	2264
2086	500000000000052216	クロウ	2244
2087	500000000000095140	チェシャ猫	2240
2088	100000000000058499	ガヒロ	2235
2089	400000000000052779	Mellreal	2228
2090	300000000000080028	Player 1004252259	2219
2091	500000000000000560	グらん	2214
2092	1100000000000096836	観月	2200
2093	85739	nashiwow	2197
2094	400000000000020616	ＲＹＯ	2182
2095	100000000000098893	みうら	2178
2096	100603	yuki	2176
2096	900000000000099995	里緒	2176
2096	1000000000000003754	咲	2176
2096	1000000000000097882	Player 1006858810	2176
2096	1500000000000054815	ひなた	2176
2101	200000000000009061	ぐっじょぶ	2174
2102	600000000000097886	zoe	2173
2103	1000000000000100541	翠	2132
2104	99544	ぐりんがむ	2120
2105	94238	よーろー	2112
2105	500000000000005362	イツキ	2112
2105	700000000000033981	ゲキロク	2112
2105	1400000000000007613	ケロル	2112
2109	1500000000000010443	暇人破壊	2096
2110	900000000000097226	ししだ	2088
2111	600000000000099788	ライト	2048
2111	1200000000000100078	はーくん@最近体調悪すぎて笑えないin率一時低下	2048
2113	1200000000000095574	のりす	2046
2114	900000000000033029	あま	2032
2115	100000000000011166	おやかた	2022
2116	700000000000034700	ファイ	1998
2117	1100000000000008770	まさ☆☆【よね吉団】	1986
2118	1400000000000038170	やまと	1985
2119	200000000000002818	ベンジャミン	1982
2120	700000000000003069	ふがし一等兵	1980
2121	700000000000099108	金火水金金土土	1976
2122	1300000000000085597	アベニュー	1970
2123	1400000000000007100	武ちゃんは17歳P	1961
2124	1400000000000001029	しえぽん	1954
2125	1200000000000041505	がる	1951
2126	1000000000000020834	ナツメ	1940
2126	1300000000000001754	こったん	1940
2128	100000000000099444	優	1928
2129	1400000000000000412	mizpong	1923
2130	1300000000000035577	とくれん	1906
2131	100000000000007827	A･RA･KO･U	1901
2132	300000000000008263	バネ	1899
2133	1500000000000026044	かむい	1889
2134	47069	わっしー	1883
2135	600000000000061277	オックン	1869
2136	1400000000000045900	Nao	1866
2137	600000000000098868	yooskeh	1856
2138	1300000000000098150	まてぃ	1846
2139	600000000000098598	合間 津奈さん＊低燃費っぴっぴー(ω`+).ｗ	1844
2139	900000000000002772	雨乞	1844
2141	1500000000000099291	ゆ	1830
2142	1300000000000036118	仮面＠麗花ちゃんP	1798
2143	800000000000073671	shmz	1792
2144	900000000000099611	Player 1007707977	1781
2145	1200000000000013042	とーふや	1780
2146	1000000000000032540	みらくるん*	1779
2147	600000000000075734	あまなつ	1766
2148	1000000000000052769	はるはる	1757
2149	500000000000019874	ワッタ	1752
2150	1500000000000097549	クロージャー	1733
2151	600000000000006405	ライ【off】	1732
2152	500000000000098154	リート	1728
2153	1300000000000074721	ユライア	1725
2154	1100000000000016806	イチト	1723
2155	500000000000098085	さ	1707
2156	300000000000015353	レインシア	1664
2156	600000000000082716	くるみ	1664
2158	24649	ryouka	1600
2158	97470	トマトホーク	1600
2158	400000000000001381	雨宮 天<>	1600
2158	600000000000008784	るっつ	1600
2162	700000000000073713	藤 時々 おらんじーな	1592
2162	1300000000000037222	あるふぁ	1592
2164	300000000000057924	鷹津	1588
2165	1100000000000014004	danch	1584
2166	400000000000053902	×　紗雪 まったりちゅ～(*´∇｀*)	1579
2167	600000000000005838	タータタ64	1570
2168	1500000000000004160	ダンプティ	1569
2169	1100000000000077662	そうやん	1536
2170	600000000000099876	アスファルト	1518
2171	1100000000000073560	ほたた	1516
2172	33365	ちょめ助【協力感謝♪】	1489
2173	100000000000002026	猫目	1482
2174	1400000000000044034	ろんP	1476
2175	400000000000085633	あそやま	1475
2176	100000000000003838	kou17	1472
2176	100000000000027926	いろは やる気が出ない…	1472
2176	1200000000000015260	なっこ	1472
2179	700000000000022036	藍	1464
2180	100000000000056888	なっつ@同僚募集！	1456
2181	1300000000000083401	アサノ	1444
2182	500000000000000240	うにお	1435
2183	900000000000036717	auge	1427
2184	1100000000000001880	うちなー	1414
2185	42405	涼音	1408
2185	300000000000009636	ドンちゃん	1408
2185	1100000000000014425	やしがらす	1408
2188	200000000000006948	ヤスダ	1400
2189	900000000000077088	安部	1387
2190	800000000000020418	じゅうえん	1382
2191	500000000000094980	深涛	1379
2192	800000000000081874	もすもす	1377
2193	200000000000006768	(泣)	1371
2194	400000000000099871	panspeedmeron	1355
2195	300000000000096516	Aqua	1344
2195	1100000000000002728	咸斗	1344
2197	100000000000000291	ホイップ	1336
2197	1400000000000075992	Player 1003242126	1336
2199	1200000000000027595	koikaze	1328
2200	600000000000008239	TP	1327
2201	500000000000062311	キラ	1323
2202	84341	カカシP	1304
2203	900000000000006431	バゼゼだん	1295
2204	800000000000015773	しるふぃ	1294
2205	300000000000003076	じろさぶ	1290
2206	600000000000075902	えくれあ	1287
2207	300000000000092178	アマルガ	1282
2208	600000000000100411	Player 1007874342	1280
2208	1100000000000080460	けいと！	1280
2210	1400000000000100705	Player 1007997598	1257
2211	400000000000092980	Player 1005809332	1246
2212	300000000000078074	いち	1222
2213	600000000000100351	to417	1216
2213	1000000000000056945	シン	1216
2215	100000000000097803	シマト	1200
2216	36540	moka	1190
2217	1100000000000061867	キユ	1187
2218	1100000000000004742	ネル子	1181
2219	1100000000000073533	ryu	1176
2220	300000000000096158	らうにあん	1165
2221	1300000000000072804	ウーパー	1155
2222	24	道産子	1152
2222	400000000000029917	ダイス	1152
2224	400000000000096418	アローン	1146
2225	800000000000074685	Raven72	1140
2226	1000000000000001391	お茶	1139
2227	1100000000000096300	プロト	1128
2228	1500000000000004543	へっぽこ	1122
2229	400000000000095003	アサト	1110
2230	200000000000100849	ナケタッス	1100
2230	700000000000000113	Sirataki	1100
2232	800000000000099726	Player 1007818968	1099
2233	900000000000085529	Aquartz	1095
2234	300000000000000445	Fr	1093
2235	1300000000000001576	緋本ω茜†月ノ守護者∞ルナ勢∞	1089
2236	300000000000058466	闇子	1088
2236	300000000000098950	蓋付	1088
2236	600000000000098991	Player 1007265622	1088
2236	800000000000000834	けーと	1088
2236	1200000000000089455	*汐*相互招待募集中	1088
2241	1000000000000098179	かつきい	1062
2242	600000000000061571	16回切りが出来そうな人	1060
2243	1100000000000014855	羽柴はく	1055
2244	300000000000091122	月詠	1048
2245	700000000000092129	Player 1005673735	1044
2246	1000000000000004913	ミズ	1039
2247	100000000000058457	とうふ。	1036
2248	900000000000011246	はやし	1034
2249	600000000000008570	ワシ!!	1033
2250	1400000000000100147	happy777	1029
2251	1300000000000080665	そでこ	1026
2252	100000000000035561	さく	1024
2252	700000000000094597	みゅーと	1024
2252	900000000000072785	はれるとイイナ	1024
2252	1000000000000029265	カノン	1024
2252	1300000000000052041	ごー	1024
2257	1400000000000098874	izuki	1022
2258	100000000000100152	キリヤマ	1017
2259	1300000000000069631	ゆう	1002
2260	1300000000000019331	小花	992
2261	800000000000052053	Harunxn	984
2262	900000000000040364	オッドボール三等軍曹	980
2263	300000000000084984	霧ヶ峰	976
2264	49342	なかりん	975
2265	600000000000011683	ヨシトモ	973
2266	700000000000000210	ゆー	971
2267	400000000000008875	ランスロット	960
2267	1000000000000051027	つままれ	960
2267	1200000000000096583	小語	960
2270	600000000000084253	まぁ～ちゃん	955
2271	1100000000000007975	お湯	953
2272	1100000000000001775	ちゃんベル	933
2273	400000000000019104	キリツグ(うーろん)	930
2274	88057	きた	926
2275	400000000000077847	moriturus	924
2276	1400000000000091637	ふくちん	905
2277	400000000000021291	ノンナ	900
2278	1300000000000019511	もりりん	899
2279	1200000000000098294	佐藤翔太	896
2279	1500000000000079692	からあげ	896
2281	400000000000007697	切札	893
2282	100000000000061106	nono	882
2283	800000000000061753	スリザリン	879
2284	500000000000000255	お湯	875
2285	1100000000000077101	第六世代行星間航行決戦兵器マコッマシーン7号	871
2286	200000000000093734	Ike	860
2287	1500000000000051394	逢鍵	857
2288	845	ねんざ	850
2288	800000000000027453	お餅	850
2288	800000000000095865	しゃけおにぎり	850
2291	98166	ゆなゆ	848
2291	1300000000000075632	鬼ちちいいね	848
2293	700000000000020745	自爆王ギブー@鉄ﾛﾜ(和食→洋食)	832
2293	1000000000000082332	CIMA	832
2293	1100000000000088048	Kisaragi	832
2293	1300000000000072551	e-zo	832
2297	600000000000074949	kasane	828
2298	400000000000035457	シグマ	827
2299	300000000000006732	キングK	814
2299	700000000000097901	のぶのぶ	814
2301	1500000000000054100	あやと	812
2302	800000000000096029	でにす＠同僚さん募集中	808
2303	4396	くずもち	802
2304	400000000000052550	はち	775
2304	1200000000000003153	SASAMI	775
2306	900000000000022260	K-night＠同僚募集	773
2307	200000000000094840	菜種	771
2308	600000000000035895	ゆみみ	769
2308	1300000000000077312	でない	769
2310	1100000000000062332	ゆうき	768
2310	1400000000000075413	しちみ	768
2310	1400000000000100124	ちっきー	768
2313	800000000000002772	そのひぐらし	766
2314	600000000000078997	四月一日	749
2314	700000000000000623	創夜	749
2316	1300000000000045432	ささもと	746
2317	1300000000000058782	manaP	739
2318	700000000000100893	Player 1005563255	736
2319	900000000000074073	latteP	733
2320	1400000000000006741	ひよまめ	729
2321	200000000000027863	雷刃	717
2321	1400000000000093814	さぎ草	717
2323	400000000000007910	あきP	716
2324	100000000000074302	ないと	714
2325	600000000000056125	なのファン	713
2326	100000000000054957	空翔	709
2326	1000000000000082265	アスベル	709
2328	200000000000084641	碧羅	708
2329	1777	雪りんご	704
2329	100000000000002416	ろ～でぃんぐP	704
2329	500000000000021829	ＹＵＫＫＩ	704
2329	1500000000000032329	ちりげ	704
2333	500000000000083453	かりん	697
2334	1200000000000082906	黒き天使｢EIREI@Rabbit｣ぬこぴょん【☆†　《angel》　†☆】	696
2335	100000000000055247	ze	695
2335	1200000000000071262	タテ	695
2335	1400000000000002598	あっき	695
2338	600000000000027946	かるみ	693
2339	1400000000000051627	かまたま	691
2340	300000000000022866	がっちゃん	690
2341	1200000000000085762	フォルテ	683
2341	1400000000000065068	Player 1002081262	683
2343	1000000000000043373	けんてぃ	676
2344	600000000000079062	oshou	668
2345	200000000000083975	soma11	665
2346	800000000000081791	青汁大尉	664
2346	1300000000000037091	aki	664
2348	500000000000003508	エクセルシオール	657
2349	1500000000000096454	pola	656
2350	300000000000073655	うきまぃん	650
2351	200000000000098614	KAS	640
2351	200000000000099062	鉄	640
2351	300000000000054753	蒼來	640
2351	500000000000057502	ひい@コメントについて書きました	640
2351	600000000000011531	時の魔術師	640
2351	1100000000000035520	いちご牛乳	640
2351	1200000000000052550	あふno.10	640
2358	1200000000000014176	三乙三	637
2358	1200000000000080707	garytsai0217	637
2360	600000000000003240	あかげ	635
2361	1400000000000000203	スカイリンクス	625
2362	1400000000000080248	ゆきと	623
2363	1100000000000011636	まっつん	616
2364	400000000000001771	nagi	614
2365	200000000000021704	ずは。	607
2366	700000000000013780	灰神楽	606
2367	700000000000074237	とも	603
2368	1200000000000096969	ゆう	602
2369	300000000000088954	カルピス	600
2370	1400000000000100687	おにぎり波なのー	599
2371	300000000000008510	あかね	596
2372	81617	ゼロ	592
2373	1500000000000053931	Kono	588
2374	1200000000000030589	∞サンフラワー∞	581
2375	400000000000099494	ユッキー	576
2375	500000000000042893	イッセイ	576
2377	800000000000000437	そらまめ	574
2378	600000000000004854	HIDE【出)HN2枚：求)ﾛｺHN1枚】	573
2378	900000000000036557	B7P	573
2380	800000000000079860	ライト	571
2381	1500000000000096918	ゴマみそ	565
2382	300000000000098425	Aki	558
2383	1500000000000011556	ZEN	552
2384	900000000000053343	棗 妾華	549
2385	1000000000000098854	すももあめ	548
2386	1500000000000100420	真きなりんこ	545
2387	700000000000000342	うぃーど	544
2388	1300000000000029607	アカハ	537
2389	900000000000075691	ぶいえいめい	533
2390	500000000000002304	はぅー	528
2391	98796	97%無糖	522
2392	1000000000000089630	Hier	521
2393	99211	よしきのり	516
2394	1000000000000099368	ノア	515
2395	400000000000001457	あ～にゃアバコン☆投票ぉ願ぃ。。	512
2395	400000000000091776	yoshi	512
2395	1100000000000081745	あーみん	512
2395	1100000000000084434	図南之翼	512
2395	1200000000000023924	ぽかり	512
2395	1300000000000025726	ある	512
2401	700000000000013501	狂犬	510
2401	1400000000000023676	タユタマ	510
2403	300000000000079326	さくらん坊	507
2404	100000000000100371	アナゴ	504
2405	100000000000004889	烏江美羽	492
2405	500000000000004592	グッチ	492
2407	700000000000053489	チャリ通	480
2408	200000000000096722	dioses	476
2409	600000000000051361	しまとら	467
2410	1300000000000069939	フラッグ	465
2411	700000000000098642	たたたち	458
2412	300000000000097586	Player 1006941059	454
2413	700000000000086090	ゆるば	451
2414	700000000000035509	4649tatuki	448
2414	700000000000086192	スグリ	448
2414	1100000000000004165	ウメコナタ	448
2417	800000000000001710	まぐ	444
2418	1100000000000100187	Player 1007986059	440
2418	1300000000000076369	ささ@がんばらない	440
2420	1300000000000057680	新兎	432
2421	300000000000001871	雪兎	429
2422	700000000000085536	かっつん	423
2423	88566	返票・お礼は不要アバコン♂♀達成感謝:ひまわり	421
2424	700000000000000825	ﾓﾝﾃﾞﾝｷﾝﾄｼﾞｬﾊﾟﾝ ｱｲﾄﾞﾙﾏｽﾀｰ課 課長	420
2425	500000000000098087	トッキー@Ｔime	409
2426	1300000000000088538	レドノフ	395
2427	1400000000000100453	Ｎｅｏｎ	387
2428	300000000000076946	レミス	386
2429	200000000000093359	Player 1005770530	384
2429	1400000000000009586	ぎょうとく	384
2431	100000000000100176	える	378
2432	98641	カカロット	374
2432	1200000000000053055	zerosiki	374
2434	1400000000000100780	まかろん	369
2435	700000000000099414	クレイ	368
2436	500000000000096350	大石	365
2437	800000000000099230	坂知稀	360
2438	1000000000000080470	梅白苺	348
2439	1500000000000048665	モモタロス	347
2440	600000000000096857	おん	344
2441	1500000000000025700	ヴェネト	335
2442	300000000000093904	FMラジオ	328
2443	500000000000096718	O-:K	325
2444	1200000000000100100	Player 1008068284	324
2445	300000000000093517	Player 1005947619	323
2446	300000000000018769	だい	320
2446	300000000000099637	K	320
2446	300000000000100249	るちあ	320
2446	400000000000007735	siro	320
2446	400000000000085490	extra	320
2446	400000000000099406	ケロロ	320
2446	500000000000013955	ちーこ	320
2446	700000000000004542	とっき～～Ｐ	320
2446	700000000000047500	mmrc	320
2446	700000000000085762	ゴエ	320
2446	700000000000099104	ライダー	320
2446	900000000000100146	あんぱん	320
2446	1000000000000097506	Player 1006678410	320
2446	1100000000000097967	無関係な市民	320
2446	1300000000000000721	UDN	320
2446	1400000000000000670	かなと	320
2446	1400000000000080942	sho-	320
2446	1500000000000024109	とも	320
2464	500000000000078946	Takuya  Lee	318
2465	800000000000100084	鴨猫（まりお犬）@真田丸はいいぞ	310
2466	700000000000080974	ひみゆり	305
2467	1200000000000010525	†-ゆう-†	303
2468	400000000000050663	かける	300
2468	900000000000087746	冷弧	300
2470	85915	颯爽	298
2471	1000000000000062315	ミホ	297
2472	1500000000000023828	ナノナノ ＠豊川休憩中	295
2473	1400000000000050449	海蛇	283
2474	1200000000000099576	Player 1007753116	275
2475	400000000000100033	em0905	256
2475	800000000000019592	ああああ	256
2475	1300000000000033666	キタムラ	256
2478	1300000000000032790	クララ	255
2479	72010	オレンジ	253
2480	700000000000008905	しらた課長	252
2480	700000000000100048	実香	252
2482	1500000000000077003	じょんそん	251
2483	900000000000100179	Player 1008046873	246
2484	1000000000000080148	takotakotv	244
2484	1400000000000002837	ふくちー	244
2486	1500000000000083370	白兎	242
2487	400000000000049548	ukita	240
2487	600000000000000063	M@SA	240
2487	800000000000037237	できたてEvo! Revo! 近藤大輔（ダイナモ感覚）	240
2490	400000000000057085	滅星弾	230
2491	96719	りょう	225
2492	1200000000000095479	見川綾	211
2493	1200000000000089897	ﾙﾅ・ﾊｰﾄﾏﾝ☆アバコン投票お願いしま～す。	200
2493	1200000000000094899	sido	200
2495	100000000000096880	シラリ	197
2495	1000000000000099492	えいち	197
2497	93232	ダイゴロウ	194
2497	200000000000100818	Kiyoura	194
2499	200000000000072454	キャベツ	192
2499	500000000000014103	ヾ(⌒(ﾉ'ω')ﾉ	192
2499	500000000000096462	さばみくじら	192
2499	800000000000000106	伝千	192
2499	1000000000000037784	ピカ	192
2499	1100000000000041228	せるげい	192
2499	1300000000000078163	ちだるま	192
2499	1500000000000005510	Pろゆき	192
2499	1500000000000096338	ゼブラ	192
2508	100000000000030200	余裕の音だ、馬力が違いますよ	180
2508	400000000000061419	こふく	180
2508	1000000000000043253	白炎	180
2508	1100000000000097709	あいと	180
2512	1300000000000096965	ゆき乃	172
2513	700000000000098331	たいちん	166
2514	1300000000000099404	明津	161
2515	100469	AREIN	157
2516	86606	あれん	156
2517	1000000000000084968	五月病	154
2518	1400000000000005999	そーり	147
2519	1200000000000098430	珠妃	144
2520	800000000000099762	5‐春	142
2521	700000000000100875	かき揚げ天(野菜)	141
2521	700000000000100908	Player 1008058295	141
2523	55829	$hin	136
2523	300000000000051951	熱狂犬	136
2525	800000000000097879	コロコロ	135
2526	900000000000100232	北風太郎	129
2527	98102	一樹	128
2527	400000000000096075	gios	128
2527	600000000000098469	ましゅろ	128
2527	800000000000073751	焼鉄色	128
2527	1100000000000100161	Player 1007963691	128
2527	1200000000000099087	大河内成訓	128
2527	1300000000000010516	ペロ	128
2534	1300000000000098807	長尾	124
2535	100000000000038155	とんとろ	120
2535	300000000000050499	MAZERAN	120
2535	900000000000017986	れいん	120
2538	600000000000097735	野良犬	116
2539	500000000000093210	希里	111
2540	400000000000080581	Bisco Aoki	100
2540	400000000000086249	トレイントレイン	100
2542	1200000000000057526	ナニカ	99
2543	100000000000082138	セネル	93
2544	400000000000100288	グランデ	85
2545	1100000000000049636	柴犬P	79
2546	700000000000100931	長江英則	77
2547	400000000000097904	カカシ	69
2548	100377	イナ	67
2549	100600	Player 1008038496	64
2549	100000000000098859	puru	64
2549	300000000000079838	megu	64
2549	600000000000042413	Ar-fa.	64
2549	600000000000073093	たけしし	64
2549	900000000000004933	タムローン	64
2549	1100000000000052995	かみしろ	64
2549	1400000000000082497	鈴木丁（ひのと）	64
2549	1500000000000045900	澤P	64
2558	100000000000061654	ソーイ	60
2559	400000000000087654	一織	58
2560	88061	ましろ	55
2561	400000000000100155	ゆうき	53
2562	100000000000077174	英明	49
2563	600000000000100371	ゆう	47
2564	300000000000086269	クーン	45
2565	1300000000000098711	むねひろ	44
2566	100000000000099797	楓子	41
2566	1300000000000000985	こんぺいとう	41
2568	600000000000100382	アオユキオオカミ	39
2569	400000000000096677	Player 1006489316	35
2569	400000000000100295	イマーゴー	35
2569	1400000000000083740	キリマサ	35
2572	800000000000100082	Player 1008073288	34
2573	300000000000083358	たくま	33
2573	1400000000000073699	いぬかい	33
2575	200000000000097066	しろはす	32
2575	1000000000000097987	しりゅう	32
2575	1300000000000031852	ヒデ	32
2575	1300000000000078486	天狐	32
2575	1300000000000100969	Player 1008085805	32
2580	800000000000079306	ハヤブサ	31
2581	32297	赤雑魚	29
2581	600000000000098288	@@	29
2583	300000000000100213	Player 1008048899	24
2583	600000000000099839	oxalis	24
2585	600000000000100409	taka	23
2585	700000000000086297	ケイ	23
2587	900000000000080548	ハヤ	21
2588	200000000000099746	ChiKJ	18
2588	500000000000034344	みこと	18
2590	1100000000000035623	いか	16
2590	1500000000000004475	たけ☆	16
2592	200000000000039070	亮輔	13
2593	100000000000100500	こいし	12
2593	300000000000045554	パボ	12
2593	300000000000099232	はわ	12
2593	700000000000022218	ぷほるす	12
2593	1400000000000100814	atsuboi	12
2598	500000000000085845	まつきち	10
2599	300000000000100216	Player 1008049827	9
2600	100457	取得できませんでした	6
2600	100000000000099751	Player 1007549521	6
2600	300000000000100187	雷川	6
2600	400000000000100300	taipapa	6
2600	800000000000100094	Sungyee	6
2600	1300000000000100804	Player 1007972333	6
2600	1400000000000100802	Player 1008073198	6
2607	1500000000000100472	kwh1024	5
2608	400000000000023750	かこ	4
2609	85335	Player 1004956640	3
2609	100495	chaobaoAAA	3
2609	100615	Player 1008054784	3
2609	200000000000100862	めぷるん	3
2609	300000000000062080	もっさん	3
2609	1100000000000100231	holyandle	3
2609	1100000000000100309	Battleprogramer	3
2609	1400000000000100763	Player 1008044590	3
2617	1200000000000030393	げんまい	1
