1	1200000000000074789	ray	1179068
2	500000000000086725	iOSきち	883494
3	100000000000001716	なくなく	637477
4	600000000000032013	OGB@DaP	636411
5	1100000000000009959	赤榛名	613916
6	800000000000011904	タンス	591960
7	1200000000000024109	ハンマーＰ@HammerChihayaP	557010
8	1100000000000049237	しょーたろー	503221
9	700000000000007139	K@cho.	496797
10	54503	マコ	478651
11	600000000000000511	立花	409319
12	300000000000076893	塩	391580
13	500000000000023805	ガガガ	391564
14	700000000000072157	カイト	374885
15	900000000000096853	黒目	374384
16	500000000000011416	さち＠アリス	373354
17	1100000000000035180	ふぇでぃ	372439
18	1300000000000073628	ますかつ	361670
19	1400000000000095305	エイジュ	337439
20	700000000000081562	もじか	333453
21	800000000000096110	躑躅ヶ崎	321091
22	600000000000001875	おだてい	314837
23	100000000000060038	きもり	313044
24	400000000000076029	あざらしあこ	283967
25	1000000000000013915	熱気バサラ	278013
26	1100000000000006041	けいよー	267030
27	96013	八九寺	250491
28	200000000000081746	宇宙秋桜	241193
29	1200000000000000134	Lunos	236830
30	500000000000072615	まき	236437
31	1100000000000083261	野々市P	231619
32	700000000000000374	ぷにっしゅ@求）千早・風花・朋花様・可憐HN、出）HN各種	212573
33	1500000000000083224	堂島の龍	206781
34	1000000000000072603	マの字＠求：三日目　出：初日or二日目	205279
35	1200000000000005883	C-R	204944
36	300000000000085610	はな	202493
37	300000000000001049	2416	196013
38	100000000000058797	すけさん	195679
39	200000000000097424	NG-5	194134
40	900000000000074028	にゃんちゅう	193196
41	300000000000098019	カニカマ	185971
42	700000000000010300	@すやすや@	182605
43	1100000000000071434	かやま	181969
44	72805	mach	180385
45	1400000000000007390	Tia	178827
46	900000000000072156	たまお	177984
47	13914	ＮＡＳＳＡＮ	173319
48	200000000000003115	シウパ	168998
49	300000000000099131	あんにん	167829
50	300000000000077384	Alan	166292
51	500000000000056113	音ガエル	166217
52	600000000000076024	淀ノ木 一茶	164026
53	400000000000054104	いちご大福	162309
54	1400000000000077745	ちよー	162287
55	300000000000093811	Ｋ	162285
56	1000000000000077746	アセルテジオ	162255
57	400000000000006621	なみうさ	160677
58	400000000000015676	ケル@BMD相互募集歩海美	160192
59	400000000000055593	ポグレ	159735
60	700000000000082215	Kiku	159381
61	1000000000000095422	グリル	149583
62	75681	町人	148694
63	800000000000095431	猪狩ボンバイエ	148435
64	500000000000001208	wata	148124
65	200000000000056001	みー(ФωФ)	147054
66	1000000000000087007	みぃれりょんぬ	144776
67	1100000000000061769	シャーベット	142703
68	300000000000000497	加賀城	140445
69	500000000000001247	しの	140195
70	1000000000000099854	リプテリア小夜	139561
71	300000000000045995	ガバヤシ	139511
72	71343	らっど	138648
73	23065	ぴろ	138325
74	1500000000000028053	松戸市民	136832
75	500000000000056245	なごむ	134202
76	400000000000021439	シオン	133225
77	200000000000041861	あきら	131415
78	900000000000099241	蟹光線	130160
79	1100000000000062200	あろまてらぴー	129177
80	200000000000000949	Bob	129069
81	500000000000000045	朝霧@真ハーレム	129032
82	200000000000006613	dodo	128985
83	1000000000000082961	グリーゼP	128666
84	1400000000000002026	ちゅらさん	128406
85	1300000000000064204	レオン	126541
86	300000000000091128	mitsu	126003
87	200000000000002212	Pisces	125225
88	300	ワセドン	124493
89	500000000000004936	ケーン	122892
90	1300000000000002008	META	121998
91	1100000000000006347	稲妻将軍	121598
92	600000000000021547	D＝フロスト零	121277
93	1000000000000059583	珠	120346
94	1000000000000000251	jonah	120343
95	1300000000000021509	アオイ	118656
96	600000000000000862	のばら	118276
97	500000000000005735	暁美（まりさ）	118070
98	1300000000000075634	モンテスマ	116472
99	700000000000046758	まっそん	115221
100	700000000000022389	エストランテ	115017
101	1400000000000003807	森久保	114285
102	600000000000080861	柚子ゆず	112971
103	200000000000022508	シリアル	111133
104	500000000000086576	ヤス	109930
105	1500000000000079384	フルメタル	109597
106	2877	むぅ	109373
107	300000000000039164	サシャ	109091
108	600000000000051822	セイルオウ	108796
109	800000000000061912	湯谷温泉	108148
110	200000000000017357	834yen	107578
111	1400000000000056021	HINI	107355
112	400000000000055878	かばん＠招待スルー友達募集　無言申請歓迎します	106913
113	1200000000000017734	メリー	106173
114	300000000000001076	たく	106042
115	23968	ナムイ	105137
116	300000000000011839	ヒス@まこまこりん♪	104711
117	1100000000000004945	燕十郎	104581
118	1000000000000050603	シュー	104004
119	1200000000000051837	omo	104003
120	600000000000037098	tsq@真全所持	103019
121	1400000000000101151	ゴーゼワロス	102949
122	500000000000004243	カズ	101926
123	300000000000094863	Steven	101753
124	1400000000000036701	ゆき！	100416
125	1300000000000094016	ロベルト	100046
126	600000000000099263	カルリエ	98499
127	500000000000043474	小柚	98473
128	600000000000024409	今日からシャカちゃん(私の誕生日プレゼントはPS４ください)	98173
129	800000000000015465	馬竹	97940
130	1500000000000002364	むささび	97621
131	1000000000000052071	bikou	97147
132	500000000000055886	Sandvvich板	96920
133	900000000000022708	なかやん	95768
134	600000000000011458	物干し竿	94154
135	900000000000041195	のーべん	93184
136	800000000000070409	た～き～	93064
137	400000000000041571	TK	92703
138	900000000000005802	コザ	91843
139	300000000000056092	nube	91273
140	800000000000023232	あや	91026
141	1500000000000002146	リスケ@BMD海美、育、ジュリア埋め対応可能です	90973
142	700000000000087781	おばと	90645
143	100000000000030501	O・K@同僚募集中の平凡な無(理のない)課金P	89051
144	1000000000000020976	くるるる	88578
145	200000000000101227	星咏	88295
146	500000000000056080	あずみ	87748
147	900000000000046797	S.T	86827
148	1400000000000023601	kj3	86487
149	600000000000009728	プリメーラ	85638
150	1200000000000062614	Puding	85274
151	400000000000018627	ケンジ	85024
152	700000000000008297	omk+T	84732
153	800000000000098441	toto	83767
154	900000000000046875	123	83415
155	700000000000073877	1kk	82647
156	200000000000030961	くぅなぎ♪	82441
157	500000000000016142	まっこ	81491
158	1000000000000096709	yzdxm	81253
159	900000000000014335	たまご	79886
160	85495	かいろ	79747
161	1100000000000050858	シン	79671
162	500000000000029805	曹田　龍矢	79654
163	1000000000000053612	つばさ	79428
164	500000000000046891	ダイソン	79295
165	1151	uji	79118
166	1200000000000036590	くらのせ	78933
167	1400000000000007538	you	78642
168	200000000000008908	jiyuka_shika	78377
169	400000000000013282	ＫＣ	78273
170	500000000000046498	なしすな	78271
171	200000000000011822	お茶好き@taxi	77742
172	500000000000062435	しば＠	77716
173	500000000000000131	kanata	77523
174	200000000000045385	のん《招待は無視して下さい》	77115
175	1400000000000022123	みっちぃ＠曲名ＳＲをのんびり収集中	76642
176	200000000000003086	よしりん	76572
177	900000000000006275	りょう	76171
178	1500000000000010496	獅子闘十嵐	76064
179	400000000000025539	龍之介	75650
180	3225	すばP	75624
181	700000000000022803	galaxy	75311
182	300000000000085098	MKPYちゃん	75274
183	900000000000000335	ラティーシャ	75144
184	1200000000000052284	けー	75072
185	1300000000000007318	ｸﾝｸﾝさきいか	74494
186	500000000000081050	hoho	73890
187	1200000000000023544	Lioleia	73511
188	500000000000004239	五本木	73369
189	100000000000001239	白スク	73294
190	1000000000000003575	きちえもん♂@BMD茜ちゃんあります	73236
191	400000000000000097	プラトー	73215
192	100000000000024268	ウサオ	73067
193	700000000000007518	せやな	73043
194	200000000000014070	黒鷹	72710
195	800000000000079422	だま	72258
196	1300000000000098598	ひでりん	72213
197	100000000000046092	ひらひら	72040
198	300000000000004208	もりもっちゃん	71512
199	800000000000071543	まさと	71502
200	18990	ゆうたす	71279
201	1400000000000081290	ゴーレム中谷	71083
202	100000000000086706	キー[改]ﾎﾞﾁﾎﾞﾁ成長中	70989
203	1500000000000001983	タンタン	70981
204	1300000000000038346	さくほ	70621
205	1200000000000097714	まっちゃ	70540
206	400000000000077819	川尻耕作	69922
207	200000000000089002	Ayuka	69665
208	800000000000000888	KTN	69471
209	800000000000012102	ＴＨＥ恋	69426
210	1200000000000006830	とら	69044
211	1500000000000094227	shinoshino	69034
212	1697	空希	68710
213	1300000000000003977	ギレンP@ラウメン募集中！	68458
214	1300000000000007336	しめこ	67702
215	76861	Loverio	67647
216	900000000000040408	ぽん	67495
217	800000000000006473	紅葉橋	67092
218	400000000000000213	メリア	67063
219	1300000000000013827	わんわん	67010
220	78906	Helghast	66928
221	1200000000000081992	なっと	66902
222	400000000000034355	hamaco	66439
223	100000000000049492	もも	66028
224	300000000000004297	カシミヤ	65820
225	600000000000000172	アキ	65744
226	300000000000042146	カレーパスタ	65733
227	800000000000081853	Tonnura	65430
228	400000000000003685	まくら@	65113
229	500000000000001709	ささかま	64845
230	900000000000005299	かいじゅう	64792
231	1000000000000080421	ダッちゃん	64745
232	400000000000000390	EndP@現実に目を向けちゃダメだ！	63709
233	300000000000093803	Yuiha	63111
234	1500000000000000284	流れ星@勇者百合子と風の戦士達	63028
235	900000000000095742	チャックン	62983
236	1100000000000028578	しょ	62609
237	1400000000000072561	CT	62562
238	4661	ハル	62426
239	900000000000018584	SIN	62083
240	200000000000000453	armad	62007
241	100000000000007530	コットン	61979
242	700000000000042274	冬が嫌い	61961
243	500000000000095028	sleepsheep	61958
244	500000000000006524	刹那Pseudo	61713
245	1400000000000052090	adeko	61624
246	1200000000000003818	クック	61410
247	1400000000000056616	弱いサカナ♪	61117
248	500000000000022517	iseulos	61103
249	6397	Masato	60868
250	200000000000029947	ｸﾗｳﾄﾞ	60800
251	3955	しと	60538
252	800000000000002063	アロマカレー	60534
253	1100000000000054618	幻の学院生	60461
254	1500000000000061396	アリア	60064
255	200000000000007987	サブノート	60059
256	1500000000000086632	キベ	59976
257	300000000000037704	３２	59962
258	700000000000012426	ﾏﾃｨｽ	59898
259	1400000000000055879	miami38	59544
260	1000000000000042465	志賀	59417
261	1100000000000006838	らい	59028
262	1100000000000024064	クレイジータイガー	58646
263	500000000000061889	はるさん	58555
264	500000000000007644	やまのい	58404
265	700000000000073551	☆ 輝きの婿 小川A ☆	58271
266	1400000000000028145	ＲＹＵ－×	58258
267	900000000000032528	エピ	57936
268	200000000000083589	照山	57596
269	100000000000052597	シドニー@武道館全通	57549
270	600000000000005247	リョウP@多忙極める	57529
271	500000000000012156	あっち	57450
272	1100000000000096897	かみり@同僚募集中	57193
273	300000000000055542	R団＠愛と真実の悪を貫くラブリ(ry	57125
274	1500000000000054655	バルーンP	56869
275	1000000000000031405	gdb	56740
276	300000000000001589	ＧＹＭＤ	56533
277	200000000000051302	なおたけP	56518
278	800000000000052142	しましまP＠まこりんアルバム埋め協力お願いします！	56148
279	1400000000000095527	どぐま	55907
280	900000000000001495	コメジルシ	55765
281	700000000000002454	ゆかり	55711
282	500000000000072904	まいも	55482
283	28757	だいぞう	55431
284	1400000000000010887	オワタＺ	55367
285	200000000000030783	泡盛@古酒	55287
286	1300000000000058841	胡麻塩	55116
287	600000000000085392	もぐすけじ	54952
288	800000000000009001	チャイム	54575
289	500000000000061595	moririn	54145
290	300000000000079132	sig	54041
291	1200000000000043303	ワルデガルド	53870
292	1300000000000005226	小松	53683
293	800000000000023918	ゆっくり(新種)	53580
294	100000000000008863	ゆうた @水曜の朝	53438
295	600000000000051154	シーエス	53384
296	400000000000004252	カギナ	53343
297	400000000000085634	椎名久遠	53342
298	500000000000046993	ばりダル	52861
299	1300000000000001003	galve2P	52763
300	900000000000001190	すかわら	52720
301	500000000000098235	ゴレムス	52680
302	1200000000000012800	おむこ	52509
303	900000000000046580	はーちゃん	52390
304	1400000000000055663	寿音	51948
305	800000000000043649	ZOFFY	51851
306	800000000000031524	Guran	51682
307	400000000000002554	ジェリー@冬眠中	51558
308	14616	Are	51522
309	200000000000055036	レモン牛乳Ｐ	51423
310	400000000000006085	ひとで	51301
311	1300000000000000007	§アイン§	51264
312	1400000000000097941	middle	51047
313	1100000000000037442	JUM	50614
314	900000000000086549	れんこん	50566
315	300000000000074592	おいも	50531
316	700000000000085696	5013	50463
317	900000000000085528	shizushisu	50444
318	600000000000021239	のっち	50290
318	700000000000024007	N_フジグスクP	50290
320	72177	オキス	50243
321	200000000000055900	ゆきみち	50212
322	700000000000053387	リスター	50153
323	100000000000058028	talk	50016
324	500000000000007866	香埜	49934
325	400000000000026590	まみどりうむ	49743
326	500000000000004228	そうゆ	49696
327	600000000000018172	よしお	49497
328	1000000000000082586	たこ	49384
329	1000000000000017886	sh	49137
330	1400000000000056068	コマイヌ	48973
331	1200000000000085409	あるこん	48841
332	600000000000049178	カラス	48661
333	23311	おにしゃす	48525
334	400000000000048735	ヤッス	48337
335	1000000000000024627	だいすけまる	48312
336	200000000000062140	鼻血が出た。	48219
337	600000000000057620	hiradon	48070
338	200000000000097341	ウェボシー	47972
339	100000000000006701	stky	47754
340	900000000000098444	雅	47609
341	1400000000000007286	まみどり	47477
342	200000000000076333	山下智久	47361
343	700000000000075495	チャパ	47289
344	700000000000002072	真下Ｐ：道場はマイコメ参照	47287
345	1400000000000004707	うな	47274
346	1200000000000093733	アルティ	47175
347	1000000000000077549	多秦	47113
348	700000000000072351	ﾆﾉﾏｴ ﾊｼﾞﾒ	46826
349	1100000000000021455	なおき	46539
350	1100000000000050740	にょろ	46386
351	900000000000054054	bocchanxxx	46236
352	1100000000000028123	バリツ＼(^o^)／	46153
353	200000000000009658	タケ	46055
354	700000000000054853	ガルウィング	46051
355	300000000000052789	はいね	45740
356	700000000000010337	ﾏｷﾞP	45630
357	1400000000000003673	オイルガン８５	45567
358	700000000000020021	慈刀	45541
359	400000000000026811	ベル	45508
360	1100000000000072767	せのん	45467
361	200000000000012503	ｔｍｋｎ	45427
362	900000000000001966	うじきん	44887
363	500000000000062757	いすひらP	44828
364	1100000000000021838	エーシ	44689
365	100000000000003017	やよい優	44668
366	700000000000083822	bigworia	44635
367	1100000000000022382	tachibana918	44609
368	1400000000000047371	ヘイロン	44542
369	1300000000000000522	もす太＠同僚募集中	44391
370	51355	wacわくP	44326
371	700000000000005115	おとぎ	44054
372	500000000000086704	さくま	43924
373	1200000000000059724	"Ltd.Exp.""Azusa No.2""(8:00新宿発？)＠緋色"	43854
374	800000000000096138	むん	43668
375	100000000000000240	クロ	43399
376	1300000000000078486	天狐	43267
377	200000000000085730	aym	43265
378	500000000000099066	クロワッサン	43148
379	300000000000038659	jyujyu	43004
380	900000000000100871	shinomis	42901
381	500000000000002393	山田	42710
382	200000000000009064	月森	42651
383	600000000000007300	o-10	42606
384	400000000000056468	hida	42511
385	98310	オオサンショウウオ	42444
386	500000000000053478	ねこすけ	42151
387	1200000000000005238	ワダ	41953
388	6813	MSY425	41414
389	100000000000099231	かずら助広	41396
390	1000000000000091526	さんご	41163
391	27436	仁	40922
392	300000000000047387	スノーフレーク	40872
393	1200000000000037881	KRN	40741
394	500000000000016940	6号	40640
395	900000000000002992	仙人坊	40508
396	1200000000000027910	シガラナミ	40461
397	800000000000098325	パパ*アバコンご協力ありがとうございます♪	40447
398	1500000000000016560	mura0929	40430
399	1200000000000099794	イメージ	40312
400	1100000000000007240	せのひと	40232
401	100000000000057365	ハシオ	40068
402	1300000000000078738	おれんじ	40012
403	500000000000050924	闇のレオタード	39982
404	300000000000015723	北習志野	39939
405	800000000000005428	しろ	39832
406	900000000000021788	さっちん＠こしみず	39669
407	700000000000024583	とにー	39550
408	100000000000013777	真江爺	39356
409	200000000000029447	かまない	39258
410	200000000000072942	かなぺ	39113
411	100000000000046269	ハゲネ	38667
412	200000000000075654	ミハト	38600
413	500000000000006918	らい	38574
414	400000000000075237	teruteru	38090
415	1400000000000075792	よっし～	37680
416	700000000000004473	アンコウ	37327
417	59595	かなやん	37236
418	1300000000000052930	森谷りりを	37045
419	700000000000080555	アグア３号	37010
420	95351	tkr	36916
421	46539	うるし	36862
422	1200000000000050429	エルメキア	36687
423	900000000000073725	マリソン	36529
424	26425	きょうこ	36527
425	500000000000019423	ぱるぱる	36512
426	600000000000045808	9646	36399
427	200000000000056376	みなしごハッチ	36335
428	200000000000091493	ひろりた	36054
429	1200000000000016945	はとばねぇ	35959
430	1300000000000000065	粟生野	35726
431	74274	アコニー	35700
432	300000000000008176	タカ	35669
433	500000000000072866	朝露	35536
434	100000000000057898	スーホ	35473
435	700000000000039024	シレンP	35343
436	300000000000000004	カミーユ	35210
437	300000000000031670	F kh	35144
438	900000000000011114	ほうでん	34977
439	1400000000000001246	しらたまこ	34894
440	900000000000020982	はなまるです！	34767
441	200000000000100574	はるぺそ	34766
442	400000000000099384	ヨッシー	34739
443	6059	れいるず	34434
444	1400000000000025307	ザル	34388
445	1500000000000046682	きらぼしP	34369
446	1100000000000003341	禿鷹ラック	34367
447	400000000000002446	八夜	34335
448	15491	楼	34284
449	1100000000000003658	赤坂男爵	34103
450	300000000000080976	ナナ	34095
451	1400000000000036299	カルノフ	33974
452	1100000000000082897	こばっち	33882
453	600000000000008418	マーベラス	33586
454	200000000000004253	れいしき	33556
455	1500000000000051547	yuki	33548
456	100000000000060921	non	33370
457	1400000000000004698	はっしー０８４	33336
458	100000000000101606	るどるふ	33234
459	1500000000000004123	カーライル	33149
460	200000000000093808	トモヤス	33140
461	1200000000000077269	トクロ	33076
462	800000000000003439	あきば	33049
463	200000000000062266	capi	32955
464	500000000000074469	ミズキング	32705
465	1500000000000078942	徳川まつり	32637
466	500000000000007546	紺	32519
467	700000000000034342	茄子 みんな頑張ろう	32471
468	500000000000014125	マクダ	32399
469	1100000000000017818	ジェイド	32353
470	1000000000000057304	シグ	32314
471	500000000000010563	木馬兵	32290
472	28446	公社	32015
473	500000000000040097	わっほい	31968
474	500000000000007353	Wize	31946
475	200000000000005256	凰火[ｻｲｵﾝ]	31919
476	1400000000000059152	144	31903
477	133	かん	31839
478	400000000000008414	ぱぴこ	31734
479	1100000000000064279	Mobius1	31710
480	1209	無理右衛門	31697
481	1000000000000026728	火鳥泉行	31673
482	300000000000024380	秋良	31671
483	800000000000008378	サバミソ	31659
484	300000000000006624	ちかちか	31604
485	1500000000000081978	黒糖ﾐﾙｸⅡ	31535
486	900000000000052112	かず	31517
487	600000000000022832	げんげん	31308
488	1500000000000051848	す～	31228
489	1400000000000051937	Snob	31164
490	700000000000016741	夏維	31153
491	600000000000086583	ぽやまる	31131
492	900000000000048401	コンマ26	31040
493	200000000000018129	ヒロ	31024
494	200000000000084251	8月9日	30930
495	900000000000026956	わ～や	30694
496	500000000000006717	あがちょ	30685
497	1500000000000005702	Ｄ.ゆたか	30610
498	11118	Σ(￣□￣；)	30592
499	100000000000077753	マサ	30570
500	500000000000083753	Toshi	30566
501	500000000000005719	マルマ	30544
502	1100000000000021935	UDK	30539
503	500000000000011717	ももぞの（ちなヤク）	30444
504	800000000000096671	Solmalia	30419
505	200000000000002591	とっちゃん	30404
506	700000000000029758	viorate	30255
507	1200000000000034524	右側	30238
508	500000000000095935	ユミコ	30222
509	700000000000052715	teralympic	30192
510	400000000000016011	あーさーP	30129
511	200000000000078277	わき	30031
512	300000000000072170	wonderwall	30015
513	200000000000053781	mich	29989
514	800000000000000805	ちこＰ	29980
515	300000000000001940	yoko	29890
516	900000000000073913	jdr	29876
517	300000000000056351	リンゴ	29835
517	500000000000036113	ダグ	29835
519	1200000000000000682	綾波キョウ	29831
520	23581	A-MIX	29621
521	1200000000000079556	まりりん	29558
522	1500000000000097317	くるくる	29545
523	200000000000078186	サイトウp	29501
524	1200000000000001746	ハイゼンベルク	29473
525	800000000000079583	和田勉	29440
526	800000000000003989	Toggo	29383
527	1200000000000081799	なたみ	29345
528	1500000000000007356	いなみ	29224
529	500000000000006521	ZeroK	29190
530	800000000000059668	No.95 久能	29166
531	900000000000006795	エノ	29136
532	1100000000000002258	こんぶ	29018
533	200000000000052743	カムカムP@ﾋｯﾌｯﾊ	29013
534	100000000000043218	Sforza	28914
535	400000000000056101	giveson	28752
536	101397	ももも	28748
537	1400000000000085982	はろうぃん	28745
538	1100000000000098873	4職分の野菜	28659
539	300000000000000918	まめ	28635
540	400000000000081064	うま	28610
541	1500000000000100780	ニセキ	28579
542	300000000000000760	ヒロ	28576
543	900000000000041332	toj31	28533
544	1500000000000001634	ぽっぽ	28512
545	900000000000096955	マオーさん	28270
546	4857	時間	28212
547	56629	イタナン	27972
548	1200000000000001428	勉助	27963
549	1500000000000036361	Ｏ！Ｗ	27937
550	700000000000007130	カナ	27851
551	500000000000038780	ダイゴ	27842
552	100000000000055146	qurer	27795
553	1300000000000056674	杏　	27766
554	800000000000027319	アッピー	27762
555	700000000000002762	ぴよぴよ	27695
556	300000000000009636	ドンちゃん	27658
557	500000000000061871	ゆこP	27635
558	1500000000000009087	**	27580
559	200000000000074016	ねねちゃんちー	27523
560	900000000000035236	のざきP	27494
561	400000000000054196	もやし姫	27482
562	1400000000000033326	ぬかだき	27469
563	200000000000059064	とっつぁん	27459
564	200000000000056385	みみこ	27428
565	1500000000000077350	ツォッツィー	27399
566	600000000000061833	きっちゃん	27363
567	900000000000002816	ヒロヤギ	27310
568	1000000000000005772	ＤＤ－Ｔ	27301
569	300000000000033793	ササノハ	27060
570	200000000000033761	あゆぬ	27016
571	1400000000000082165	瞬一	26964
572	1300000000000059997	しろちゃん	26870
573	1500000000000003815	祐駕楕諭吉	26803
574	700000000000001102	チロル@亜利沙の道場営業中	26775
575	1200000000000005140	テイル	26712
576	1100000000000006985	清明@生涯千早P	26705
577	1300000000000072859	まるさんかく	26609
578	1200000000000096465	ゆうき	26600
579	700000000000051145	falai	26598
580	1500000000000006330	hata8823	26586
581	200000000000000498	あーる	26462
582	300000000000011408	はとりぶ	26440
583	1400000000000002665	†ｱｰｻｰ†	26408
584	400000000000098229	ヨッシー７	26377
585	500000000000000107	りのすけ	26259
586	1200000000000003801	KEY /	26222
587	300000000000096887	金眼鏡	26163
588	1500000000000007514	日向小麦	26153
589	700000000000001292	mimi	26134
590	800000000000001853	霜月	26115
591	600000000000000250	罵詈雑言	26085
592	94823	little	26060
593	800000000000009695	†アツクナレータ†要△	26020
594	300000000000003491	シリウス	26010
595	1300000000000005283	クロエ	25991
596	600000000000001560	ひめ	25970
597	101125	ヌータ	25942
598	700000000000098147	0316	25902
599	1500000000000032577	砂葵＊saki＊	25673
600	1400000000000100526	nini	25613
601	1500000000000072181	水零月	25596
602	100000000000001437	ﾄﾖ	25562
603	600000000000001562	三剱　螢	25557
604	1100000000000098897	スレプスクエトイライワト	25345
605	1100000000000081986	kazetuba	25132
606	900000000000011896	モザイク	25113
607	400000000000000125	鴉	25075
608	500000000000006430	おすかる	25047
609	400000000000011556	デデデ	24990
610	1400000000000086051	ベルチェ	24839
611	700000000000085855	烏賊村利明	24773
612	100000000000005979	hachi	24720
613	1300000000000083899	ｐｐｐ	24704
614	1000000000000009597	サイコショッカーP	24658
615	700000000000002648	佑	24608
616	600000000000001744	omochy	24551
617	1000000000000003161	さんどめ	24541
618	100000000000037893	Shine	24537
619	1500000000000101241	金魚ぼむ	24442
620	1400000000000032312	momi	24389
621	59998	ハル	24367
622	300000000000026093	ヒロミン	24365
623	800000000000003204	なめこのみそしるちゃん	24272
624	1200000000000098317	T.T	24240
625	100000000000077838	林檎飴P	24201
626	1200000000000081322	桜花	24170
627	800000000000095487	フォル	24042
628	100000000000054305	GYM	24031
629	600000000000047104	猫島犬右衛門	24027
630	700000000000087073	トミノ	24025
631	700000000000000742	ｻﾞﾝ	24007
632	200000000000096548	トワレ	23975
633	100000000000007576	いっか	23950
633	1400000000000004231	にっしー	23950
635	1500000000000038171	ちはや	23924
636	1100000000000052764	ロビー	23904
637	300000000000001528	パッチP	23900
638	500000000000004258	UNCHAIN∞WORLD	23877
639	100000000000023703	よー	23859
640	400000000000007043	くろこ。	23854
641	600000000000048323	タク	23773
642	700000000000002547	俺P	23766
643	200000000000062280	ＳＨＩＴ	23760
644	900000000000097498	彌亜琉	23758
645	1200000000000085557	よーしーだー	23734
646	300000000000002240	SGW急便	23663
647	1100000000000010013	まいすきＺ	23640
648	1400000000000007254	小坂井	23544
649	500000000000042468	ウリボー	23500
650	800000000000018162	アリンコ	23405
651	900000000000027662	ひろ	23385
652	900000000000038585	ひう	23352
653	800000000000054469	jellyfish7	23343
654	600000000000061217	makoto	23272
655	200000000000022284	いっぷーどお	23209
656	500000000000001564	ありりん	23200
657	1500000000000080402	うみ	23186
658	600000000000052812	キサラギ	23144
659	700000000000074102	パンドラ元国王	23124
660	1500000000000000029	ふぶき	22977
661	100000000000034516	jpmn	22945
662	200000000000001731	スプリングマン	22820
663	1200000000000069246	きらきらりん	22716
664	400000000000000088	ひらひら	22688
665	1500000000000024852	ぷっか	22683
666	1300000000000078339	もっつ	22594
667	1300000000000051209	よし	22588
668	1000000000000000489	ぺるそな	22524
669	1200000000000050655	BOOR	22519
670	1300000000000000020	Whitesox	22495
671	200000000000060041	長月	22446
672	1000000000000005576	おかず	22443
673	1400000000000000866	ステッラ	22413
674	400000000000059315	ふたば	22374
675	6097	九鬼紋白	22331
676	36416	やきいも	22272
677	75158	Kou	22261
678	800000000000049088	きょや	22247
679	1400000000000006320	μ@koto♂	22230
680	900000000000073287	ペクチ	22183
681	500000000000003925	Gorigan	22103
682	1100000000000095566	かめまる	22089
683	1000000000000095160	蛇遣い座	22087
684	1200000000000000361	べっかむ	22078
685	1400000000000019442	羆(３月までは頑張るよ)	21917
686	600000000000067675	シグナレス	21896
687	900000000000004850	なっくん	21815
688	300000000000018385	カラス	21793
689	400000000000001250	レナス	21768
690	700000000000000557	カナリアP＠大和撫子道場	21752
691	600000000000058285	にやり@BMD出:可奈、亜利沙 EH出:可奈 相互埋め募集中！	21490
692	400000000000100885	三浦あずさP	21438
693	800000000000011291	ハラヤヒロ	21432
694	200000000000012246	テッシィ	21326
695	600000000000100123	Ｊ・Ｊ	21281
696	100000000000007297	カスガ	21272
696	600000000000078263	春雪	21272
698	900000000000075524	めぱる	21264
699	1100000000000061648	ぷらたん	21256
700	75056	まだらおみ	21239
701	600000000000004454	伊園	21222
702	1300000000000004621	夜行性まよら十三	21155
703	700000000000001691	らっこ先輩	21150
704	1000000000000056312	☆チェリオ☆	21084
705	1500000000000074926	おにく	21035
706	300000000000050330	けろりん	21010
707	100000000000058565	宇宙忍者ゴームズ	20950
708	82856	しゃろ	20934
709	1000000000000006781	としやん	20931
710	800000000000090785	うぴ吉	20912
711	400000000000006194	にっこっこ	20875
712	800000000000049459	オオプヨさん	20860
713	700000000000046426	しおり	20811
714	1000000000000067881	シキ毛	20648
715	200000000000010124	マサヲ	20636
716	1000000000000030729	ラリー・フォルク	20610
717	1000000000000037530	カツラギ	20608
718	1500000000000012773	ＢＬＫ	20592
719	400000000000052042	神宮寺コゴロー	20582
720	900000000000002612	シンク	20571
721	1000000000000004545	サテリコン	20507
722	800000000000040334	なかた	20478
723	1500000000000086678	morisoba	20475
724	400000000000009677	デュナ	20467
725	800000000000034080	マキノ	20383
726	800000000000096378	yu	20367
727	588	うにりんご	20361
728	1300000000000011678	なつな	20320
729	800000000000093053	うつよぷよ	20317
730	600000000000025258	Karnas	20249
731	1300000000000073045	やつく	20227
732	800000000000024921	たつ	20178
733	1500000000000096699	しまあじ	20115
734	600000000000094093	うっそはー	20084
735	1300000000000051190	リリー	20073
736	400000000000060294	Verna	20072
737	600000000000024691	pikardii	20071
738	1300000000000098427	Ｙ	20064
739	900000000000049398	カンベエ	20027
740	1100000000000027270	ぱっほぉい	20026
741	1500000000000098471	rokukana	19914
742	400000000000096887	まちゃもきち	19906
743	500000000000022229	あらま	19900
744	1200000000000001116	ぬらら	19894
745	1400000000000031662	優虎	19746
746	1300000000000098616	まさお	19736
747	77429	コン♪	19709
748	800000000000085495	ハックシ	19649
749	1100000000000031501	あんど	19560
750	600000000000007866	熊さん	19528
751	500000000000000071	とみぃ	19516
752	300000000000000531	まこと	19500
753	300000000000013025	ねことんぼ	19474
754	600000000000008308	けんぬ	19404
755	1300000000000053301	Garion	19398
756	300000000000021297	まめ@ｲﾍﾞﾝﾄご協力感謝です	19320
757	800000000000008849	くろいの	19313
758	1500000000000035910	タカオニ	19289
759	1500000000000096944	にっしー	19205
760	100000000000020126	りょう	19185
761	100000000000000208	もばげい	19140
762	700000000000101303	ゆのすけ	19136
763	800000000000050990	aiki	19057
764	400000000000080627	FK	19042
765	300000000000075218	シャイリー	19026
766	300000000000000829	Earthia	19015
767	100000000000007007	木門。	18984
768	300000000000054562	ドランゴMk-Ⅱ	18980
769	500000000000012516	りこ	18972
770	1300000000000032383	せり@自分中心、極端な 利己的考え	18956
771	900000000000012202	松風嵐	18935
772	700000000000084427	アス	18862
773	600000000000007972	コウ	18772
774	600000000000056814	よっぴサンド	18770
774	1200000000000006915	すろーかーぶ	18770
776	300000000000046252	JUNYAN	18768
777	100000000000011651	ゆきまる	18751
778	900000000000042361	メキシコ	18640
779	200000000000101659	Voyajer-29	18606
780	300000000000007191	ruki31	18594
781	100000000000088002	美少年	18527
782	100000000000000028	いまち@同僚さん募集中	18524
783	5597	Blue3	18487
784	400000000000077737	水没	18445
785	1200000000000023849	ガットゥーゾ	18378
786	300000000000020867	ハヤシライス師匠	18346
787	1300000000000014915	うちなん@歩のHN募集中	18345
788	37459	じっぱわ	18312
789	1100000000000076082	わたあめ	18273
790	1200000000000051010	はいとP	18259
791	900000000000096145	ぶっちー	18255
792	1300000000000006833	はつ	18211
793	900000000000099476	kumagawa ekaru	18107
794	1000000000000000008	yutaka	18039
795	1200000000000077643	トイじゃらス	18007
796	700000000000085386	きしより	17978
797	800000000000005185	鯖ス	17946
798	1400000000000002480	かおす	17923
799	300000000000001442	朝霧	17916
800	1000000000000009207	Ｚフラグ	17910
801	800000000000096708	ぴぐろ	17870
802	1100000000000090540	炎真	17829
803	800000000000078502	クロメ	17780
804	1300000000000002381	渥美P	17728
805	1500000000000085186	exippei	17716
806	800000000000000557	おっ	17700
807	1400000000000085867	ジャンプー	17680
808	700000000000000966	ハードケース	17637
809	700000000000001197	§黒雪姫§	17622
810	900000000000082991	ノア	17608
811	1500000000000062654	くみゃ	17541
812	1400000000000101732	氏俊	17440
813	1100000000000017170	蒼夜	17366
814	500000000000004615	サウス	17363
815	400000000000084925	サークルン	17360
816	100000000000011944	根なし草	17273
817	1200000000000094643	うぉっち	17250
818	100000000000003139	そんちょ	17225
819	1100000000000000652	わしじゃて	17212
820	900000000000001817	のまのまのま	17211
821	1000000000000024591	tauras	17190
822	85901	もっさし	17164
823	1000000000000001391	お茶	17162
824	800000000000076102	うぃに	17140
825	200000000000052047	ロマネスコ	17072
826	1100000000000061608	mkpr	17059
827	900000000000007932	えんしゅう	17052
828	800000000000077052	八橋	17040
829	100000000000052693	まさまる	17003
830	1000000000000004262	タケシ	16995
831	500000000000039022	やまざわ	16974
832	1500000000000004047	＊柾＊	16970
833	700000000000078138	くらり	16947
834	1100000000000101259	柿	16932
835	800000000000056398	νＥＬＳ	16929
836	200000000000016379	うさ	16872
837	400000000000000179	すもーくP	16866
838	300000000000046987	銀さん	16824
839	500000000000098437	甘鯛	16801
840	1300000000000023184	gurga	16800
841	1500000000000007106	佳人薄命	16690
842	500000000000021973	ocha	16682
843	200000000000068343	中	16674
844	2470	がるー	16527
845	4707	タクトP	16517
846	1100000000000052165	ジャックス	16506
847	1400000000000047377	☆サンクス☆	16435
848	1100000000000095713	河辺由紀	16308
849	900000000000068367	まこてぃ	16303
850	1000000000000000258	黒桃	16294
851	100000000000056495	フィーロ	16269
852	400000000000006050	秀矢@美希推し	16223
853	1200000000000003164	かしおり	16197
854	300000000000077768	しんうち	16186
854	900000000000085338	さにーれたす	16186
856	300000000000003366	カッキー	16098
857	900000000000028970	まいける☆	16087
858	900000000000074622	ヒューマン	16023
859	900000000000052286	イトマル	16004
860	1200000000000055024	ドスタム	15999
861	500000000000050794	ミヤビ	15983
862	400000000000087579	乃井	15972
863	500000000000001409	モン卒業(  ￣ー￣)ノたっちゃん(￣。￣;)	15966
864	300000000000094789	豆乳屋	15957
865	30224	ちゃー	15948
866	77509	ささもと	15846
867	1000000000000059447	とらどら	15801
868	600000000000004693	のわあるP	15748
869	2544	黒猫	15742
870	1300000000000050858	kamikazeshadow	15732
871	40919	とぅり吉	15720
872	1500000000000058065	nei	15606
873	5371	OzMi	15527
874	1300000000000081148	オーバー	15515
875	1000000000000032199	憑き妖	15491
876	800000000000009656	ワタリング	15466
877	400000000000003193	ゆう（ゆご。）	15440
878	1100000000000076157	きょこ	15420
879	1100000000000050593	magnet	15403
880	400000000000062216	朔弥	15393
881	100000000000024701	あきパッチ	15358
882	1200000000000026647	ＴＷＲ００２	15312
883	700000000000076518	NekkiChan	15311
884	1400000000000069906	桐維@インテリスタ	15309
885	1200000000000076169	カリオペ	15297
886	1200000000000007501	ABEX	15294
887	1000000000000001764	regiosu	15276
888	1400000000000005096	絶白夜	15260
889	500000000000025807	HAGAREN	15251
890	700000000000082319	ガンキャノン	15233
891	1400000000000059117	ゆしゃ	15204
892	1300000000000001047	美影	15192
893	6482	金太郎あめ	15186
894	900000000000003497	フィッシュ	15184
895	600000000000006652	ま～くん	15160
896	300000000000041650	あっさむ@HN交換同僚募集	15153
897	600000000000075436	日菜香	15150
898	1500000000000003882	rinpon	15141
899	1500000000000053450	Direktor	15120
900	400000000000096377	ミリオンＰ	15100
901	300000000000047098	なつき	15062
902	400000000000024037	kaz	15038
903	1500000000000052743	そるてぃー	15030
904	1300000000000086908	りりす	15000
905	1000000000000082563	Manaphy	14979
906	1100000000000041435	道尊	14975
907	1000000000000081369	まつ◎	14927
908	1400000000000026268	ガネガネP	14907
909	1000000000000006704	うみーP	14843
910	800000000000098775	Fryght21A	14833
911	300000000000098454	饂飩マン	14802
912	900000000000010671	まあ、なんでも、ちひゃーですけれど｡	14765
913	500000000000099624	雨葉月	14722
914	700000000000100139	まるお	14660
915	98257	いぬがみ。	14642
916	1400000000000077690	ツルペタマン	14630
917	100000000000098764	ジェントk	14622
918	400000000000020862	SHAKER	14508
919	200000000000056358	奪取	14469
920	1500000000000097959	m	14440
921	600000000000100102	たかちゃん	14424
922	400000000000021917	ダイ	14421
923	300000000000009723	ORAH	14418
924	1100000000000061386	尊氏	14411
925	700000000000020942	一志	14406
926	900000000000005041	みょげぇ	14363
927	1000000000000004430	たんこぶ	14350
928	500000000000054569	Leerh	14340
929	800000000000086234	miz §越狂會§	14288
930	200000000000008161	てぃる	14231
931	400000000000003424	現役聖闘士	14224
932	1300000000000010387	Maru	14220
933	1400000000000080020	メディウス	14216
934	456	Echos	14208
935	1500000000000101435	奉民錫	14192
936	900000000000099919	モリのクマ	14178
937	1500000000000061689	ko-hey	14177
938	1400000000000044427	ナイト凰牙	14174
939	1300000000000046051	鍋奉行	14170
940	700000000000003598	ファントム	14130
941	1500000000000027613	あずやん	14127
942	1200000000000080613	dat	14123
943	1500000000000000919	YNAKN	14086
944	300000000000050448	ゆき	14079
945	500000000000072132	じゅすぽん	14065
946	800000000000054166	ヨッシー	14050
947	1200000000000080295	Player 1004302124	14020
948	300000000000000919	あるんか	14016
949	900000000000076785	Player 1003533145	14013
950	1500000000000052758	Q	14008
951	100000000000001659	柊真コト	14000
952	800000000000081736	らいでぃお	13874
953	300000000000044057	かずき	13869
954	300000000000000009	ぐわす	13760
955	400000000000053906	ヨッシー８８	13752
956	1200000000000024821	ﾈﾑｴﾙ	13727
957	400000000000068635	遊路(真縁)	13710
958	98352	ガッツ	13636
959	1200000000000080009	jut	13583
960	1300000000000051220	ふぃ～りあす	13558
961	900000000000063487	さいか＠真ちゃんﾌｧｲｯ	13557
962	700000000000020981	ヒエムス	13547
963	300000000000006867	願寺	13537
964	1300000000000043112	シン	13468
965	1500000000000006165	maito	13404
966	12569	HIRO	13388
967	900000000000020456	シンク	13328
968	1400000000000014597	ワタル	13284
969	900000000000004528	フォトン	13278
970	900000000000052176	あいまーく	13268
971	400000000000043202	2^16	13266
972	1300000000000026455	Izar	13260
973	1100000000000014370	ほり	13230
974	1100000000000053116	ヤマト	13224
975	500000000000002871	尽未来	13189
976	1200000000000096206	txexp	13188
976	1500000000000077232	Player 1003662079	13188
978	200000000000010333	ねむいウサギ	13162
979	700000000000097185	asuharu	13155
980	100000000000046670	いつ	13124
981	600000000000010801	こーすけ	13104
982	1000000000000014310	para	13014
983	200000000000086865	千桜。	13011
984	600000000000101214	Player 1008363206	13010
985	900000000000004256	カガチ	12959
986	200000000000101400	鈴木街道	12956
987	100000000000097896	ユウギリ	12942
987	1100000000000099454	T28	12942
989	500000000000021629	みゆ	12905
990	600000000000075281	サンタモニカ	12885
991	700000000000005760	げっと	12835
992	83857	むつきち	12764
993	1500000000000054094	うーさー	12761
994	200000000000001686	ボクは会計ちゃん＠ミリマスゆるく復帰	12746
995	600000000000074928	たろす	12738
996	500000000000000563	まななん	12690
997	200000000000065064	しやこうこう	12680
998	400000000000012295	ZERO	12656
999	1200000000000009646	まいつ	12646
1000	800000000000080738	れたすた	12641
1001	100000000000004025	白玉	12640
1002	1500000000000032329	ちりげ	12615
1003	11244	エイセス	12597
1004	5238	ぶらうぐらな@痛さは強さ！	12596
1005	200000000000044125	伏竜	12588
1006	300000000000080237	やよい星梨花	12570
1007	500000000000101278	Kih	12527
1008	800000000000006441	ＫＥＩ	12518
1009	100000000000050764	水銀党雑用係	12486
1010	1500000000000001031	イマジン	12442
1011	500000000000051148	八神紗樹	12439
1012	500000000000078900	ミクミ	12405
1013	1200000000000054199	コジェネ	12404
1014	600000000000018427	しゅりー	12379
1015	1300000000000006572	Mei	12369
1016	400000000000004193	観葉植物	12352
1017	300000000000100900	ソラ33	12296
1018	400000000000018530	しいなわたる	12275
1019	1000000000000041920	イサキ	12271
1020	1500000000000018753	昆布P@餌カード募中停止	12248
1021	1400000000000004888	はるぴん(GN)	12236
1022	300000000000012082	souta@t	12231
1023	1100000000000013854	Hal	12228
1024	100000000000026737	lyrical1225	12222
1025	900000000000077133	餅ゾウ	12211
1026	700000000000026585	ｹﾝｹﾝ()	12208
1027	300000000000008107	ぱんにー	12207
1028	900000000000096294	ごき	12201
1029	400000000000093267	RIcky	12188
1030	200000000000083601	Axel	12160
1030	400000000000086285	Di	12160
1032	1200000000000078469	魔スターP	12114
1033	400000000000075433	／バスター	12103
1034	200000000000000930	てんしろ	12085
1035	1100000000000091677	スクーミー・ズー	12084
1036	400000000000024904	フラット	12074
1037	100000000000008499	けい	12064
1038	800000000000011185	貝殻	12034
1039	1300000000000024549	蟹座	12032
1040	1400000000000096823	まさたか	12007
1041	1100000000000036138	逢ちゃん	11977
1042	1300000000000086183	ラリー	11939
1043	1300000000000032388	ゆん	11904
1044	100000000000095392	べんべん	11860
1045	100000000000083639	始祖鳥	11850
1046	9533	kore	11844
1047	100000000000003010	ひやま	11767
1048	900000000000051012	みさき	11746
1049	300000000000004536	PFC	11737
1050	200000000000031709	トモロヲ	11708
1051	200000000000033400	カツオ	11670
1052	900000000000026541	ﾁｶｼ	11654
1053	87105	もんぶらん。	11573
1054	1400000000000003519	morrow	11538
1055	1300000000000010396	田中敏和	11492
1056	1000000000000076281	Touko_Shiki	11480
1057	99513	りえぷりすた	11466
1058	700000000000030468	NAP	11457
1059	400000000000009127	ほう	11443
1060	400000000000009261	凛音(旧リンネ)	11438
1061	1400000000000006921	Gengoro	11422
1062	1300000000000002568	んがむら	11415
1063	100000000000000954	ひじき	11412
1064	200000000000023157	アニマ	11367
1065	200000000000074383	エルザム(ﾉｰﾏﾙ+)	11342
1066	300000000000100041	ニシロウ	11300
1067	1400000000000007188	フラ	11295
1068	1400000000000009603	ケヤキ	11294
1069	100000000000096333	カーズP	11280
1070	1200000000000062225	星柚	11271
1071	1000000000000053794	フロル	11270
1072	1000000000000003861	マキィーテP	11268
1073	400000000000080810	はす	11231
1074	400000000000090597	Player 1005607588	11175
1075	1300000000000009177	有馬☆駿一	11160
1075	1400000000000100279	黒刃	11160
1077	300000000000008460	みくり	11159
1078	700000000000000120	かずぴー	11154
1079	1400000000000056647	YOU	11139
1080	62070	かっこ	11106
1080	900000000000091006	ばた	11106
1082	1200000000000075325	ババロア3.5	11104
1083	800000000000051364	タカＰ－Ｚ！	11070
1083	1000000000000097366	とうかい	11070
1085	1300000000000027830	CMY	11040
1086	1300000000000099826	Efg Abc	10984
1087	1000000000000004391	kix	10933
1088	700000000000052075	ふるす	10931
1089	300000000000008764	ヨシケイ	10910
1090	1300000000000003819	はりあ。	10902
1091	700000000000070478	ミイ	10891
1092	400000000000020616	ＲＹＯ	10862
1093	1000000000000097281	牛乳	10857
1094	400000000000003250	しのじ	10854
1095	700000000000086583	コタロー	10845
1096	1200000000000085535	しお	10817
1097	1500000000000001153	tony105	10798
1098	900000000000081483	アーランド	10788
1099	800000000000037723	ｻｸﾔ	10750
1100	1200000000000074683	諒	10745
1101	100000000000005727	雨音	10738
1102	1200000000000046070	なんくるない	10728
1103	1200000000000037605	aoi-kumo	10721
1104	700000000000088542	あかさび	10718
1105	1500000000000099793	Asuka99	10711
1106	1100000000000023834	もい	10695
1107	500000000000060571	cdkk	10692
1108	1100000000000045007	まこりんP	10687
1109	300000000000096069	ゆうどん	10660
1109	700000000000072187	おかわり	10660
1111	200000000000079061	maidoman	10642
1112	1400000000000009979	Water	10624
1113	1100000000000033314	リョータ	10608
1114	600000000000003556	フェイク	10604
1115	900000000000082859	ちーぼー	10571
1116	600000000000005779	ユキヒョウ	10558
1117	100000000000042468	アマノ	10557
1118	1100000000000001881	義男	10521
1119	1200000000000093779	みん	10498
1120	9707	えふに	10494
1120	200000000000042536	やらなお	10494
1122	600000000000050381	忠太	10490
1123	500000000000020288	あづま	10450
1124	500000000000001018	★	10448
1125	1200000000000026509	アスティ	10432
1126	1300000000000023014	ダット	10428
1127	400000000000013658	yawgmoth	10386
1128	500000000000083707	モトキモノ	10330
1129	500000000000057243	ぼくとう	10287
1130	1000000000000009850	しんちゃん	10261
1131	800000000000087618	しーや	10260
1132	400000000000003506	六花	10220
1133	1100000000000013448	伽羅	10215
1134	300000000000084955	前森数規	10181
1134	1000000000000093236	カツカレー大盛	10181
1136	1300000000000005807	× くわがた【糖民】	10176
1137	600000000000037190	ktktktre	10119
1138	1400000000000052431	ユウ2	10082
1139	1300000000000097166	スペクター	10080
1140	1200000000000015824	ターボ	10075
1141	1500000000000056129	satiko	9996
1142	1200000000000057049	stray bunny	9969
1143	900000000000080728	モチモチ野郎	9957
1143	1200000000000030849	みつお	9957
1145	100000000000021252	タンブレロ（招待スルーして下さい）	9930
1145	800000000000080581	こてつ	9930
1147	400000000000053492	キャンDo	9916
1148	19010	ちよすけ@たかまこP	9915
1149	300000000000079221	KiKiP	9895
1150	600000000000004932	灰色の虹	9844
1151	300000000000004798	としもん	9842
1152	1200000000000002819	サト。	9800
1152	1200000000000065555	Thammapob	9800
1154	700000000000005445	ノリピー少将(第3独立機甲師団){ｽﾙﾒ	9792
1155	500000000000096747	crazycomets	9773
1156	47884	アドルフィ	9748
1157	1300000000000059585	おおこけ	9732
1158	700000000000006680	【超高校級の】零崎化識【代替品】	9700
1159	1000000000000001701	田中太郎P	9685
1160	600000000000057194	ヤッスー	9672
1161	400000000000001311	タカＰ	9588
1162	400000000000052152	ふりぃ	9586
1163	28450	キャット	9545
1164	17271	かと（仕事多忙中）	9528
1165	99809	ししょー	9513
1166	400000000000097720	たっく	9511
1167	1200000000000027883	カプチ	9499
1168	900000000000098155	のらせ	9464
1169	1500000000000051806	水湊	9386
1170	53487	asts	9376
1171	100000000000076924	いろなし	9371
1172	1100000000000014052	y.k	9369
1173	1000000000000003206	ノノ	9349
1174	300000000000027002	レオナルドⅠ世	9336
1175	36966	オブリ	9333
1176	1500000000000002747	トビ	9331
1177	100000000000027651	はる	9314
1178	1300000000000009373	FOREST	9311
1179	1100000000000002651	かぷり	9266
1180	1100000000000029417	ツカモリ	9248
1181	1000000000000045021	とも☆低迷中(OдO`) 無言ごめんね(‥;)	9245
1182	1000000000000023772	赤いきつね	9228
1183	200000000000075987	クロバラ	9204
1184	400000000000046397	いたこらぶ	9171
1185	300000000000051452	野獣先輩	9167
1186	1400000000000099130	ルガラー	9146
1187	1100000000000078161	しんし	9124
1188	1200000000000037796	赤柳	9088
1189	1500000000000076964	mare_53	9056
1190	600000000000003329	神話Ｐ	9027
1191	1100000000000097829	八位	9019
1192	600000000000101620	しろ	9010
1193	700000000000073239	きなこ	8963
1194	200000000000009935	mukuro	8960
1195	700000000000097376	浩平	8918
1196	99415	Player 1007319552	8896
1197	1400000000000081368	his@P	8879
1198	1500000000000101031	NEBARI	8876
1199	800000000000004173	guaca / ぐあか	8863
1200	1388	カタカナ	8856
1201	600000000000006942	ほろくさ	8770
1202	1100000000000096279	ミリ娘	8757
1203	900000000000006335	にゃぐ	8695
1204	1400000000000022691	Shino	8682
1205	400000000000027364	たまご	8676
1206	1500000000000100898	玄葉	8659
1207	1400000000000073393	masaya	8658
1208	500000000000096378	あっち	8590
1209	900000000000098203	平面マン	8576
1210	1100000000000079982	かまぼこ	8574
1211	400000000000016263	りこ	8573
1212	100000000000006963	玉王	8567
1213	400000000000096083	オリガミ提督	8551
1214	200000000000036750	はくたか	8495
1215	1100000000000022483	哩哩	8493
1216	1500000000000029241	☆原《のんびり継続中》	8481
1217	300000000000096255	ジュン	8471
1218	99637	K_K	8406
1219	100000000000017241	ミズーリ	8393
1220	200000000000016116	しろた	8381
1221	76260	ハッピー	8375
1222	300000000000091631	ガチャペン	8364
1223	1300000000000051891	yggdrasill	8351
1224	500000000000050978	いそでぃ	8344
1225	500000000000001930	雪歩@未来ちゃんのために	8330
1226	200000000000096086	光	8317
1227	300000000000004556	カズ	8316
1228	1500000000000080981	TC	8304
1229	1400000000000005257	ミユカ	8297
1230	500000000000054312	ナイ	8280
1231	1400000000000075593	のん	8279
1232	1100000000000057016	どすこい	8262
1233	1400000000000029681	命焔	8261
1234	400000000000005895	Kei-kei39	8246
1235	1500000000000044138	くろろ	8244
1236	400000000000010841	まほりく	8228
1237	300000000000036345	17	8221
1238	300000000000077661	よこよこ	8219
1239	300000000000052123	メティア	8172
1240	600000000000003275	あつたや	8161
1241	800000000000037414	ろーば	8154
1242	100000000000004116	PRO.S	8150
1243	600000000000082610	Blackphone	8144
1244	800000000000005033	ミラクル田中	8132
1245	800000000000002184	Twinkle	8131
1246	1000000000000084769	ゆうくん	8100
1247	600000000000009696	flog-man	8096
1248	100000000000059574	土方 薫	8090
1249	7546	天苗	8085
1250	1300000000000088120	くにたか	8075
1251	500000000000088192	Player 1005506757	8073
1252	800000000000079976	62	8063
1253	600000000000081175	ゆりり	8048
1254	100000000000100918	シュンスケ	8043
1255	1000000000000022467	くまごろう	8035
1256	53436	うどん	8019
1257	500000000000083404	西瓜	8008
1258	500000000000074462	スチール	7974
1259	700000000000020343	wazui	7943
1260	200000000000022355	えりりん♪埋め同僚募集中☆	7905
1261	300000000000052790	エンディ	7872
1262	100000000000085998	ビッテン	7854
1263	200000000000007823	みったん	7840
1264	200000000000051019	メイハ	7839
1265	1300000000000096365	Y'n	7832
1266	1200000000000095430	聖ちゃん	7791
1267	700000000000082226	ゆっか	7778
1268	1500000000000078696	モントーヤ	7761
1269	100000000000003671	がやん	7760
1269	800000000000099590	小豆	7760
1271	1000000000000029163	ああs	7731
1272	200000000000044558	ぱんだ☆ﾄﾞﾘ、仲間募集中！(o^－^o)☆	7720
1272	400000000000011031	花咲	7720
1274	500000000000014571	けすごり	7719
1275	400000000000100700	なの	7690
1276	1100000000000079833	△○	7688
1277	500000000000076963	いわし	7673
1278	300000000000013468	TKCP	7660
1279	100000000000004954	あーや	7615
1280	300000000000000026	キョウ	7609
1281	1100000000000023089	ありあさん	7605
1282	1300000000000082437	SASUKE	7600
1283	900000000000094299	しずく	7569
1284	200000000000101514	いがらしけい	7547
1285	100000000000002881	緑のたぬき	7516
1286	400000000000047631	Takayuki	7511
1287	400000000000075674	クエ	7501
1288	1500000000000026228	雪丸	7484
1289	700000000000100016	瑠音	7472
1290	1200000000000016226	ぬー(ΦωΦ)	7471
1291	400000000000061208	Mickan-ya	7439
1292	900000000000085356	きょーすけ	7434
1293	600000000000008130	Logos	7432
1294	1100000000000025511	モモハ	7418
1295	1500000000000000221	ヤットP	7414
1296	1400000000000086210	しおん	7370
1297	1100000000000006764	きゅとみん	7364
1298	1500000000000080310	サンジ	7317
1299	100000000000055769	gut	7291
1300	700000000000019151	バフィー	7290
1301	1000000000000009462	メガニウム	7280
1302	1200000000000022865	アキラせんぱい	7264
1303	1500000000000001750	ジャガー	7263
1304	100000000000061260	チヨダ	7256
1305	800000000000033886	よこやまなおき＠C91ミリオン新刊はうみみ本『うみトレ！』	7250
1306	1200000000000095475	オルテンシア	7247
1307	1200000000000078843	T	7205
1308	300000000000051100	kome	7197
1309	1000000000000100711	釈迦堂	7191
1310	1000000000000056684	れむ	7167
1311	200000000000007372	いっくん	7164
1312	7675	けんさん	7158
1313	700000000000017385	ワリオ	7141
1314	700000000000028082	じじわーちん	7139
1315	1400000000000075315	N.N.	7112
1316	1300000000000015132	みお	7110
1317	93513	茶太郎	7102
1318	1400000000000000677	Aoi	7077
1319	600000000000072756	紫陽花	7050
1320	700000000000084898	鈴蘭	7018
1321	95787	アロース	7016
1322	700000000000009311	かずっち	7002
1323	29354	金さん	6993
1324	1200000000000003110	こばＰ	6976
1325	1500000000000061240	おおいし	6966
1326	700000000000000663	らんどる	6935
1327	900000000000101028	ゆきみち	6933
1328	600000000000011473	タク	6929
1329	1500000000000097096	どっぐらん	6928
1330	1500000000000081594	ゆうな	6920
1331	1300000000000081598	まこりん	6915
1332	1000000000000005756	アンギー	6899
1333	600000000000009020	シゲ	6889
1334	1100000000000000789	ヨウイチ@うぐぅな真士	6882
1335	1100000000000051751	ネリ	6864
1336	1200000000000001561	タケノコー	6855
1337	800000000000018228	オニキス	6833
1338	1500000000000101272	にぺ★	6823
1339	800000000000058598	マリンスカイ☆バロン	6822
1340	500000000000062271	癒乃	6821
1341	300000000000060750	ババろあ	6813
1342	5818	シーター	6796
1343	1400000000000026239	きゅーぶ	6795
1344	600000000000014643	木村木村木	6785
1344	1200000000000003255	jakalope	6785
1346	1300000000000024856	睡魔er＋	6784
1347	800000000000014185	新年快楽	6782
1348	1000000000000063143	くろしお	6779
1349	1000000000000013500	どら	6768
1350	1500000000000013333	ふじよPP	6753
1351	1000000000000101826	真城	6727
1352	1300000000000028958	うみんつ	6720
1352	1400000000000002120	リバー	6720
1354	100664	ミカ@N	6707
1355	300000000000003443	超合金	6702
1356	1200000000000072008	K14	6700
1357	1200000000000024270	らくさ	6699
1358	900000000000003775	見月七蓮	6696
1358	900000000000050257	ルガー	6696
1360	1300000000000055110	ゆゆまる	6688
1361	4215	セージ	6683
1362	2441	kimi	6681
1363	1100000000000036136	MrCharon	6678
1364	500000000000096447	ろっく	6656
1365	600000000000041847	まこと	6631
1366	100000000000075219	はやす	6630
1367	1000000000000099486	文旦	6623
1368	600000000000006108	びーる	6617
1369	34990	ましかく＠ラウマス代理	6616
1370	1000000000000018694	とんぼ	6612
1371	1400000000000006198	李楽	6604
1372	700000000000003766	もりまる	6600
1373	900000000000053029	たちばなP	6598
1374	1400000000000056960	ももうさ	6597
1375	1500000000000021941	ryoto	6596
1376	1500000000000008002	九条幸政	6575
1377	100000000000054651	touryu	6561
1378	200000000000030488	桜野マリ	6536
1379	1000000000000032354	著著利GUESS	6523
1380	400000000000012621	よこ	6520
1381	500000000000037247	チー	6512
1382	600000000000008545	syu_kakoi	6481
1383	500000000000097429	HiRO	6462
1384	1000000000000010255	ロビン	6456
1385	600000000000012468	★オタポ★	6445
1386	300000000000094678	jmmy1114	6437
1387	1500000000000060422	ルネ	6416
1388	800000000000096773	美吹	6395
1389	900000000000029748	KUROKO.	6384
1389	1400000000000080252	Player 1004161694	6384
1391	700000000000013593	起死回生 恵P	6376
1392	700000000000024028	ヒロ君	6364
1393	200000000000038843	かほ@ゆきなた	6349
1394	1400000000000052027	dsyjn	6336
1395	1500000000000006406	優月Ｐ	6334
1396	800000000000056768	white	6319
1397	800000000000050817	ととのえる	6312
1398	200000000000003195	赤坂ミズキ	6300
1399	300000000000084203	森道	6292
1400	700000000000008350	onc212	6289
1401	1200000000000055089	な	6233
1402	100000000000074834	詩里亜【多忙】	6208
1403	900000000000003180	yaya@sato	6186
1404	100000000000007545	タクマ	6184
1405	1300000000000002479	shin	6174
1406	600000000000000065	まはとま	6169
1407	800000000000014755	虹野（ONLINEで放置多いです）	6168
1408	1300000000000055925	LIN.	6160
1409	1400000000000102135	Player 1008571678	6156
1410	100000000000087112	ヘヤング	6141
1411	500000000000100947	c103166	6135
1412	300000000000004397	ﾒﾛﾝﾊﾟﾝ	6128
1413	300000000000008300	DEKi	6114
1413	1100000000000080518	ピックアップ	6114
1415	600000000000079790	sui-un	6092
1416	42716	キレイなジャイアン(笑)	6091
1416	600000000000046860	光明	6091
1418	500000000000002428	アインツ	6088
1419	300000000000081421	ほせ	6076
1420	300000000000015932	カルキ	6062
1421	500000000000088776	カモネギ	6046
1422	1000000000000095449	うみさん	6040
1423	1200000000000003953	パーカー	6033
1424	800000000000056568	むにむにさん	6023
1425	1200000000000010113	もにょん	6013
1426	1400000000000029328	サイダー	6005
1427	1000000000000004928	†ティオすけ†	5994
1428	500000000000052221	りんかな	5989
1429	100000000000000253	なりっち	5964
1430	100000000000004517	眠歌姫	5936
1431	1100000000000050061	めりの	5928
1432	100000000000002061	パコ	5900
1433	800000000000024519	Lisa-RICCIA	5888
1434	500000000000057873	ふうせんかずら	5886
1435	53933	のせ	5877
1436	800000000000028903	とーでん	5856
1437	900000000000034175	m.k.p.s.i	5853
1438	900000000000000126	じゅんべえ	5832
1439	1500000000000100792	如月氷雅	5824
1440	1100000000000076311	カルマ	5815
1441	300000000000019027	やよい	5810
1442	1500000000000032538	taku.omi	5786
1443	500000000000077415	すふれ	5779
1444	1300000000000003487	kiki	5763
1445	1400000000000000725	陽季	5761
1446	100000000000009003	サハラ	5757
1446	600000000000000313	わさびもち	5757
1448	100000000000097930	nagi	5702
1449	800000000000035076	かごや	5686
1450	500000000000039401	りゅうしょう	5676
1451	900000000000097365	まりも	5664
1451	1500000000000000485	そらうさ	5664
1453	400000000000006956	のりしお	5660
1454	100000000000047306	街路樹	5656
1455	900000000000045798	らい	5642
1456	300000000000009949	ユキ６	5640
1457	400000000000101053	ゼロプラ	5635
1458	1000000000000001430	ヒロ～ン	5632
1459	1200000000000059047	ゲイボルグ	5625
1460	100000000000009409	まっこい	5624
1461	100000000000003520	かずさ	5620
1462	600000000000076113	Player 1003386854	5599
1463	100354	Lunar★	5595
1464	800000000000010587	うみ	5593
1465	200000000000004456	イスタ	5590
1466	300000000000100591	くコミ	5587
1467	1100000000000002963	ボッスン	5586
1468	200000000000075180	みな	5583
1469	1400000000000088373	さとみつ	5575
1470	800000000000041943	tomo	5562
1471	600000000000049622	expo	5555
1472	1000000000000007335	AWACS	5516
1473	1500000000000031566	subaru	5510
1474	500000000000042385	陸奥	5503
1475	200000000000100417	MFスタイルズ	5488
1476	100000000000086716	stu-pot	5484
1477	900000000000004156	SERIKA	5481
1478	100000000000030567	えどがわ	5480
1479	200000000000004703	ルゥ	5474
1480	1400000000000052273	セロリ	5455
1481	1400000000000030089	久保君の弟バカテスLove＠てさ部最高	5448
1482	800000000000097554	葉月あつみ	5443
1483	1500000000000081575	ツヴァイ	5442
1484	800000000000004738	あきぞう	5441
1485	1000000000000001721	クロード@烏	5440
1486	300000000000027999	レオ	5424
1487	900000000000008238	くったり	5421
1488	900000000000006101	氷雨	5400
1489	1300000000000016680	DS	5397
1490	3282	シエイ(△)	5388
1491	200000000000096754	YMNC	5381
1492	100000000000100231	ストロー	5379
1493	1200000000000086725	SGK	5373
1494	1400000000000025163	nagato	5369
1495	1300000000000097974	chamaru	5368
1496	200000000000002318	タカトシ	5320
1497	100000000000000564	カーズ	5292
1498	900000000000023387	ゲキ	5286
1499	800000000000097177	MUSASHI	5280
1500	1000000000000029759	美夕	5278
1501	700000000000054189	こよみ	5277
1502	1000000000000004913	ミズ	5273
1503	700000000000101909	水門	5264
1504	800000000000061607	りの	5253
1505	3084	さわぼっち	5247
1506	1500000000000091463	緑茶葉	5236
1507	400000000000001779	some	5214
1508	800000000000014099	鷹丸	5213
1509	800000000000025873	ピレニー	5208
1510	1100000000000100279	???	5202
1511	800000000000011631	Georg	5201
1512	700000000000036603	鶏肉	5176
1513	100000000000052243	れでいぃ	5166
1514	800000000000029380	フォド	5142
1515	1100000000000055753	たな	5130
1516	1100000000000077193	musashi1678	5126
1517	800000000000002623	土門	5120
1518	600000000000026708	凌駕	5111
1519	12494	トミー	5070
1519	100000000000083635	є(･Θ･｡)э	5070
1521	400000000000003966	はるか	5069
1522	200000000000080513	もく兄	5055
1523	200000000000081191	katsumi	5051
1524	1500000000000027672	DESTINY	5040
1525	1100000000000079680	クロ	5037
1526	1000000000000026834	からたま	5035
1527	900000000000033133	のワの	5034
1528	1300000000000033220	鈴子	5031
1529	600000000000013968	あおゆう	5026
1530	1000000000000092045	ジガノフ	5016
1531	900000000000048947	クレオ	4982
1532	800000000000014531	νアカツキ	4971
1533	200000000000008344	ミッシー	4948
1534	400000000000091926	Player 1005735348	4943
1535	900000000000096733	Player 1006527401	4941
1536	500000000000007990	みりん@シシジ	4925
1537	300000000000078670	moya	4902
1538	300000000000003556	Nao.	4880
1539	1400000000000082217	wnforu	4870
1540	400000000000010435	Y㌧P	4856
1541	1000000000000020834	ナツメ	4850
1542	1500000000000101042	shiho	4848
1543	600000000000101531	すのう	4844
1544	1100000000000007290	10mo	4840
1545	800000000000002738	ゆいっち	4816
1546	1000000000000026031	かける	4793
1547	1200000000000100789	kmrn	4792
1548	1000000000000006619	yoi	4791
1549	1000000000000004416	あんばさ～	4788
1550	500000000000098091	アプレンティス	4771
1551	200000000000037526	メルティ	4760
1552	1500000000000000698	まき	4752
1553	1400000000000034748	あずくり	4746
1554	1200000000000096027	はなまる	4743
1555	1100000000000031630	hikaru	4740
1556	700000000000009920	NAVY	4728
1556	1400000000000028250	女々し(くてつらいです)	4728
1558	1000000000000010419	hds	4727
1559	1100000000000072489	ピロ	4723
1560	1300000000000080129	アクア＝ホロリウム	4722
1561	1500000000000024246	菓桜みい	4712
1562	1400000000000085858	P(otato)＠同僚募集中	4710
1563	100000000000096661	やよかず	4708
1564	400000000000022350	まぁ	4707
1565	200000000000062557	ほたる	4701
1565	1100000000000051802	銘無し	4701
1567	1200000000000096063	シュン	4695
1568	1000000000000050515	びている	4692
1569	700000000000068103	赤リン	4682
1570	1200000000000056279	來鵡	4677
1571	1000000000000019827	サドラーズ	4670
1572	500000000000000109	サンベア	4665
1573	1100000000000051737	パナシ	4638
1574	300000000000074887	フラウ	4634
1575	600000000000027436	しみひ	4621
1576	800000000000006160	雪女の氷麗	4620
1577	600000000000003098	MATCHY	4613
1578	500000000000057239	コレスケ	4612
1579	1500000000000023714	いとむす	4609
1580	100000000000078075	雄ちゃん	4580
1581	1300000000000080271	Shin	4576
1582	1500000000000017087	クロスケ	4571
1583	1500000000000096390	Player 1006421039	4548
1584	1200000000000013532	アッＰ	4546
1585	400000000000047760	泉そうじろう	4529
1586	500000000000037880	R	4526
1587	100000000000073918	セルベイ	4511
1588	500000000000074942	ＥＧＧ	4506
1589	500000000000004734	たかぽん	4501
1590	900000000000043872	ks ドリギルメン募集中！	4500
1591	400000000000009034	蘭	4496
1592	500000000000096489	某川	4488
1593	76285	刃内基籍	4473
1593	1200000000000046827	MATASAWA37	4473
1595	700000000000037017	雄大фやっぱり福浦はカッコイイ！	4464
1596	400000000000049568	しろくまお	4461
1597	1000000000000001836	アフロ	4437
1598	169	やにお	4431
1599	97301	かみなん	4407
1600	1300000000000075632	鬼ちちいいね	4401
1601	200000000000101757	ゆう	4400
1601	400000000000055444	柏木	4400
1603	500000000000000486	ザビー	4399
1604	100000000000002100	Tagosak	4398
1605	1500000000000004791	かぴ	4395
1606	600000000000044574	あんこ	4386
1607	1000000000000054322	絶刀 天羽々斬	4381
1608	300000000000096907	でタ音	4376
1609	300000000000000240	sc29	4362
1610	300000000000064834	石橋八十七郎	4361
1611	800000000000038830	みずさん@ハサ次郎ほしいなぁ…	4339
1612	51846	ちやP	4332
1613	102	寒冷地戦仕様	4320
1614	900000000000053389	まだない	4278
1615	1000000000000051740	マカク	4274
1616	200000000000070805	きゅう	4256
1617	800000000000037919	Wildeyes	4254
1618	300000000000046677	リョウガ	4250
1619	100000000000054626	ヨーゲン	4247
1620	700000000000081164	ロク	4245
1620	900000000000011282	けんざぶろーちょっと釣りをお休みしますm(__)m	4245
1622	500000000000047502	かま	4238
1623	500000000000027487	hawgle	4229
1624	200000000000000274	黒衣神父	4228
1625	800000000000003241	ゆたか	4220
1626	100000000000101221	にゃん	4215
1627	1100000000000018139	sasasyu	4203
1628	1400000000000037464	紀伊呂くえん	4200
1629	200000000000000773	まつなみ	4190
1630	600000000000017644	のん	4188
1631	1200000000000058346	daidai	4158
1632	1000000000000101346	緋色の弾丸	4156
1633	700000000000097920	Tk村半蔵将軍	4149
1634	1000000000000005107	ぱぴ	4144
1634	1000000000000087680	スコ	4144
1636	1200000000000000811	こやゼロ	4128
1637	900000000000079990	心気ろう	4122
1638	1500000000000042465	皇軌	4120
1639	800000000000097860	みこみこ	4116
1640	1400000000000015569	wingeddeath	4109
1641	600000000000026078	ヒゲ太	4096
1642	1500000000000004742	LILY	4080
1643	900000000000002449	けいしち	4074
1644	400000000000023750	かこ	4065
1645	400000000000001315	りゅういち	4062
1646	1500000000000082642	にの	4054
1647	1400000000000025391	85	4050
1648	1000000000000068301	ねーね	4048
1649	600000000000000063	M@SA	4044
1649	1000000000000030701	山電クルミ	4044
1651	900000000000002555	弥(AMANE)†招待ﾇﾙｰでm(__)m†体調不良はデフォ†	4037
1652	900000000000071159	シャーク	4025
1653	9104	百々	4015
1654	1400000000000032321	シンジ	4006
1655	300000000000001821	黒雪先輩	4005
1656	900000000000019842	ファイン	4003
1657	700000000000097827	ジャモヤ	3985
1658	700000000000096610	みどり	3983
1659	1500000000000068751	patriot0228	3975
1660	1200000000000075083	tomato	3966
1661	600000000000040892	黒猫∵フィア‡Endless Story‡	3959
1662	47669	マークツー	3954
1663	1000000000000048413	雪卍	3941
1664	300000000000081196	しぐれP	3934
1665	500000000000049166	poteto	3908
1666	1200000000000082898	ゆう	3892
1667	100000000000055185	うさこ	3891
1668	500000000000026611	ピッツァ	3865
1669	200000000000046505	まこぴー	3864
1670	900000000000006953	ごぶりん	3856
1671	200000000000094458	みり	3846
1672	300000000000037481	まさ☆	3843
1672	1100000000000088050	みかん	3843
1674	500000000000080262	あいざわユウキ	3836
1674	1500000000000095820	はくたか	3836
1676	600000000000021383	まこさと	3832
1677	200000000000032577	トモヤ	3830
1678	100000000000052332	チョコスルメ	3824
1679	500000000000062210	193	3804
1680	300000000000005907	NaoMu	3801
1681	900000000000055130	あたま	3791
1682	500000000000071220	ヒビシス	3781
1683	200000000000101364	ぐみこ	3767
1684	1100000000000004403	SHOU89	3764
1685	1300000000000098545	PaPa	3755
1686	1500000000000015431	櫛枝真☆(アイマス!!)	3753
1687	400000000000097628	心太	3743
1688	200000000000008106	くう	3735
1689	800000000000042475	ワタシダ	3720
1690	500000000000018530	ななさ	3719
1691	1300000000000001889	Ｋ	3715
1692	5962	やるせない上田	3714
1693	1500000000000046724	櫻井旭	3708
1694	300000000000010800	ta-cos	3693
1695	700000000000034958	くらうつ	3688
1696	1100000000000010261	you♪	3675
1697	800000000000026150	みぅ	3674
1698	300000000000040415	はと	3665
1699	300000000000079658	すい	3660
1700	500000000000026748	どらりおん@ﾏﾀｰﾘと営業ちぅ(・∀・)	3654
1701	600000000000025000	スノードロップ	3637
1702	1300000000000046700	ponytail	3615
1703	1400000000000052626	わい	3609
1704	800000000000097451	リッツ	3600
1705	500000000000030816	はるやん	3585
1705	600000000000005232	詩音	3585
1707	72724	とく	3582
1708	600000000000041282	マッキー	3576
1709	900000000000098562	Player 1007181625	3574
1710	600000000000096436	おやつ	3559
1711	1200000000000100760	Rein	3549
1712	1400000000000087062	みっちん♪	3524
1713	600000000000004509	抹茶オレP	3522
1714	900000000000100912	もなな	3512
1714	1400000000000077612	トリケン	3512
1716	400000000000071467	北P	3493
1717	500000000000011131	ほののん	3486
1718	1000000000000018833	ｼﾞｭﾘｱｽ・ｷﾝｸﾞｽﾚｲ	3480
1719	1500000000000002090	Kyoju	3474
1720	96604	ヤラム	3466
1721	600000000000076539	霧崎	3460
1722	1100000000000021378	ましひろ。役立たずでスンマセン。	3456
1723	700000000000064339	suzuko	3441
1724	1300000000000004266	ダネ	3437
1725	1200000000000084988	マリノ	3418
1726	15405	ブリ	3403
1726	600000000000030663	新郷 京　お宝プレゼント感謝m(_ _)m	3403
1728	500000000000096229	なぎ	3397
1729	1400000000000006358	たま	3375
1730	600000000000100468	Player 1008114646	3348
1731	100000000000018625	中村主水	3340
1732	1000000000000082265	アスベル	3333
1733	1200000000000012083	のぶ	3308
1734	1100000000000075511	km	3289
1735	100000000000011441	シロ	3283
1736	1200000000000101211	パ	3276
1737	1500000000000000396	megane	3273
1738	1300000000000081217	あいおい	3270
1739	1400000000000035992	みやー＠渡り歩き勢	3264
1740	1500000000000010443	暇人破壊	3257
1741	1300000000000099609	真P	3249
1742	1300000000000053525	最弱男	3235
1743	300000000000078758	ただの案山子	3226
1744	1200000000000005805	ケイナ	3206
1745	100000000000079106	トマト	3204
1746	1400000000000058963	黒猫P（こじろう）	3203
1747	1200000000000101338	Player 1008538124	3197
1748	400000000000075180	ちずらぷ	3193
1748	1400000000000075971	永遠の7	3193
1750	100000000000052547	ちゃーすけ	3175
1751	400000000000095950	大村	3171
1752	1000000000000010253	和彦	3170
1753	900000000000075813	狐火	3155
1754	1500000000000038650	りう	3149
1755	1400000000000009160	KO	3144
1756	900000000000093194	城之内	3140
1757	600000000000052366	c22b	3135
1758	1500000000000004635	ﾜｯｷｰ=ﾌﾞﾗｯﾄｴｯｼﾞ	3122
1759	200000000000100712	巴午後	3120
1760	500000000000037242	なかじま	3104
1760	800000000000022080	supika	3104
1762	1200000000000001634	統夜	3094
1762	1300000000000055585	来ヶ谷	3094
1764	400000000000084160	チルチル	3092
1764	600000000000004613	Eisuke	3092
1766	1000000000000061664	枝	3090
1767	1200000000000100800	こさ	3076
1768	34790	らぁーゆー	3075
1769	800000000000071107	ニカ	3065
1770	1300000000000028214	こじ	3042
1771	1200000000000081929	マギー	3038
1772	28998	ライオン 電工	3018
1773	700000000000037503	さく	3010
1774	200000000000026119	いっき	3008
1774	500000000000017071	ステアーTMP	3008
1776	29228	あきら	2971
1777	1000000000000009741	MEISTER	2970
1778	300000000000081745	クーニャ	2966
1779	300000000000094669	ひろきち	2960
1780	500000000000055830	ぷらねっと	2958
1781	300000000000003990	　アスカ	2955
1782	200000000000021783	わっしょい	2942
1783	100000000000096247	硼酸	2940
1784	400000000000045599	halbelt	2936
1785	8675	二番星	2933
1785	1200000000000101353	荒	2933
1787	1400000000000074792	るんるん	2913
1788	300000000000085049	ビビッド	2904
1789	400000000000011678	アラジン	2891
1789	700000000000028858	ニンニクヤキニクは	2891
1791	400000000000054791	cocoa	2890
1792	1400000000000059821	(*>△<)	2871
1793	800000000000001555	ソルダ	2870
1794	1500000000000080267	むむむ	2862
1795	700000000000099198	ゆなみ	2860
1796	1300000000000045680	宮	2846
1797	1400000000000083069	初心者	2844
1798	900000000000003638	コメット	2835
1798	1000000000000101034	ミユ	2835
1800	500000000000005676	有栖川皐月	2824
1801	1400000000000080919	ついんて	2810
1802	800000000000017952	かき	2787
1803	1200000000000083612	なつふわ	2784
1804	100000000000081391	黒シャム	2772
1805	1100000000000004286	ユーリカ	2765
1806	300000000000097830	菜の花	2758
1807	1200000000000053022	トワ	2737
1808	1500000000000054815	ひなた	2735
1809	300000000000029302	ぷちこんぶ	2733
1810	200000000000057508	カイロ	2730
1811	300000000000009244	カジャ	2726
1812	1200000000000072360	おけいはん	2706
1813	1400000000000098077	サイボーグタイガー	2696
1814	1400000000000019520	こうくん	2688
1815	900000000000101340	knb	2684
1816	1794	ちゃりるり	2675
1816	600000000000047713	艦隊指令長官	2675
1818	500000000000083992	厳島	2664
1819	600000000000050269	tako3	2658
1820	400000000000101537	アルプスの初老オンジ	2657
1821	1400000000000081173	津上翔一	2651
1822	1100000000000093160	れっきゅん	2644
1823	500000000000099553	レックス	2628
1824	22486	がろた	2616
1824	300000000000003220	k1lz73	2616
1824	1000000000000062161	ランブータン	2616
1824	1400000000000007100	武ちゃんは17歳P	2616
1828	800000000000042472	クロン	2613
1829	62104	砂泥棒	2604
1829	400000000000010400	たか	2604
1831	800000000000015721	しめじ【道場営業:マイコメ参照】	2601
1832	500000000000006094	馬超	2600
1833	100000000000008097	しんちぴ	2593
1834	97797	桃源郷	2591
1835	1300000000000094344	相織	2587
1836	400000000000061871	釣りバカ	2586
1837	1100000000000043347	☆たっち☆招待メール無視して下さい。	2577
1838	1623	よしかず@あんにょ	2565
1839	700000000000061285	ロビンソン島	2562
1840	1500000000000005836	シェルパ	2555
1841	100000000000087977	オレンジ	2550
1842	94707	ふぃりっぷ。	2548
1843	162	らいち	2545
1844	800000000000002622	よ～さん	2541
1845	1100000000000074824	さそり	2535
1846	200000000000030298	なる	2532
1847	700000000000068999	むに	2529
1848	1400000000000001112	いーらい	2520
1849	600000000000081771	なんくるしーさー	2517
1850	1400000000000101988	ときめき	2509
1851	1300000000000102235	ISAO	2508
1852	400000000000099904	大埼	2501
1852	1300000000000099346	ムーチョ北見川	2501
1854	800000000000008368	鹿島	2480
1855	800000000000060756	ウィリープロ	2472
1856	300000000000008968	くまきち@のんびり参戦	2457
1857	100094	クラウン	2438
1858	1100000000000100789	マロノン	2436
1858	1400000000000028374	yskmg30	2436
1860	400000000000072056	いぬまじん	2433
1861	1100000000000092899	カナン	2409
1862	500000000000096614	南駆流	2407
1862	1400000000000020819	ぽにょ	2407
1864	1200000000000002940	タイラー	2383
1865	800000000000091607	きちぬま	2370
1866	1000000000000097895	あろんあるふぁ	2369
1867	300000000000049606	蒼衣	2364
1868	1300000000000029340	ぱっそう	2363
1869	100000000000003739	山吹	2355
1869	1500000000000075358	しろぬま	2355
1871	600000000000092947	@ura	2354
1872	100000000000008890	VIVA	2352
1873	200000000000093851	アバレ	2348
1874	700000000000099561	ゆら	2321
1875	1400000000000100026	みるあ	2303
1876	1200000000000006281	ハクア	2298
1877	800000000000096991	シーサー	2297
1878	1000000000000056758	このみ	2287
1879	900000000000000441	幸＠ゲームのみ出現	2283
1880	1000000000000047915	味噌ラーメン	2279
1881	100000000000055566	どるしあじおーる	2275
1882	1400000000000007013	zerozero	2270
1883	1000000000000011447	きりたんぽ	2269
1884	100000000000069449	時雨	2268
1885	800000000000087944	あきの	2248
1886	700000000000000113	Sirataki	2247
1887	100000000000074399	ひつじ	2240
1888	1300000000000051078	あを	2238
1889	600000000000002727	おこめ	2225
1890	1300000000000100982	3H-P95	2217
1891	1300000000000101268	吉幸	2216
1891	1500000000000023646	GOD橋本	2216
1893	100000000000094301	ぽんぽん	2208
1894	800000000000073991	アカネイア	2193
1895	300000000000093904	FMラジオ	2184
1895	1200000000000024069	Qちゃん*ﾄﾞﾘ引退。今までありがとうございました。解除ﾖﾛｼｸﾃﾞｽ	2184
1897	76974	あたりめ	2178
1898	1100000000000054770	テセ	2175
1899	85334	小兎	2172
1900	1000000000000085502	オルキデス	2161
1901	100000000000054123	もりお	2160
1901	700000000000093723	中まぐろ	2160
1901	1500000000000010370	新しいフォルダ	2160
1904	300000000000070867	スズム	2142
1905	1000000000000092305	boku	2138
1906	400000000000080047	安藤正樹	2117
1907	900000000000032455	ゆーちゃん	2112
1908	1300000000000095558	ふみぃ	2103
1909	1500000000000100483	みゆ	2090
1910	1500000000000007695	のぶりん	2053
1911	1300000000000051282	しゃむはに	2048
1912	1500000000000023253	くおんね	2045
1913	200000000000093007	kou	2040
1914	1000000000000097835	便利屋なんでもやります	2039
1915	600000000000061571	16回切りが出来そうな人	2035
1916	400000000000074309	DANN	2024
1917	200000000000003184	きほいる	2023
1918	1400000000000006146	アサト	2017
1919	100000000000101740	Player 1008526081	2015
1920	300000000000053755	ねこの子２号	2008
1921	800000000000062543	もっさん	2001
1922	1400000000000049389	悟空!☆	1994
1923	500000000000081322	ymng	1988
1924	800000000000004686	aizu	1965
1925	800000000000100091	がみ	1964
1926	1200000000000081688	I.T	1951
1927	1200000000000002213	ノブロー	1946
1928	1100000000000101157	シャイニーミルク	1940
1929	700000000000008811	SHANA	1939
1930	1400000000000075124	Ayano	1932
1931	93526	カーズ	1930
1932	500000000000056858	かつら	1908
1932	800000000000087820	紅葉*偶数月活動	1908
1934	100000000000093294	ekottyk	1896
1935	1500000000000003797	りつ	1890
1936	8323	コウ	1887
1937	1100000000000026763	なうりう	1881
1938	95950	迦楼羅	1874
1939	400000000000004174	にぎりこぶし	1856
1939	700000000000037953	safeguard	1856
1941	800000000000076272	ぺいぶろう	1842
1942	300000000000013637	そい	1840
1943	900000000000004515	かまたま	1836
1943	1200000000000028782	コウキ	1836
1945	400000000000097244	櫻葉	1831
1946	100000000000081967	ルホホー	1810
1947	64117	けとま	1809
1948	800000000000073004	てっちゅう	1792
1949	1500000000000093118	ぱっぱぱぴるすぱぴすぺぽ☆	1788
1950	400000000000052437	テノール	1784
1951	600000000000003515	ふーたP	1782
1952	500000000000056662	Ｐ	1774
1953	1300000000000051520	itsukiitsuki	1772
1954	1400000000000062739	おけとれす	1771
1955	400000000000030425	ぽんにし	1742
1956	800000000000068743	めろた	1734
1957	1500000000000101701	みぞおち	1732
1958	100000000000080960	じょにー	1730
1959	99982	RYUSHI	1720
1960	800000000000100813	Player 1008356984	1718
1961	600000000000101065	joki	1714
1961	1000000000000101797	骨栁	1714
1963	1100000000000075470	斉藤ハル	1712
1964	1000000000000095112	極東魔術昼寝結社の夏	1709
1965	1000000000000099605	Player 1007415578	1705
1966	46124	魚の目	1692
1967	800000000000101110	黄金の鉄の塊	1682
1968	500000000000001035	Yodobashi	1680
1968	1100000000000087058	七栗@GF勢	1680
1970	1100000000000020505	ダニエル	1676
1971	300000000000004731	Kumaa	1651
1972	800000000000017817	奏歩	1630
1973	1200000000000101320	うな丼	1627
1974	400000000000097577	old_moon	1621
1975	1500000000000098336	カイン	1619
1976	1400000000000052889	SHIJOU TAKANE	1618
1977	1400000000000052752	茸	1616
1978	900000000000095673	猫夜凪	1611
1978	1200000000000045164	やまねこ	1611
1980	500000000000091669	エンペラ	1608
1981	1400000000000000611	千歳ちゃん	1598
1982	100000000000094176	Player 1005995153	1593
1982	1200000000000097118	Tomoko  Kawakami	1593
1982	1500000000000074630	naomu	1593
1985	100000000000098430	ナタデココ	1588
1986	200000000000086618	in勇者	1582
1987	1000000000000089630	Hier	1577
1988	100000000000052270	むっくんP	1575
1989	1300000000000077312	でない	1572
1990	400000000000047356	ほっか	1555
1991	400000000000020860	サブアカ	1545
1991	1100000000000056237	サイ藤	1545
1991	1500000000000098600	雪夏	1545
1994	200000000000101481	あこ	1541
1995	600000000000097161	忍野 忍	1537
1996	1400000000000049518	くりす。	1535
1997	300000000000073915	まき	1520
1998	500000000000085478	Mira?*?	1509
1999	79360	コスモ	1502
2000	1400000000000004110	のーねーむ@ラウメン募集	1500
2001	1300000000000074311	ダビー	1498
2002	1400000000000101983	カイ	1488
2003	100000000000003328	イージェイ	1472
2003	100000000000054511	♪羽風しずく♪イクスシス仮の姿（笑）	1472
2005	700000000000000115	菊地真(小鳥遊P＠THE IDOLM@STER)	1465
2006	700000000000001160	いちろく	1455
2006	1000000000000001850	琵琶速秀	1455
2008	700000000000052263	クリスピークランチ	1450
2009	300000000000096390	yuu	1449
2010	100000000000039211	ハセ会長	1439
2011	100000000000093301	エックス	1438
2011	1000000000000005406	chemblue	1438
2013	1200000000000002749	いがたろう	1437
2014	85589	ハタ男(P)	1430
2015	500000000000101577	さみー	1428
2015	1300000000000000334	たかぱち	1428
2017	500000000000082241	さかまた	1424
2018	1400000000000003257	美遊	1423
2019	1400000000000079131	とう	1421
2020	800000000000062381	井倉	1420
2020	1100000000000004029	take	1420
2022	200000000000099072	Player 1007151554	1417
2023	400000000000100823	fuma	1400
2024	1400000000000093855	ふく	1397
2025	1200000000000038516	たこぴー	1388
2026	700000000000052867	かれん	1386
2027	1300000000000101264	Yk	1383
2028	500000000000009952	にゃもし	1376
2029	200000000000100800	綾鷹A	1373
2030	300000000000036740	紫騎☆	1365
2031	800000000000097495	群青	1362
2032	1100000000000000523	シンP	1361
2033	600000000000019840	祇条	1354
2034	700000000000095416	IOG	1350
2035	1000000000000007280	みゃあ	1344
2036	12166	しじゅうし@所恵美P	1341
2037	101681	しき	1331
2038	800000000000021852	じゅんじゅん	1330
2039	800000000000010544	どん兵衛	1326
2040	300000000000003959	タケちゃん	1323
2041	300000000000000848	プチキーマン	1320
2041	1200000000000054958	ごまみそ	1320
2043	300000000000101239	ぜろりん	1318
2044	100000000000021625	alty221	1307
2045	1000000000000078027	タカトラ	1305
2046	700000000000025008	とも	1302
2047	1300000000000073685	ジョン3	1301
2048	800000000000042036	ヒイロノサムライ	1297
2049	900000000000004561	きょ～すけ	1289
2050	200000000000026247	桜井	1284
2051	700000000000051007	wasyou	1281
2052	700000000000000307	水殿	1272
2052	700000000000007526	ネリー	1272
2054	600000000000015515	ショパン	1270
2055	600000000000014989	希望	1263
2056	92091	WorldWildDance	1255
2057	1200000000000010598	涼ちん	1254
2058	800000000000000116	焼豚プリエ	1251
2059	100000000000093559	昌泰	1246
2060	1500000000000101830	Player 1008561519	1233
2061	1500000000000075950	おこめ	1232
2062	1400000000000102047	森森トレイン	1229
2063	1300000000000098402	ATSU	1223
2064	200000000000077681	悠	1218
2065	200000000000002425	黒猫＠HN他引き取り手募集中	1216
2065	1000000000000057200	明太子 あかみ	1216
2067	800000000000035258	ﾙｰｼｨ	1214
2068	1400000000000003794	けめけめ	1205
2069	900000000000076272	あまとう	1201
2070	1300000000000062579	HARE	1188
2071	800000000000009363	ジョニーニー	1182
2071	800000000000055813	しゃあぽ	1182
2073	900000000000035929	Ｋ！Ｋ	1179
2074	1200000000000054750	HAL	1164
2075	600000000000005658	lemononmars	1149
2076	1200000000000041505	がる	1148
2077	900000000000095638	ユウセイ	1141
2078	1100000000000101254	ｾﾂ	1140
2079	1500000000000026920	のじる	1131
2080	600000000000002467	からから	1122
2081	1200000000000056987	みーシャ	1121
2082	200000000000000577	ユーリP	1115
2082	1200000000000011454	ユウ	1115
2082	1300000000000027512	ちゅうもん	1115
2085	600000000000101444	でっでいう	1103
2086	1413	ばむお	1100
2087	1100000000000001431	ｸﾞﾚｰﾄ･ﾑﾀ	1099
2088	500000000000100221	Player 1007852421	1093
2088	1400000000000006943	ジュニ	1093
2090	400000000000057082	レイ	1092
2091	200000000000052627	p@nda	1090
2092	1200000000000081014	葉菜	1080
2092	1300000000000076341	蒼風　翔	1080
2092	1400000000000073305	艾琳	1080
2095	1400000000000074844	七海	1076
2096	500000000000029959	しろネコ	1066
2097	1100000000000024295	ryouta	1064
2098	500000000000062249	ガガサトウ	1063
2099	1200000000000072232	マーズ	1062
2100	600000000000101618	dghu	1054
2100	1500000000000062294	たびまる	1054
2102	1200000000000036805	じゃがいも	1050
2103	1100000000000095330	みやこ	1048
2104	1200000000000003845	なお	1047
2105	1100000000000101273	のあ	1045
2106	500000000000003079	(*･ω･)	1043
2106	700000000000100479	太郎	1043
2108	700000000000100419	ねねちゃんちー@サブ垢	1040
2109	100000000000057019	ぬこぱん	1039
2109	1200000000000050091	あるつ	1039
2111	700000000000078092	ぺんた	1036
2112	100000000000020620	かすがかける	1034
2112	1500000000000101745	Player 1008535935	1034
2114	200000000000004762	ひーつー～アラフォーにしてバカライバー	1030
2115	100000000000060438	わわ	1026
2116	500000000000094306	viovip	1017
2117	1000000000000004936	ぶるん	1016
2118	97638	イケ	1008
2118	800000000000068557	アイソン	1008
2118	900000000000086661	ふっく～	1008
2121	1400000000000062488	いざな	1002
2122	300000000000011633	あでか	996
2122	1100000000000101033	揶揄屋	996
2122	1500000000000054015	りあ	996
2125	1000000000000085969	NOR	993
2126	700000000000034700	ファイ	992
2127	100000000000101753	Player 1008532753	991
2128	1500000000000052717	ばじる	987
2129	200000000000096201	tokiwa	976
2130	800000000000098940	ぺんぐぅー	964
2130	1400000000000102043	Bobobon	964
2132	12677	ふかふぃれ	957
2133	900000000000006877	miorin	949
2134	1400000000000046623	ｺｰﾋｰﾌﾛ-ﾄ@ P	946
2135	400000000000018491	結弦	942
2136	100000000000001804	リュックン	936
2137	500000000000061913	mk	933
2138	300000000000047122	ぐらたん	928
2138	700000000000077382	デサ菜	928
2140	100000000000001228	いんそむ	925
2141	300000000000096442	ネコまに	921
2142	1500000000000056141	なま	918
2143	1200000000000100745	ピリタ	916
2144	200000000000100516	KarenHojos	912
2145	800000000000057028	nirika	910
2146	700000000000057502	シュウカ@マイペースP	907
2147	1200000000000003017	そうび	906
2148	100000000000014793	あいぽん	905
2149	400000000000077492	ame	902
2150	200000000000059898	マキ	897
2151	1000000000000015015	詩乃	896
2152	400000000000007697	切札	893
2153	200000000000083104	夏津瑠	882
2154	900000000000003600	まけん	877
2154	1500000000000013805	あらた	877
2156	600000000000097840	hdk	870
2157	300000000000098950	蓋付	869
2158	1000000000000004337	橘樹	867
2159	1200000000000013042	とーふや	866
2160	1500000000000060660	ぴの	864
2161	800000000000100081	鉄塊	861
2161	1500000000000033923	EP-71T	861
2163	500000000000074491	チェリー	860
2164	400000000000011816	めたりす	856
2165	800000000000009588	かおる	849
2166	300000000000050499	MAZERAN	847
2167	400000000000101364	almajiro	846
2168	1400000000000007487	オーケン	844
2169	100000000000062911	なしこ	843
2169	700000000000085672	バイソン	843
2169	900000000000085784	Player 1005062809	843
2172	300000000000008233	ＴＥＮ	841
2173	500000000000002304	はぅー	840
2174	600000000000003835	いおん	839
2175	1100000000000020647	サメハダ	838
2176	1100000000000087711	byobjo	834
2177	1000000000000028683	もえ	833
2178	300000000000000783	HCL	830
2179	1100000000000050661	しず	828
2180	700000000000026601	抹茶っちゃ	827
2181	600000000000100300	りょうた	823
2182	500000000000100647	綱引き	821
2183	1100000000000004121	じゃぱん	818
2184	200000000000023011	LURK	816
2185	228	悖風	815
2185	700000000000018803	あこ	815
2187	200000000000063164	オメガイデブン	814
2188	1000000000000097325	ハルラン	811
2189	1000000000000087096	たれぱん	808
2190	1500000000000056332	@神楽*ツイッターに居ます。	807
2191	1100000000000002063	熊鐘	798
2192	300000000000078038	リキ	794
2193	1200000000000075781	サニー	791
2194	700000000000101317	ひこさん	788
2195	300000000000100597	たかし	787
2196	700000000000087070	なむ	786
2197	1100000000000098141	?ファイター	778
2198	1400000000000081179	ムク	770
2199	100000000000053675	優鯉パパ	765
2200	7760	なきぃ～	763
2201	1100000000000034261	さかな	754
2202	800000000000076386	hogehoge	752
2202	1200000000000050686	まぁ	752
2204	1300000000000051149	葉須	751
2205	500000000000009350	aura	746
2205	700000000000100573	Mirucchi	746
2205	1100000000000016119	少年A	746
2208	300000000000101101	ありむかで	744
2208	500000000000009192	sf	744
2210	500000000000031481	くま	742
2211	800000000000098834	東瀬	741
2212	300000000000078434	ゴブリン	733
2213	1300000000000006563	はいご	732
2214	1100000000000002458	ハセリ	728
2215	300000000000007347	すとはら	726
2216	200000000000075742	しらが	720
2216	500000000000000367	ミアキス	720
2216	1200000000000015503	コウテイ	720
2219	102005	Player 1008582720	711
2220	400000000000032144	よっちゃん	710
2220	500000000000094989	いち	710
2220	1500000000000049205	朝顔(元楠)	710
2223	800000000000101337	Player 1008562776	709
2224	800000000000047685	ネモ	707
2225	700000000000022577	三ツ矢	706
2226	700000000000021872	ゼファー	702
2227	76378	官兵衛	701
2228	900000000000080597	ペイル	700
2229	79041	だーみ	699
2230	99760	夏架	693
2231	1200000000000095505	narume	692
2232	900000000000032140	ゴウ～	688
2233	200000000000029682	ヒロカズ	687
2234	600000000000050718	キミツ	685
2235	300000000000054965	ナギサ	682
2236	12022	KEITA	681
2237	500000000000036480	石衛門	680
2238	400000000000077996	dolciadiol	679
2239	1500000000000057087	mintno-gioorg46	678
2240	1300000000000013914	caro	676
2241	700000000000072291	ツバP	666
2242	500000000000006223	サブロー	664
2243	1000000000000061462	Bigkatsu	662
2244	1200000000000101335	ウサさん	656
2245	1400000000000093529	famanto	655
2246	800000000000080382	Frozenblue	652
2247	100000000000023209	粉雪	650
2248	200000000000019297	HaSSHiI-零	644
2248	1300000000000074055	玄米	644
2250	1100000000000004535	ホリゲン	640
2251	400000000000005385	突然	635
2251	1400000000000062587	璃音	635
2253	100000000000094593	レオギク	634
2254	1000000000000086136	せりざわ	631
2255	1500000000000100601	すみす	630
2256	1400000000000042244	ライ	624
2257	600000000000077084	クガツ	623
2258	1300000000000100160	碓氷美樹	621
2259	400000000000099127	ドーナツK	616
2260	300000000000024820	如月亮	615
2261	400000000000002619	A Shin Sydney	614
2262	200000000000097529	エンライ	606
2263	600000000000080129	なす	603
2264	300000000000053068	anonymous	600
2264	700000000000071393	むゆん	600
2266	1400000000000027561	カラカラ	599
2267	1000000000000004300	ネステ	597
2268	400000000000099407	シンデレラ	588
2269	900000000000101497	セキハン	581
2270	300000000000028403	ぽんぬ	578
2271	700000000000085560	オラ太	575
2272	1000000000000099976	湊。	572
2273	400000000000088157	†あかぱんだ†-†Kreuz.†	570
2273	900000000000097333	雪翔	570
2275	93697	あやぴー	554
2275	1300000000000016113	中野	554
2277	1500000000000005875	FTH	546
2277	1500000000000040269	†かずんかずん†	546
2279	1300000000000004804	shigoku	542
2280	600000000000079842	ファイン	541
2281	300000000000100260	Gango	538
2282	600000000000020867	†瑠奇亞†*男装*-†Kreuz.†	534
2283	400000000000008827	よこやん。	533
2284	6924	mofu	531
2284	700000000000058952	かつべぇ～	531
2284	800000000000052057	ぽん太	531
2287	1200000000000057883	なおと	530
2288	800000000000016883	みけねこ	526
2289	800000000000097119	硫化鉄	522
2290	900000000000100995	柴田勝家	520
2291	700000000000101265	すかんら	519
2291	900000000000101231	?駿凱	519
2293	700000000000020550	ジャイルド	515
2294	100000000000101892	すえきち	509
2294	500000000000101886	コロ	509
2296	500000000000099953	はな	506
2297	500000000000027892	せと	505
2298	400000000000100985	飴梅	501
2299	1500000000000079580	kitto	496
2300	600000000000080197	まり	492
2301	400000000000026981	みう	489
2302	700000000000090969	ぱるさや神推し	485
2303	700000000000017154	ぐっちー …(*^.^*) ｺﾄｼﾓ ﾖﾛｼｸ ♪【1月】	483
2304	1000000000000003754	咲	480
2305	400000000000032900	ハナ	475
2306	1400000000000065068	Player 1002081262	474
2307	500000000000050848	オカリン	473
2308	1400000000000016026	あきまる	472
2309	101543	オラレナ	468
2309	1100000000000075732	Murasame	468
2311	1100000000000084949	きくらげ	465
2312	1300000000000003436	妃さん[要×空○ ﾘｱ多忙]	460
2313	200000000000017817	ゆか	458
2313	1400000000000101987	syou1107ta	458
2315	500000000000002211	ケン・チャン	457
2316	700000000000092356	もみじ	456
2316	800000000000099859	あゆぴち	456
2318	100000000000077442	くに	447
2319	500000000000053235	そげぶ	445
2320	98927	あいおい	444
2320	900000000000099457	★☆ヤンヤン☆★	444
2320	1300000000000000626	ピクス	444
2323	200000000000101571	れい	442
2324	1000000000000084070	あんな	438
2325	1400000000000006664	にく	437
2326	1200000000000098741	ぴょん	432
2327	1000000000000101937	Player 1008559786	430
2328	600000000000095693	クルトン	423
2328	800000000000012024	キム	423
2330	1000000000000075515	SOJ	415
2330	1200000000000101027	Player 1008407548	415
2332	13768	みゆみゆ♪	413
2333	500000000000055705	周響☆天ノ真兎P	410
2334	1400000000000100033	ハルヤ	409
2335	700000000000027460	ハカセ	404
2336	1000000000000101789	とぅもろー	401
2337	400000000000024620	あぱちこ	397
2337	500000000000052742	tamushi	397
2337	1100000000000101615	ゆっか	397
2340	1500000000000085123	ままま	392
2341	1100000000000086103	arcanos	390
2342	1300000000000001576	緋本ω茜†月ノ守護者∞ルナ勢∞	385
2343	200000000000073936	ゆな	384
2344	500000000000101733	Player 1008516197	383
2345	1200000000000097221	お尋ね者	381
2346	300000000000101335	めろんぱn	378
2347	600000000000051829	Hitokun	375
2347	900000000000015916	jinx	375
2347	1200000000000101281	Player 1008510748	375
2347	1500000000000002951	×あふぅ†紅魔郷†	375
2351	100000000000055558	xiao	374
2352	200000000000009028	M4Z8N	370
2353	1500000000000098478	lamni-to	366
2354	500000000000100158	る。	365
2355	800000000000101269	水音	364
2356	700000000000100206	ルーク	363
2357	900000000000101426	wasa	362
2358	700000000000008352	kaneko	361
2359	500000000000051263	英二士	360
2359	500000000000098539	温玉	360
2361	200000000000000087	スバトザ	354
2362	800000000000099057	黒者	349
2363	97656	トメイトゥ	348
2364	1400000000000098300	宇練銀閣	345
2365	88425	暮坂	340
2365	700000000000099448	白亜@ほぼついった	340
2365	1300000000000023001	アッキャマン	340
2368	300000000000101496	Player 1008585107	338
2369	100000000000052524	のいぱす	336
2370	1500000000000099217	Player 1007338031	335
2371	400000000000012108	DAHLIA	334
2371	700000000000095673	中神童	334
2371	900000000000083364	くーばー	334
2374	700000000000095242	なにぬねの	332
2375	800000000000100976	ワカジュ	331
2375	1000000000000073355	あおしまP	331
2377	1500000000000101864	HarucaP	326
2378	1200000000000003345	芦屋虎之介	324
2379	1400000000000101125	翼	319
2380	1100000000000100416	一松にゃんこの嫁	316
2381	500000000000083106	毒バニラ	312
2381	600000000000008583	コウ	312
2381	700000000000101913	化け猫	312
2381	1000000000000001351	F澤	312
2381	1000000000000077123	cc	312
2381	1400000000000051962	シグ	312
2387	1500000000000094200	碧	308
2388	1100000000000060129	虎吉｛裏ﾁｹ、残1m(__)m}	304
2389	300000000000100567	ゆっきー	299
2390	1200000000000071880	Masahiro Nakagawa	298
2391	1400000000000009258	つばさん	297
2392	500000000000095253	依愛	285
2392	700000000000102188	Player 1008576503	285
2394	300000000000094263	エイジ	284
2394	1500000000000050128	xia	284
2396	200000000000100068	おいもり	280
2397	100000000000046771	キキ	278
2398	300000000000097294	はむやま	277
2399	600000000000101730	Player 1008557110	273
2400	200000000000096714	オオカミ少年	272
2401	1300000000000101238	取得できませんでした	270
2402	400000000000000766	未祐	267
2403	200000000000060812	タカ	260
2403	1300000000000096763	ンゴロンゴロP	260
2405	1300000000000102179	Player 1008525693	259
2406	1100000000000020064	アっプル	258
2406	1300000000000100655	Player 1007880205	258
2408	1300000000000008780	ウルズ	255
2408	1500000000000095892	さっち	255
2410	99668	東雲	252
2411	100736	シマノスラム	242
2412	800000000000008663	フェルト	238
2413	700000000000101608	Player 1008327847	237
2414	100991	Player 1008197936	230
2414	1300000000000038201	みつき	230
2416	1400000000000084543	しろえ/灰かぶり系無限回収	226
2417	700000000000099366	あやねろ	223
2418	1000000000000085869	薬	221
2419	99295	ゲペルニッチ	220
2419	500000000000097950	Player 1006934069	220
2421	600000000000101249	あかた	219
2422	1500000000000045900	澤P	218
2423	800000000000085298	コユキ	212
2424	1500000000000093319	scarlet	211
2425	1300000000000010182	なーが	209
2425	1400000000000022813	きゃっぷ	209
2427	500000000000052050	空白	207
2428	1300000000000102325	あろくりん	205
2429	100000000000080851	nu	204
2429	900000000000093287	AZオオカミ	204
2429	1200000000000000578	トロマス	204
2432	600000000000097860	ルミナ	202
2433	700000000000000232	ＦＱＦ	198
2434	700000000000098943	めい	195
2434	900000000000006301	てるきち	195
2436	200000000000090183	虎之助	192
2437	200000000000076619	ぐっちー	186
2437	1000000000000046168	雪盆之助	186
2439	800000000000100903	Player 1008390072	183
2440	1200000000000101169	Player 1008466364	182
2440	1300000000000101923	駆け出しプロデュンヌ	182
2442	500000000000101524	ｽ-ﾌｧﾐ	178
2442	900000000000093294	チェス	178
2444	56106	花梨P	174
2445	200000000000098243	piridry	173
2445	500000000000087383	アユミ	173
2447	1000000000000101844	あまとう	169
2448	1500000000000094151	こばとん	168
2449	1000000000000001140	軍鶏	167
2450	900000000000078306	景都	164
2451	300000000000080406	黒狼～ノワルフ～	162
2452	700000000000020450	一平ちゃん	161
2453	100000000000072428	如月	158
2454	1100000000000022736	3ba	157
2455	54676	マジュニア	156
2455	69401	ガルム	156
2455	100000000000093987	Player 1005974753	156
2455	200000000000002905	ヲタ	156
2455	300000000000094699	ブルー('∀'*)	156
2455	400000000000096157	紫兎	156
2455	500000000000026933	ドール	156
2455	500000000000096322	燦	156
2455	600000000000077883	ソーチ	156
2455	600000000000097902	匂宮絶夢	156
2455	700000000000100482	Player 1007784455	156
2455	800000000000081432	剣	156
2455	900000000000033071	yuen	156
2455	1100000000000005541	サンマ	156
2455	1300000000000076593	★旅人★	156
2455	1400000000000075986	やーや	156
2471	600000000000100819	Player 1008233366	154
2472	1400000000000101321	みのり	153
2473	1300000000000083643	風舞	151
2474	1000000000000101822	ぱん	146
2475	234	海星でんち	142
2475	1000000000000101870	きつねいろ	142
2475	1200000000000092944	花華	142
2475	1200000000000101363	なつき氏	142
2479	1500000000000085859	いなばものおき	141
2480	1100000000000095945	けんだこ	139
2481	800000000000007736	ランサー	134
2482	200000000000039795	ポストレス	132
2482	1300000000000079790	Player 1004086189	132
2484	700000000000097325	甘党	130
2485	1300000000000101025	Player 1008115037	128
2486	700000000000024037	あきら	127
2486	1400000000000024606	バッファローズ	127
2488	1000000000000099812	Player 1007529226	126
2488	1500000000000079729	九ノ瀬遥	126
2490	500000000000058835	むつ	125
2490	600000000000101145	Player 1008344246	125
2492	24658	らっしー	123
2493	100000000000101482	緑茶	122
2493	500000000000099793	marie	122
2495	101291	ささみ	121
2495	900000000000057984	RTK	121
2497	1400000000000030305	みそそ	120
2498	1300000000000100650	アラモー	118
2499	400000000000101581	アキト	114
2500	100000000000012838	たけよ	112
2501	97255	もいもい	108
2502	200000000000100236	柚琉	107
2503	100000000000096202	ウェイソイヤ	104
2504	300000000000099748	ドライブ	101
2504	900000000000002016	China	101
2504	1000000000000101922	アリオン	101
2507	500000000000098535	まっしー	100
2507	1200000000000047750	芳乃セベル	100
2507	1400000000000099308	Player 1007230798	100
2510	100000000000101702	ユウサク	98
2511	200000000000021368	さなな	97
2512	1300000000000099894	おいも	95
2513	100000000000038787	tk	93
2513	1500000000000099956	雨天	93
2515	300000000000100542	Player 1008180627	92
2516	95245	たず	91
2516	900000000000097074	ななな	91
2518	300000000000061411	岩いわ	88
2518	800000000000035947	こう	88
2518	1200000000000101481	さとう	88
2521	49263	みかん犬	87
2522	1500000000000099567	Hik9	86
2523	500000000000101503	Player 1008426741	85
2524	1300000000000042101	ぬん	83
2525	700000000000020173	MA	82
2526	800000000000060617	さくり	80
2527	102013	れい	76
2527	400000000000099989	香山	76
2527	800000000000015262	ハル	76
2527	800000000000081027	Player 1004479032	76
2531	100000000000021881	ﾓｽ･ｸﾞﾘｰﾝ	73
2531	800000000000080148	千藤光	73
2533	500000000000084637	みず	69
2533	1200000000000006769	ひでいち	69
2535	1400000000000101775	ゆ	68
2536	800000000000004059	たけひろ	67
2537	500000000000098466	大河新次郎《CherryBlossom》	65
2538	900000000000101167	Player 1008447625	64
2539	400000000000101515	Player 1008546404	63
2539	500000000000053663	サンロ	63
2541	1200000000000100492	Player 1008222700	62
2542	1500000000000011923	ステップ	61
2543	800000000000055831	windowsくんくん	60
2543	1200000000000085002	よしのん	60
2543	1500000000000088234	ケンショウ	60
2546	1400000000000101748	maboroshix	58
2547	700000000000101674	メガ粒子レクイエムシュート	57
2548	300000000000093874	篠岡殊	54
2549	101398	Player 1008347680	52
2549	101919	ぬまやん	52
2549	500000000000004080	やまもっこ	52
2549	600000000000028137	カイくん	52
2549	1000000000000004043	スギナ	52
2549	1300000000000006626	晩才	52
2549	1400000000000076128	しぃも	52
2556	800000000000049861	なで肩	50
2556	900000000000100623	km3	50
2558	1500000000000101546	む	48
2559	300000000000100492	Shikamo Natsukawa	47
2559	1200000000000101513	Player 1008601964	47
2559	1300000000000080396	次郎ちゃん	47
2562	10088	ニキ	46
2563	1400000000000088407	チョロ松( ・ε・)	45
2564	200000000000099271	梨	44
2564	200000000000101854	サブ	44
2564	200000000000102185	つばき	44
2567	700000000000098879	Player 1007077463	42
2568	101978	おさかなまつり	41
2568	100000000000101877	Player 1008583841	41
2570	400000000000101605	Player 1008585428	40
2571	200000000000102231	Player 1008584642	39
2571	1000000000000101888	Player 1008545626	39
2573	500000000000100156	Player 1007820325	38
2573	800000000000099744	Lightning	38
2573	1200000000000099728	bianca	38
2576	1300000000000102207	Player 1008541021	37
2577	100000000000101879	Player 1008585761	36
2578	1200000000000099809	Player 1007866028	35
2579	1300000000000007315	レジェンドブルー	33
2580	300000000000101111	Player 1008414131	32
2580	600000000000101345	Player 1008408326	32
2582	200000000000101238	すばる	30
2583	1300000000000102300	Player 1008573613	29
2584	1100000000000099346	Player 1007464267	27
2585	500000000000082844	ブレイブリー	26
2585	600000000000004657	Ｊ＋	26
2585	1000000000000027813	ｼﾀﾞﾝﾃﾞｨ	26
2588	100000000000005230	蒼紫	25
2588	900000000000101473	ふゆは	25
2590	600000000000100953	meguya	24
2590	800000000000101342	Player 1008564568	24
2590	1100000000000101680	取得できませんでした	24
2590	1200000000000003522	Shou	24
2594	101000	たぐいち	22
2595	400000000000098076	矢車	21
2595	500000000000101910	celestia	21
2597	200000000000044956	kou （仕事多忙～）【INFINITY】	20
2598	300000000000101426	彼方	19
2598	1200000000000083742	コバ	19
2600	200000000000079241	ぽっかれもん	18
2600	1200000000000002018	空桜音	18
2602	500000000000051501	海鴨	17
2602	1300000000000102192	ヨンフン	17
2604	800000000000076042	かの	16
2604	1400000000000099492	あすとらいあ	16
2606	400000000000099552	おふとん	15
2606	600000000000101788	紡織	15
2606	900000000000098884	Player 1007287689	15
2609	100000000000055893	なたね	14
2609	1500000000000085662	アーズ	14
2611	100000000000096480	tomo	13
2611	1000000000000010640	ユー	13
2611	1500000000000080885	なこ	13
2614	300000000000096327	Player 1006446531	12
2614	900000000000095533	wjd9006	12
2616	1300000000000102342	Player 1008590861	10
2617	400000000000100160	みづ	9
2617	700000000000102138	maspi.	9
2617	700000000000102199	わかめ	9
2617	800000000000101299	ドニキ	9
2617	1200000000000101292	Player 1008516700	9
2617	1300000000000099839	Player 1007418973	9
2617	1300000000000102329	Player 1008584605	9
2617	1300000000000102337	onchianpan	9
2617	1400000000000005999	そーり	9
2617	1400000000000101117	Player 1008169678	9
2627	500000000000101902	正勝	8
2628	100000000000093096	Player 1005772049	7
2629	99835	FosterLiu	6
2629	200000000000008827	ウチダ	6
2629	700000000000102218	yesican515	6
2629	900000000000099755	なたりん	6
2629	1500000000000081049	アイス	6
2634	100527	せーちゃん	5
2635	200000000000091017	坂本	4
2635	1500000000000101845	もちもち桃子	4
2637	99784	Raul	3
2637	100000000000101689	Player 1008502273	3
2637	200000000000102181	Player 1008568322	3
2637	200000000000102253	Player 1008601234	3
2637	300000000000101308	Player 1008506835	3
2637	600000000000101809	Player 1008599142	3
2637	800000000000101179	Player 1008502200	3
2637	900000000000101543	うーちゃん	3
2637	1200000000000098808	みや	3
2637	1200000000000101452	Player 1008575852	3
2637	1300000000000102360	Player 1008596685	3
2637	1400000000000102207	Player 1008602542	3
2637	1500000000000101443	kazu	3
2650	900000000000101539	景	2
2650	1100000000000029895	はるうす	2
2652	400000000000099344	芒特	1
2652	1100000000000101643	Player 1008585291	1
