1	200000000000000953	男前豆腐店	1538891
2	700000000000054233	らむ	967764
3	1200000000000000948	まちゅ	959393
4	1000000000000027066	草薙丸	929179
5	1500000000000007945	ましゅまろ	928512
6	1100000000000051027	麻婆豆腐	904163
7	600000000000001601	ラーズＰ	881820
8	700000000000098535	3taka	880952
9	1500000000000088269	釈迦堂	869082
10	38187	昼夜	769771
11	800000000000092836	ゆにす@同僚募集	763582
12	46184	ごのじ@お疲れ様でした	762766
13	800000000000006695	ろっそねろ	759395
14	1300000000000098049	このこねこのこ	705879
15	1400000000000002833	173	698699
16	1400000000000056158	柴犬	694674
17	900000000000002033	温泉ぱんだ	685469
18	400000000000000323	Amuru	642725
19	200000000000063158	もつ鍋	611312
20	100000000000082813	黒意黒衣	595229
21	300000000000056347	マッツ@一撃厨	581945
22	200000000000024993	Junkichi	484536
23	54503	マコ	478651
24	84087	坂本サトシ	470608
25	300000000000004231	大鳳のﾉﾌﾞ	460579
26	99391	ゆきを	454488
27	1400000000000056085	待ちぼうけのゆっきー	405816
28	1500000000000019405	マジノ	404243
29	1000000000000051507	myon	399989
30	800000000000098735	田中。@同僚募集	389176
31	1500000000000028053	松戸市民	386119
32	100000000000097279	bud	378379
33	900000000000006985	ルル	358715
34	1200000000000081900	ブルームーンおっさん	357831
35	500000000000001878	九陣	353136
36	1200000000000055296	オクマチ	351154
37	1200000000000098197	kowalskii	326710
38	96894	かわいいいぬ	324351
39	1300000000000000140	けいたろ	315882
40	1500000000000009500	牙ノ古鳥	306362
41	500000000000000179	リュウキ@ラウメン募集中	290949
42	1500000000000051021	ガッチャ	278762
43	1100000000000015285	ジャミラ@ラウメン絶賛募集中よー	265957
44	900000000000082751	ありす	260689
45	300000000000055509	抹茶	252091
46	200000000000018938	ヒース	242923
47	1200000000000061773	ギロにゃん	240219
48	1400000000000000254	くさったみかん	237735
49	1100000000000055418	ツダアオイ	236067
50	500000000000011416	さち＠アリス	232826
51	4138	ぺい	230877
52	80865	青波	230213
53	600000000000058405	えむえむ	227350
54	1500000000000029546	ウグルグ@美也フラスタ	212448
55	1200000000000005883	C-R	204944
56	700000000000000052	木枝	204158
57	400000000000045373	こま	202029
58	600000000000013551	陽次	196664
59	1300000000000099702	しあ	196040
60	1000000000000000540	オリン	194910
61	200000000000097424	NG-5	193280
62	1000000000000004676	ライム@カルピスバター	192746
63	1500000000000079552	True	189643
64	1100000000000005978	マサオ☆ミ@ぶどーかん	187070
65	1400000000000062892	ほんわか	186931
66	800000000000070796	minori	184067
67	1300000000000097786	ヘンヤ	183448
68	1300000000000097812	tiptree	182623
69	1400000000000096862	ﾏﾘｵﾈｯﾄ	178174
70	1500000000000037414	Touka	175509
71	1300000000000038460	Vibra	173873
72	100000000000098042	凪太	170230
73	200000000000081470	RGM-79SP	164912
74	200000000000011826	このド	164722
75	100000000000057365	ハシオ	164696
76	200000000000003430	1千	164596
77	900000000000046087	だび	162934
78	200000000000085703	ジーニョ	162529
79	6331	裏山	161156
80	1200000000000077251	クボカス	160225
81	600000000000005247	リョウP@多忙極める	160105
82	1200000000000008699	ゆかりんご	160075
83	200000000000077999	茶畑	159789
84	1100000000000008192	asa	158795
85	1200000000000003953	パーカー	156091
86	200000000000057275	水餅	155945
87	1300000000000007492	ビート	155928
88	900000000000001088	ようきよう	155853
89	1100000000000007085	のんけ	154954
90	1300000000000057264	(ま)	154853
91	500000000000098327	らいぶ	154498
92	100000000000045494	ヒッキー	154458
93	1100000000000092966	likelike	154371
94	800000000000076605	シシマイ	153938
95	600000000000028059	しょくぱんくん	153815
96	100000000000073343	ウォルト	153551
97	1300000000000000419	しろこ	153455
98	300000000000096442	ネコまに	152086
99	400000000000009379	せろ	152040
100	600000000000073780	にんじょば	149231
101	1000000000000037434	root	148402
102	100000000000019362	角刈り雀	148335
103	1200000000000037773	kaoru	148225
104	100000000000005074	香菜	145850
105	1300000000000041239	フォルセティ	145637
106	1500000000000087124	まれ	141186
107	1200000000000052184	みかひ	138035
108	700000000000027460	ハカセ	137753
109	500000000000024312	緋	135052
110	400000000000000131	京乃ジュン	133899
111	400000000000004911	葵☆中川　椿姫(一人箱根駅伝(仮)の真っ最中)	132227
112	300000000000026794	もけ	132217
113	900000000000001638	なゆ	131798
114	1300000000000004196	Fiz	130838
115	400000000000000822	碧流√サナ	130570
116	76315	take	130296
117	1500000000000000921	ろくがつ	126926
118	400000000000000254	CroLo	126870
119	300000000000051631	ハヤシP	126615
120	400000000000070465	たくっち	125122
121	1100000000000073051	ブルーサンダー	124562
122	600000000000095116	Siren	123496
123	100000000000076808	あぐり	123193
124	1200000000000008835	ハンカイ@鮪予備軍	122732
125	900000000000086549	れんこん	121297
126	300000000000095738	イヌ	121244
127	1400000000000003574	烏賊	120988
128	1400000000000098362	Marca	120082
129	800000000000055781	NT	119524
130	1200000000000005051	Ｐ(ﾈﾑ・ｿｰﾔ)	117858
131	400000000000049322	タップ	117559
132	200000000000074308	iichiko	117345
133	1500000000000000523	REV13	115577
134	44	にきんご	114947
135	1400000000000021307	MIAS	114580
136	700000000000004509	よしきち	114408
137	79577	鈴鹿	114104
138	1200000000000003396	月綺	113437
139	200000000000001004	ヒャッハー	113157
140	1200000000000078325	colonel	113132
141	1300000000000097950	ナルサス	113128
142	800000000000096115	黒い秋	113040
143	1300000000000001674	だるく♪	112573
144	1000000000000014761	れあ	112530
145	300000000000097453	Phantom4	112112
146	900000000000030202	コウ	111078
147	1500000000000097704	O-4	110884
148	500000000000004442	カンザキ	109992
149	800000000000015465	馬竹	109075
150	1100000000000008170	ひとりボート	109074
151	700000000000098036	マジで？	108341
152	1100000000000078882	KKKKKKK	108132
153	300000000000025999	サム	104636
154	1300000000000029461	ユメヨイ	104589
155	600000000000080861	柚子ゆず	104311
156	800000000000035280	kalona	102755
157	800000000000042286	Rito＆Momo	102076
158	500000000000050925	がまん	101558
159	30539	ルナ・レインボウ	101487
160	400000000000014044	端月	101305
161	600000000000006026	Franboise@フラン	101188
162	900000000000077574	アイウエオン	101160
163	400000000000087841	ルイコスタ	100827
164	300000000000007940	っちゃん♭	100826
165	76861	Loverio	98772
166	200000000000087383	COYG@ARS	98061
167	800000000000099675	AKIBA’S TRIP	97733
168	700000000000003668	蘭コ	97528
169	600000000000013398	たてお	97267
170	800000000000080320	さなぷ@英雄イベ・チョコラン１位やったのー	96398
171	1100000000000025201	かなみ	96306
172	1200000000000092998	たらこ飯	96198
173	900000000000046644	ユウキ	95926
174	1200000000000003670	はらぺこ	94228
175	200000000000015511	くま	93672
176	1400000000000098419	あかちの	92822
177	800000000000040695	ジャスミン	92584
178	700000000000004872	シュウ	92002
179	1400000000000028924	you@相互募集中～	91952
180	500000000000098235	ゴレムス	91409
181	1200000000000024190	幻＠双海詩音	91390
182	1000000000000098273	J	91251
183	800000000000036493	Rewriter	91005
184	700000000000087781	おばと	90645
185	1100000000000003124	とんこつ	90470
186	29449	RYU	89936
187	400000000000001371	ロジット	89671
188	1100000000000032043	勇二	89490
189	300000000000094874	earth	89333
190	1100000000000052385	ウッボー	89204
191	900000000000091756	モリツタ	89143
192	400000000000041970	うぇすぱ	88578
193	600000000000006926	gakuhi	88383
194	300000000000002592	K	88152
195	28446	公社	87626
196	300000000000081550	キノピー	86883
197	100000000000019779	いろは	86762
198	1200000000000015084	Motivator(斬)	86094
199	1500000000000023655	羅殺	85770
200	200000000000097578	駿河なつめ	85678
201	1000000000000003575	きちえもん♂@BMD茜ちゃんあります	85592
202	500000000000004239	五本木	85425
203	200000000000029724	えるえる	84703
204	1100000000000076265	まーりゃん	83707
205	900000000000002860	一発屋	83576
206	29342	のー	83310
207	200000000000021222	miska	83036
208	300000000000010323	かんあき	83028
209	400000000000055769	すー@黒縁P	82729
210	900000000000050618	int8	82687
211	1000000000000008877	はたはた	82440
212	54656	CHARGE	82272
213	100000000000072926	アカギ	81925
214	1400000000000075522	もんぴす	81821
215	900000000000011285	はうんとり	81377
216	1000000000000033514	ﾍﾟｯﾊﾟｰﾎﾟｯﾂ	81287
217	1000000000000031818	とらたん	80641
218	900000000000003155	いぬねこ	80549
219	500000000000003214	まっつー	80489
220	800000000000004156	ひで	80463
221	300000000000055607	ピッタリ	80110
222	700000000000003875	キョウ@	80086
223	7603	Sherry	79881
224	600000000000026743	ここにいても	79507
225	1100000000000051959	やがら	79173
226	1300000000000003468	オガヒサ	79018
227	100000000000000023	だる	78195
228	1200000000000057049	stray bunny	77410
229	83498	あへきの	77225
230	200000000000049081	ゆうゆ【女子モード中】	76969
231	1400000000000004021	ちぃ	76600
232	300000000000075077	パルプンテ	76419
233	1300000000000004200	りゅうちゃん	76060
234	400000000000000578	hoihoi	75834
235	800000000000089329	うぃんぐ	75529
236	500000000000030270	アマネ	75061
237	600000000000003125	南&南	75057
238	300000000000011839	ヒス@まこまこりん♪	74899
239	100000000000047445	エクレア@同僚募集中	74852
240	500000000000061377	Y-Y	74693
241	200000000000067103	Seraph	74661
242	700000000000021642	さらす	74412
243	900000000000013182	しろみん	73986
244	100000000000050988	あつもり	73668
245	500000000000068236	UU	73563
246	600000000000018265	佐倉水丸	73467
247	1000000000000000411	MUFC	73443
248	400000000000025539	龍之介	73020
249	1400000000000005387	キャピタルホース	72818
250	1100000000000061769	シャーベット	72621
251	1500000000000061396	アリア	72516
252	500000000000029573	SU3C	72500
253	1500000000000000296	すた～ねす	72390
254	1000000000000055174	代理人	72340
255	1200000000000005691	ギョク	72155
256	1100000000000077816	ナポリ	71689
257	600000000000004635	まさいぬ	71457
258	800000000000046879	ちぃ	71055
259	1200000000000058553	KーREX	70711
260	1400000000000079375	漬け物	70392
261	200000000000062292	くちぐろ	70391
262	1100000000000054618	幻の学院生	70153
263	87504	龍哉	70094
264	800000000000054021	フライドポテト焼きそば	69962
265	200000000000037398	ぽにょりてぃ	69471
266	1100000000000028578	しょ	69098
267	1400000000000018125	たま	69059
268	600000000000020597	てくてく	68626
269	62298	きゃべつ	68582
270	1400000000000019442	羆(３月までは頑張るよ)	68552
271	100000000000021208	atata	68545
272	100000000000075045	しょうじ	68476
273	700000000000083260	yk	68420
274	1500000000000049114	Genjou	68396
275	200000000000025045	むはさ	68200
276	400000000000049007	高森ひびきんP	67999
277	700000000000073551	☆ 輝きの婿 小川A ☆	67952
278	1300000000000005138	めてぃ	67865
279	700000000000091605	こんがり生肉	67703
279	1200000000000009528	チェックマン	67703
281	1000000000000070863	ジャベリン	67645
282	1100000000000019336	スクリュードライバー	67548
283	300000000000081679	とっても	67465
284	300000000000001997	AY80	67372
285	700000000000055515	田中直樹	67336
286	1200000000000099977	胡麻@同僚募集中	67334
287	800000000000009057	ポアロ	67309
288	200000000000092225	ぼんごれあっぷる	67297
289	700000000000039199	ケンジ	66924
290	1100000000000033900	HIKO	66893
291	500000000000008473	がくてん	66622
292	72805	mach	66528
293	400000000000015064	san	66111
294	400000000000048286	はたかお@	66068
295	800000000000041962	まつー	65987
296	1100000000000044460	りょう	65911
297	700000000000079413	ヨハン	65877
298	1400000000000057542	かろっぽいど(	65842
299	300000000000033677	カオリ♂P	65820
300	400000000000056349	hiya	65799
301	400000000000004167	Ураガンキン	65794
302	400000000000085291	ランディ	65758
303	1500000000000007331	鍬形兜虫すけべ	65727
304	700000000000076705	ティアマト	65654
305	28155	チアキんぐ	65602
306	300000000000010825	まさヤン	65243
307	1500000000000052636	Nohaea	65106
308	1400000000000081290	ゴーレム中谷	64809
309	1200000000000052360	もよP	64612
310	1500000000000000029	ふぶき	64533
311	1500000000000097761	ヒデ	64525
312	300000000000041136	金星蟹	64451
313	700000000000099976	夕暮	64252
314	400000000000000165	katze	63939
315	1100000000000076692	ヒメブレン	63926
316	200000000000074660	ｑｗｅ	63906
317	600000000000051715	Tomoya	63686
318	900000000000091622	ぷっちん	63442
319	400000000000022915	鼻唄【要請×】	63437
320	500000000000076385	ディエゴ	63390
321	1200000000000002975	メルデキア	63364
322	1000000000000082961	グリーゼP	63022
323	1500000000000015578	せらむ	62979
324	1100000000000054036	ZAP	62799
325	1200000000000075988	おおぬき	62584
326	51829	ラビオレ	62508
327	600000000000012284	ぶっふぉん	62274
328	1400000000000007581	トグサ	61917
329	700000000000074545	じゃんじゃか	61618
330	100000000000080845	hoz	61567
331	200000000000037366	910P	61509
332	1400000000000000145	黒崎	61423
333	300000000000092701	メロナ	61307
334	1100000000000020509	たけむに	61291
335	200000000000097080	もやし	61084
336	1300000000000000436	シャッフル	60802
337	600000000000074576	ひか	60683
338	300000000000005123	113	60518
339	1100000000000095640	リンゴ	60501
340	1500000000000027862	しそもり	60483
341	500000000000036994	チケットが見えないMash	60400
342	900000000000086390	トモカネ	60099
343	15476	ガナドール	60062
344	300000000000013136	トラファルガー・ロー	59911
345	1500000000000086625	ごっつ	59700
346	1300000000000077928	麦	59443
347	500000000000003422	セイジ	59368
348	1000000000000050917	彰	59057
349	700000000000092324	サブロク	58906
350	1000000000000081814	夜叉丸	58890
351	1100000000000081986	kazetuba	58847
352	1100000000000022876	飛鳥	58673
353	1500000000000027454	懐中時計	58657
354	1300000000000075243	とんこつらぁめん	58527
355	400000000000010962	鈴風@ふわふわ監督	58437
356	600000000000042492	ＫＪ	58431
357	300000000000022294	遊鎬P@韓国の紗代子Pです、紗代子のカード全種保有中! 同僚募集中です!	58288
358	800000000000065044	Hiroshi	58162
359	900000000000032528	エピ	57936
360	600000000000096079	kukeko	57864
361	1400000000000073201	シン	57740
362	1500000000000024448	カズキ	57716
363	400000000000009164	スバル	57545
364	1400000000000019162	たかや	57522
365	200000000000015810	3Hue	57008
366	700000000000003377	ぶやし！！	56729
367	1100000000000050740	にょろ	56585
368	1000000000000006127	まやや	56088
369	400000000000076029	あざらしあこ	56074
370	900000000000001543	Tomo_Sayaendo	55790
371	100000000000009362	ガッテン@BMD相互埋め募集	55560
372	500000000000001416	肉体の疲労感	55507
373	1000000000000003161	さんどめ	55442
374	800000000000039177	Tourane	55289
375	800000000000096138	むん	55039
376	1100000000000008447	ぐんたま	55018
377	500000000000001872	ユウ	54875
378	800000000000046422	タコショウ(寒いの嫌い)	54680
379	1200000000000014008	はたはた	54671
380	82382	弦奏	54126
381	300000000000009208	SHlNJl	54062
382	700000000000003706	けふぃあP	54058
383	1100000000000095433	ヴォイテク二等兵	53914
384	1100000000000099359	衣笠	53801
385	100000000000003471	しん	53729
386	900000000000023147	逆ぶちメガネ	53676
387	1300000000000042758	ＷＲＩＮＥ	53563
388	1000000000000015975	ひでお	53192
389	700000000000096825	koko	52958
390	600000000000061471	晩夏	52817
391	600000000000027996	けんけね☆餃子にはビールやね(*´∇｀*)☆	52745
392	700000000000055850	あずにゃら	52455
393	400000000000011419	ラストスミスミス	52119
394	1000000000000063187	氷雨@ひさぼっち	51827
395	300000000000000092	アカリ	51784
396	1300000000000019499	ゆたろ	51714
397	1500000000000055142	boi	51545
398	1400000000000054836	種田未来	51451
399	17083	zonghy	51233
400	800000000000040089	hibiki	51198
401	1000000000000050816	トム	51180
402	1200000000000085317	しお太	50907
403	86962	ヤンソ＠同僚募集中	50873
404	1200000000000005548	痔もやし	50812
405	61666	夕凪	50673
406	800000000000055813	しゃあぽ	50626
407	1300000000000009263	みのるＰ	50120
408	1300000000000079642	夕鈴	49919
409	1400000000000016728	トッチ	49682
410	1100000000000003043	鍛冶屋	49640
411	700000000000002843	よどどの	49606
412	1000000000000006925	キャッスル	49563
413	800000000000029934	松風@同僚募集中	49408
414	500000000000010886	A-RY	49357
415	700000000000040162	くらいま～♪	49307
416	500000000000000496	バイバ	49181
416	1200000000000098040	mtk	49181
418	1500000000000002284	はのひと	49179
419	900000000000008340	スズミヤ	49026
420	88313	ユン	49007
421	100000000000087368	こもりきり	48933
422	100000000000006150	一文字ライダー	48312
423	1400000000000001141	せきずい	48144
424	300000000000010800	ta-cos	48032
425	300000000000027586	エイム	48027
426	200000000000078220	あむ	47887
427	800000000000007070	山田	47640
428	600000000000050280	ジョゼ山	47598
429	700000000000053912	もぐ	47141
430	1100000000000029669	Toyo	47015
431	800000000000057622	りぷ	46935
432	200000000000077989	Ｚ	46834
433	200000000000019877	とっさん	46801
434	1000000000000027145	ピクミン＠( &#728;ω&#728; )	46785
435	1100000000000065745	ライダー	46344
436	700000000000004400	河城にとり	46325
437	700000000000078053	キラ	46323
438	1100000000000009411	index	46083
439	200000000000009538	《莉緒ちゃん愛し隊（非公認）》柿P(rook)	46057
440	300000000000007162	ﾊﾞﾃｨｽﾄｩｰﾀ	45588
441	1000000000000072250	IPenter	45537
442	1400000000000000461	ほるもんP＠BMD相互埋め(出:莉緒姉、このみさん)	45468
443	400000000000017521	平沢ヒラリー	45452
444	1200000000000052025	Aisha	45371
445	1200000000000058473	しばお	45207
446	1200000000000018075	幹人	45192
447	300000000000042236	379	45128
448	500000000000001430	kakao	45098
449	500000000000057212	よかん	44981
450	800000000000026331	なーしぇる	44950
451	400000000000003506	六花	44808
452	1500000000000047039	あんすず	44800
453	300000000000050533	らみふね	44792
454	900000000000049106	肉味噌太郎	44722
455	200000000000096299	リュッペ	44602
456	800000000000009990	楠桜	44468
457	1300000000000081573	グルグル	44445
458	1400000000000022044	Max	44440
459	1100000000000005414	Ulick	44390
460	1100000000000003002	Besucher	44259
461	1500000000000083727	睦月 雪(元Snow)	44228
462	1100000000000001788	†ARIA†	44080
463	1100000000000014384	さわーとまと	43920
464	44349	カネヤン	43917
465	1300000000000038991	よっち	43720
466	1300000000000002741	しろ	43357
467	700000000000037424	ケイト２	43309
468	100000000000010256	はるにゃんP（4th行ける！やっぱりイープラスは女神！天使！ちひろ！	43068
469	1300000000000097866	つるったー	42985
470	8996	ラジペン	42958
471	93343	レイ	42886
472	1000000000000096642	コジコジP	42845
473	1200000000000062260	武藤P@韓国P,追放者	42839
474	1500000000000097483	キール	42617
475	200000000000003412	ゆりしゃん	42586
476	1300000000000059134	ユズリハ	42468
477	100000000000033514	j1	42169
478	1000000000000011272	Storia	41980
479	85342	しのぶ＠速射特化	41680
480	26152	ケンズィ	41413
481	800000000000073768	rikku	41371
482	300000000000043889	taka	41203
483	1000000000000091526	さんご	41163
484	300000000000081285	桔梗	41098
485	1100000000000050467	ヒゲ	40931
486	1000000000000005870	tkm	40896
487	100000000000001164	カロリー	40716
487	1100000000000098031	すたーすくりーむ	40716
489	500000000000003704	ぬるま湯	40672
490	1500000000000003747	いぐ	40651
491	500000000000038969	Blue_Luna	40630
492	400000000000002494	ひのれん	40569
493	1100000000000074788	sinzi@ＢＭＤ亜昴　求）最未杏朋宮佐琴歩福姫憐風ジ瑞　以外	40487
494	800000000000000038	Light88	40122
495	700000000000002943	朔乃	40055
496	700000000000042163	ヨシ	39925
497	1000000000000007108	アイン	39478
498	900000000000005802	コザ	39384
499	1500000000000006780	えふけん	39215
500	800000000000026228	ヒジリ	39167
501	1200000000000023279	とっち	39137
502	900000000000048708	もみゆず	39095
503	100000000000052246	にふる	39056
504	800000000000019301	湯の華	39005
505	1000000000000006849	顎髭	38904
506	1697	空希	38887
507	300000000000001351	ライア(招待×)	38811
508	400000000000062602	りゅう	38671
509	300000000000004859	クレア	38551
510	1100000000000061673	くまモン	38485
511	100000000000096829	しいろ	38250
512	600000000000077888	あうぐぅ	38132
513	1400000000000006409	gamp	37966
514	400000000000077737	水没	37906
515	1500000000000046531	自由（）	37815
516	1500000000000037791	あきぽん	37264
517	400000000000000143	こんにゃく	37246
518	1200000000000084184	ほんでぃ	37172
519	400000000000045512	とにかく明るいおしるちゃん	37167
520	100000000000031075	モレ	36974
521	1500000000000034006	ゴリラさん	36826
522	1500000000000005838	丼ちゃん	36728
523	700000000000077028	モヒカン	36652
524	500000000000045869	jin	36595
525	700000000000014153	くろにゃん♪【△間に合えば全力】	36583
526	500000000000100085	黒猫	36512
527	800000000000010884	くわマン☆二世	36422
528	1100000000000015498	ケビンマスオ	36317
529	73271	ペス	36289
530	1200000000000021780	うな	36288
531	1400000000000001688	海月	36232
532	60834	むせき	36222
533	300000000000062065	バルスカ	36217
534	600000000000015958	みかけや	36146
535	1000000000000022030	スイッチ	36036
536	13752	ねひこじ@同僚募集	35973
537	100000000000000028	いまち@同僚さん募集中	35936
538	100000000000095211	烏山	35916
539	900000000000010227	イッシ	35737
540	1500000000000009933	oz	35732
541	1500000000000053634	おーぶん	35729
542	100000000000009908	りんと	35686
543	500000000000074196	若鷹	35669
544	200000000000027830	a23a1438	35649
545	500000000000012679	悠	35647
546	1300000000000026751	ゲン	35629
547	1300000000000070814	ria	35505
548	1400000000000043289	J	35482
549	1100000000000097881	夜夏	35479
550	1100000000000006305	akila	35437
551	1300000000000008018	ファスフィー	35424
552	400000000000052042	神宮寺コゴロー	35388
553	100000000000097426	やじう	35369
554	900000000000096544	とるみす	35366
555	900000000000010124	凡骨	35272
556	500000000000061889	はるさん	35258
557	1000000000000097753	GO★MI	35247
558	5346	あじへい	35245
559	1500000000000083536	鳩ぽっぽ	34979
560	500000000000029130	ぢろ	34960
561	1300000000000037454	えみ@G	34868
562	1000000000000005562	賭博開帳図利幇助笠原	34851
563	75253	noname	34840
564	1200000000000054199	コジェネ	34824
565	1400000000000023407	シアン	34741
566	900000000000026956	わ～や	34699
567	1400000000000000438	r8492	34681
568	700000000000001435	青柳ユキ@つむぎ	34680
569	800000000000077575	スバル乗り	34597
570	1400000000000061133	ミキツバ@セキト	34574
571	300000000000095429	ごなーるえふ	34395
572	1400000000000051476	真太郎	34215
573	200000000000088443	Malate	34052
574	500000000000062927	白玉	34036
575	300000000000000919	あるんか	33946
576	400000000000000715	トラ	33920
577	400000000000092961	かつみ＋	33901
578	300000000000003013	ラモックス【ドリ細々と再開しますた。】	33882
579	800000000000010209	アース	33642
580	1200000000000079988	aoatn	33627
581	1500000000000003442	しろん	33466
582	600000000000054960	ぬま	33428
583	700000000000024007	N_フジグスクP	33325
584	800000000000098353	春野菜	33321
585	400000000000085634	椎名久遠	33240
586	1200000000000061662	コルチャック	33212
587	1300000000000048975	べーさん	33010
588	900000000000018735	ピーチ	32960
589	1200000000000070538	ですおせち	32956
590	500000000000079143	はる	32949
591	400000000000004824	零式	32739
592	1100000000000050156	笹	32735
593	800000000000081326	１-Ch	32715
594	900000000000032145	タスク	32663
595	1500000000000051348	るぴ	32637
596	1300000000000095674	wovex	32626
597	15405	ブリ	32504
598	1500000000000019376	ZERO(Watch wish keen interest!)	32388
599	700000000000000895	黒野	32376
600	800000000000092385	あかさたな	32360
601	1400000000000035005	mochi	32352
602	600000000000045433	さく	32273
603	800000000000021243	紗季☆	32214
604	800000000000000607	ろじ	31901
605	1100000000000013918	わっふる	31842
606	100000000000036531	アンテナ	31830
607	1300000000000001024	しゃおろん	31824
608	700000000000044963	ナオ	31822
609	200000000000076241	花凛奈	31775
610	800000000000008378	サバミソ	31659
611	1000000000000000403	はこ　（マッタリ仲間募集中）	31540
612	100000000000022859	しゃらら	31491
613	1000000000000037865	沢庵和尚	31439
614	900000000000022231	たねやん	31317
615	400000000000005323	ｿﾙﾄ&ﾋﾞﾈｶﾞｰ	31309
616	57022	ヨウタカ	31249
617	400000000000077674	みぃ軍曹P	31235
618	1100000000000096983	働きたくないも	31219
619	1200000000000020104	りょ	31110
620	1400000000000037799	かーず	31000
621	1000000000000044699	ソコム	30999
622	1000000000000001860	ぽんこつ	30896
623	1300000000000077313	キリシマ	30860
624	800000000000004419	ジジイ	30774
625	1500000000000056637	prince	30702
626	900000000000000417	かくばる	30676
627	800000000000039076	わいけー	30660
628	200000000000038690	タロウ	30552
629	300000000000056877	cia	30540
630	200000000000047869	すてご	30487
631	500000000000097094	よっしー１	30446
632	800000000000003184	ティムパウム・Ｈ・フィンフィリオン	30381
633	500000000000003358	ゴマ	30254
634	500000000000023255	九十九	30224
635	700000000000058222	キビタキ	30187
636	4343	あきあき	30119
637	42952	あかり	30057
638	1400000000000097209	小川孝信	29908
639	1000000000000097230	デュラ	29844
640	1300000000000032483	リンク	29835
641	1100000000000000148	YKO	29773
642	300000000000049112	イエッタ	29718
643	200000000000054934	氷雨	29712
644	900000000000050477	ぴ～(o・∇・o)	29645
645	1000000000000020156	T.M.	29612
646	1200000000000097595	ハルオＰ	29477
647	1100000000000024577	あうあう	29235
648	1400000000000054758	たこぽん	29158
649	100000000000026172	skta14	29149
650	400000000000000310	ケイゴ	29146
651	700000000000072187	おかわり	29123
652	100000000000005975	noi	29078
653	300000000000000069	にく日記	29069
654	200000000000007431	m_t_g	29039
655	1400000000000098918	緑の奥様	29038
656	590	ルナ	29000
657	400000000000061756	つかりん	28983
658	1100000000000022631	13式歩兵	28973
659	1300000000000000601	つかいば	28953
660	1200000000000005500	のっぺ	28944
661	100000000000054038	トリプルデイP	28913
662	101397	ももも	28748
663	400000000000064654	ぶれゐぶ	28673
664	400000000000002946	tomipuro	28671
665	1300000000000073095	Whitetear	28667
666	32197	イチ	28620
667	1000000000000053348	あふろ	28420
668	1100000000000080105	タッキー2011	28334
669	200000000000033203	コバ	28324
670	200000000000031545	ヤマト＠	28264
671	700000000000084843	ぐっとくる.com	28260
672	500000000000003462	まったり	28243
673	800000000000021919	紅めがね	28237
674	1500000000000046845	TAKAJ	28231
675	1500000000000006097	うすけ	28188
676	1000000000000024466	無題.	28183
677	600000000000003761	つっき～@ゴッテス・オブ・なんちゃら	28050
678	100000000000007170	ＲＰＤ１７	28020
679	100000000000005384	マー	28009
680	500000000000012516	りこ	28007
681	300000000000046253	じとね	27962
682	1400000000000054000	もるじい	27893
683	1100000000000082897	こばっち	27880
684	700000000000005950	レネ	27833
685	1400000000000045246	ゆん	27763
686	900000000000005916	ひお(多忙)	27756
687	300000000000011927	じゃらし	27701
688	1500000000000000266	aran	27684
689	300000000000004573	ベルナルド	27664
690	700000000000044531	サナリィ♂	27662
691	700000000000006328	病み鍋	27643
692	1300000000000003337	マシュマロ	27626
693	800000000000013105	ろまね	27583
694	1300000000000052940	くるぶし	27560
695	1000000000000002991	ぺっぺ	27506
696	100000000000101592	紫苑P	27483
697	900000000000050490	ミッタム	27392
698	200000000000031955	ヒッキー	27360
699	200000000000004429	はくれい	27306
700	1400000000000076333	焔	27280
701	1000000000000008772	デューク	27200
702	900000000000004928	ランデ	27177
703	400000000000017253	やま♂☆※無(..)	27139
704	500000000000074496	水月 しずく	27135
705	800000000000003639	PKDICK	27126
706	600000000000005484	でっかち	27048
707	600000000000081675	Hwan	27007
708	47090	shinji	26910
709	1100000000000004099	TAN	26896
710	800000000000055443	ドーマサ	26841
711	1400000000000013888	タカヒロ	26792
712	500000000000086576	ヤス	26788
713	1000000000000052328	neeem	26671
714	1300000000000015013	かざはな＊	26664
715	800000000000049575	Yeaoh！	26660
716	1200000000000033434	Vermilion	26649
717	900000000000081014	トモ	26648
718	600000000000050862	和春	26598
719	100000000000023703	よー	26556
720	400000000000003278	こづこづ	26532
721	800000000000015120	ジェロニモん	26517
722	1000000000000003349	ごん	26427
723	1300000000000047673	吊橋哲	26316
724	900000000000000010	ジャイ	26305
725	1500000000000087809	toa	26227
726	200000000000025589	ホリー	26209
727	1100000000000010823	さるまた	26183
728	1300000000000032293	烈桜	26120
729	1200000000000024896	うりぼっくり	25892
730	500000000000075280	かきゅーしゃ	25864
731	1500000000000044662	きょん	25857
732	22385	雅坊	25827
733	1200000000000044367	ﾚﾐﾘｱ･ﾄﾗﾝｻﾞﾑ･ｽｶｰﾚｯﾄ	25801
734	1000000000000003314	カズ	25746
735	1100000000000027568	ゴットン	25694
736	900000000000046580	はーちゃん	25683
737	1200000000000011605	アネ	25680
738	500000000000013468	ゆうりん@ようやく連勤終わり♪	25671
739	100000000000075741	ラーマ	25624
740	500000000000006157	89	25623
740	600000000000099906	Elwood	25623
742	1100000000000084756	エンレキ	25618
743	100000000000012762	チハ	25600
744	1200000000000001132	レノマ	25599
745	1300000000000024575	かた	25521
746	800000000000073434	瓢箪	25487
747	900000000000011568	ヒカル	25477
748	1000000000000000418	たけ	25377
749	700000000000029676	グレートsatlliteさんDX〈スマホ移行〉	25357
750	18219	デットプール	25354
751	1500000000000083457	クラP	25313
752	1400000000000053713	vit-symty	25273
753	200000000000004799	S-CoKe(coke P)	25250
754	1000000000000083702	パチざえもん	25193
755	1300000000000006178	BLUEBOY	25183
756	600000000000000175	ざんにょー	25154
757	1000000000000096053	Steven	25143
758	900000000000080182	Yukon	25099
759	500000000000002723	スティーブ７	25098
760	1400000000000018770	shero	25080
761	1400000000000101433	ありんこ	25041
762	1400000000000085891	こけし	25040
763	100000000000000177	モトラッド	25026
764	600000000000019054	希	24982
765	1000000000000047736	やぎっち	24935
766	1000000000000010333	kg	24930
767	1100000000000054464	カヤ	24916
768	700000000000078307	March	24914
769	700000000000029269	クマノ	24879
770	1400000000000003131	はっぱ	24830
771	400000000000085656	ねヴぁりん	24789
772	700000000000005299	達磨大臣	24783
773	200000000000092418	泡月	24782
774	600000000000097886	zoe	24769
775	700000000000002644	masa	24763
776	600000000000012007	ぴっぴ	24719
777	200000000000005391	HRK@Gravity	24701
778	500000000000101170	いぬ	24664
779	400000000000037910	yukiha	24640
780	900000000000051182	黒猫	24626
781	1000000000000078091	ノワール	24595
782	400000000000019104	キリツグ(うーろん)	24571
783	100000000000014598	オネション	24533
784	1100000000000004008	麻莉亜	24526
785	700000000000084351	ぬこ	24480
786	100000000000025787	<Ko-1>さんちのメイドラゴン	24429
787	1500000000000042650	ゆりんねあ	24417
788	1100000000000005506	ゆっけ	24400
789	300000000000026093	ヒロミン	24365
790	400000000000074688	ひげがえる	24351
791	300000000000052106	レス	24324
792	100000000000092161	クロスムーン	24320
793	600000000000031463	ＢＢ	24299
794	600000000000080857	HK	24273
795	100000000000002526	モーニングハロー	24269
796	800000000000002715	KEG	24244
797	400000000000097037	riki	24123
798	25190	いがらす	24100
799	100000000000032214	ニック	24091
800	500000000000005450	名無き人	24090
801	600000000000047104	猫島犬右衛門	24027
802	600000000000096936	sheryiu	24018
803	1500000000000000016	Veil Of Elysium	24005
804	200000000000002917	すずむし	23996
805	93513	茶太郎	23951
805	1200000000000001968	全憮雛	23951
807	1500000000000031680	だぞ。	23949
808	2566	枠番連勝複式（南蛇井）	23946
809	200000000000092328	小雀	23927
810	100000000000037339	ジン	23896
811	1100000000000007356	つきよの＠最強の傍観者	23867
812	82715	ジェフ･ウィリアムス	23838
813	100000000000013777	真江爺	23773
814	800000000000095422	ビスコ	23751
815	900000000000051916	わかば	23655
816	800000000000091539	ＴＡＫＵ	23643
817	400000000000000402	Mure	23600
817	700000000000046430	トーア	23600
819	600000000000008045	ヤス	23595
820	1100000000000019478	ヤッシー	23585
821	500000000000056651	JHONY	23574
822	1100000000000000053	さくら	23560
823	1100000000000031136	しーしー	23540
824	500000000000042468	ウリボー	23500
825	500000000000098458	みけ	23466
826	1500000000000091175	Air	23464
827	1300000000000006010	まてぃーに	23368
828	53574	早羽風凛	23283
829	1400000000000082626	サーナー	23266
830	1500000000000080085	Sel	23219
831	700000000000000289	あの日見たＰの名前を僕達はまだ知らない。	23181
832	76289	あまね	23163
833	500000000000077581	ツライタカヒロ	23105
834	800000000000001520	みぃ	23042
835	400000000000009661	デンチュラのモノマネ全一	23016
836	700000000000004401	ガイスト	23001
836	800000000000048867	Ｄ９０（釣り、ドリ放置します）	23001
838	1100000000000080054	ねこにん	22963
839	700000000000028751	ＢＬＵＥ　３	22918
840	1000000000000004474	スコッチ	22860
841	1200000000000056392	こいこい	22844
841	1500000000000005809	とどめなぎ	22844
843	1200000000000000348	tyoriso@BMDひなた相互	22839
844	1300000000000028958	うみんつ	22802
845	1200000000000034434	しおん	22790
846	1200000000000091056	小林	22734
847	1100000000000031388	うれとお	22728
848	600000000000040308	やまやまたん	22655
849	300000000000034113	めえさん	22595
850	1500000000000056638	Ｒｉｎ	22374
851	1400000000000020146	ステファ	22366
852	700000000000096802	蒼海P	22312
853	900000000000003862	李穏	22299
854	1000000000000051617	cocoa	22285
855	300000000000000747	なつ	22270
855	500000000000080575	るぅー	22270
857	800000000000049088	きょや	22247
858	600000000000000367	ここあ	22200
859	46791	にこれっと	22196
860	500000000000037374	ORANGEPEKO	22184
861	600000000000038053	伊坂蒼 しばらく休漁	22138
862	1000000000000097322	ケイ	22107
863	200000000000007636	LUA.	22064
864	1400000000000004632	kajusan	21927
865	25819	ジャスティス	21877
866	50477	クリスズ	21807
867	85903	二条	21738
868	300000000000029127	ゆっきー	21730
869	700000000000016257	マモル	21722
870	1000000000000075239	松上	21720
871	1300000000000063198	たらば	21710
872	1300000000000074726	バリ子	21580
873	500000000000080556	musi	21525
874	1500000000000001847	平渡	21504
875	1400000000000082325	アギネス	21501
876	1200000000000011734	ゆきひら	21478
877	55586	ちつむふ	21461
878	600000000000078564	eizn	21407
879	1200000000000002940	タイラー	21399
880	1400000000000055344	ちいろ	21389
881	1100000000000002110	へとー	21348
882	87515	伊吹☆諒	21336
883	700000000000076151	taka12345678	21303
884	1500000000000034990	やっち	21300
885	400000000000074267	Player 1002974052	21266
886	900000000000046917	くになが	21249
887	1100000000000011076	あにあに	21243
888	600000000000051629	yzk	21216
889	1400000000000015939	窓六	21152
890	100000000000034025	ノヤマ	21144
891	500000000000054232	ムネオP	21116
892	400000000000001245	†智也†	21091
893	1000000000000056312	☆チェリオ☆	21084
894	300000000000101053	エクレール	20995
895	1400000000000092352	おひょう	20984
896	1400000000000095305	エイジュ	20981
897	1100000000000000019	あとら	20899
898	300000000000003608	るりょう	20888
899	900000000000091887	HIRO	20850
900	1200000000000010717	にしおり	20823
901	400000000000085206	あんにん	20744
902	1200000000000018850	コーリン	20732
903	81467	Gyuri	20669
904	100000000000034059	ほむら	20662
905	1200000000000037690	ガオ	20644
906	200000000000010124	マサヲ	20636
907	95343	クロガネ	20629
908	500000000000062369	bamboo12	20618
909	1500000000000002021	Ｋｕｒｏｆｕｎｅ	20530
910	300000000000006479	VARIS	20523
911	700000000000007623	さとし	20511
912	400000000000073761	ホリ	20503
913	1500000000000075367	いお	20501
914	900000000000060463	ブラムド	20500
915	93975	つるみん	20492
916	1200000000000062452	ジョージ	20481
917	1500000000000086678	morisoba	20475
918	500000000000005964	Noukin	20470
919	200000000000020575	エルニーニョ	20455
920	900000000000085666	ちさ(21)	20440
921	700000000000002015	カミケン	20432
922	500000000000051872	しおみせな	20348
923	600000000000036853	カグヤ	20289
924	1400000000000014478	すえ	20221
925	1200000000000002146	バンバp	20188
926	1100000000000002901	shiki	20163
927	1500000000000001897	エイジャァ	20098
928	500000000000018437	とっくん	20071
929	100000000000005094	KTP	20062
930	1000000000000036511	suwakko	20055
931	1676	チロ	19992
932	1000000000000039172	haityu1998	19985
933	1500000000000028536	いーまん	19964
934	1500000000000058354	ティクス	19930
935	900000000000000887	らいず	19895
936	2923	キョウ	19892
937	1300000000000004188	ふぉるちす	19890
938	600000000000101647	はる	19874
939	800000000000002823	海苔	19859
940	1100000000000005625	かずし	19782
941	85316	kaz	19773
942	35515	Morinse	19727
943	500000000000053316	ナマコ	19676
944	700000000000035622	もりもり	19675
945	100000000000015878	セクシーyanpi-姉さん	19663
946	200000000000080309	ぶぷーる@北斗	19646
947	1500000000000074909	大和	19592
948	1300000000000022192	かずま	19586
949	1500000000000061689	ko-hey	19584
950	1300000000000097975	おもち	19581
951	1100000000000031501	あんど	19560
952	300000000000076523	緑柱石	19488
953	900000000000000560	もか	19449
954	900000000000005485	ISO	19411
955	200000000000026247	桜井	19400
956	1300000000000069393	それなり	19388
957	1000000000000093641	ハゲ	19382
958	600000000000018172	よしお	19287
959	200000000000095436	NULLlu	19249
960	1400000000000097834	まなお	19244
961	900000000000027624	maha	19231
962	600000000000004063	水無月@HHP+ルージュ8枚千鶴道場(お休みですわ)	19204
963	200000000000097046	万字丸	19194
964	26857	さつまいも子	19193
965	200000000000031902	^ ^	19188
966	100000000000020126	りょう	19185
967	200000000000050827	ありと	19184
967	1300000000000051167	まくま	19184
969	1000000000000077180	yuzuriha	19139
970	800000000000086524	白さゆ	19132
971	1500000000000031939	sub	19093
972	500000000000008495	ぴれす	19084
973	27378	ウェルテル【空◎要△】	19060
973	1300000000000027828	カンタロス	19060
975	300000000000000802	虚雲（∵)Φ凪	19045
976	1200000000000005575	エビ地理@グリマス	19030
977	300000000000075218	シャイリー	19026
978	1200000000000007134	のうりん	19019
979	800000000000048046	☆～花桃燈～☆大物お休みしますm(_ _)m	19007
980	1300000000000055067	NHK	18951
981	200000000000036625	かず	18935
982	900000000000060882	tei9999	18798
983	69346	みきたん	18711
984	400000000000005940	もんがぁ	18699
985	200000000000021272	プリンス	18688
986	4215	セージ	18643
987	1000000000000007755	S＠	18566
988	1400000000000026917	ねこポチ	18558
989	400000000000060900	キング	18441
990	900000000000056049	javajaP	18292
991	100000000000080854	bonafides	18240
992	400000000000003683	けるん	18224
993	500000000000074649	ドーミエ	18220
994	600000000000079642	うー	18209
995	85368	モリキミ	18160
996	600000000000067449	Player 1002146742	18150
997	800000000000016101	やすべえ<釣り･ｸﾘ･ﾊｺﾆﾜﾎﾞﾁX2中>	18135
998	438	コリドー	18121
999	88484	あおぎり	18088
1000	100000000000052638	ryuka17	18085
1001	34003	セッキー	18052
1002	600000000000035392	ナベ	18013
1003	2107	取石葉月	17966
1004	1000000000000074720	とーふ	17923
1005	800000000000039407	カイズ	17901
1006	800000000000038690	YS11	17880
1007	1300000000000020863	コロンボ	17848
1008	600000000000011695	空我水龍	17819
1009	1300000000000038080	タク	17738
1010	1000000000000097204	くみちょー	17684
1011	80914	未来完了	17683
1012	1200000000000007761	セール	17664
1013	600000000000028578	カロン	17658
1014	700000000000000966	ハードケース	17637
1015	800000000000052161	冬牡丹	17632
1015	1400000000000002582	名無しのオプ	17632
1017	900000000000079168	マチダ店員	17600
1018	100000000000085301	GTHM	17581
1019	800000000000076257	白滝	17529
1020	1100000000000001385	ワーダーマン	17526
1021	1000000000000054378	黒いマカロニ	17512
1022	500000000000034535	イーバス	17495
1023	300000000000093803	Yuiha	17473
1024	400000000000058275	ゴリットソン	17441
1025	900000000000015816	八つ橋	17437
1026	500000000000098424	xemnas	17420
1027	1200000000000010286	どしどし	17413
1028	1000000000000100838	いろはす	17383
1029	1400000000000084061	ヴぁい吉	17352
1030	600000000000048389	ユセリア	17350
1031	1400000000000002268	きさ空○要請△～×	17330
1032	700000000000002375	YUKI	17313
1033	1300000000000054845	ジョニー	17281
1034	100000000000049608	ヘイグン	17253
1035	300000000000003990	　アスカ	17196
1036	800000000000032466	めがね	17149
1037	300000000000098929	Panadaji	17145
1038	300000000000086982	真紅	17125
1038	500000000000010127	Nicholas	17125
1038	800000000000018162	アリンコ	17125
1041	300000000000083539	清隆	17114
1042	300000000000044222	SHIN	17078
1043	500000000000081767	カーター	17051
1044	1000000000000082436	らいどう	17044
1045	1000000000000080573	伊藤伸恵	17037
1046	80325	ネムイ	17036
1047	400000000000004402	ショウタ	17016
1048	1100000000000030772	ムツミ	16993
1049	1200000000000098045	はどそん	16957
1050	300000000000034839	ムギ	16856
1051	1000000000000003926	ひしゃく	16843
1052	900000000000079776	くにさん	16800
1052	1200000000000000410	ダンカン	16800
1054	1200000000000093011	無道まりも	16773
1055	1100000000000093230	シマイヌ	16764
1056	1400000000000094675	マサラ	16757
1057	20277	ししょう	16756
1058	700000000000085917	折敷	16740
1059	1500000000000007106	佳人薄命	16690
1060	1300000000000055925	LIN.	16671
1061	500000000000010696	KEI	16608
1062	1500000000000093035	みみ	16566
1063	600000000000004613	Eisuke	16552
1064	1500000000000002953	ho	16548
1065	300000000000081745	クーニャ	16545
1066	200000000000031876	ぞうさんの	16541
1067	1400000000000044519	じまじま：OFF	16533
1068	500000000000047865	シン	16435
1069	1200000000000024268	くろ	16326
1070	1200000000000098088	えだてつ	16303
1071	500000000000085425	紅 速人（たけっつぁん改め	16295
1072	300000000000003102	クロノス(iphone)	16252
1073	1300000000000098907	siki	16241
1074	1200000000000024567	Zack	16214
1075	600000000000000272	ぬん	16192
1076	600000000000015947	ハイド	16156
1077	100000000000008944	オーバー40	16113
1078	200000000000100007	ロウリュ	16092
1079	1300000000000015888	Takapikata	16042
1080	500000000000004695	アリス	16021
1081	600000000000079819	りあむ	15999
1082	1400000000000028374	yskmg30	15960
1083	300000000000085776	なつ	15919
1084	1300000000000009732	ひろす	15871
1085	9795	あいち	15864
1086	200000000000075940	タニシ	15791
1087	400000000000004068	こあさ	15772
1088	1100000000000000041	yu-ki	15765
1089	700000000000003783	pache357	15735
1090	700000000000018008	エイトベアー	15722
1091	900000000000100174	あ	15707
1092	61629	ほっちゃん	15690
1093	400000000000028733	rkiho	15680
1094	5333	アズマ	15631
1095	100000000000045117	☆ケント￡☆	15607
1096	1000000000000019827	サドラーズ	15594
1097	1200000000000080976	茶茶	15550
1098	400000000000083216	えりか	15476
1099	1300000000000019511	もりりん	15440
1100	1200000000000027590	じゅん	15390
1101	1500000000000082129	通り雨の隣	15378
1102	500000000000003417	うなうな	15377
1103	900000000000055542	加速	15360
1104	900000000000050441	ミルクティー	15312
1105	900000000000015440	りゅうさん	15285
1106	1200000000000033081	れた	15274
1107	1300000000000101145	ろでお	15264
1108	300000000000045978	seito	15255
1109	300000000000052714	にとりん	15206
1110	29228	あきら	15184
1111	200000000000045105	tetsuya	15170
1112	400000000000024811	ＮＧ	15168
1113	800000000000061912	湯谷温泉	15165
1114	1500000000000094079	渓	15100
1115	500000000000068061	SubaSuba	15077
1116	700000000000002599	時雨	15052
1117	700000000000008833	天矢	15033
1118	73926	freestan	15019
1119	900000000000007715	ダイ	15016
1120	85495	かいろ	15010
1121	300000000000033205	おぎちか	15006
1122	200000000000053737	izumi	14973
1123	600000000000071918	おおいぬ	14968
1124	1300000000000022859	ミト	14926
1125	1500000000000081047	フレウ	14910
1126	300000000000051148	カニツ	14890
1127	300000000000023155	あき	14864
1128	900000000000100579	エリック	14829
1129	800000000000072397	ＴＭ４	14788
1130	300000000000095844	しまむら	14747
1131	1100000000000097753	ぶし	14684
1132	600000000000010110	タマ	14674
1133	700000000000018149	おさる	14667
1134	1200000000000094760	えい	14660
1135	800000000000053212	さか	14655
1136	400000000000003599	やのP	14627
1137	53487	asts	14607
1138	2741	マイタ	14581
1139	1200000000000001523	ｲﾉｲﾉ(ｺﾒ返せない時はｺﾞﾒﾝﾅｻｲ)	14538
1140	1200000000000025530	イベリス	14529
1141	400000000000020862	SHAKER	14508
1142	700000000000024028	ヒロ君	14466
1143	1400000000000001079	おたこれ	14446
1144	100000000000012029	たこわさB	14392
1145	1000000000000001523	さやか	14391
1146	76853	conquest	14343
1147	500000000000029805	曹田　龍矢	14286
1148	93737	サラダ記念日	14284
1149	900000000000053809	ひいらぎ	14252
1150	1300000000000009706	ＡＳＩ	14240
1151	1400000000000100526	nini	14234
1152	600000000000082149	風谷ジン	14212
1153	7675	けんさん	14170
1154	38977	イヲタ	14166
1155	700000000000086612	不死の王	14124
1156	1400000000000014428	takaiman	14115
1157	1100000000000058154	第五優誠丸	14055
1158	1500000000000000880	ザキザキ	14037
1159	600000000000005131	まめちき	14035
1160	3979	ｱﾙｹ	14011
1161	1500000000000052758	Q	14008
1162	200000000000031101	ミツキ	14004
1163	1500000000000078295	ワおん	13999
1164	100000000000030657	バナナ	13974
1165	500000000000014081	モモＰ	13972
1166	500000000000038405	アルトス	13958
1167	100000000000037882	ともや	13952
1168	1200000000000093779	みん	13932
1169	1100000000000095713	河辺由紀	13913
1170	800000000000057110	たぐりゅー	13890
1171	200000000000087803	ハイパーＫ（ｱﾊﾞ女装中）	13866
1172	900000000000043893	ＷＲＸ	13806
1173	700000000000007191	山本山 Team神龍	13804
1174	1400000000000001419	ぱぷわ	13793
1175	200000000000002922	しからく	13791
1176	900000000000003319	とらこ	13780
1177	100000000000079168	オメガ	13779
1178	700000000000022036	藍	13726
1179	400000000000003615	スミ	13712
1180	700000000000100384	きらぼし	13680
1180	1200000000000075829	てぃけぽん	13680
1182	1300000000000002420	厳暁	13653
1183	300000000000026044	ToShi	13590
1184	1200000000000080009	jut	13583
1185	400000000000085071	うきゅう	13582
1186	100000000000009829	たかちぃ	13560
1187	300000000000098578	JM_Hammer	13558
1188	500000000000093956	Hisa	13533
1189	700000000000095416	IOG	13527
1190	1100000000000016165	にゃんこ	13497
1191	200000000000076452	トッシー	13495
1192	700000000000015064	げど	13442
1193	900000000000092523	みちたロンドン	13431
1194	30753	キボネングデコ	13429
1195	1000000000000097138	tkp	13428
1196	800000000000014081	コトリ	13422
1197	1100000000000031644	チェフィ	13410
1198	600000000000082609	ligaleon	13400
1199	400000000000083675	ジャーニー	13383
1200	1200000000000081322	桜花	13374
1201	11744	風の旅人	13368
1202	800000000000051113	みほ	13314
1203	1400000000000046853	関所	13305
1204	1000000000000099475	Escientist	13276
1205	200000000000099133	つな	13225
1206	1200000000000051023	KenKEN@HP,EH,BMD相互募集	13215
1207	900000000000051728	かっきー	13205
1208	1000000000000083801	syaorei	13162
1209	33118	ほっぱんさん	13119
1210	800000000000005271	Ｑたろ～	13112
1211	81978	沢伍	13108
1212	500000000000093315	十式	13094
1213	700000000000038876	ばかモン	13069
1214	900000000000057117	かふぇおれ	13053
1215	400000000000044243	じじ	13045
1216	1500000000000030770	ラト	13020
1217	800000000000097551	オタク屋	12983
1218	74038	くぅたん　	12930
1219	200000000000002597	おまかせします	12927
1220	1200000000000001610	穂乃華	12912
1221	1300000000000037222	あるふぁ	12877
1222	1200000000000077572	キョン	12839
1223	500000000000009723	げとらぐ	12835
1224	200000000000033903	やす	12821
1225	700000000000058436	アイル	12794
1226	900000000000002875	セブ	12768
1227	5814	レオン リアル多忙中(泣)	12765
1228	1100000000000061562	ありあ	12727
1229	200000000000099575	DJアキラ	12717
1230	400000000000001780	いめ	12708
1231	200000000000052507	ＪＢ	12691
1232	1000000000000023772	赤いきつね	12685
1233	700000000000028540	ラプター	12654
1234	500000000000078388	原口	12630
1235	1300000000000029911	せた	12624
1236	1000000000000022579	reo	12600
1236	1300000000000005941	tyaritan	12600
1238	700000000000087586	nickname	12561
1239	400000000000061288	長門	12516
1240	400000000000012295	ZERO	12515
1241	1500000000000085090	山羊	12473
1242	20993	カツ	12450
1243	1500000000000001031	イマジン	12442
1244	700000000000079322	Tsato	12427
1245	1500000000000060939	さよするが	12414
1246	1400000000000092453	Will	12411
1247	100000000000091307	Wing	12387
1248	400000000000009605	鳩ジョ	12320
1248	800000000000071837	itgeek96	12320
1250	1000000000000056965	bookshelf	12264
1251	100000000000034525	ミリリン	12261
1252	1100000000000074073	イレブン	12217
1253	400000000000001290	ﾕｰﾀｽ SprouT	12160
1254	800000000000095999	pp	12146
1255	700000000000009886	（｀・ω●）	12142
1255	1500000000000056540	キョウ	12142
1257	900000000000001996	F51	12129
1258	400000000000081064	うま	12018
1259	600000000000098645	そるびっと	11945
1260	1100000000000080685	ばんく	11908
1261	900000000000055954	アスミス	11899
1262	100000000000080553	HIP	11892
1262	700000000000000379	タイラン	11892
1264	400000000000077085	四条莉緒	11871
1265	8232	パピー	11864
1266	100000000000083639	始祖鳥	11850
1267	400000000000020180	ベアベア	11843
1268	100000000000009431	pachimon	11816
1269	77429	コン♪	11802
1270	96634	WoLF	11765
1271	700000000000020490	±ゆ	11760
1271	1200000000000037482	黒百合	11760
1273	300000000000055312	明日も5時起きか?	11755
1274	100000000000013572	ピッコロ	11730
1275	1200000000000052175	おさゆくＧ	11720
1276	900000000000073006	エグゼ	11713
1277	54314	くろすけ	11693
1278	1500000000000014424	fa_	11689
1279	1300000000000028716	ぽれ	11643
1280	700000000000002750	トシ	11640
1281	1100000000000004420	white head	11565
1282	300000000000006675	クドリャフカP☆彡	11550
1283	1400000000000082717	ナス	11491
1284	300000000000071605	ルセド	11490
1285	400000000000045811	たくとく	11454
1286	800000000000016430	(｣･ω･)｣うｰ!(/･ω･)/にゃｰ!	11445
1287	1200000000000009943	きっためん	11434
1288	1500000000000036522	純究	11427
1289	1000000000000004771	かすがしん	11421
1290	1000000000000093672	がさき	11390
1291	1300000000000079629	hayabusa	11356
1292	1300000000000080076	ばし	11353
1293	100000000000007731	もり（招待ﾒｰﾙｽﾙｰで	11339
1294	900000000000015532	ぽれ‡殉職寸前‡	11304
1295	1000000000000084267	あかき	11269
1295	1400000000000097573	タイペイ	11269
1297	300000000000008200	放浪人	11242
1298	1500000000000010312	ウガ	11232
1299	1300000000000008674	ｔ	11226
1300	100000000000005102	うんち	11214
1300	300000000000001527	英修	11214
1302	81061	文	11160
1303	1200000000000000976	ごんぞ	11153
1304	1100000000000021712	白狼	11128
1305	1200000000000094087	なふた	11102
1306	600000000000027730	はるか♪	11093
1307	1500000000000002560	いた	11038
1308	1500000000000075538	楸	11028
1309	900000000000053370	黒百合	11010
1310	1100000000000029748	ヨシオ	11004
1311	1100000000000097000	デイビー	11000
1312	400000000000049389	ヤスP (うさぎ系)	10994
1313	300000000000078496	とりすた	10982
1314	1000000000000013580	おでこat70要請x寝ますそして仕事	10960
1315	700000000000051742	IRONMAN	10902
1316	1400000000000054034	スツーカ	10894
1317	600000000000001744	omochy	10888
1318	800000000000071543	まさと	10884
1319	1200000000000095928	にっしぃ	10875
1320	1000000000000034632	らいちゅう	10861
1321	700000000000004723	なは	10856
1322	300000000000078911	ハッブル	10812
1322	1300000000000019558	気楽	10812
1324	55434	クルーゼ	10803
1325	700000000000003346	るーきー	10788
1326	700000000000086090	ゆるば	10753
1327	800000000000035496	五葉	10750
1328	1500000000000056680	あらあら	10739
1329	600000000000000633	タコ@お疲れモード	10734
1330	100000000000096426	すず	10714
1331	1200000000000003345	芦屋虎之介	10696
1332	900000000000048555	らうる	10677
1333	300000000000034370	キャメロン	10660
1334	1400000000000054186	レーリィ	10659
1335	1400000000000076529	あーす	10656
1336	1200000000000028396	strikefreedom_teruyo	10644
1337	1100000000000033314	リョータ	10608
1338	100000000000004984	ハイト	10605
1339	1400000000000033326	ぬかだき	10536
1340	886	が～	10534
1341	100000000000098100	ストロング	10520
1342	1300000000000000857	にゃー	10488
1343	600000000000018590	マモー☆チームしゃちほこd=(^o^)=b☆	10480
1343	1100000000000031007	ハヤト	10480
1345	1300000000000100409	thino	10468
1346	1300000000000011913	ころむし	10458
1347	100000000000084652	W・O・W	10455
1348	300000000000099724	チャー州MEN	10429
1349	1500000000000028563	アンドレP	10401
1350	400000000000013658	yawgmoth	10386
1351	200000000000030745	ラグーン 登山始めました！	10353
1352	500000000000054081	遥かなる蒼	10348
1353	1400000000000073548	ろうべえ	10341
1354	200000000000025274	きよっぺ	10276
1355	1000000000000002735	ちーのすけ	10260
1356	200000000000016379	うさ	10257
1357	300000000000082438	ユベロベ	10244
1358	300000000000096644	りもーと	10214
1358	1500000000000093106	ピコハン	10214
1360	42191	atem	10200
1361	24820	手巻きですし	10193
1362	1200000000000006769	ひでいち	10189
1363	1500000000000052357	こすもす	10172
1364	700000000000001960	じんご	10161
1365	1200000000000030304	Flak18	10150
1366	1100000000000050119	マロン	10146
1367	700000000000003790	ｿｰｲﾁ	10108
1368	1500000000000085067	やぶねこ	10103
1369	600000000000083879	たこよん	10095
1370	1100000000000006088	トネール@招待リクエストにはお構い無く…	10090
1371	700000000000039646	ゆーり	10078
1372	500000000000004520	コーギー	10059
1373	1200000000000003185	文月リライト@ちなヤク	10058
1374	600000000000101086	函南	10055
1375	1100000000000061047	ぴーたそ	10044
1376	1500000000000003732	夏風ひな	10043
1377	37180	さくら	9999
1378	800000000000001488	くろスラ	9964
1379	1400000000000005314	だし	9962
1380	600000000000006962	KOSSHI-	9948
1381	700000000000000120	かずぴー	9915
1381	1300000000000007977	信太郎	9915
1383	800000000000001963	座布団	9912
1384	100000000000017188	ポチョムー	9911
1385	1000000000000009371	タイ	9889
1386	1200000000000040564	きむらた	9887
1387	200000000000083759	雨海	9878
1388	1400000000000001979	tkh_hr	9856
1389	900000000000055130	あたま	9846
1390	200000000000100574	はるぺそ	9823
1391	100000000000008493	G	9804
1392	100000000000009409	まっこい	9789
1393	2059	〆	9741
1394	700000000000056054	Pi-Ro	9715
1395	500000000000004264	だいなっきす	9708
1396	400000000000051951	ルンパッパ3V	9702
1397	100000000000061260	チヨダ	9688
1398	1000000000000005481	とある檻ファン	9669
1399	1000000000000003037	たぁ	9649
1400	1400000000000082531	もちに	9645
1401	200000000000003861	佑 -task- 豺華広報担当	9636
1402	900000000000038305	RYU1226	9635
1403	200000000000011230	あれっくす	9634
1404	1100000000000051911	秋月風鈴	9630
1405	300000000000054482	ペプシしそ	9629
1406	800000000000077594	ディアナ	9626
1407	1500000000000076198	半額	9620
1408	700000000000095244	白原杏	9616
1409	1100000000000049892	Gale	9615
1410	1300000000000000118	四泡ゆう	9608
1411	500000000000101278	Kih	9585
1412	1300000000000006307	きゃろる	9572
1413	600000000000019150	クロアザミ	9540
1414	300000000000099028	だいき	9533
1415	800000000000077052	八橋	9483
1416	600000000000083515	ジュン	9482
1417	400000000000100589	tgsushi	9481
1418	1500000000000055638	k	9470
1419	200000000000039321	Gre-rmkys30	9438
1420	4270	ヴェクター	9432
1421	700000000000086997	鈍器	9410
1422	1000000000000050333	うにゅうううううう	9394
1423	800000000000007919	スー　	9360
1423	1500000000000007279	リア	9360
1425	900000000000008238	くったり	9352
1426	900000000000101118	Wairf	9349
1427	700000000000001545	ぴんころ	9322
1428	200000000000022290	Mr.Barca	9312
1429	200000000000033147	utimasam	9293
1430	700000000000098737	ヨッシー４	9282
1431	500000000000091990	ashk	9280
1432	1100000000000086376	Player 1005113163	9276
1433	1100000000000097269	yuIna	9259
1434	1500000000000096454	pola	9191
1435	42285	ティアナ	9189
1436	900000000000096733	Player 1006527401	9188
1437	200000000000002538	葛葉　刹那	9186
1438	800000000000093138	真	9174
1439	1500000000000024553	mechyl	9152
1440	400000000000023779	й兎й	9108
1441	600000000000011251	にぃにP	9107
1442	28408	みなと	9084
1442	100000000000083210	たるき亭	9084
1444	100000000000028953	みつね	9053
1445	1100000000000003349	トイレットペーパー	9036
1446	200000000000059225	ふーく	9013
1447	300000000000060612	折木	9012
1448	1500000000000051806	水湊	9003
1449	400000000000018530	しいなわたる	8976
1450	900000000000055105	しん	8960
1451	1400000000000057103	まぁ	8952
1452	1500000000000003802	緋蜂	8925
1453	800000000000076188	K@lTP	8923
1454	1400000000000049350	tk多忙により放置になります	8916
1455	1500000000000011792	masa	8897
1456	101172	スタースクリーム	8886
1457	800000000000017306	ひっしぃ	8876
1458	1200000000000013389	バレット	8871
1459	300000000000061581	ばあちゃん99	8855
1460	96811	Rayn	8853
1461	1200000000000077332	ナベ	8848
1462	500000000000002453	タカタカ	8840
1463	1500000000000048644	お昼さん	8835
1464	100000000000051524	やまと	8821
1465	400000000000003266	アルイー	8820
1466	1500000000000086544	紫闇夜	8810
1467	400000000000001126	タイガ	8793
1468	300000000000018739	にわの	8791
1469	600000000000075724	かず	8770
1470	100000000000098315	Kei	8763
1471	1000000000000006291	パクー子	8731
1471	1300000000000007389	ばびるし	8731
1473	100000000000076897	前川	8697
1474	1400000000000022691	Shino	8682
1475	300000000000083331	むほっち	8674
1476	400000000000004168	zoo	8637
1477	100000000000042468	アマノ	8611
1478	200000000000053394	マコトライス	8606
1478	300000000000101431	ま	8606
1480	800000000000005356	ボギー	8543
1481	500000000000095052	ドム_ニコニコ	8501
1482	300000000000028527	アレス	8455
1483	1200000000000084658	ぽん塩	8449
1484	100000000000027699	高町悠乃	8443
1485	1200000000000061799	FILO	8440
1486	1100000000000027467	トウシロウ	8428
1487	62799	チャーハン	8401
1488	100000000000077041	ぽれぽれ	8400
1489	600000000000029914	ごちお	8365
1490	700000000000074503	α	8345
1491	1500000000000011790	chiguhagu	8323
1492	600000000000078738	dinhquanghuy250595	8319
1493	900000000000038132	kei	8298
1494	1100000000000001207	シンタナ	8286
1495	37459	じっぱわ	8280
1496	900000000000051042	カカポ	8272
1497	300000000000006768	まあむ	8271
1497	1400000000000080193	ロイ	8271
1499	58834	麗華	8267
1500	1400000000000037555	ケンタロウ	8253
1501	700000000000095476	ゆうP	8217
1501	1000000000000094323	ぷるノ介	8217
1503	1400000000000025540	ペペロンチーノ	8200
1504	300000000000073763	NIRVASH	8168
1505	1200000000000099532	きんとん	8163
1506	200000000000000787	ながもん	8148
1507	700000000000086041	カマロ	8090
1508	400000000000083364	たまにん	8086
1509	100000000000039211	ハセ会長	8078
1510	1100000000000002210	双葉	8069
1511	100000000000000447	クフィーユ	8040
1512	600000000000013369	藤	8030
1513	1500000000000003438	キリオ	8000
1514	900000000000024628	オーリ	7969
1515	600000000000011703	とん	7968
1516	300000000000093538	ｸﾛｸﾛｻﾝﾎﾟ	7956
1517	500000000000000471	たくやん	7950
1518	300000000000082460	小熊猫	7930
1518	1200000000000093875	FFF	7930
1520	700000000000097822	MTD	7916
1521	1000000000000003160	ＳＱＵＡＲＥ	7913
1522	1400000000000083134	ひのん	7894
1523	1200000000000062487	シンジ	7856
1524	900000000000004875	あさとん	7848
1525	400000000000092995	KID	7841
1526	200000000000037526	メルティ	7800
1527	1200000000000079927	ゆうちゃん	7777
1528	1500000000000101365	正井 大輔	7763
1529	300000000000017665	Masa	7761
1529	1500000000000078696	モントーヤ	7761
1531	1100000000000005891	Green@真美・まつりP	7756
1532	800000000000033886	よこやまなおき＠C91ミリオン新刊はうみみ本『うみトレ！』	7746
1533	1100000000000021476	白米@グリマス同僚募集中	7736
1534	1100000000000074012	宮城こうや	7735
1535	14595	松田@青羽根Ｐ	7704
1536	1077	Pool	7672
1537	200000000000017606	まーす	7671
1538	95189	アポロ	7659
1539	200000000000010333	ねむいウサギ	7653
1540	600000000000002237	ややも	7634
1541	100000000000008097	しんちぴ	7623
1541	400000000000009506	choco	7623
1543	1200000000000083682	シンゴ	7620
1544	300000000000000026	キョウ	7609
1545	700000000000025578	カンサイサオ	7600
1546	100000000000027439	Xeno	7566
1546	1000000000000024343	こめ	7566
1548	1000000000000098219	傀儡	7560
1549	600000000000051753	PS	7551
1550	500000000000075484	aki	7546
1551	1400000000000023441	ユウ（・ω＜）	7520
1552	300000000000011799	そら	7508
1553	1200000000000091156	KATSU	7505
1554	1300000000000005145	ピザまん	7492
1555	1200000000000071448	ゲルマン忍者	7439
1556	100000000000000425	クロスケ	7410
1557	900000000000008368	臙梅	7407
1558	500000000000014239	べるべっと	7402
1559	600000000000031829	遊佐	7356
1560	1000000000000036477	zuki	7353
1561	1200000000000003255	jakalope	7338
1562	500000000000043276	Take_Kaz	7335
1563	100000000000027189	チクリン	7321
1564	400000000000080079	慈英太郎	7296
1565	1000000000000085803	狗鷲	7259
1566	1100000000000039818	十六夜八雲	7237
1567	1300000000000007309	ひおーぐう	7233
1568	400000000000061217	藻	7231
1569	100000000000036517	Pleione	7225
1569	1500000000000053293	えりっく	7225
1571	100000000000079072	カルロス	7203
1572	800000000000051364	タカＰ－Ｚ！	7173
1573	600000000000099091	フロスト	7160
1574	1300000000000002360	ペルオⅢ	7158
1575	700000000000017385	ワリオ	7141
1576	1300000000000005254	まさ	7140
1577	200000000000051388	kon_capybara	7119
1578	1400000000000075315	N.N.	7112
1579	500000000000042978	ｱﾘｹﾞｰﾀｰ	7080
1580	700000000000019128	ふろしき	7074
1581	400000000000001915	奄空	7056
1582	59211	蒼衣	7041
1583	1100000000000078167	トシオ	7040
1584	500000000000023013	D-TRA	7037
1585	600000000000006108	びーる	7020
1586	600000000000057592	ドンガメ	7005
1587	600000000000006652	ま～くん	7000
1588	500000000000000564	ABA	6992
1588	1000000000000002988	noki	6992
1590	1000000000000002367	やはり竹輪はなにかとまちがっている。	6970
1591	100000000000007020	ねこま	6942
1592	1300000000000035427	天地人	6935
1593	200000000000100825	サトシ	6933
1594	1500000000000082040	テッテレ	6931
1595	400000000000055655	天気職人	6929
1596	1300000000000052094	コッペ	6925
1597	500000000000074491	チェリー	6915
1598	1300000000000097923	Cantualia	6907
1599	700000000000101439	えりか	6893
1600	5901	あすも	6890
1601	900000000000091655	Kappa	6874
1601	1500000000000016560	mura0929	6874
1603	900000000000002391	ぱぶろ	6840
1604	1500000000000044753	たま	6828
1605	1300000000000002445	しゅがと	6811
1606	1300000000000097504	Dr.コトー	6803
1607	1200000000000020079	Sam Fong@このみP	6800
1608	1000000000000000683	りおる	6797
1609	1400000000000096823	まさたか	6787
1610	1200000000000073457	へごちん	6768
1611	1100000000000051822	ちゃな	6767
1612	800000000000046498	あ	6736
1613	100000000000033225	Apfel	6734
1613	1300000000000020046	なかしゅん猛虎魂（旧SHUN...☆）	6734
1615	500000000000075825	ばんしぃP	6715
1616	800000000000013676	タクト	6707
1617	96858	じょにー	6699
1618	800000000000072162	KZ	6698
1619	900000000000003775	見月七蓮	6696
1620	1200000000000079354	じょー	6672
1621	101597	ばやし	6661
1622	700000000000013246	ファブレ子爵	6653
1623	1400000000000042146	綾香206	6651
1624	1300000000000026570	はる	6644
1625	400000000000013300	シャルン	6624
1626	500000000000081925	ふくたつ	6620
1627	1400000000000001200	MS-06P	6618
1628	1300000000000050091	うすのろ来世	6612
1629	1400000000000051158	けいてぃ	6610
1630	700000000000000376	ヤス	6591
1631	600000000000101531	すのう	6577
1632	200000000000007524	ﾊﾞﾆｵ	6573
1633	800000000000049307	とんとん	6560
1634	100000000000101245	ハッピースケ	6548
1635	400000000000060769	hisa	6528
1636	400000000000012621	よこ	6520
1637	6729	ダニ	6510
1638	1400000000000039443	アッサン()	6505
1639	200000000000011603	yas0806	6504
1640	800000000000036682	長谷川P	6482
1641	100000000000042030	248,331,070@D組P	6480
1641	600000000000096866	よっしー	6480
1641	1400000000000077705	ウッシー	6480
1644	900000000000020885	マサキ.A.	6479
1645	1200000000000082425	しめさば	6466
1646	1500000000000101784	元	6456
1647	200000000000003513	ユタカ	6450
1648	1100000000000097475	子ﾛ苗	6429
1649	700000000000003766	もりまる	6417
1650	1500000000000060422	ルネ	6416
1651	800000000000097965	ドマ	6412
1652	600000000000049518	塩大福	6400
1653	400000000000006841	チャタケ	6388
1653	1400000000000004068	しゃっしゃー	6388
1653	1500000000000001371	kerberos	6388
1656	400000000000099499	シルク２３７	6387
1657	200000000000015667	グレート・カト	6384
1658	200000000000003551	チョッパー	6383
1659	300000000000027816	ha-run	6380
1660	1400000000000057518	kobe	6379
1661	300000000000075017	ライコウ	6370
1661	1100000000000094701	Lose	6370
1663	600000000000004307	ジャスト△(15日9時～16日9時まで勤務)	6368
1664	1500000000000027041	ローム	6356
1665	1400000000000017735	ロッシ＠廣島魂	6351
1666	700000000000037513	あべっち	6341
1667	800000000000027926	こうはいふれ	6335
1668	1300000000000003339	butaneko	6331
1669	1300000000000080396	次郎ちゃん	6323
1670	1100000000000053253	ザラキーマ	6314
1671	1500000000000095088	Player 1006217215	6306
1672	1000000000000029025	みんみん	6296
1673	100000000000101801	カルボナーラ	6258
1674	900000000000040364	未來㍉マス:黄金のライオンさん	6256
1675	700000000000098822	さんだー	6250
1676	100000000000036557	ana(アナ)	6233
1677	600000000000003240	あかげ	6230
1678	1300000000000079500	ちゃけ	6229
1679	500000000000056085	sunbeam	6214
1680	100000000000074834	詩里亜【多忙】	6208
1681	1300000000000087257	りんか	6192
1682	100000000000007545	タクマ	6184
1683	200000000000081158	木元	6160
1684	700000000000073459	えふ	6156
1685	86769	lumiere	6150
1685	800000000000079635	オガクズ	6150
1687	400000000000051895	ジリト	6144
1688	1200000000000000446	UC	6143
1688	1200000000000023960	平　秋紘	6143
1690	1500000000000076960	あさひ	6123
1691	8257	ゆまっち	6120
1691	1400000000000060449	kanie	6120
1693	900000000000062349	めいぷるしろっぷ	6114
1694	100000000000030088	tomo	6105
1695	100000000000061522	KEETH-RAIN	6083
1696	2888	Tubalcain	6080
1697	1500000000000008883	りうりう	6054
1698	700000000000081455	zeremonio	6052
1699	1400000000000001112	いーらい	6032
1700	700000000000009529	もん！	6021
1701	1000000000000084764	クロくま	6020
1702	100000000000025541	madlaxed	6009
1703	500000000000097510	きつと	6006
1704	1000000000000004928	†ティオすけ†	5994
1705	1200000000000096242	tea	5993
1706	600000000000003531	なのつき	5969
1707	400000000000072290	皐月	5944
1708	96495	ソフテニマン	5943
1709	200000000000031795	マックス	5936
1710	900000000000004752	さむちょん	5928
1711	500000000000051148	八神紗樹	5924
1712	1200000000000004255	おぶ	5923
1713	600000000000098316	カザ	5917
1714	1200000000000051984	弥生町	5916
1715	800000000000011715	ヒロ	5905
1716	1500000000000070467	ばななん	5897
1717	1000000000000008900	青のルピカwithニット	5880
1718	1200000000000085030	G TAILS	5851
1719	1500000000000013914	ＯＯ	5847
1720	800000000000041122	タクミ	5839
1721	800000000000036696	秋雨	5838
1722	500000000000076833	ゴロちゃん	5820
1723	1100000000000011396	まっきー	5818
1724	400000000000100827	秋夜	5802
1725	1500000000000050539	dyuuadiiz	5796
1726	1300000000000086372	ton-ton	5778
1727	100000000000014516	かがみ07	5775
1728	1000000000000075228	tossy	5764
1729	1500000000000085639	川合	5744
1730	1300000000000010793	バッジョＲ	5740
1731	1500000000000021899	十六夜月	5716
1732	1100000000000080144	氷雨	5664
1733	1300000000000007890	シロ	5627
1734	500000000000097110	対馬蝦夷守智典	5626
1734	1400000000000058085	nobu	5626
1736	900000000000081733	ユキチカ	5614
1737	1300000000000011066	柚斗	5613
1738	1400000000000016149	僕はぁ美味しいぃ鯖だよぉ	5611
1739	1200000000000027144	かーお♂♂P	5595
1740	300000000000053851	AKI	5580
1741	100000000000096661	やよかず	5574
1742	1500000000000020839	ジーク	5566
1743	1400000000000044486	はゆっくん	5558
1744	1300000000000074489	アルジェント	5543
1745	500000000000093268	ヴァル	5540
1746	400000000000050664	Lightning0001s	5537
1747	1300000000000052490	副副副隊長	5535
1748	1200000000000006838	しょくどう	5532
1749	1500000000000096537	あにりん	5525
1750	300000000000080916	なる	5522
1751	800000000000029278	スナイパー	5509
1752	500000000000091669	エンペラ	5503
1753	800000000000071822	PumpkinP	5498
1754	1300000000000097293	ASTRANAGANT	5496
1755	300000000000098332	yui	5470
1756	400000000000001543	おつみ	5448
1757	1000000000000079815	クロ	5446
1758	800000000000053087	四季	5439
1759	76084	ﾗｳﾙ	5436
1760	100000000000055426	ねぐせ	5430
1761	1100000000000000044	愛飢え男	5425
1762	400000000000100091	YU-KI	5412
1763	700000000000083311	JUN N	5400
1764	1400000000000011799	ジェノス@大きいは正義	5397
1765	1000000000000101603	すっちー	5395
1765	1500000000000050494	シダ	5395
1767	900000000000078056	るう	5394
1768	3282	シエイ(△)	5388
1769	1400000000000007051	ふゆお	5384
1770	1400000000000045756	忠	5376
1771	100000000000003520	かずさ	5370
1772	1100000000000005348	ぱぺっと	5368
1773	500000000000034804	なお	5360
1774	700000000000017212	◆ミツ◆	5348
1775	100000000000000950	アッシュ	5346
1776	700000000000034473	ぷちお	5340
1777	700000000000032355	ゆうひ[ﾄﾞﾘお疲れ様でした]	5331
1778	1300000000000076781	ロベルトうちの	5325
1779	1200000000000020305	kazha	5320
1780	700000000000008015	アポロ	5319
1781	200000000000089151	lop	5317
1782	700000000000036459	capuru	5316
1783	400000000000020616	ＲＹＯ	5315
1784	300000000000080298	march	5313
1785	1300000000000077592	test	5305
1786	600000000000096405	エスカマリ	5304
1787	900000000000100109	ねい	5301
1788	900000000000002248	超睡眠不足人	5296
1789	100000000000014125	影(´ω｀)クリコン仲間に感謝です(´∀｀)	5290
1790	100000000000021598	DEATH	5255
1791	500000000000085026	ヨシヨシ	5247
1792	300000000000053419	フロントガラス	5243
1793	1300000000000004857	えびマヨ	5242
1794	1000000000000021544	アユカト	5236
1794	1000000000000048921	クマのP	5236
1796	1000000000000085392	M@uryo	5232
1797	1000000000000001798	絵梨奈	5226
1798	500000000000003508	エクセルシオール	5224
1799	900000000000001749	浮世‐これ以上アプリ増やしたくない‐	5214
1800	700000000000100346	千夜	5185
1800	1000000000000004913	ミズ	5185
1802	700000000000003918	ゆうじ	5184
1803	1200000000000010440	しんしん	5168
1804	500000000000085320	ぴろりん	5154
1805	1100000000000031885	ヤマモト	5152
1806	500000000000022098	T-Ac	5138
1807	1267	はしっと	5132
1808	500000000000029418	千刀 巡	5103
1808	1400000000000076381	優友	5103
1810	59346	アーリア	5054
1811	1100000000000077193	musashi1678	5047
1812	1300000000000097064	ジョニー	5032
1813	1500000000000093764	mikio	5025
1814	600000000000077907	にんにん	5020
1815	1500000000000045112	ぱと	5018
1816	3569	AOI	5005
1817	500000000000074462	スチール	4976
1818	800000000000021407	フィーニクス	4959
1819	1000000000000055944	kohaku	4958
1820	61920	タムゥ	4956
1821	1500000000000010443	暇人破壊	4950
1821	1500000000000097017	じゃがり子	4950
1823	1400000000000082164	たけうま	4945
1824	1100000000000091752	Player 1005723131	4928
1825	1200000000000004799	templeP	4923
1826	800000000000005062	がなＣ	4879
1827	300000000000070456	桐崎彩夢	4878
1828	1200000000000035055	アサキ	4848
1828	1300000000000050178	松平友一	4848
1830	88023	たかやん	4843
1831	900000000000011282	けんざぶろーちょっと釣りをお休みしますm(__)m	4826
1832	100000000000055893	なたね	4785
1833	1300000000000081352	逸材	4776
1834	1000000000000049110	虎壱	4752
1835	200000000000004364	のりぴ	4748
1836	400000000000001779	some	4746
1837	400000000000099532	Ｉｓｏ	4715
1838	1500000000000004378	macha	4712
1839	100000000000051475	迷い猫	4690
1840	1300000000000019331	小花	4678
1841	300000000000003899	Calci	4672
1842	500000000000095593	十六夜	4670
1843	1200000000000015467	ネメシス	4665
1844	200000000000000673	神 尚輝	4662
1845	800000000000013200	クロ	4651
1846	1400000000000002615	ダイキチ	4648
1847	900000000000037133	ぬしおか	4637
1848	900000000000078818	タクミンゴス	4633
1849	1300000000000028167	秋月ナツキ	4625
1850	500000000000099532	しえら	4620
1851	1400000000000086022	安藤りん子	4609
1852	200000000000099072	Player 1007151554	4608
1853	1000000000000034477	てるもん	4585
1854	100000000000100594	まつ	4583
1855	300000000000081878	Player 1004610851	4582
1856	1200000000000020935	からだ春人P	4560
1857	500000000000097151	アレス	4544
1858	100000000000030567	えどがわ	4520
1859	1200000000000016069	シェダ	4512
1860	300000000000006637	ターナ	4509
1861	51530	けにー	4507
1862	500000000000004146	ARIA	4506
1863	1100000000000092424	渋谷*.横山とpair	4504
1864	1300000000000016813	真吹雪	4496
1865	1100000000000011469	ダボ	4495
1866	1200000000000000138	キョウ	4493
1867	500000000000031395	まーくん	4480
1868	600000000000081862	タウリン	4470
1869	1300000000000034788	フレア	4468
1870	400000000000008396	おばんざい@テーマ道場っぽいのやってます	4466
1871	400000000000034132	returnポコニャン	4464
1871	700000000000037017	雄大фやっぱり福浦はカッコイイ！	4464
1873	1400000000000005083	ホシ	4463
1874	94238	よーろー	4460
1875	400000000000086723	iris	4445
1876	1000000000000033874	みゆ	4440
1877	1300000000000074721	ユライア	4428
1878	600000000000084253	まぁ～ちゃん	4425
1879	1200000000000085684	KARASU	4414
1880	1100000000000006713	ひつじばね	4412
1881	700000000000038849	わにゃぴー	4410
1882	300000000000030283	モナー	4394
1883	600000000000044574	あんこ	4386
1884	1000000000000028018	じゅまん	4381
1885	500000000000026899	Takajin	4380
1886	400000000000073174	零式鋼刃(アンノウンブレイド)	4375
1886	1000000000000080722	キョン吉	4375
1888	100000000000048362	たくみん	4368
1889	35704	うね	4365
1889	900000000000003438	プニム	4365
1891	900000000000010488	うへの	4363
1892	1100000000000012580	おしょう	4340
1893	800000000000100155	ハルル	4327
1894	1000000000000079024	慈猿	4319
1894	1200000000000006043	明日奈	4319
1896	700000000000002076	HACHI_ROCK	4300
1897	1300000000000030893	アカムトルム	4298
1898	1200000000000005412	ひゃくまん	4266
1899	800000000000042472	クロン	4264
1900	200000000000070805	きゅう	4256
1900	500000000000072663	Player 1002483205	4256
1902	1100000000000015668	スピラ	4245
1903	400000000000079149	DJスルスル	4242
1904	200000000000013423	牙龍王	4232
1905	800000000000032077	グレイソン	4225
1906	800000000000095973	しおしお	4215
1907	1400000000000002472	大吟醸	4213
1908	200000000000081140	とろ	4210
1909	1400000000000035992	みやー＠渡り歩き勢	4208
1910	300000000000094664	ケイ	4200
1910	800000000000017301	ﾏｰﾙ･ﾊﾟﾝｻｰ	4200
1912	700000000000096774	のずみ	4190
1913	400000000000021246	えれのあ	4189
1914	500000000000097713	刺身	4182
1915	900000000000096465	T田	4144
1916	800000000000003690	くりごはん	4139
1917	900000000000028960	アーチャー	4126
1918	100000000000006092	美凜	4123
1919	1100000000000091677	スクーミー・ズー	4110
1920	700000000000091625	きのみん	4085
1921	200000000000061814	こんびーふ(不良在庫)	4084
1922	100000000000094204	ロアナプラ	4080
1923	600000000000081771	なんくるしーさー	4078
1924	400000000000101426	ごはんはオヤツ	4074
1925	100000000000002061	パコ	4070
1926	1000000000000058525	クボマナ	4069
1927	600000000000015151	香々美	4051
1928	1000000000000068301	ねーね	4048
1928	1400000000000078119	クワトロ☆バジーナ	4048
1930	5445	レゾン	4043
1931	1400000000000097842	音舞小烏	4038
1932	800000000000004149	しー	4017
1933	1100000000000007290	10mo	4008
1934	1300000000000100838	Player 1008001133	4005
1935	1400000000000041423	shin1	3995
1936	500000000000000062	なっきー	3990
1936	800000000000014751	のだっ	3990
1938	800000000000101070	今井一	3989
1939	700000000000096610	みどり	3983
1940	900000000000072942	さかな	3978
1941	77521	hohooho	3952
1941	500000000000088276	Gergg	3952
1943	79602	アモール	3948
1944	100000000000101691	のりまき	3912
1945	1200000000000087726	ふーちん	3910
1946	700000000000026501	hiro	3908
1947	1400000000000004080	たけひと	3904
1948	1400000000000009804	きち	3900
1949	1400000000000101213	シーダ	3880
1950	800000000000078734	kagami	3874
1951	100000000000008743	よっち【心々】	3871
1952	2216	はやて	3861
1953	900000000000049816	しばえび	3846
1954	600000000000060383	魚魚丸	3840
1955	1000000000000008431	えんぞお	3825
1956	500000000000049126	ゆー	3802
1957	500000000000062440	wyi	3801
1957	1500000000000024490	ぴろしき	3801
1959	1000000000000078053	ヤス	3787
1960	600000000000002200	さくせす	3744
1961	1300000000000096365	Y'n	3743
1962	1500000000000101845	もちもち桃子	3735
1963	1100000000000006879	ふみんちゅ	3730
1964	34519	空条	3720
1964	300000000000094206	COIL	3720
1966	800000000000002227	やまぶき＠同僚募集中	3711
1966	1500000000000000115	九重	3711
1968	1400000000000017803	千葉ﾛｯﾃﾌｧﾝ()	3700
1969	92799	しゃも	3690
1969	1300000000000014095	ヒロキ	3690
1971	1300000000000032388	ゆん	3669
1972	700000000000096247	サワー	3668
1973	900000000000000043	Ｄｅｎｋｅｃｙ	3667
1974	100000000000068210	カン	3632
1974	600000000000049776	まー	3632
1976	800000000000013539	odorimasho	3631
1977	1100000000000055094	紳士	3628
1978	900000000000002331	じょん	3621
1979	1300000000000101256	桜井P	3616
1980	1100000000000004121	じゃぱん	3603
1981	1200000000000054132	Tue	3601
1982	700000000000017572	ぬこごろごろ	3597
1983	1500000000000003582	Ｒ.	3558
1984	300000000000037918	トム	3550
1985	400000000000042998	TDC	3549
1985	500000000000007186	ゆうき	3549
1987	600000000000056839	けい	3548
1988	1500000000000002090	Kyoju	3515
1989	200000000000062198	ユキワリ	3509
1990	1000000000000098058	にしぱらP	3478
1991	900000000000096334	ナッキー	3466
1992	300000000000014427	たろす@ホワイト企業()	3451
1992	400000000000029917	ダイス	3451
1994	1400000000000030153	トマホーク	3447
1995	700000000000027655	ハチロク	3430
1996	300000000000026189	フックー	3426
1997	500000000000074490	良P	3409
1998	300000000000066209	まろんちゃん	3405
1999	700000000000062353	るるクマ	3393
2000	101194	モリリン	3390
2001	600000000000085401	わっつ	3357
2002	600000000000028837	Key	3330
2002	900000000000002035	チーズ	3330
2004	800000000000000214	佐野くんそら同盟とあやち会員No.00	3327
2005	600000000000080598	生田	3325
2006	1100000000000081122	ロコフライヤー	3321
2007	600000000000008382	るっく	3318
2008	1500000000000005836	シェルパ	3305
2009	200000000000099008	ヒカリ	3295
2010	18240	Q83	3281
2011	700000000000068999	むに	3273
2012	100000000000082348	はっぴー	3270
2012	300000000000019940	ピロリ	3270
2014	75114	さそり座	3265
2015	100632	crast	3264
2016	700000000000083720	せのー	3262
2017	400000000000002957	答えは・・・越後製菓！     (迎春)	3250
2018	400000000000100993	Tantris	3248
2019	800000000000096757	とまと	3246
2020	1100000000000052198	睡眠不足	3245
2021	500000000000100944	アカム	3244
2022	100000000000031388	banpei	3240
2023	1300000000000081363	インベル	3237
2024	900000000000016465	マコト	3234
2025	500000000000062319	はち	3227
2026	800000000000009506	魔天狼	3220
2027	600000000000006145	Wiz-AS	3206
2028	100000000000079106	トマト	3204
2029	500000000000021973	ocha	3199
2030	500000000000077350	ドナァ	3193
2031	900000000000012230	fyoshi3	3192
2032	1000000000000048663	七篠 鈴音	3186
2033	1300000000000027842	わしゃおζ*'ヮ')ζ	3185
2034	5593	たぬキング	3178
2035	500000000000000226	琳。	3176
2036	400000000000091912	kdst	3171
2037	1400000000000002131	ジェスハ	3161
2038	400000000000029392	黒木	3159
2039	400000000000086918	赤椿	3156
2040	1000000000000093467	ジョー	3150
2041	200000000000039351	いーたう	3137
2042	300000000000100658	お茶碗	3134
2043	1000000000000077903	空野	3129
2044	200000000000098336	にっしゃん	3124
2045	1500000000000004635	ﾜｯｷｰ=ﾌﾞﾗｯﾄｴｯｼﾞ	3122
2046	600000000000062018	板尾	3120
2047	600000000000022018	ふぇい	3116
2048	200000000000006711	せーじ	3111
2048	800000000000100227	そのか	3111
2050	400000000000096729	m.n622	3105
2051	200000000000070936	キナコ	3101
2052	500000000000005405	カトル	3100
2053	1200000000000001634	統夜	3094
2054	200000000000030298	なる	3088
2055	100000000000100046	マアナ	3087
2055	200000000000010785	つな	3087
2057	1000000000000001143	キクオウ	3085
2058	600000000000073093	たけしし	3074
2059	900000000000002610	厚焼き卵	3066
2060	200000000000034983	メックリンガー	3052
2060	1300000000000027765	てるぴー	3052
2062	300000000000098644	はっさく	3040
2063	900000000000026045	ゆきみもち	3030
2064	300000000000000240	sc29	3028
2065	1300000000000010783	kabis	3014
2066	1000000000000093437	みきんぱつ	3008
2067	1200000000000003563	にぃしょ	3002
2068	700000000000085762	ゴエ	2994
2069	1500000000000075546	groovybear	2976
2070	700000000000087418	るる	2968
2071	800000000000052984	AoI	2953
2072	1200000000000075316	急接近	2950
2073	1100000000000081770	Cr	2933
2074	1000000000000097547	AHC	2931
2075	700000000000078993	みどりんぐ	2928
2076	300000000000021050	Rhea	2925
2077	700000000000029050	つる吉 ☆彡 クリコンお休みします。	2922
2078	700000000000080513	のぶたし	2921
2079	200000000000069554	たなか	2918
2080	1300000000000005736	まあくん	2916
2081	1100000000000098196	よっしー６	2880
2082	1300000000000100619	nao3	2877
2083	600000000000056093	シュン	2875
2084	400000000000017468	T-Stone	2872
2085	600000000000074651	もふこ	2870
2086	700000000000004597	青面獣	2865
2087	900000000000074817	メガネ	2849
2088	1400000000000098396	ザキ	2845
2089	100000000000051181	ピエール	2835
2090	100000000000100644	まなつ	2832
2090	200000000000002653	はやて	2832
2090	400000000000004121	よ～(ФωФ)ﾉ	2832
2093	1100000000000101559	にぼし	2830
2093	1200000000000092712	NAMIDA	2830
2095	1100000000000043347	☆たっち☆招待メール無視して下さい。	2817
2096	900000000000002550	本部長Ｐ	2814
2097	100000000000038979	しろ	2800
2098	1400000000000071417	清流	2796
2099	600000000000007972	コウ	2784
2100	1100000000000090875	桜子mk5	2781
2101	1300000000000100174	とんはく	2771
2102	1500000000000061862	とらふぐのちくわ	2762
2103	1500000000000076130	はる	2750
2104	1500000000000031339	オダギリ	2737
2105	97708	せがた346	2724
2106	1500000000000097301	そうた	2719
2107	400000000000084211	さささみ	2715
2107	800000000000039899	sorata	2715
2109	600000000000096975	Ti46	2706
2110	800000000000003429	まみむめ	2696
2111	600000000000101249	あかた	2688
2112	400000000000006992	エビナ	2682
2113	300000000000096887	金眼鏡	2673
2113	700000000000062523	voip21	2673
2115	700000000000098711	ノルチャ	2672
2116	600000000000000262	ピヨソ	2667
2117	600000000000002602	鳥谷瑠美	2665
2118	1100000000000085252	riku	2664
2119	400000000000013366	橘P＠直トレOK!	2657
2120	400000000000008273	シャチ丸	2635
2121	500000000000043843	らりる れふ	2625
2122	1200000000000101488	UfoGor1lla	2623
2123	10208	フェン	2616
2124	1400000000000054997	すみす	2610
2125	200000000000008388	クスト㍊	2608
2126	1500000000000035903	たけぽん	2601
2127	1500000000000086662	きいさん	2591
2128	600000000000024635	いぽい	2589
2129	600000000000008001	ayaneco	2581
2130	1100000000000099764	よしひろ	2577
2131	600000000000028810	リードキット	2571
2132	900000000000051447	dai0802	2570
2133	84341	カカシP	2566
2134	100000000000001756	のら	2545
2135	800000000000100479	林志琳	2537
2136	1000000000000018683	闇呑	2526
2137	700000000000002610	香乃	2501
2138	79705	37分(みなみんC)	2499
2139	1224	めたろ	2498
2140	500000000000062041	竜騎士	2495
2141	800000000000006966	サツマゐモ	2484
2142	1300000000000082986	skn	2481
2143	8634	ゴミリス@がんばらない	2478
2144	300000000000093904	FMラジオ	2475
2144	1300000000000080417	ガイヤ	2475
2146	500000000000005505	オルコット	2445
2147	300000000000012203	清兵衛	2444
2148	600000000000042898	dandytatata	2440
2149	300000000000095547	kaede	2431
2150	1500000000000051161	トロ	2382
2151	500000000000078132	RYODE	2380
2152	300000000000001562	志葵	2373
2153	200000000000102215	いぬ美	2371
2154	700000000000084898	鈴蘭	2362
2155	100000000000000208	もばげい	2361
2156	600000000000076324	ささのり	2354
2157	200000000000017173	(元新八)ζ*'ヮ')<	2353
2158	200000000000072649	ゆん	2345
2159	200000000000032037	ジンクスj	2331
2159	1000000000000101628	ツバサ	2331
2161	800000000000007013	BECK	2329
2162	100000000000023434	かっちゃん	2326
2163	700000000000010202	どん	2312
2164	7592	＊無課金()プロデューサー＊【im@s】	2309
2165	1500000000000028612	ほぱ	2302
2166	300000000000096167	ta_alphonse	2297
2166	1300000000000013827	わんわん	2297
2168	500000000000043918	えるこんどる 多忙中ONイベ完	2294
2169	1400000000000101736	Sukiyaki	2293
2170	100000000000085119	socha	2287
2171	700000000000018073	ヨッピィチャン	2282
2172	1500000000000077389	あんべる	2262
2173	500000000000005433	無	2261
2174	200000000000018054	Hikkosi	2253
2175	1200000000000009616	ヘルミーネ	2244
2176	100000000000014550	ﾃﾞｸｽ_皆に感謝、マイペースです〈仕事多忙〉	2240
2176	800000000000037414	ろーば	2240
2178	38969	ポジハメ	2223
2179	300000000000037522	竜之介	2219
2180	1400000000000087106	イマジンP	2218
2181	500000000000013955	ちーこ	2214
2181	1200000000000094584	joshua	2214
2183	100000000000094301	ぽんぽん	2208
2183	300000000000003867	柑橘系P	2208
2185	200000000000047086	Rさん	2204
2186	1100000000000058244	いなやま	2197
2187	500000000000055830	ぷらねっと	2175
2188	200000000000004606	爆散っ！BOM夕コス	2167
2189	100000000000084918	涌井奏多	2160
2190	200000000000029350	よっち	2156
2191	900000000000051175	なー	2155
2192	100000000000080483	はれ	2151
2192	200000000000001302	ばっくす	2151
2192	700000000000099570	EXIT(えぐじっと)	2151
2195	1100000000000091652	Mashiro	2148
2196	100000000000046631	山茶花	2136
2196	700000000000000576	ぼんじり	2136
2198	1000000000000063207	Syogo	2123
2199	900000000000044840	いむか	2120
2200	800000000000004049	ししゃも	2115
2201	1000000000000056351	73	2086
2202	200000000000033950	スネーク	2084
2203	1400000000000051258	コロ	2070
2204	200000000000003852	ＴＩＧＥＲ	2068
2204	200000000000096036	べるかる	2068
2206	1300000000000100926	ぶみー	2065
2207	500000000000000673	Ｔ－ＫＯＴＡＮＩ	2064
2208	300000000000048401	エイリン	2060
2209	34222	ﾀﾏｺﾞ	2059
2210	26231	独楽	2056
2211	1200000000000046705	BUONO!-P	2046
2212	400000000000098730	どんぐり	2025
2213	100000000000061543	よこよこ	2016
2213	900000000000100685	ぱっち	2016
2213	1400000000000034571	蘭蝶	2016
2216	900000000000019823	key	2013
2217	200000000000100313	かわい	2009
2218	900000000000083785	桜城	2002
2219	100000000000075204	白い夢	2001
2220	1500000000000022603	ガンテツ	1999
2221	300000000000000855	ﾍﾞﾃｨｰ	1996
2222	1500000000000080984	どんぐりP	1991
2223	400000000000008068	たかちゅー	1986
2224	400000000000075230	ダンダンゴ	1985
2224	800000000000027026	千姫	1985
2226	800000000000007642	PYU作	1983
2227	100000000000025200	Sinra	1982
2227	600000000000003681	しんたくろー	1982
2229	1300000000000077102	あいにく【Da】	1948
2230	400000000000075180	ちずらぷ	1936
2230	400000000000099871	panspeedmeron	1936
2232	800000000000009363	ジョニーニー	1929
2233	500000000000042213	ねこきち	1925
2234	900000000000017261	放浪カモメ	1923
2235	300000000000062101	ローバー	1906
2235	1000000000000003887	バル＠10th両日&angela	1906
2237	1300000000000021951	しげみつ	1901
2238	1100000000000081865	音羽	1892
2239	28698	虎王	1890
2240	1400000000000003541	ピースP	1868
2241	100000000000059817	ダージリンR3	1866
2242	1500000000000000418	ＴＡＫ	1864
2243	700000000000037953	safeguard	1856
2244	800000000000081432	剣	1847
2245	600000000000074665	tairamune	1836
2246	600000000000061597	骨折P	1830
2246	800000000000045147	うっぢー	1830
2248	900000000000100603	Player 1008240793	1820
2249	1400000000000002006	かっちゃん	1815
2250	100000000000050932	虎	1812
2251	700000000000003202	ゆべし	1806
2252	200000000000086035	リッジャーノ	1800
2253	700000000000086052	じゅんや	1799
2254	500000000000056662	Ｐ	1774
2255	1400000000000008887	よう	1773
2256	500000000000098043	へも	1772
2257	1400000000000062739	おけとれす	1771
2258	100000000000009344	高本	1768
2259	900000000000100912	もなな	1767
2260	1500000000000057609	†ＤＩＯ†	1760
2261	800000000000035258	ﾙｰｼｨ	1757
2262	400000000000062216	朔弥	1756
2263	1300000000000074566	うい	1751
2263	1300000000000096219	HoneyNoen = YuHanKim	1751
2265	1100000000000002458	ハセリ	1744
2266	900000000000075897	ともこ	1740
2267	1400000000000097525	おうねずみ	1739
2268	2350	よみる	1738
2269	700000000000079095	無我夢中	1736
2270	1000000000000095297	山中ヤング	1725
2271	1400000000000054661	延珠	1722
2272	300000000000032562	天城龍慶	1719
2273	400000000000029587	ふみ	1712
2274	100000000000039753	マロン	1705
2275	100000000000100076	スズミズ	1700
2276	1200000000000007701	上条	1697
2277	900000000000085270	いぬおすし	1696
2278	500000000000003035	kazuki	1695
2279	1400000000000097124	かみやん	1686
2280	400000000000012264	きくおうＰ	1681
2281	1500000000000046446	ますと	1676
2282	1000000000000052244	もよもと	1657
2283	1400000000000078355	しまうま	1643
2284	1400000000000081368	his@P	1638
2285	900000000000091783	田奈部	1614
2286	700000000000023441	ネコショウ	1600
2287	1500000000000025565	かんとら	1597
2288	1000000000000073963	ボン	1596
2289	800000000000005482	薫	1594
2290	778	みのの	1593
2290	1500000000000062622	keizine	1593
2292	200000000000033574	邪気眼	1564
2293	1300000000000095576	Berlioz	1548
2294	400000000000020860	サブアカ	1545
2295	1000000000000099236	ソアラ	1537
2296	400000000000004224	ユウP	1534
2297	101449	A.O.B	1520
2298	700000000000001470	式咲	1504
2299	300000000000003959	タケちゃん	1500
2300	300000000000097111	Player 1006708483	1495
2301	100000000000097636	ほるひす	1494
2302	326	ランチュウ	1491
2303	96062	ChuckNorris	1489
2304	500000000000058859	sugar	1485
2304	900000000000101246	吟醸斎濁酒	1485
2306	400000000000016793	ユフ廃	1478
2307	200000000000102030	Player 1008503730	1474
2307	1500000000000006944	三日月宗近	1474
2309	300000000000030075	陽鞠	1470
2309	1000000000000099394	トキサン	1470
2309	1500000000000080979	MISHIN	1470
2312	400000000000015385	四十九百鬼	1466
2313	300000000000085190	るてな	1464
2314	1000000000000075621	ヒデ	1458
2315	1100000000000001863	もふもふ	1456
2316	1200000000000017956	アレ	1453
2317	900000000000000834	あじゅ	1449
2318	1400000000000069607	Sejou	1439
2319	1500000000000095647	[夜の匂い]連城俊哉P+	1438
2320	300000000000003005	◯もやま	1429
2321	200000000000102016	Player 1008494306	1424
2321	400000000000000322	グチポ	1424
2321	900000000000011770	ブルーベリー	1424
2324	1100000000000075732	Murasame	1411
2325	600000000000096048	えつを	1404
2326	1000000000000096436	あいす	1400
2326	1500000000000074152	なーさん	1400
2328	800000000000030622	オキャ	1390
2329	1000000000000061839	たさ	1384
2330	1400000000000009500	Ｒｉｃｈｔ	1372
2331	100000000000000721	植木鉢	1368
2332	200000000000062856	マスン	1365
2333	300000000000030987	ショボーン	1358
2334	100000000000100249	しゅんしゅん	1356
2334	1300000000000037059	DESTINYiSLAND	1356
2336	400000000000101504	Player 1008543412	1344
2337	400000000000087671	りあり	1341
2338	400000000000097999	流歌	1337
2338	1300000000000078207	ｼﾑ	1337
2340	1100000000000000649	あおい	1325
2341	800000000000027414	ショシ	1312
2342	600000000000005232	詩音	1311
2343	1300000000000099711	れきぃ	1310
2344	30035	かてら	1308
2344	900000000000079832	保犬オルタ	1308
2346	1400000000000080326	豆乳	1304
2346	1400000000000081535	Markun	1304
2348	1300000000000072068	芝生	1302
2349	1300000000000073685	ジョン3	1301
2350	1300000000000007377	Tsukasa@貴音道場【Stay by  TAKANE's side】	1298
2351	1300000000000079359	Miluku	1293
2352	400000000000000331	ター坊	1290
2353	700000000000098510	なるせ	1287
2354	16180	あかし	1284
2355	800000000000097239	大鍋	1282
2356	900000000000085315	yai	1281
2357	700000000000013247	じたん	1277
2358	1500000000000003381	コウ	1260
2359	1100000000000000892	bugler【SxL】ｽﾏﾎ	1250
2360	1300000000000075687	ぺ	1248
2361	900000000000005311	ビルファル	1242
2362	1100000000000096809	桜餡	1232
2363	1400000000000006146	アサト	1231
2364	1500000000000055059	ポロロッカ　†SGL†仕事多忙要請常時△	1227
2365	300000000000007460	雪花	1218
2365	1000000000000098065	にみや	1218
2367	500000000000004806	Kazeuma@まったり勢	1215
2368	800000000000099144	ワホ	1214
2369	29213	PHOIZ	1213
2370	600000000000100608	深海	1211
2370	800000000000068940	りの	1211
2372	900000000000078053	もちょ	1207
2373	300000000000079838	megu	1205
2374	100712	walker	1203
2375	500000000000003695	アーサー	1194
2376	500000000000101059	kai	1191
2377	600000000000005485	でっち	1182
2378	1200000000000100648	Player 1008287692	1178
2379	700000000000019486	小鳥遊@EH相互埋め募集中	1172
2380	700000000000093749	のいに	1169
2381	300000000000094804	叶那	1160
2381	1500000000000074543	skpnhm	1160
2383	800000000000050633	やすだ	1154
2384	500000000000002760	リキ	1147
2385	900000000000095638	ユウセイ	1141
2386	1500000000000098978	MaryI	1136
2387	900000000000009761	しゃち@同僚募集中	1135
2388	5742	Masi69	1130
2389	1200000000000097590	Nicolas	1118
2390	900000000000025288	ケスラー	1116
2391	200000000000056023	我愛羅ちゃん♪	1105
2392	900000000000028954	グンジ	1100
2393	700000000000086927	総則と各論	1092
2394	600000000000100293	バサバサ	1082
2395	600000000000041979	oni[]	1081
2396	200000000000029572	まーむー	1080
2396	400000000000023590	あっちゃん	1080
2396	1200000000000094910	漆黒の翼	1080
2396	1500000000000052131	コスモ	1080
2400	1100000000000098396	ひー☆ひー☆	1076
2401	900000000000028840	Scifo	1065
2402	85462	たぬき	1062
2402	1000000000000003387	やす	1062
2404	500000000000009098	ヨウ	1056
2404	600000000000095869	猫耳	1056
2406	1100000000000022195	月香	1048
2407	800000000000100613	TheWorld♪@どっと吐く//SIGN	1040
2408	1100000000000100291	ウィーラー	1039
2409	100000000000099676	Player 1007514785	1036
2409	700000000000078092	ぺんた	1036
2411	100000000000100492	キリ生	1030
2411	1500000000000083014	桐生 銀弥	1030
2413	800000000000053201	よしひろc	1020
2413	1100000000000049810	ひめかわP	1020
2415	1100000000000038086	Michael	1019
2416	1300000000000046180	にくにこ	1012
2417	1000000000000101611	Player 1008433402	1010
2418	800000000000005539	NANANINE779	1009
2419	600000000000033585	ZAMASU	1000
2420	800000000000080558	のらのこ	986
2421	200000000000101860	0022	985
2422	1400000000000040939	TAMANN	980
2423	700000000000101860	Hui	968
2424	400000000000076293	ぺちゅ	967
2425	800000000000004031	utena	966
2426	100000000000101693	向坂	957
2427	400000000000061728	ソウ	946
2428	800000000000068557	アイソン	944
2429	1400000000000080871	なにゃもん	942
2430	300000000000007532	Tea	936
2430	1500000000000080474	bonzin0928	936
2432	413	みつらぁ	934
2433	1000000000000100699	shinki	929
2434	600000000000049006	ハチ	926
2435	600000000000011204	ｺｰﾌﾟｽ	924
2436	700000000000002830	さなとす	922
2437	600000000000049684	くろは	917
2438	99231	Aki	916
2439	900000000000027594	DBARZ	912
2440	700000000000057502	シュウカ@マイペースP	907
2441	800000000000041988	ぱぱちゃ	906
2442	1400000000000091637	ふくちん	905
2443	1000000000000061919	チキン	904
2444	1500000000000015542	武千代	903
2445	1400000000000004168	無洗米	898
2446	1200000000000095505	narume	895
2447	1300000000000097712	のか	884
2448	400000000000052226	けいせき	880
2449	100000000000080026	サカナイ	876
2450	1100000000000057548	あすなろ	872
2451	600000000000097840	hdk	870
2451	700000000000092761	パチュリー	870
2453	400000000000096377	ミリオンＰ	866
2454	1190	持田モモンガ＠HN整理する？	862
2454	600000000000081175	ゆりり	862
2456	61307	アキ	860
2457	3624	マーク@貴音P	854
2458	200000000000080843	ゴン太	850
2458	1000000000000035930	らんでぃー	850
2460	500000000000081775	砂人	849
2460	700000000000080143	P	849
2460	1100000000000085512	ゲルマン忍者	849
2463	900000000000006977	ノート	848
2464	1100000000000004955	ryujiSRY	847
2465	200000000000007302	ベム星Ｐ	845
2466	200000000000085954	yts	844
2467	400000000000074382	Rds	843
2468	200000000000013601	ｼﾞﾀﾞﾝ18世	838
2469	1200000000000097176	黑豆	834
2470	1400000000000000195	なぎぃ	833
2471	800000000000058598	マリンスカイ☆バロン	832
2472	1400000000000101145	キムキム＆猫ダマ	831
2473	700000000000020948	橘一斗	829
2474	300000000000051053	三崎亮	826
2475	900000000000098535	ペン三	825
2476	400000000000000136	ゆーぎりP	815
2477	600000000000093044	6A→蛇翼崩天刃(゜∀゜)ﾋｬｯﾊｰ	814
2478	500000000000013223	塵夢想一糖流	812
2479	1300000000000005616	とっしー(^･ｪ･)	810
2480	1400000000000024091	ゆうや	800
2481	200000000000096955	美鷹	799
2481	1000000000000099161	たこなすび	799
2483	1100000000000022163	神宮寺	797
2484	700000000000023758	ザラ紙@環Ｐtheおやぶんぶん	791
2485	800000000000017817	奏歩	787
2486	500000000000005497	カワノジ	786
2487	100000000000031730	ああああ	785
2488	100000000000093970	ネコタル	784
2489	500000000000023392	HARUNA86	781
2490	800000000000000449	GM	780
2491	1000000000000082122	とき	768
2492	1100000000000058695	いすかんな	756
2492	1500000000000007189	くろいち	756
2494	1000000000000098551	えとたま	755
2495	400000000000055726	さら	752
2495	800000000000076386	hogehoge	752
2497	1100000000000101279	柳	751
2498	55116	めぐすけ	750
2498	300000000000002917	telecaster1952	750
2498	900000000000093698	とーる	750
2501	1200000000000046827	MATASAWA37	749
2502	1100000000000080165	飴箱	742
2503	1100000000000096642	喫茶ネコ	738
2504	100000000000006093	ドロンパ	735
2505	200000000000000296	コタロー	728
2506	400000000000023901	kさん	726
2507	1000000000000055250	まっちゃん＠	723
2508	1200000000000079711	ヒヒロ	720
2509	1200000000000096994	ASUKARON	714
2510	200000000000032577	トモヤ	713
2511	200000000000018407	なはと	711
2512	200000000000010222	おーとり（じゅんこ）	709
2513	900000000000043295	杏仁豆腐	706
2514	900000000000056630	カーボロッキＰ	702
2515	100000000000049959	あき	698
2516	1100000000000074907	赤の守護神	689
2517	1400000000000058658	たか	688
2518	100000000000096446	フォクス	687
2519	800000000000091686	ワイト	684
2520	1000000000000101778	777	678
2521	1000000000000001575	うまこ(^q^)ノ	670
2521	1000000000000101665	雷哲 Raizer	670
2523	500000000000100640	K.K.E	666
2523	1200000000000097509	Player 1006930988	666
2525	300000000000002638	ひーやん＠ｸﾞﾘﾏｽ以外放置	665
2525	600000000000101360	あげ2	665
2525	1000000000000000771	えびP	665
2528	500000000000079042	しーざす	661
2529	400000000000057126	ヒースクリフ	654
2529	700000000000024990	とうか	654
2531	1200000000000100780	ぺる	651
2532	900000000000092484	ホロ	648
2533	58831	ミナト	646
2534	500000000000075905	摩耗	634
2535	200000000000052921	haru	628
2536	1200000000000099095	バージンP	627
2537	300000000000096668	やまぶろ	618
2538	400000000000003028	ジュンヤ	615
2539	900000000000085088	はるこん	614
2540	200000000000005030	mogup	609
2541	1200000000000036995	午後P	608
2542	100000000000002617	二階	603
2543	300000000000053068	anonymous	600
2543	500000000000096579	パーク	600
2545	1000000000000085665	キャプテンルサンチマン	599
2546	1400000000000100723	猿ｩ	596
2547	300000000000079648	気まぐれ	589
2548	800000000000047061	ziku	587
2549	1100000000000008763	ハミューンP	585
2550	400000000000095788	Chomo	574
2551	300000000000030027	ジーナ	572
2552	800000000000028857	中佐	562
2553	100000000000085479	従者	553
2554	600000000000085361	☆湊★	551
2555	700000000000003579	レン	547
2555	900000000000101436	Player 1008559193	547
2557	700000000000101826	ふらい	540
2558	900000000000007054	えんたろ	537
2559	200000000000032554	RYU	525
2559	1100000000000055397	鈴希	525
2561	25367	イチロー	507
2562	1200000000000071919	抹茶プリン	505
2563	1000000000000062475	せら	493
2564	1200000000000099494	あお	489
2565	800000000000005089	YU－	485
2566	1300000000000020933	ゆう	484
2567	1000000000000085538	よっしー	479
2568	400000000000099881	zetton	474
2568	1100000000000008904	セフィアBB	474
2570	500000000000015466	みーみ(*φωφ)★	469
2570	1000000000000084807	ねぐせ	469
2572	200000000000097565	赤砲	468
2572	400000000000010024	真田首領蜂隊	468
2572	800000000000080264	fafnir	468
2572	1500000000000074380	moto	468
2576	500000000000086765	はまぴ	459
2577	600000000000078852	夜見	447
2577	700000000000017154	ぐっちー …(*^.^*) ｺﾄｼﾓ ﾖﾛｼｸ ♪【1月】	447
2579	1000000000000097191	ねる	444
2580	700000000000053069	星宮	443
2581	1100000000000018655	Pマン	440
2581	1500000000000055647	チョッパー	440
2583	500000000000080459	ささはら	439
2584	800000000000077045	Izumi	436
2585	1300000000000102245	Player 1008554477	424
2586	700000000000010367	きいち＠同僚募集中	420
2587	200000000000101337	AXYZ	416
2588	400000000000029005	まっちゃん	400
2589	400000000000085216	ライム	398
2590	87085	いつでも暇人	397
2591	1000000000000102006	スズナ	390
2592	1400000000000097337	tsukap	384
2593	1000000000000005615	トッリ	375
2593	1400000000000025067	ゆぇ	375
2595	1300000000000080454	つきみ	372
2596	1300000000000003470	くろふが	364
2597	200000000000100417	MFスタイルズ	363
2597	900000000000101482	ゆどうふ	363
2599	100036	りっちー	361
2600	900000000000005490	智	360
2600	900000000000086396	アトリ	360
2600	1100000000000101427	Claudel	360
2603	400000000000087051	アスラン	358
2603	1500000000000099003	とうふ	358
2605	1400000000000062637	あぽ	357
2606	1200000000000086208	アルコホーリク	351
2607	500000000000094989	いち	350
2608	1400000000000065068	Player 1002081262	349
2609	1200000000000054048	クレシエンテ	345
2610	1500000000000032535	Fuki	344
2611	1200000000000075896	きの	332
2611	1400000000000004624	莉都	332
2613	400000000000019664	ステージレフト	330
2614	100123	chocozou	328
2615	700000000000095242	なにぬねの	320
2616	1100000000000002131	刹那	312
2616	1500000000000002951	×あふぅ†紅魔郷†	312
2618	1300000000000102274	acidblue	310
2619	100000000000012807	しょうりん	304
2619	700000000000102132	みたらし団子	304
2621	900000000000003682	もっちぃ	302
2622	1100000000000099616	陸	297
2623	900000000000006869	養分	291
2624	1000000000000015431	キンピラー	290
2625	800000000000081188	あづちもも	282
2626	1000000000000093428	はらぺい	281
2627	1200000000000049304	My_ray*	278
2628	102005	Player 1008582720	277
2628	700000000000008566	夕張	277
2630	1300000000000001340	[ぽんこつ提督]蒼崎橙子[秘書艦加賀さん]	276
2630	1500000000000085789	Mob	276
2632	400000000000079731	サイポン	267
2633	900000000000000947	あまみやてん	266
2634	300000000000101266	Chris	264
2634	1100000000000099057	小少将	264
2636	1300000000000096763	ンゴロンゴロP	260
2637	400000000000101599	ひとみ	258
2638	86530	アリエル	251
2638	1100000000000026869	如月レナ	251
2638	1500000000000085554	とけい	251
2641	900000000000096802	sora	250
2642	600000000000072128	さむらい	243
2643	1200000000000044962	三毛猫(ФωФ)	235
2644	200000000000077398	ﾏｻﾄｼｨ	215
2645	800000000000101377	Player 1008580664	214
2646	300000000000034160	こー	208
2646	1300000000000086934	星崎時羅	208
2648	700000000000101657	南高梅	203
2648	1100000000000049464	デッキ	203
2650	600000000000097860	ルミナ	202
2651	1000000000000101652	DAI	193
2651	1200000000000061531	ハマチ	193
2653	100000000000081489	うなぎイヌ	186
2653	1200000000000052231	ななしのごん	186
2653	1500000000000077232	Player 1003662079	186
2656	101834	Player 1008510464	182
2657	600000000000004473	ロード!	180
2658	1400000000000062531	嶺上開花	176
2659	900000000000100655	わんだ	173
2660	100000000000101847	白北	170
2660	1400000000000102200	Player 1008600142	170
2662	100000000000054862	亜差覇蚊	169
2663	500000000000080283	マテリア	165
2663	700000000000000513	結弦	165
2665	1500000000000087801	Player 1005415263	163
2666	1300000000000102309	くみこ	159
2667	98720	みずは	156
2667	200000000000074035	CSP	156
2667	300000000000011902	ふじこ	156
2667	300000000000011950	よっちゃん	156
2667	400000000000003344	メロスケ	156
2667	400000000000099011	タカシ	156
2667	1000000000000002504	リビドー７	156
2667	1000000000000030519	マキジ	156
2667	1100000000000099037	ういろう	156
2667	1300000000000022941	ステーク	156
2677	900000000000093591	コノ	146
2678	1000000000000056116	joker	144
2678	1400000000000010975	SSD	144
2680	600000000000036344	パルマ	140
2681	1000000000000101985	Player 1008583098	137
2682	1500000000000100451	ひぃーの	131
2683	1300000000000000980	ネム	125
2684	800000000000022763	そるを	124
2685	100000000000101482	緑茶	122
2686	100000000000044354	とらドラ虎　招待無視してください、スミマセン	121
2687	1000000000000095107	たいが	117
2688	200000000000059247	ジョン	116
2689	400000000000004070	ウォーズマン	115
2690	1100000000000101612	まるたま★	113
2691	1500000000000073801	アキト	111
2692	200000000000101973	Player 1008479810	109
2693	900000000000101441	しょうた	102
2694	1400000000000001762	みまり	101
2695	98071	Lucy	98
2696	1100000000000073900	C4D	94
2697	400000000000018304	Zande40	92
2698	1400000000000007552	ジェームス	85
2699	900000000000045674	つるや	83
2700	500000000000101799	スリット	79
2701	200000000000034361	パブリチェンコ[撃退者]	78
2702	6410	四世村正	76
2702	800000000000099444	パンダ	76
2704	700000000000019072	SAKAMOTO	73
2704	1500000000000051127	ひじかた	73
2704	1500000000000075175	shark	73
2707	900000000000017918	真影の飛鳥	71
2707	900000000000050375	ちっきー	71
2709	300000000000009639	たいそん	70
2710	600000000000098288	@@	67
2711	700000000000001778	acb	66
2712	900000000000101257	ANGEL	61
2713	200000000000080606	ゆうご	60
2713	300000000000045809	なつかわ	60
2713	300000000000074061	ころりん	60
2713	400000000000054901	かっこうP	60
2713	900000000000003552	ドナルド	60
2718	100000000000015254	まつどん	59
2719	400000000000101462	ジェイ	56
2720	1000000000000096217	おっきぃ	54
2720	1100000000000054118	九島	54
2722	300000000000101509	（祥・ω・）	53
2722	500000000000101612	Player 1008476805	53
2724	500000000000096448	Player 1006385797	52
2724	800000000000029728	秀㍉㌔㌧ぽん(･≠･)	52
2724	800000000000094179	さくや	52
2724	1000000000000062314	あすか	52
2724	1200000000000042286	よっぴー	52
2724	1200000000000101434	parkyehun	52
2730	1200000000000099948	Player 1007955180	50
2731	1400000000000082284	かわら	48
2732	1000000000000102012	Player 1008593290	47
2732	1200000000000101291	あやひろ	47
2734	200000000000102185	つばき	44
2735	27911	希依	41
2736	1300000000000071977	ツバサ	39
2737	100000000000061613	あるぽん☆	38
2738	500000000000077402	リオ	37
2739	101959	Player 1008561280	36
2740	200000000000054848	十一屋	32
2740	1300000000000007263	勝さんど	32
2740	1300000000000101514	TNK	32
2740	1500000000000101508	pareido	32
2744	101999	るりあ	30
2744	300000000000098213	kr6idr	30
2744	1300000000000100534	whoisthis	30
2747	700000000000101127	さっさき	29
2748	101896	ラテラ	28
2749	1200000000000098779	とむ	27
2750	1000000000000102022	社長	26
2751	800000000000101390	SHUKI	20
2752	200000000000102212	鮮明	14
2752	600000000000075041	Trench	14
2754	300000000000098206	クロチャ	12
2755	800000000000099143	下げパン太郎	10
2755	1000000000000101994	Player 1008587050	10
2757	600000000000061944	saba69	9
2757	600000000000101763	Player 1008573062	9
2757	700000000000101935	Player 1008467047	9
2760	200000000000101335	ツクやん(真っ青)	8
2761	400000000000070126	みかん	6
2761	700000000000102220	omm	6
2763	500000000000048056	サエコ	5
2764	700000000000102166	Player 1008564135	4
2765	97885	Player 1006853968	3
2765	400000000000093056	トライ	3
2765	1200000000000096574	マグノリア	3
2768	300000000000099986	アルス	2
2768	1100000000000101542	rghg	2
2770	94394	夢莉	1
2770	1200000000000101476	蛙	1
