1	100000000000090203	夢で会えたら	1048288
2	1500000000000072116	ede	874535
3	1100000000000052024	もりべ	847415
4	500000000000062349	nabemi	432075
5	1100000000000049237	しょーたろー	406826
6	100000000000079726	あがちゃん	404188
7	1200000000000002691	となと	393972
8	400000000000037198	とるっち	371731
9	700000000000072157	カイト	353693
10	500000000000027653	ヒロMK-2	349371
11	1000000000000058882	ハイバリー	338739
12	199	コガラシ	319266
13	800000000000092921	ゲオルグ	303111
14	1300000000000074713	魔帝ｻﾝﾁｬｰﾝ	290723
15	1500000000000098413	ペテロ	266230
16	400000000000026069	Yuki	258947
17	800000000000003806	シンジP@アイドル・ハイ！！	256270
18	400000000000058819	アカハタ	246599
19	1200000000000052509	イッル	237054
20	1400000000000097531	ＭＩＯ	235989
21	400000000000000846	二十日。	233694
22	1300000000000102254	あおぞら	227947
23	400000000000094924	ジゼル	219237
24	400000000000001977	恋心マスカレード	218847
25	1400000000000045731	将馬	206813
26	600000000000074130	たかお	203364
27	400000000000000288	Nullhachi	202569
28	1000000000000075343	ちゃんまんじ＠同僚さんラウメンさん募集中	200809
29	1300000000000054589	かぜっち	189028
30	500000000000038589	やまと	186823
31	900000000000002724	ゆえ	175922
32	600000000000000511	立花	175885
33	1300000000000052260	宇宙人	165691
34	1400000000000060132	クララ	165620
35	800000000000015465	馬竹	165604
36	1300000000000042063	カドモス	165551
37	1200000000000080149	こーざい	162292
38	1400000000000063377	mi	161132
39	1000000000000001536	しゃりしゃり	154288
40	800000000000021398	三枝3G	153999
41	800000000000006759	しゃるる	148181
42	900000000000099328	おおぐろ	147152
43	700000000000004721	GSXZ	146874
44	700000000000047331	はるうさ	145722
45	1000000000000096582	ぐれ	145148
46	200000000000058578	素ゴック	145028
47	800000000000007045	マロ	143482
48	100000000000009827	BlindF@ith	143419
49	8705	ハル＠相互埋め同僚募集	142583
50	1000000000000003289	東都の不沈艦	142160
51	200000000000012022	とてとて	141860
52	700000000000033320	もりそば@ラウメン募集中	138687
53	100000000000085766	れう	136430
54	400000000000052252	光	135211
55	1500000000000018753	昆布P@餌カード募中停止	131148
56	1000000000000014473	submariner	129028
57	200000000000002212	Pisces	128768
58	1300000000000052953	ケフィア	126370
59	400000000000030643	みみみ	125989
60	1500000000000061396	アリア	125697
61	100000000000017097	つるちゃん♪	123951
62	400000000000073549	リュカ	121550
63	600000000000076283	くろ	120546
64	1400000000000059797	1900	120545
65	1300000000000082199	TA	120540
66	400000000000074056	フハヘ	120333
67	300000000000055329	スロープ	119312
68	200000000000055307	どらちゃん@同僚募集	118282
69	900000000000099241	蟹光線	117789
70	100000000000093968	signeria	117383
71	1500000000000051301	かわ	115665
72	1300000000000018678	モモ	115251
73	1300000000000015961	ますらお	114580
74	1200000000000053053	chihiro	113640
75	200000000000092225	ぼんごれあっぷる	111973
76	600000000000011987	たかくら	111565
77	27670	slip	109387
78	300000000000073940	jack	109230
79	300000000000080414	ジャン	108521
80	1300000000000002228	ますP	107954
81	500000000000072694	オクラ納豆　招待気にしないで	107933
82	1400000000000097017	オルテガ	107023
83	1400000000000056616	弱いサカナ♪	106168
84	500000000000081223	真美のている	104776
85	600000000000083315	ジフ	102745
86	500000000000026826	ポアロ	102584
87	1000000000000005220	Yui	102449
88	1100000000000021300	キャベツ太郎	102068
89	800000000000081853	Tonnura	101356
90	1400000000000036701	ゆき！	100356
91	1300000000000007299	atiam@	99838
92	800000000000041915	びち.よっちゃん	99763
93	500000000000013931	T.S	98304
94	300000000000036888	minn	93746
95	1300000000000006187	ナオ	93454
96	500000000000060946	ぎゃくおし	93322
97	700000000000097306	いずくま	92950
98	1000000000000055196	ジェイビー	92875
99	45804	カレン	92710
100	1100000000000007051	ぶーびー	92426
101	500000000000045340	クロ	91843
102	78073	淡丁	90339
103	400000000000093057	シノン	89500
104	700000000000061191	さむ	87781
105	800000000000035280	kalona	87306
106	700000000000027237	Sharlotka	85799
107	1400000000000081290	ゴーレム中谷	85588
108	600000000000032077	エスプリ	85124
109	700000000000008297	omk+T	84732
110	300000000000048009	シモヤマン@同僚募集中	84247
111	500000000000051447	へろ@同僚募集中	83757
112	1400000000000001718	なのの	83043
113	700000000000073877	1kk	82647
114	46360	へーさく	82199
115	800000000000078649	ぷろっきー	81304
116	600000000000046005	vaccinal_4622	81031
117	100000000000014642	テル@	80579
118	1100000000000024844	ななねこ	80396
119	1100000000000085562	triquetra ～ A.t	80075
120	54669	みっちゃん	79733
121	700000000000045530	Rev	79217
122	32954	アロンダイト	78846
123	2522	かざみん	78423
124	100000000000039002	かめこ	78397
125	1100000000000060170	いなみ	78149
126	51679	けろP	78076
127	200000000000093724	yuuri takahasi	78039
128	100000000000012373	寝うどん	77145
129	900000000000038984	mikado	77104
130	200000000000045693	渚	76776
131	800000000000001838	ﾓﾅ	76483
132	800000000000082004	ktcal	76450
133	200000000000056358	奪取	75580
134	700000000000099096	MEVIUS001	75376
135	400000000000074481	tomochi	74881
136	400000000000079778	ジョニィ	74756
137	1500000000000053890	も	74642
138	200000000000000361	ファイ	74575
139	1400000000000037504	棚から牡丹餅	73302
140	200000000000096499	みじんこすちん	73158
141	700000000000007518	せやな	73043
142	500000000000100756	蝉松	72999
143	700000000000000656	小龍砲	72588
144	600000000000007960	las	72296
145	1400000000000047377	☆サンクス☆	72288
146	900000000000047048	かちょん	72032
147	600000000000001186	まと	71919
148	100000000000038147	きょー	71875
149	700000000000075495	チャパ	71696
150	1400000000000052090	adeko	71152
151	200000000000016240	あると	70515
152	300000000000049846	らんぷ	70021
153	900000000000002057	タトラ	69543
154	1500000000000077340	matsu	67272
155	200000000000098317	さらさら	67050
156	300000000000002508	オス	66880
157	1500000000000072044	おもち	66879
158	1100000000000078742	シホツナナ	66755
159	100000000000093561	シェリルz	66546
160	500000000000097202	ぽいー	66347
161	500000000000091218	ちびお	66284
162	200000000000000498	あーる	65522
163	1000000000000010616	はむ	65401
164	1500000000000000573	Earl	64890
165	900000000000036699	うにょらー	64793
166	800000000000024899	ハナサン	64225
167	400000000000005996	イチ	63363
168	100000000000082225	sakaz21	63352
169	700000000000052605	タビィ	63311
170	900000000000004754	ふく（C）	62878
171	800000000000084900	たんそ	62776
172	1200000000000057447	安田牛乳	62551
173	1100000000000000271	はくはく	62465
174	300000000000001831	ガオ	62253
175	1300000000000022320	沫雪	61570
176	1300000000000050996	あずcat	61113
177	700000000000056328	よだれむし	60946
178	1100000000000030468	アフリカツメガエル	60693
178	1300000000000047354	バン	60693
180	500000000000002317	みかにゃん	60654
181	500000000000011484	SSNK	59977
182	1500000000000051609	ペトロス	59809
183	800000000000006441	ＫＥＩ	59706
184	800000000000070409	た～き～	59341
185	1500000000000017058	雨魂	59126
186	900000000000016037	キュアナナシ@蒼(そら)穹	58929
187	1000000000000006617	渡	58651
188	1100000000000097780	birth	58511
189	400000000000019231	咲希(saki)	57821
190	500000000000046227	やくびょうがみP	57754
191	800000000000002899	リセル＠同僚募集	57716
192	900000000000044005	ほおずき	57627
193	1100000000000009998	コスモ	57464
194	1000000000000099854	リプテリア小夜	57460
195	300000000000004789	鵜野勇太	57414
196	500000000000098235	ゴレムス	57009
197	500000000000054910	きっしー@765歌劇場	56945
198	800000000000013105	ろまね	56915
199	600000000000000663	YKK	56702
200	1300000000000006509	アナグマIII	56631
201	500000000000057271	黒ちゃん	56576
202	1100000000000051752	ほほほほい	56555
203	500000000000050070	ムギ介	56435
204	500000000000081423	硝子屑	56244
205	100000000000101346	Camille	56096
206	1300000000000057435	Pico	56058
207	600000000000097530	ﾌﾗﾜﾊﾊ	55877
208	500000000000055904	存在感のない小熊猫	55871
209	500000000000072904	まいも	55482
210	1100000000000101124	つめ	55444
211	1500000000000028655	いっさ	55389
212	1200000000000006339	なかむー	54576
213	700000000000097426	KNTR	54341
214	100000000000015441	らささべ	54222
215	300000000000079132	sig	54041
216	62478	ジョンスミス	53941
217	700000000000056327	K.M	53687
218	1500000000000001153	tony105	53642
219	800000000000094678	チャオ	53406
220	800000000000056556	Pyon	53367
221	400000000000004252	カギナ	53343
222	900000000000033509	ノン	53340
223	200000000000003861	佑 -task- 豺華広報担当	53338
224	900000000000085528	shizushisu	53326
225	1200000000000093875	FFF	53310
226	800000000000006710	ゾノ	53304
227	700000000000095424	ぶり	53058
228	1100000000000054618	幻の学院生	52828
229	1500000000000097761	ヒデ	52689
230	800000000000096115	黒い秋	52618
231	700000000000097998	いち	52590
232	900000000000003319	とらこ	52389
233	1200000000000078214	日常	52378
234	1300000000000056296	シェフィー	52118
235	1200000000000000854	らき☆缶P	51981
236	1400000000000100229	TAP	51695
237	500000000000012552	NEKroid	51680
238	1500000000000050228	しるさる(銀しゃけ)P@陸WT乗り	51676
239	100000000000009818	ちゃり	51261
240	700000000000024719	潔白	51205
241	500000000000058144	みずぼし りん	50896
242	700000000000092761	パチュリー	50831
243	900000000000087980	kabu-	50809
244	1300000000000009715	あ	50621
245	1300000000000056501	ゆう	50289
246	600000000000029678	いもけんぴ	49913
247	500000000000049322	リヴ	49781
248	1500000000000000452	じんりゅ	49736
249	1000000000000095112	極東魔術昼寝結社の夏	49500
250	1400000000000051251	しおどめ	49490
251	600000000000051910	さかみち	48966
252	1400000000000037097	ハルメ	48884
253	26097	ver2	48674
254	1500000000000052155	百式	48623
255	1100000000000072239	めめ	48483
256	700000000000083260	yk	48470
257	700000000000057396	いろぐち	48443
258	100000000000010201	へいし	48352
259	1400000000000028994	ju	48042
260	1100000000000061941	ティオ	47963
261	300000000000000919	あるんか	47962
262	1200000000000096682	η	47563
263	13195	ぴこぷぅ	47386
264	1100000000000092865	鳳梨78	47341
265	1300000000000099826	Efg Abc	47149
266	700000000000098095	Qx	47115
267	1500000000000096931	オウジュ	47077
268	700000000000073551	☆ 輝きの婿 小川A ☆	46782
269	100000000000092164	醤油	46657
270	400000000000097552	2HEAD	46556
271	500000000000097877	VIP	46490
272	1100000000000097284	ジェイミー	46486
273	100000000000013620	えlさ	46150
274	78937	ペス	46107
275	1300000000000045057	りらっくま	45866
276	200000000000096671	kenta77	45763
277	300000000000052789	はいね	45740
278	500000000000085646	ラツマ	45670
279	4193	とるく	45287
280	700000000000007623	さとし	44995
281	800000000000038168	ころりん	44869
282	800000000000097639	せみかん	44722
283	99351	なぎうぃぎー	44554
284	1100000000000001901	ケティン	44470
285	1000000000000022579	reo	44365
286	100000000000043218	Sforza	44337
287	100000000000057365	ハシオ	43773
288	9506	ぽこん	43733
289	1000000000000006953	う3ぅ@HNトレード中	43656
290	200000000000098120	kozue	43519
291	1000000000000092406	Sopure	43484
292	1500000000000000193	とみぃ	43476
293	500000000000092152	ジクロロ	43437
294	100000000000076424	つぶあん	43025
295	500000000000098136	いい男	42984
296	300000000000074498	せと	42950
297	200000000000059331	にき	42904
298	900000000000100871	shinomis	42901
299	300000000000079949	しょう	42871
300	24784	いづみこ	42797
301	300000000000084955	前森数規	42595
302	1200000000000043303	ワルデガルド	42563
303	1000000000000062517	からす	42538
304	100000000000081289	エニム	42316
305	800000000000003151	ぷるふ	42120
306	100000000000098042	凪太	41947
307	900000000000099536	やくも	41938
308	1400000000000086102	ポリゴン＠同僚募集	41888
309	100000000000098123	喜々	41742
310	1200000000000046997	ランプキン	41590
311	1100000000000042303	blueQox	41584
312	100000000000087203	momzombie	41535
313	200000000000004139	ジョン	41521
314	900000000000077827	カオス	41484
315	1000000000000057114	スタップ細胞	41481
316	800000000000007577	ルキアス!	41479
317	1500000000000036232	Satoshi	41470
318	1400000000000002309	デンジャラス漁師	41412
319	900000000000056614	はちのす	41321
320	1300000000000081413	南郷	41234
321	200000000000051730	calｰd	40827
322	500000000000076806	スプリング	40759
323	1200000000000099724	かざみどり	40739
324	600000000000061571	16回切りが出来そうな人	40737
325	1500000000000069370	パントムR	40736
326	1100000000000097846	ジョジョの珍妙な冒険	40690
327	400000000000096887	まちゃもきち	40312
328	1400000000000008052	首領	40281
329	300000000000013060	だい	40253
330	1000000000000024277	風吹子	40241
331	1000000000000004130	でん	40207
332	300000000000000528	kanadai	39944
333	600000000000003513	サギーたん	39720
334	1100000000000099902	ドリアンマン	39608
335	500000000000007461	AIMﾏﾝ	39540
336	900000000000097897	beni	39387
337	1500000000000006876	ときふじ	39213
338	100000000000049570	はる ﾁｹﾅｼ	38834
339	1400000000000028145	ＲＹＵ－×	38731
340	400000000000047290	くろあめ	38601
341	1300000000000000020	Whitesox	38506
342	200000000000011826	このド	38427
343	1300000000000057060	マイヤー	38372
344	600000000000096155	hirata0816	38355
345	1400000000000072561	CT	38281
346	1200000000000045358	axe	38253
347	1500000000000075927	まりも	38250
348	300000000000040128	ギルバート	38130
349	1000000000000001341	ケンタ	38098
350	300000000000096449	やす‐Ｉ	38061
351	900000000000037940	■＠NDR114	37865
352	600000000000015407	まぁがとろいど	37811
353	23310	ありす	37654
354	1000000000000075888	柏	37605
355	600000000000074768	水	37554
356	700000000000025370	じゃすた	37386
357	200000000000001400	iera	37328
358	1500000000000037791	あきぽん	37264
359	900000000000025873	アルカード	37238
360	1200000000000095471	レフトガード	37236
361	100000000000000239	井上トモ	37116
362	900000000000053417	ももちんＰ	37107
363	200000000000100345	あおい	37025
364	1400000000000003064	アニ	36979
365	800000000000096138	むん	36852
366	800000000000072605	南東	36705
367	1200000000000045221	rain	36703
368	1200000000000094652	cysteine	36687
369	600000000000006700	rk9523	36517
370	500000000000099066	クロワッサン	36383
371	900000000000040408	ぽん	36228
372	100000000000080247	リュウ	36156
373	700000000000000120	かずぴー	36142
374	200000000000085878	nori0723	36064
375	1300000000000077525	クロ189	36010
376	300000000000029127	ゆっきー	35996
377	500000000000005318	柳也	35978
378	13752	ねひこじ@同僚募集	35973
379	1300000000000078738	おれんじ	35892
380	1400000000000017184	なばかり長介	35844
381	800000000000056641	浸透	35737
382	300000000000043860	いち	35676
383	600000000000052925	あるふぁ	35595
384	52353	マサ	35425
385	800000000000037723	ｻｸﾔ	35383
386	800000000000085640	メイトウ	35236
387	300000000000003559	タイレル	34958
388	900000000000000233	空井	34790
389	1400000000000007584	Tamoto	34771
390	200000000000004253	れいしき	34706
391	800000000000097429	ワールウインド	34548
392	1200000000000097453	Uroboros	34484
393	600000000000004062	ゆうじ	34460
394	700000000000087073	トミノ	34332
395	800000000000056811	いちご	34314
396	200000000000076333	山下智久	34167
397	100000000000096995	Hall	34052
398	1500000000000002682	龍	34029
399	58693	郷のくまもん	33938
400	600000000000069042	大くん	33913
401	1400000000000061435	coco	33824
402	900000000000044687	ぼつらくP@奈緒参上	33648
403	1000000000000008302	ユウキ(忙殺紳士)	33640
404	800000000000087359	和泉	33632
405	1100000000000055273	じなんぼう	33334
406	300000000000059780	Gﾊﾞﾄﾛﾝ	33201
407	600000000000009091	モ蔵@武道館初日	33062
408	500000000000098171	bahram	32828
409	1000000000000081119	bisaim	32799
410	1200000000000005552	こめこん	32739
411	600000000000055453	ﾍ(ﾟ∀ﾟﾍ)	32522
412	85974	そこ	32439
413	900000000000020258	Yusuke	32156
414	300000000000052772	和良眉たると	32155
415	1200000000000012608	YU-KI_K	32143
416	500000000000098458	みけ	31986
417	1000000000000003160	ＳＱＵＡＲＥ	31858
418	1500000000000000284	流れ星@勇者百合子と風の戦士達	31784
419	600000000000000862	のばら	31724
420	1000000000000100082	ドルフィン	31690
421	600000000000031148	しんたいかさ	31450
422	1200000000000030839	serge	31320
423	800000000000004653	貴久	31233
424	1500000000000010613	ミラニスタ	31096
425	400000000000052819	trude	31094
426	500000000000009207	もりそば	31088
427	900000000000076797	DON	31083
428	600000000000075714	Souffle	30948
429	100000000000007774	asagi	30779
430	400000000000042107	けん	30659
431	1500000000000098658	中位	30625
432	1000000000000080571	rai	30592
433	1400000000000011240	テンコ盛り	30463
434	200000000000079437	ジェフ	30385
435	2423	ｾｲﾒｲ	30320
436	500000000000003564	ｔａｄａ	30296
437	100000000000079065	どーん	30267
438	900000000000097269	まかろに	30225
439	1300000000000098427	Ｙ	30119
440	300000000000037493	ゆう	29840
441	400000000000011556	デデデ	29793
442	800000000000096366	tryinchu	29744
443	54586	brightP	29638
444	1300000000000056311	abare	29615
445	500000000000045400	ゲソさん	29609
446	1200000000000085535	しお	29243
447	1300000000000084247	だみん	29170
448	1400000000000003830	見さん	29158
449	1100000000000008567	泡盛(ry	29100
450	1000000000000041680	スカイ	28960
451	800000000000005148	nakaie	28940
452	500000000000023634	シズク	28883
453	300000000000004297	カシミヤ	28774
454	1500000000000002866	かたなし	28667
455	500000000000025817	ひげP	28521
456	200000000000098478	ジャック	28520
457	1500000000000061348	wolf	28388
458	100000000000056699	＠ルビー＠	28284
459	1100000000000035541	Taku	28235
460	300000000000002460	神風空蒼	28169
461	1100000000000091695	圭江州	28042
462	1000000000000031766	はだきゅん＠あみきりつ	27835
463	600000000000074948	Player 1001673702	27625
464	1400000000000007420	冷	27566
465	300000000000096855	紺碧	27306
466	300000000000033793	ササノハ	27060
467	600000000000005484	でっかち	27048
468	300000000000058716	小豆	27028
469	100000000000008912	koya	27020
470	900000000000026956	わ～や	27010
471	800000000000006135	ｼﾞｮｲﾌﾙ太郎(￣∀￣)	26891
472	1000000000000098478	つばくろう(仮)	26877
473	400000000000000238	はるひっち	26860
474	1000000000000083651	せつな	26848
475	200000000000033055	GAN-Q_2	26811
476	600000000000055122	爆発士=サン	26789
477	1100000000000074788	sinzi@ＢＭＤ亜昴　求）最未杏朋宮佐琴歩福姫憐風ジ瑞　以外	26692
478	1100000000000085546	Player 1005037835	26639
479	900000000000029451	モーム	26532
480	700000000000096788	のちのゆ	26414
481	1500000000000041388	リョタ	26401
482	500000000000000818	ＴＲＯ	26303
483	500000000000006521	ZeroK	26186
484	1100000000000062673	しん	26180
485	1000000000000058019	皇帝	26112
486	300000000000003491	シリウス	26010
487	46365	シシトP	26000
488	1300000000000000159	kanimata	25985
489	1200000000000057074	asa	25954
490	1000000000000077903	空野	25950
491	1100000000000015677	さきちょす	25916
492	800000000000001555	ソルダ	25797
493	1300000000000054401	サイコウ	25765
494	900000000000000109	こうちゃ	25711
495	28778	Henly	25695
496	800000000000099131	style free	25612
497	1300000000000082437	SASUKE	25600
498	100000000000085301	GTHM	25507
499	500000000000050978	いそでぃ	25369
500	1000000000000001090	みつば♪+ﾟ*ﾟ	25368
501	400000000000007071	ひびきん	25267
502	700000000000042776	ルンルン	25241
503	900000000000060882	tei9999	25239
504	500000000000001146	青銀星☆	25165
505	1100000000000030719	master	25052
506	800000000000093053	うつよぷよ	24976
507	1300000000000080244	ひでと	24962
508	1000000000000005503	SIGU	24888
509	600000000000028818	jojo	24878
510	1400000000000003131	はっぱ	24830
511	400000000000003431	口内炎	24762
512	1500000000000000376	平	24726
513	600000000000004693	のわあるP	24648
514	500000000000018931	しげ	24597
515	100000000000037893	Shine	24537
516	1300000000000087052	ひよこ	24533
517	100000000000058183	sor	24496
518	1300000000000094016	ロベルト	24441
519	1400000000000032312	momi	24389
520	1000000000000088493	unknown	24360
521	800000000000003201	ワッシー	24345
522	2818	hihihi	24320
523	1000000000000016683	Ｂａｙ	24112
524	1200000000000015375	ケー	24090
525	800000000000003439	あきば	24084
526	1100000000000002846	Motmot	23950
527	1500000000000055666	AJ	23944
528	900000000000012233	ユメゾウ	23878
529	900000000000000856	つ～ぽん	23876
530	600000000000098207	ちひろ	23862
531	1300000000000000729	higu【お久しぶりです】あまね	23757
532	1300000000000025502	ウィズ	23731
533	500000000000001240	カズ(イン率低下します)	23718
534	1400000000000100526	nini	23702
535	800000000000000098	タク	23690
536	101571	奏	23646
537	1400000000000009336	ガキー	23544
537	1400000000000053091	破壊王子	23544
539	1200000000000028285	らちお	23420
540	1000000000000073977	紅茶派	23256
541	1100000000000057562	ゴート	23243
542	1000000000000083988	チャム	23199
543	400000000000080139	さくら	23164
544	800000000000035805	あすか	23091
545	100000000000023612	Ｎormad	23040
546	100000000000011083	astry	23020
547	1200000000000080952	ずかもと	23003
548	1100000000000086373	引退マン	22921
549	400000000000003275	Pitta	22845
550	100000000000081391	黒シャム	22800
551	1500000000000004768	アスパラ	22797
552	1400000000000085700	KabazirouP	22747
553	700000000000013552	アキ@レモネード	22666
554	900000000000000220	マーボー	22537
555	1200000000000077256	ナカ	22494
556	600000000000093314	イチゴ味	22491
557	1000000000000051617	cocoa	22285
558	81662	朱雀	22283
559	100000000000002069	真希波･ﾘﾂｺ feat.秋月ねるのP	22140
559	500000000000024826	ひろ	22140
561	500000000000045254	こえでぃ	22085
562	100000000000056823	ひろびろ	22035
563	1500000000000080261	レス	21968
564	1300000000000062229	jicca	21960
565	34438	TORI	21926
566	1300000000000088598	河合彰仁	21903
567	1100000000000001685	歩道橋	21896
568	1300000000000059022	剛	21877
569	900000000000094836	アスカ	21821
570	50337	がるみ	21678
571	4610	カリスマ養分	21643
572	600000000000078985	みかんの皮	21622
573	600000000000003545	鰯	21551
574	400000000000086285	Di	21536
575	1300000000000013827	わんわん	21291
576	1000000000000002769	ナンジャラ	21268
577	600000000000051629	yzk	21216
578	900000000000027181	KEI	21156
579	1300000000000004621	夜行性まよら十三	21155
580	400000000000053905	太鼓玄人	21141
581	1200000000000059492	まりり	21016
582	55518	さけのこ	20856
583	600000000000001611	SEPT	20825
584	1300000000000052060	kody	20729
585	600000000000001173	るるんてっと	20712
586	1200000000000003164	かしおり	20701
587	1200000000000046070	なんくるない	20572
588	1500000000000074991	Ranzzzz	20562
589	1400000000000056387	うどんどん	20523
590	700000000000000328	ぺの	20468
591	4836	駄犬ペガサス	20445
592	300000000000083295	フクナガ	20434
593	1100000000000048794	サニー・ヽ(‘jjj')/・無課金イズム	20430
594	1100000000000004806	とん吉	20355
595	500000000000000609	タクヤ	20352
596	1500000000000099275	ろけもば	20340
597	200000000000091493	ひろりた	20322
598	700000000000023920	珈琲缶【】	20253
599	1100000000000006612	あぐり	20246
600	600000000000037180	りくむ	20198
601	700000000000080467	かぎたん	20190
602	800000000000013050	岬	20185
603	900000000000004197	塩バター	20125
604	1200000000000001116	ぬらら	19894
605	1100000000000061867	キユ	19828
606	400000000000076701	秋目涼	19806
607	1500000000000012515	ozoz	19779
608	3504	†サキ†	19762
609	1400000000000058912	ブレイズ	19714
610	1500000000000003815	祐駕楕諭吉	19656
611	1300000000000044214	とーくん:[平日in率低下]	19645
612	300000000000003607	けさがため	19625
613	300000000000071726	7ka/ナナカ	19565
614	1100000000000056842	藤枝	19543
615	900000000000014871	民間人	19500
616	600000000000060382	MC-Poncho	19470
617	600000000000096254	ヒラタツ	19454
618	1300000000000010396	田中敏和	19443
619	500000000000003466	とも	19434
620	1400000000000026688	逆矢	19405
621	1500000000000056374	わたワタミ	19384
622	1428	鼈甲仮面	19382
623	1400000000000000840	かすけ～ど	19341
624	800000000000079411	UMA	19307
625	1400000000000002818	げっちゅ	19281
626	1400000000000096759	ぐまー	19280
627	100000000000101801	カルボナーラ	19222
628	1300000000000051167	まくま	19184
629	1100000000000018803	やす@メン募中	19140
630	100000000000062717	るな	19080
631	600000000000003015	もち	19076
632	200000000000094873	モルスァ	19061
633	800000000000050990	aiki	19057
634	200000000000032507	キヲラブ	19029
635	300000000000000829	Earthia	19015
635	400000000000085806	哀	19015
637	900000000000085479	生春巻き	18992
638	1300000000000021131	ながにい	18893
639	1100000000000036403	ゆう	18846
640	1200000000000073870	キザハシ	18832
641	900000000000083946	荻原雪歩―おぎわらゆきほ―	18809
642	1500000000000010936	りんさんＰ	18799
643	1200000000000020319	hino	18797
644	300000000000001408	gouzou	18746
645	300000000000002561	ウメ	18713
646	98532	スピアー	18658
647	1200000000000051075	きぬんちゅ	18600
648	1500000000000080872	ganziro	18547
649	900000000000006552	はぁ…早見沙織さん…	18494
650	600000000000027730	はるか♪	18462
651	1100000000000000418	遠心力	18431
652	1200000000000086131	でぃあ	18408
653	1200000000000045220	アリシア	18329
654	1400000000000081289	ヒノ	18318
655	37459	じっぱわ	18312
656	36220	びあーど	18293
657	800000000000099720	dora-misono	18284
658	400000000000013202	かもや@【いってきま～す♪】	18112
659	100000000000100359	楓はんぺん	18097
660	8315	MSKT	18047
661	1000000000000000826	タスク	18040
662	300000000000007590	菩提樹	17995
663	1200000000000092944	花華	17985
664	91503	ﾌ	17862
665	1100000000000092377	Ysbm	17829
666	1000000000000007335	AWACS	17774
667	200000000000004505	何処にでも居る0va300	17692
668	78343	メッセ	17625
669	1000000000000087100	sakita-4	17623
670	700000000000001197	§黒雪姫§	17622
671	600000000000020072	テイル	17610
672	100000000000004553	タカタカ	17595
673	800000000000076257	白滝	17529
674	1100000000000098873	4職分の野菜	17493
675	700000000000003572	うり@無言同僚申請はお断りしてます	17490
676	900000000000001556	Shellingford	17481
677	1300000000000081121	モスラ	17480
678	1300000000000086883	松ぼっくり	17478
679	1300000000000036873	Demacia	17472
680	100000000000061898	ステファンP	17426
681	300000000000001821	黒雪先輩	17424
682	1200000000000074333	なッつん	17374
683	1200000000000009495	ら～めん派	17370
684	200000000000026254	サウザンドマスター	17338
685	900000000000025607	ひろか	17326
686	1500000000000004649	けんと	17325
687	800000000000035812	ツッチ	17323
688	600000000000056814	よっぴサンド	17312
689	8383	しょう	17298
690	1200000000000061773	ギロにゃん	17270
691	1100000000000095566	かめまる	17256
692	1500000000000058144	O.Q	17234
693	700000000000030355	ブイタロウ	17202
694	300000000000055677	サビ猫祭り	17192
695	1000000000000024591	tauras	17190
696	600000000000034277	ぱぁしあす	17169
697	200000000000083023	ゆ～おか	17162
698	200000000000033773	えすてば	17137
699	800000000000073434	瓢箪	16925
700	400000000000023304	キョン屋	16908
701	500000000000011811	ねぎ	16877
702	800000000000098538	夜空	16830
703	800000000000075184	夜助	16821
704	100000000000029782	ウィス	16779
705	200000000000039235	ぶんもと	16713
706	300000000000096130	河埜	16711
707	300000000000005632	うた	16685
708	800000000000099752	_M@Y_	16682
709	600000000000091855	くまきち	16639
710	600000000000088118	やくもくん	16527
711	1100000000000078183	ゆー	16514
712	1000000000000057249	G	16487
713	97130	fin.	16462
714	700000000000101118	鈴木美緒	16445
715	600000000000023890	さくら	16400
716	900000000000055514	ジンベー	16368
717	1100000000000080071	鉄志	16359
718	300000000000002250	とも	16303
719	300000000000004366	ﾍﾞﾝｿﾞｳ改め汐宮栞(おっさん)	16230
720	1000000000000061619	キリット	16187
721	100000000000072035	ハミィ	16099
722	600000000000022308	ちば	16089
723	1200000000000046226	ぼーびー	16035
724	100000000000050278	けいちゃん	15960
725	800000000000003231	よっしぃ	15858
726	1000000000000005541	いけ	15790
727	300000000000076602	乙女座193	15771
728	300000000000027321	ハチミツ	15760
729	100000000000098315	Kei	15691
730	1500000000000097699	clear	15682
731	1400000000000075173	玖珂響	15669
732	200000000000034880	ｳｨﾝﾅｰ☆ｳｨｻﾞｰﾄﾞ	15633
733	38121	ヤキオレ	15632
734	900000000000075168	ani	15617
735	1100000000000004827	ホルモン	15588
736	1500000000000076331	クマの☆彡	15583
737	1000000000000085494	パイセン	15562
738	200000000000028129	ＰＨＴＭ	15559
739	1000000000000056183	とある杏里沙の超電磁砲	15504
740	1000000000000098901	akomi	15496
741	300000000000004141	雅・祥	15467
742	600000000000000448	ゆん	15453
743	500000000000022824	くま吉	15215
744	700000000000051229	まてぃっく	15153
745	800000000000052020	あやりん	15081
746	900000000000085212	仄	15080
747	200000000000017606	まーす	15056
748	1200000000000095619	pon	15037
749	1400000000000098227	窓際のカーテン	15036
750	200000000000004799	S-CoKe(coke P)	14937
751	200000000000002093	だ～と	14910
752	400000000000035317	白猫181	14900
753	200000000000095583	セレン整流器	14850
754	1000000000000030701	山電クルミ	14819
755	500000000000002048	どぶろっち	14752
756	100000000000029627	ああく	14699
757	800000000000053157	そら♪	14460
758	1000000000000094112	ぴろしき	14444
759	1500000000000097959	m	14440
760	600000000000007866	熊さん	14421
761	800000000000009342	ﾚﾝ	14411
762	700000000000081603	バス・トロンボーン	14388
763	100000000000088002	美少年	14333
764	600000000000050718	キミツ	14250
765	1400000000000097941	middle	14248
766	600000000000100005	電光値	14228
767	400000000000100631	船橋オートファン	14201
768	600000000000022310	作者B	14189
769	1200000000000007556	ひろ	14145
770	800000000000080511	indoor	14140
771	22424	ｔａｍｔａｍｐ	14127
772	100000000000003003	たぁばん	14120
773	1400000000000072320	おごそか	14109
774	500000000000049985	Akts	14060
775	100000000000061564	Ray Tse	14030
776	700000000000056054	Pi-Ro	14015
777	1300000000000006608	Yggdra	13995
778	1300000000000052569	すいりゅう	13984
779	100000000000097759	よこ	13946
780	400000000000036771	AquaCo	13921
781	1200000000000005423	とるえ	13899
782	1400000000000073640	緑茶	13888
783	300000000000050786	じゅんP	13870
783	1500000000000072181	水零月	13870
785	300000000000044057	かずき	13869
786	600000000000002615	Phantom	13861
787	100000000000058028	talk	13836
788	1200000000000021712	らっぷ	13795
789	100000000000013567	ゆみぽん	13715
790	1100000000000056136	2najung	13705
791	1200000000000014920	紅葉みさき	13692
792	1300000000000054412	春風	13641
793	1400000000000096817	よっしー	13556
794	1500000000000000221	ヤットP	13554
795	1500000000000054081	ぶてぃ	13490
796	400000000000097845	ガン	13475
797	1300000000000001022	toy_nendo	13470
798	93619	Kaguya	13467
799	600000000000083187	ひっちー	13465
800	600000000000081111	おさわり	13440
801	1500000000000006405	マツヤス	13407
802	600000000000098110	ひや	13403
803	400000000000053906	ヨッシー８８	13392
804	1400000000000076237	かっぴー	13323
805	82275	お客様	13320
806	800000000000080182	akifumitt	13310
807	700000000000001270	HAL	13272
808	500000000000022728	OOPS	13252
809	1300000000000001488	ふぇにる(海賊仲間募集( ´ ▽ ` )ﾉ	13245
810	1100000000000008484	Peko	13240
811	1100000000000016048	gismiin	13188
811	1400000000000074619	銀	13188
813	1300000000000076106	イカトゥン	13161
814	59595	かなやん	13156
814	1000000000000015103	renew	13156
816	800000000000055295	ゆーだろ	13131
817	800000000000001256	きりつネＬ	13084
818	800000000000019066	はりねずみ	13076
819	900000000000018630	フヒト	13057
820	300000000000047387	スノーフレーク	13025
821	100000000000006963	玉王	13006
822	700000000000018901	ノア@我那覇響P	13004
823	200000000000003762	カノ	13000
824	400000000000082024	夏音	12952
825	1400000000000034734	アシラさん	12935
826	383	肉塊	12928
827	1500000000000093106	ピコハン	12867
828	1100000000000001019	さとみ	12832
829	1200000000000073929	枇杷お	12821
830	1500000000000037743	亜美	12820
831	101723	R	12786
832	600000000000052140	ゆい	12768
833	39336	azusa	12761
834	1000000000000037530	カツラギ	12709
835	1200000000000007501	ABEX	12680
836	1300000000000004499	まんじゅう	12663
837	400000000000012295	ZERO	12656
838	300000000000050962	蜀野	12588
839	300000000000012679	まこち♪	12512
840	1400000000000044427	ナイト凰牙	12495
841	1100000000000004102	康之	12476
842	800000000000083134	はちなな	12461
843	800000000000004657	兎乃	12427
844	500000000000016598	10:00	12390
845	700000000000085855	烏賊村利明	12379
846	1500000000000044592	くま	12362
847	500000000000097542	eyenova	12329
848	1100000000000037817	シロガネ	12324
849	600000000000052780	白井Ｐ	12300
850	800000000000020766	くろ	12294
851	1200000000000022905	るあ	12266
852	800000000000066000	C1	12222
853	700000000000050140	ガスm@s	12220
854	99489	ももぱぱ	12160
855	200000000000000930	てんしろ	12085
856	200000000000045884	u-mibe	12039
857	600000000000096506	いく	12035
858	1300000000000078452	リーレン	12003
859	600000000000000882	銀のおたま	11991
860	85368	モリキミ	11988
861	1200000000000051837	omo	11897
862	500000000000052942	ゆうりパパ(女装中♪)	11887
863	900000000000007932	えんしゅう	11863
864	300000000000001778	タイゾ～	11850
865	800000000000100716	雪風	11837
866	1200000000000049946	マキ@	11820
867	500000000000060189	Nob	11816
868	700000000000037220	MYU	11791
869	1200000000000052384	ケンプトン	11780
870	100000000000077777	鵠沼海岸 平八	11753
871	200000000000042022	ねるボー	11733
872	33118	ほっぱんさん	11732
873	7372	ちんたら	11661
874	1300000000000081441	ぴょんたろ	11648
875	200000000000010110	*ＨＡＲ*	11644
876	1100000000000019478	ヤッシー	11608
877	1000000000000096559	time	11598
878	1000000000000096324	くら	11574
879	1100000000000000852	しのぶ	11555
880	1300000000000069878	ハシバ	11500
881	400000000000099388	たしゅく	11482
882	500000000000052253	taku	11460
883	11146	ちんどんＰ	11405
884	1200000000000008914	すのカブ・ボストロール ω4	11377
885	200000000000052463	boxer4@同僚募集	11362
886	100000000000052941	aerozawa	11359
887	800000000000096205	草間 朝太郎	11353
888	1684	斗亜	11308
889	1400000000000001559	イヌ	11296
890	100000000000092161	クロスムーン	11280
891	1500000000000002258	春日高男	11279
892	200000000000054844	あしか	11275
893	1100000000000000523	シンP	11185
894	100000000000015493	TREBOR	11159
895	400000000000005385	突然	11138
896	200000000000001649	咲P	11134
897	1000000000000019681	kei	11110
898	900000000000091006	ばた	11106
899	1200000000000075325	ババロア3.5	11104
900	400000000000086098	AAS	11081
901	700000000000075814	みり	11068
902	2450	りな＠緑より箱	11059
903	400000000000050334	ケダチク	11049
904	1400000000000004615	キマリ	10992
905	1500000000000005076	よこさん	10974
906	300000000000017157	だんごむし	10969
907	1400000000000096259	su_tan	10968
908	1400000000000007217	日夜‐ひよ∞(体調不良・アプリ招待×)	10944
909	100000000000055426	ねぐせ	10918
910	53256	ハンペン	10878
911	1400000000000089475	えり	10860
912	400000000000094943	いがいが	10859
913	81929	ウダラッシュ	10845
914	500000000000011999	おにに	10830
915	1300000000000004880	nio	10829
916	1100000000000077653	グルコサミン	10828
917	1100000000000100277	ぼち	10805
918	1100000000000098529	なお	10788
919	1400000000000037555	ケンタロウ	10778
920	31529	ドラピッツ	10771
921	1400000000000056051	花華無	10759
922	800000000000035496	五葉	10750
922	1300000000000033382	きみきみっち	10750
924	1300000000000006572	Mei	10723
925	500000000000050156	ごっつ親方	10718
926	100000000000006091	まみたす	10689
927	1400000000000003593	ひめつば	10678
928	600000000000015515	ショパン	10649
929	1200000000000028396	strikefreedom_teruyo	10644
930	1000000000000005841	ホッパー	10640
931	1200000000000099563	ショマージ	10605
932	500000000000037314	パルパロ	10590
933	100000000000031592	くろくろ	10563
934	300000000000057492	ジャリコ	10534
935	500000000000001946	零音	10476
936	400000000000005129	烏骨鶏	10452
937	700000000000004758	eri《アイマスのみ。マイペース》	10414
938	1200000000000008786	きたきつね	10387
939	700000000000026249	レオニクス	10315
940	200000000000004762	ひーつー～アラフォーにしてバカライバー	10308
941	1300000000000002945	ABOS@自然隊少将	10297
942	500000000000076936	おじい	10286
943	500000000000093198	ツカサ	10230
944	79235	えびもと	10189
945	800000000000009024	有希P	10187
946	21456	平岡	10170
947	600000000000083413	黒炭落花生	10150
948	800000000000055717	shun-ki	10124
949	800000000000005356	ボギー	10096
950	200000000000003513	ユタカ	10073
951	1000000000000078091	ノワール	10067
952	400000000000022242	摩華	10041
953	1400000000000028374	yskmg30	10038
954	300000000000077773	はなくそまる	10024
955	1100000000000003994	しゃみ1000	9943
956	1400000000000038820	としのり	9936
957	1200000000000052183	タンベ	9929
958	500000000000083970	トウテツ	9926
959	1300000000000079500	ちゃけ	9918
960	500000000000062369	bamboo12	9891
961	500000000000014178	なかにー＠毒	9866
962	228	悖風	9840
963	1200000000000002459	パンダＰ	9828
964	100000000000097375	さけちゃづけ	9793
965	600000000000027438	ふっくん	9792
966	400000000000063308	serea	9776
967	500000000000090611	ジョン・ドゥ	9767
967	1500000000000000222	ひぐらし	9767
969	700000000000101409	patok	9760
970	400000000000077106	とろ	9753
971	1300000000000059585	おおこけ	9732
972	400000000000072889	ryoji	9616
973	800000000000000469	水野駆馬P	9607
974	200000000000005782	か～ねるん	9588
975	400000000000059648	やまけん	9576
976	900000000000084999	ルイス	9571
977	100094	クラウン	9554
978	300000000000078969	mnhr24	9545
979	500000000000018149	ペーネロペー	9534
980	1100000000000004498	Mr.PARUPUNTE	9531
981	1300000000000007415	かぐら	9505
982	1500000000000035246	ユーザン	9504
983	600000000000086353	タック	9499
984	1200000000000010349	SeA※Ｓ※	9497
985	200000000000000273	５２４	9493
986	100000000000009386	くりぼ～～	9478
987	700000000000074941	PteIpad	9416
988	1500000000000100737	くない	9312
989	1000000000000051740	マカク	9307
990	1400000000000099456	五和@同僚募集中	9292
991	300000000000047782	hbbnn430	9287
992	600000000000081687	きくらげ	9196
993	800000000000093138	真	9174
994	1100000000000094246	わたA.I.E.N	9168
995	1400000000000075911	ぽんぽこ	9134
996	300000000000051862	ぐうりんだい	9128
997	1500000000000100296	take	9120
998	400000000000033816	えどがわ	9112
999	1500000000000001155	KennaRescue	9108
1000	400000000000002885	いっちゃん＠(ｏ・∇・ｏ)＜和三盆～～ﾍ( ＊´ｖ`＊ﾍ)))	9104
1001	500000000000015215	ドアマン ♪	9015
1002	700000000000003766	もりまる	9011
1003	800000000000000709	サンパチ	8988
1003	900000000000099281	sakuraos	8988
1005	300000000000028403	ぽんぬ	8969
1006	47884	アドルフィ	8952
1007	1300000000000081217	あいおい	8942
1008	800000000000002818	けんけん	8925
1009	56106	花梨P	8922
1010	1400000000000049350	tk多忙により放置になります	8916
1011	1200000000000003017	そうび	8864
1012	500000000000006429	アカツキP@支援係	8830
1013	300000000000010323	かんあき	8796
1014	1000000000000045032	まちねこ	8782
1015	500000000000091560	ぽにょ	8773
1016	200000000000075742	しらが	8735
1017	400000000000024573	えり	8700
1018	800000000000001691	有刀ショージ(巨人ファン25年目)	8693
1019	400000000000037112	ヴァリア大佐	8681
1020	100000000000079520	ロア	8677
1021	800000000000022046	コピー	8661
1022	800	がりりん	8624
1023	99415	Player 1007319552	8613
1024	1200000000000094734	fumi	8611
1025	1500000000000058222	ナヲ	8587
1026	1000000000000056940	ヤタミー	8580
1027	1400000000000100543	Website	8551
1028	800000000000037220	すがっぴ	8511
1029	900000000000093673	昌寛	8465
1030	900000000000023387	ゲキ	8454
1031	1100000000000038556	ヒデ	8450
1032	1000000000000000924	悠里	8446
1033	200000000000059225	ふーく	8383
1034	900000000000001194	文弥	8360
1035	200000000000061828	味の助	8326
1036	600000000000007650	芋	8325
1037	1500000000000095861	ハヤセ	8323
1038	500000000000005365	南の果て	8318
1039	500000000000070397	fubuki	8317
1040	800000000000034028	リョウ	8315
1041	400000000000029415	ろんろん	8312
1042	1500000000000000347	ニーギいるか@しばらく休止	8284
1043	900000000000011282	けんざぶろーちょっと釣りをお休みしますm(__)m	8250
1044	1300000000000058804	そんなとこに突っ立ってるとおらの血飛沫もろにかかりまっせ！( ´ ▽ ` )ﾉ	8243
1045	800000000000044133	はち【入院中】	8205
1046	500000000000001564	ありりん	8200
1047	500000000000097110	対馬蝦夷守智典	8189
1048	100000000000096829	しいろ	8184
1049	1300000000000046803	ゼルア	8176
1050	1000000000000004691	タンカー	8168
1051	200000000000047878	a.m	8154
1052	1500000000000083822	hanyapon	8136
1053	300000000000100597	たかし	8135
1054	100000000000055769	gut	8113
1055	1400000000000075295	しろっこ	8074
1056	900000000000026195	よしやす	8060
1057	1400000000000000412	mizpong	8020
1058	300000000000020423	ういくん	8013
1059	500000000000009952	にゃもし	8012
1060	1100000000000027783	ねーさま!(マカ	8003
1061	800000000000018228	オニキス	7992
1062	200000000000078397	角の丸いまな板	7988
1063	200000000000002224	tobokiti	7975
1064	1500000000000029823	IKUMAX☆にじのん(虹野)	7937
1065	1500000000000016560	mura0929	7927
1066	52032	らくだ	7925
1067	1100000000000092424	渋谷*.横山とpair	7906
1068	500000000000006571	マルチくうねる	7884
1069	200000000000007761	弥江	7854
1070	1200000000000044868	すやＧ-Aqours	7828
1071	1200000000000001639	椿	7816
1072	1400000000000018426	高垣彩陽（本人）	7776
1073	700000000000082505	ディン 千羽鶴	7770
1074	600000000000101776	ミーマ	7762
1075	1300000000000005325	すけとうだら	7754
1076	700000000000053964	ヒロ	7753
1077	300000000000047231	あみ☆	7737
1078	700000000000094482	Ico	7735
1079	1000000000000017990	ボクボブ(旧ハイフン)	7728
1080	500000000000014571	けすごり	7719
1081	700000000000059103	wolken	7708
1082	500000000000026028	ぼんばー	7671
1082	1200000000000010286	どしどし	7671
1084	500000000000100899	牙の抜けた狂犬	7657
1085	1400000000000082165	瞬一	7650
1086	300000000000051649	KⅡ＠	7620
1087	200000000000045385	のん《招待は無視して下さい》	7600
1088	1100000000000003658	赤坂男爵	7570
1089	1300000000000034388	あだだちくん	7560
1090	300000000000038234	炊飯じゃー	7514
1091	400000000000005508	アフター	7500
1092	400000000000098229	ヨッシー７	7485
1093	1500000000000026228	雪丸	7484
1094	700000000000008811	SHANA	7479
1095	700000000000100016	瑠音	7472
1096	1200000000000003255	jakalope	7447
1097	1500000000000005243	ベルベットパス	7440
1098	200000000000101757	ゆう	7427
1099	1200000000000097789	Jacqueline	7413
1100	900000000000094953	らん	7387
1101	700000000000032416	えばこ	7373
1102	500000000000086511	いちごおにぎり	7372
1103	800000000000071822	PumpkinP	7367
1104	600000000000097459	To-cay	7315
1105	400000000000022563	シン	7304
1106	1300000000000001772	スギ EW@フェス支援ありがとう御座います	7290
1107	1400000000000060100	豆電球野郎	7284
1108	700000000000002184	バージョンアップ	7279
1109	76260	ハッピー	7260
1110	1200000000000031528	ときは	7256
1111	100000000000012696	ボルヘッティ	7247
1111	800000000000087342	MOVE山田	7247
1111	1500000000000044138	くろろ	7247
1114	600000000000037844	阿良々木P@ﾜｯｼｮｲ!	7229
1115	1300000000000080396	次郎ちゃん	7221
1116	900000000000056841	のん	7201
1117	600000000000003272	ウニョラ～	7193
1118	200000000000092390	ベックマン	7177
1119	800000000000033886	よこやまなおき＠C91ミリオン新刊はうみみ本『うみトレ！』	7172
1120	1300000000000101519	やんばる	7168
1121	1500000000000094170	梨愛	7149
1122	400000000000006596	ケント	7141
1122	700000000000017385	ワリオ	7141
1124	900000000000040364	未來㍉マス:黄金のライオンさん	7126
1125	1400000000000087062	みっちん♪	7120
1126	1100000000000001470	DreameR	7113
1127	1400000000000043328	孤高の人Ⅱ	7106
1128	1400000000000097124	かみやん	7105
1129	700000000000019128	ふろしき	7074
1130	100000000000084990	しろねこ	7071
1131	500000000000000264	ksk	7049
1131	1400000000000079648	leoding	7049
1133	400000000000000131	京乃ジュン	7036
1134	900000000000018615	パパッチ	7033
1135	700000000000022319	∞さくら∞	7000
1136	700000000000054349	ニッシー	6994
1137	200000000000074383	エルザム(ﾉｰﾏﾙ+)	6974
1138	100000000000086618	うし	6965
1138	1300000000000085384	tekkamaki	6965
1140	500000000000005735	暁美（まりさ）	6948
1141	4218	サンプル	6942
1142	900000000000098941	takaya	6930
1143	900000000000046989	カイ・タスク	6913
1144	800000000000012006	さヴぁ	6896
1145	1300000000000101484	のぎはら	6887
1146	1500000000000096928	ひできち	6855
1147	400000000000046337	りゅうがくP@さよキチ	6846
1148	300000000000085549	ロイP	6830
1149	300000000000060750	ババろあ	6813
1150	1200000000000020079	Sam Fong@このみP	6800
1151	5818	シーター	6796
1152	1000000000000086779	あっしゅ	6792
1153	800000000000016306	ナレイン☆	6771
1154	500000000000050794	ミヤビ	6769
1155	200000000000039510	プーCHAN	6762
1156	300000000000028757	†ゆう††	6756
1157	800000000000078556	カスコ	6744
1158	100000000000053414	まっくす	6717
1159	1300000000000003580	あしの人	6715
1160	1300000000000098357	まつまる	6688
1161	600000000000080381	キリエ	6685
1161	900000000000007228	φ シド φ	6685
1163	1200000000000098088	えだてつ	6682
1164	600000000000004866	ヤマネコ	6657
1165	100000000000056246	あたま	6650
1166	800000000000094809	かっちゃそ	6599
1167	200000000000011356	白蓮華教会	6580
1167	1300000000000002445	しゅがと	6580
1169	100000000000038787	tk	6578
1170	1500000000000005024	くじらP	6570
1171	700000000000052075	ふるす	6550
1172	1400000000000053183	z27e5b	6510
1173	600000000000000061	あぐ	6440
1174	300000000000005837	ワット(みんなｱﾘｶﾞﾄｳ無言でｺﾞﾒﾝ)	6422
1175	1300000000000055789	ケッケ	6405
1175	1400000000000034102	ひこ	6405
1177	800000000000032077	グレイソン	6398
1178	500000000000098450	ドリームトラベル	6384
1179	77727	ココリン	6373
1180	1400000000000012009	オルハ 【──Go ahead…!!】	6369
1181	400000000000074341	ちょろの	6366
1181	1500000000000008678	八朔	6366
1183	300000000000004985	お気楽@秋月道場	6360
1184	1300000000000002731	ジャム	6356
1185	1300000000000000659	やぎ@幼なじ美奈子	6344
1186	1000000000000098889	黒鐡	6326
1187	700000000000081382	metal mania	6311
1188	100000000000027957	Quince	6259
1189	600000000000000080	える	6240
1190	1100000000000008659	みくるりん	6230
1191	800000000000001193	リセット	6195
1192	1500000000000007119	さのすけ＠相互埋め募集中	6192
1193	700000000000086083	ユーリ	6157
1194	1200000000000013042	とーふや	6129
1195	600000000000085654	ふぉいp	6113
1195	1000000000000035455	yukanan	6113
1197	900000000000030965	ノヴァ	6102
1198	300000000000100591	くコミ	6098
1199	800000000000071754	沢野日紅	6089
1200	300000000000081421	ほせ	6076
1201	400000000000015266	ののワ	6061
1202	500000000000050228	財	6044
1203	800000000000003720	紅零～艦これAC勢～	6008
1204	1500000000000002105	たくあん	6004
1205	700000000000008773	いんがん	6002
1206	1300000000000088642	けみちょす	5991
1207	900000000000007158	＠せみ	5988
1208	400000000000080506	レイ	5973
1209	1500000000000052357	こすもす	5971
1210	1400000000000050708	ビッグＥ	5958
1211	1000000000000078180	xSamanax	5929
1212	500000000000051148	八神紗樹	5924
1213	1100000000000021141	やーやん	5908
1214	800000000000011715	ヒロ	5905
1215	1400000000000026917	ねこポチ	5904
1216	1100000000000007299	Rhino	5897
1217	700000000000100355	とのに	5890
1218	800000000000024519	Lisa-RICCIA	5888
1219	100000000000051595	col9	5868
1220	600000000000027757	徒十郎	5841
1221	700000000000099177	夾	5832
1222	200000000000072898	ひだまり	5818
1223	1000000000000095916	kv.jr	5812
1224	1500000000000021941	ryoto	5778
1225	400000000000075127	dino	5775
1226	1400000000000005934	ブルーヴァ	5768
1227	200000000000024956	かがや	5735
1228	1400000000000002491	吉良吉影	5730
1229	700000000000096062	Ukyo 女装ちぅ	5728
1229	900000000000075880	のみ☆	5728
1231	1581	だいごろう	5718
1232	600000000000073965	ソラ	5709
1233	57022	ヨウタカ	5700
1234	1500000000000006658	hack!	5697
1235	600000000000050796	死神†しのむん†	5692
1236	1200000000000010873	嶌田	5676
1237	100000000000002136	クロノッチ	5675
1238	200000000000001302	ばっくす	5672
1239	500000000000031599	妃世	5671
1240	1500000000000096221	マドラー	5662
1241	300000000000043150	にゃおぬあ	5658
1242	1000000000000004913	ミズ	5647
1243	800000000000024257	カモ	5635
1244	1100000000000021850	無限いぬ	5624
1245	500000000000001106	村人KMR	5621
1246	200000000000054933	t-4uirg	5604
1247	700000000000021353	*あいか*	5580
1248	200000000000060041	長月	5567
1249	1400000000000009160	KO	5546
1250	1500000000000051152	玄兎	5542
1251	400000000000025311	カーブ＠	5537
1252	1200000000000051091	コンクリ	5496
1253	1300000000000079628	ジョカ	5494
1254	1100000000000096897	かみり@同僚募集中	5480
1255	100000000000006236	観鳥	5464
1256	300000000000031878	D．D	5460
1257	1400000000000002664	小岩井珈琲	5455
1258	1100000000000050975	コセト	5450
1259	800000000000097554	葉月あつみ	5443
1260	1400000000000087106	イマジンP	5432
1261	1000000000000044673	みや （明けた～）	5431
1262	1300000000000078416	しかお	5426
1263	1400000000000021931	オオハラ	5421
1264	1400000000000053748	kevlar	5416
1265	600000000000035392	ナベ	5415
1266	400000000000002947	cs	5411
1267	300000000000008395	りゅう	5400
1268	100000000000001638	らしょう	5398
1269	1000000000000001727	OJA	5370
1270	1300000000000097974	chamaru	5368
1271	800000000000073991	アカネイア	5343
1271	900000000000030419	harutaka	5343
1273	300000000000077467	あやっぺ	5302
1274	600000000000003515	ふーたP	5273
1275	500000000000055658	ももも	5268
1276	79528	みっぷる	5236
1277	600000000000068620	さつきとメイ	5232
1278	100000000000004871	Hisai	5228
1279	1000000000000001798	絵梨奈	5226
1280	1300000000000004123	初霜	5180
1281	700000000000073459	えふ	5172
1282	1200000000000032449	ぜんぱす	5155
1283	200000000000000013	なのですP	5136
1284	900000000000000623	キサラギ	5120
1285	1200000000000001806	Uターン	5098
1286	700000000000033696	ホロっち。	5075
1287	1100000000000042887	ナナコパパ	5052
1288	200000000000081191	katsumi	5051
1289	1500000000000098978	MaryI	5049
1290	1500000000000025240	にゃんちゅう	5047
1291	200000000000002475	Kussun	5025
1292	600000000000011305	梅雨	5024
1293	16940	シゲ	5015
1294	1500000000000049659	たーくん	5012
1295	1310	ACRO	4992
1296	400000000000027007	ひでっちFC	4989
1297	200000000000038833	mikihitorn	4975
1298	800000000000043649	ZOFFY	4972
1299	1400000000000004549	とむ	4968
1300	1100000000000097565	hanasakimai	4966
1301	73840	lang	4949
1302	200000000000101790	andy	4937
1303	1000000000000026309	匿名希望P(元せいや)	4936
1304	1400000000000100462	ノブ	4921
1305	1400000000000076136	poe	4905
1306	400000000000074767	ノラ	4898
1307	900000000000000564	よさくら	4895
1308	400000000000094965	ポンコツいも	4892
1308	1400000000000003983	はさみん	4892
1310	1300000000000076760	Player 1003406845	4864
1311	700000000000012875	†ﾃｨｰﾑ捕琉喪運†姫来蘭★	4860
1312	700000000000098127	ケセラセラ	4857
1313	500000000000006070	エクセリード	4833
1314	500000000000002428	アインツ	4818
1315	500000000000083743	やま	4803
1316	300000000000001955	れき	4802
1317	300000000000001877	零門P	4800
1318	200000000000093490	siruban	4788
1319	500000000000062289	えいひれ	4786
1320	900000000000001461	spk	4779
1321	1000000000000010419	hds	4727
1322	600000000000056283	ちひゃー☆	4711
1323	1300000000000100926	ぶみー	4692
1324	500000000000077752	キッチン	4680
1324	700000000000051221	ハヤト	4680
1326	300000000000031511	やよクエ	4675
1327	900000000000005485	ISO	4672
1328	1200000000000016045	MAIKEL	4661
1329	1200000000000042263	SYU☆彡	4642
1330	100000000000051538	修理	4626
1331	600000000000101148	アキオ	4600
1332	100000000000030567	えどがわ	4599
1333	1000000000000026700	OTO	4598
1334	600000000000012651	C.A.Zeppeli@4th全日程参戦	4596
1335	101857	ああ	4592
1336	600000000000100986	tenisuki	4590
1337	300000000000065055	sola	4569
1338	1100000000000073223	ひらち	4560
1339	53117	灰餅	4554
1340	600000000000082250	早矢香	4532
1341	52712	どらい	4521
1342	600000000000008001	ayaneco	4494
1343	500000000000027241	元総帥	4490
1344	900000000000027563	Petit-Gu-mi?	4468
1345	100000000000004954	あーや	4461
1346	94238	よーろー	4460
1347	1000000000000033874	みゆ	4440
1348	1100000000000017672	大阪太郎	4402
1349	500000000000077663	ぬぬ	4396
1350	100000000000096661	やよかず	4390
1351	1200000000000095951	さとまる	4382
1352	1000000000000054322	絶刀 天羽々斬	4381
1353	500000000000091669	エンペラ	4367
1354	400000000000021217	サムライ	4355
1355	96074	Ma:SA仲間に感謝！	4342
1356	500000000000002823	のの	4341
1357	200000000000004937	フレーべ	4334
1358	1500000000000009863	ミノリー	4319
1359	1300000000000020798	チロりん	4317
1360	800000000000037061	PRケイ	4313
1361	1100000000000076203	こうめちゃん	4296
1362	1400000000000086826	にしかわ	4285
1363	800000000000075908	常宮	4278
1364	600000000000004307	ジャスト△(15日9時～16日9時まで勤務)	4220
1365	1400000000000099338	ケットシー	4200
1366	1500000000000005370	MIMI	4194
1367	1000000000000077469	わんだ	4190
1368	1400000000000058085	nobu	4186
1369	21675	あみん	4184
1370	1500000000000087168	たこ焼き	4160
1371	400000000000062045	彗星弐拾七	4158
1372	7450	ちいか	4148
1372	600000000000084185	よっぴい	4148
1374	200000000000101364	ぐみこ	4129
1375	600000000000006108	びーる	4118
1376	1200000000000008587	pairiota	4115
1377	200000000000053809	ぬがっさ	4103
1378	800000000000011291	ハラヤヒロ	4076
1379	1100000000000100342	イソ50	4068
1380	300000000000019825	ガイ	4060
1381	400000000000017253	やま♂☆※無(..)	4056
1382	1400000000000006245	Jun1	4053
1383	1500000000000079660	John.k.c.harding	4029
1384	13054	セキセイインコ	4004
1385	1000000000000079392	じっぽ	3999
1386	1300000000000007143	ごっさむ	3992
1387	300000000000100770	ちえりす	3990
1387	800000000000014751	のだっ	3990
1389	800000000000073773	subtle P(さとる)	3986
1390	1200000000000055792	FIAT	3981
1391	1100000000000025230	たま(招待スルーしてください(｡-人-｡))	3960
1392	1200000000000073936	メロス	3936
1393	200000000000001455	うさぎ部長	3924
1394	1400000000000094601	しょりしょり	3918
1395	500000000000002400	マユリー	3915
1396	1500000000000051652	とめ	3914
1397	200000000000010276	ミネルヴァ	3913
1398	600000000000076324	ささのり	3912
1399	500000000000049166	poteto	3908
1400	600000000000079454	kasiopy	3897
1401	300000000000010114	nory	3892
1402	800000000000096671	Solmalia	3890
1403	500000000000055643	御岡(ﾐｵｶ)	3889
1404	900000000000011114	ほうでん	3871
1405	500000000000084417	天音萌葱	3852
1406	300000000000037481	まさ☆	3843
1407	1300000000000098702	Player 1007009549	3838
1408	500000000000080262	あいざわユウキ	3836
1409	200000000000036750	はくたか	3825
1410	800000000000094801	かなで	3815
1411	1000000000000065360	ムピテコ	3803
1412	1000000000000059767	Loki	3753
1413	800000000000077672	さぶろお	3751
1414	300000000000007526	slipper	3742
1415	100000000000037645	コモモ	3731
1416	1500000000000010096	約束Pζ*'ヮ')ζ相互埋め同僚募集中♪	3730
1417	1000000000000037088	どろっぷ	3722
1418	400000000000027562	鳩サブレ	3717
1419	1300000000000081027	しろ	3705
1420	400000000000101299	あじぽん	3701
1421	1000000000000005677	emanon	3699
1422	97544	きむたい	3691
1423	1200000000000033081	れた	3685
1424	100000000000007514	ヘンタイ脳みそ課金者プリン体増量中パイルドライバー(HNKPP)	3678
1425	500000000000005247	ダイ	3672
1426	100000000000045722	幻剣	3648
1426	1500000000000096381	miki	3648
1428	1000000000000097138	tkp	3643
1429	600000000000012769	ﾁﾋﾞいぬ	3642
1430	300000000000052320	晃平	3639
1431	900000000000014142	金(金目鯛39っち)	3625
1432	37712	トロン	3612
1432	1200000000000076596	デッキ	3612
1432	1400000000000018784	しげ	3612
1435	900000000000043872	ks ドリギルメン募集中！	3560
1436	100000000000047126	ミロク	3549
1437	1100000000000007290	10mo	3546
1438	1000000000000001291	かけ	3539
1439	400000000000004935	ルキャラメ	3535
1440	700000000000076705	ティアマト	3506
1441	900000000000048282	かふか	3499
1442	900000000000057711	怒髪天劉雄	3490
1443	800000000000001549	マッハサンデー（やすくにP）	3486
1444	1000000000000059210	むさし	3473
1445	500000000000020045	S-1	3468
1446	500000000000101574	銀色	3458
1447	1300000000000101284	まーくん	3445
1448	100000000000054957	空翔	3440
1449	700000000000079739	YUIX真田	3434
1450	600000000000073758	真白	3429
1451	1500000000000044633	ずにまっさ	3417
1452	500000000000101393	GuMiko	3414
1452	900000000000029941	FUFU☆NEKO	3414
1454	11108	ロワールε=ε=┏( ・_・)┛	3394
1455	300000000000079326	さくらん坊	3388
1456	1100000000000085806	ｱﾝﾁﾏﾅｰ	3381
1457	300000000000006799	氷点下の猫	3364
1458	400000000000096729	m.n622	3344
1459	100000000000008890	VIVA	3319
1460	200000000000003561	ツバメ	3291
1461	1400000000000040858	ポケ	3279
1462	200000000000039946	フリック	3276
1463	1400000000000035992	みやー＠渡り歩き勢	3264
1464	800000000000096757	とまと	3246
1465	200000000000052036	DAIKI	3240
1465	400000000000028733	rkiho	3240
1465	700000000000052696	せりざわ	3240
1468	100000000000026669	かかお。	3221
1469	1400000000000008459	あおはる	3218
1470	800000000000045763	ロシアＰ	3216
1471	700000000000053758	クラッチ@pinyaclusterP	3210
1472	900000000000077574	アイウエオン	3191
1473	1300000000000011953	タックン	3186
1474	700000000000078271	Kei	3168
1475	100000000000077272	risu820	3157
1475	1500000000000047257	いざらん	3157
1477	1100000000000028079	ｼﾙﾊﾞｰﾍｯｽﾞ	3150
1478	400000000000080237	tokobie	3147
1479	1100000000000000833	TKY	3142
1480	1200000000000087899	加藤	3140
1481	1400000000000098677	もりこう	3121
1482	900000000000072691	トイ	3120
1483	200000000000082606	くめふじ	3104
1484	400000000000061288	長門	3080
1485	200000000000001815	橘朔也	3075
1486	500000000000072132	じゅすぽん	3040
1486	1200000000000062452	ジョージ	3040
1488	1100000000000007394	龍鹿	3038
1489	200000000000076498	あかすり	3033
1489	800000000000042472	クロン	3033
1491	400000000000000988	みつ	3030
1491	900000000000042858	くりを	3030
1493	400000000000012264	きくおうＰ	3028
1494	200000000000018050	【  】Linkwood@国営温泉(ﾉﾟοﾟ)ﾉ求む追撃	3010
1495	1300000000000047210	轟雷	3007
1495	1300000000000078231	カマロ	3007
1497	1400000000000019442	羆(３月までは頑張るよ)	3006
1498	1200000000000075550	ハッシー	2997
1499	700000000000085762	ゴエ	2994
1500	1000000000000007965	すいか	2992
1501	97050	りけ83	2975
1502	900000000000075298	タナカ	2941
1503	600000000000060851	Joy	2939
1504	1100000000000081815	kazu	2876
1505	1300000000000087559	player1005238029	2866
1506	1400000000000002268	きさ空○要請△～×	2846
1507	700000000000047149	ルミナリエ	2835
1508	100186	おん	2821
1509	400000000000096377	ミリオンＰ	2820
1510	200000000000006638	htt2	2800
1510	1300000000000005504	おぎＰ	2800
1512	800000000000055599	老朽化前頭葉@招待スルー	2774
1513	94393	ラギヒ	2756
1514	1000000000000086727	REC	2748
1515	200000000000097617	一条	2732
1516	600000000000101125	TAKAO	2730
1517	100000000000054392	オンオン	2728
1518	300000000000078433	るがー	2686
1519	500000000000002898	ラズ・エルザ	2682
1520	1400000000000001181	猫ミキサー	2679
1521	1300000000000050520	鶴P提督改	2673
1522	900000000000049816	しばえび	2671
1523	900000000000009488	かきさん	2663
1524	100000000000074380	のん	2655
1525	400000000000008818	千雷	2654
1526	900000000000000390	Ｍｒ．４	2639
1527	100000000000095916	ありけん	2626
1528	1400000000000071537	ゲンゴン	2622
1529	400000000000007915	かなで	2605
1530	62104	砂泥棒	2604
1531	1000000000000097205	ジーノ	2587
1532	1500000000000005836	シェルパ	2579
1533	700000000000061285	ロビンソン島	2562
1534	7914	けんや	2548
1535	600000000000056203	赤い星	2539
1536	900000000000096733	Player 1006527401	2523
1537	1100000000000101273	のあ	2519
1538	1200000000000028701	スー	2518
1539	200000000000073974	すてぃーぶ	2508
1540	1100000000000094629	torokan	2502
1541	1300000000000002699	Lounge	2471
1542	700000000000083720	せのー	2465
1543	200000000000101944	おじさんP	2442
1543	1500000000000070387	さゆき	2442
1545	800000000000097589	ゆ～い	2432
1546	700000000000054705	元ノリ	2424
1547	200000000000101659	Voyajer-29	2421
1548	1300000000000051051	ネモフィラ	2414
1549	1100000000000095713	河辺由紀	2395
1550	200000000000087081	blank	2367
1551	300000000000099028	だいき	2365
1552	300000000000054031	パナソニック 弱者	2361
1552	1500000000000050716	がれ	2361
1554	1200000000000101297	ナビ	2354
1555	500000000000097101	ダースベイダー	2352
1556	1300000000000007578	ドコモ	2349
1557	100000000000074399	ひつじ	2348
1558	1100000000000050211	凛	2347
1559	1400000000000101867	ゆず	2345
1560	800000000000049292	レオン	2331
1561	200000000000085879	みずのん	2328
1562	1300000000000096934	ガラヤカ	2304
1563	900000000000094866	Ouka	2302
1564	900000000000100065	Player 1007969961	2296
1565	700000000000047960	プラウラー	2295
1566	600000000000008545	syu_kakoi	2290
1567	1200000000000029572	ひろ	2288
1568	83700	k3	2270
1569	1500000000000076719	カプレーゼ	2256
1570	200000000000100192	クロ@朋花P	2231
1571	100000000000039068	アップー	2230
1572	1500000000000007695	のぶりん	2218
1572	1500000000000081079	ジャッキー	2218
1574	400000000000059735	おけら	2217
1575	300000000000101096	Player 1008408451	2207
1576	400000000000098998	Player 1007308708	2205
1577	500000000000097531	ロコカ	2200
1578	300000000000093904	FMラジオ	2184
1579	52883	ヤコウ	2160
1579	300000000000006258	白露	2160
1581	200000000000029724	えるえる	2131
1582	100000000000000513	しえすた	2120
1583	1200000000000002755	ホウシ	2114
1584	400000000000098401	あどみらるP	2098
1585	1300000000000016653	愛	2097
1586	900000000000002449	けいしち	2092
1587	1100000000000006184	サトケン	2079
1588	500000000000069806	モモモト	2076
1589	1100000000000008336	シリウス弐式	2067
1590	100000000000011562	＊ゆぅすけ♂＊ｲﾝ率低下中m(._.)m	2058
1590	600000000000050924	ドリラー	2058
1592	200000000000085843	ティック	2056
1593	88431	ぶれっと	2054
1593	1500000000000007404	ねぎま	2054
1595	1300000000000014095	ヒロキ	2027
1596	400000000000096503	おはD	2022
1597	33399	未歩	1995
1598	500000000000081322	ymng	1988
1599	400000000000001507	ガゼル	1981
1600	8711	Ｋ	1961
1601	200000000000005745	絶屯	1957
1602	1200000000000081688	I.T	1951
1603	100000000000078977	シノ	1936
1604	1400000000000007100	武ちゃんは17歳P	1934
1605	500000000000042715	ｾﾙｼﾞｭ	1930
1605	800000000000004549	ぬっこ	1930
1607	800000000000073809	fe1	1911
1608	100000000000015485	タロす	1905
1609	11884	ぎしん	1892
1610	600000000000058668	駆汐	1882
1611	1100000000000026763	なうりう	1881
1612	800000000000037414	ろーば	1870
1613	800000000000052137	閃鬼	1868
1614	800000000000027453	お餅	1857
1615	37005	Rion	1830
1616	1200000000000092712	NAMIDA	1827
1617	300000000000087204	ドラゴン	1816
1618	1200000000000100814	Player 1008338780	1810
1618	1400000000000007702	ライラ	1810
1620	800000000000087704	VAM	1802
1621	500000000000096851	バターしょうゆ	1801
1622	1200000000000019057	～～～	1799
1623	1100000000000036136	MrCharon	1785
1624	59510	viper	1777
1625	300000000000031455	キョウ	1776
1626	1300000000000008044	フリーダム	1773
1627	76378	官兵衛	1764
1627	700000000000099448	白亜@ほぼついった	1764
1629	700000000000000966	ハードケース	1760
1630	1500000000000001271	ピカチュウ	1744
1631	500000000000014553	鈴衣	1738
1632	300000000000000240	sc29	1736
1632	600000000000007787	リクルート	1736
1632	800000000000000998	こめこ	1736
1635	100000000000080960	じょにー	1730
1636	900000000000007054	えんたろ	1699
1637	900000000000053215	キャッキャウフフＰ	1692
1638	1000000000000044691	ピケル	1687
1639	1400000000000010474	葉皇	1683
1640	1300000000000045325	源頼賢	1677
1641	1100000000000041403	高山病	1672
1642	800000000000097606	ジュリアン	1661
1643	400000000000047356	ほっか	1659
1644	1400000000000040466	Barack Obama	1656
1645	700000000000080513	のぶたし	1649
1646	700000000000098280	うに	1647
1647	92091	WorldWildDance	1638
1648	900000000000101121	キノコさん@新人杏奈P	1635
1649	78802	utamaru	1630
1650	1400000000000059821	(*>△<)	1620
1650	1500000000000055031	はる	1620
1652	1400000000000052752	茸	1616
1653	500000000000052939	Shibacco	1594
1654	500000000000081782	とも	1593
1654	1100000000000010013	まいすきＺ	1593
1656	1100000000000055094	紳士	1569
1657	500000000000024375	助六	1560
1658	300000000000000238	カエル	1556
1659	1500000000000093298	ノノ	1543
1660	1500000000000099758	holly wizard	1536
1661	100995	アプリリア	1531
1662	95950	迦楼羅	1528
1662	1100000000000080595	ウリバタケP	1528
1664	500000000000000563	まななん	1520
1665	700000000000079978	リオル	1501
1666	200000000000096854	井上	1495
1667	1300000000000101885	たと	1487
1668	1100000000000029748	ヨシオ	1467
1669	1400000000000000380	不惑P	1455
1669	1500000000000039177	カジュ	1455
1669	1500000000000097960	siba	1455
1672	1000000000000009597	サイコショッカーP	1447
1673	1300000000000027633	蒼南瓜	1442
1674	200000000000010742	自称りじぇくしょん	1437
1674	600000000000038348	たか帝王	1437
1676	1000000000000020715	マサト	1435
1677	1500000000000082568	maru	1429
1678	600000000000082348	フレディ	1422
1679	1000000000000097780	貴音プロデューサー	1416
1680	200000000000011232	フォース	1405
1681	300000000000061122	ぐりこ	1404
1682	1400000000000080204	しばお	1400
1683	200000000000037197	ゆきみや	1393
1684	900000000000000815	アルビレオ	1391
1685	14459	戯510	1384
1686	1500000000000080083	ケンタふじお	1366
1687	1000000000000005042	Ｋ	1365
1688	1100000000000101600	ζ'ヮ')ζ	1363
1689	900000000000035786	おにぎり	1361
1690	300000000000003959	タケちゃん	1341
1691	500000000000001167	春野葱	1340
1692	600000000000003531	なのつき	1332
1693	300000000000000848	プチキーマン	1320
1694	500000000000005232	タムちゃん	1305
1695	300000000000012867	ドアッチ	1303
1696	800000000000022105	ろあぁく	1299
1697	200000000000075934	きうい	1298
1698	1100000000000015285	ジャミラ@ラウメン絶賛募集中よー	1293
1699	900000000000086396	アトリ	1283
1700	1300000000000024856	睡魔er＋	1282
1701	100000000000032226	maori	1281
1702	1300000000000096858	ささみ	1276
1703	10499	ＧＳ	1275
1704	1100000000000000892	bugler【SxL】ｽﾏﾎ	1250
1705	1500000000000101261	トラリオン	1248
1706	600000000000083547	でじこん	1246
1707	1400000000000097059	grandfa	1244
1708	1200000000000074178	渚	1243
1709	1500000000000101069	えは	1240
1710	1300000000000010349	マチャ！	1239
1711	300000000000075364	けいず	1218
1712	400000000000073996	ライライ	1216
1713	600000000000035787	kuon'	1215
1714	300000000000002719	Tomoexia00	1212
1715	100000000000004214	じょんすん	1197
1716	500000000000001034	葉室タケ	1196
1717	1100000000000091677	スクーミー・ズー	1179
1718	900000000000077299	sool	1177
1719	700000000000077657	蓮	1176
1719	900000000000058550	ラル	1176
1719	1200000000000058510	ユリ	1176
1722	1500000000000032290	ゆうひ	1175
1723	300000000000058249	Aki	1156
1724	1000000000000023022	Togo	1152
1725	200000000000101991	103 MaRuSu	1147
1726	30427	翡翠	1120
1727	600000000000024409	今日からシャカちゃん(私の誕生日プレゼントはPS４ください)	1118
1728	1200000000000011454	ユウ	1115
1729	100000000000000711	シノヤマ	1107
1730	1200000000000099385	あずき	1101
1731	900000000000036070	まっ	1094
1732	300000000000028506	capchar	1092
1733	200000000000100655	青山	1085
1733	500000000000100649	マチュレナ	1085
1735	800000000000002744	ゼーレ/体調不良	1082
1736	3154	モア犬	1081
1737	200000000000000124	ウラヌスP	1080
1737	200000000000047869	すてご	1080
1737	700000000000072351	ﾆﾉﾏｴ ﾊｼﾞﾒ	1080
1737	800000000000075188	餓凰	1080
1737	800000000000076915	ta	1080
1742	1400000000000028924	you@相互募集中～	1078
1743	600000000000099971	魚もち	1062
1744	400000000000077598	北大路欣也	1057
1744	600000000000085404	べこ	1057
1746	400000000000052883	レイウォール	1055
1747	700000000000082010	grow?	1052
1748	200000000000039430	ソッセジ	1049
1749	1400000000000086022	安藤りん子	1046
1750	800000000000068557	アイソン	1043
1751	1200000000000078843	T	1042
1752	1400000000000102129	狭山小種	1041
1753	700000000000032355	ゆうひ[ﾄﾞﾘお疲れ様でした]	1038
1754	83392	トム	1029
1755	900000000000011285	はうんとり	1024
1756	1000000000000058906	一番星	1018
1757	1500000000000081620	こなもつ	1017
1758	600000000000095064	桜花	1016
1759	800000000000026757	すてぃ～ど!	1013
1760	23065	ぴろ	1009
1761	400000000000026340	ＮＡＫ	1004
1762	200000000000099072	Player 1007151554	1000
1763	600000000000099956	スミヒラ	998
1764	300000000000011633	あでか	996
1765	900000000000078053	もちょ	994
1766	200000000000015592	キム	993
1767	1100000000000091746	コウ	988
1768	1100000000000079498	ふぉくす	982
1769	1000000000000101049	リコジャガ	981
1769	1400000000000101947	濃紺	981
1771	600000000000083966	オデンネ	979
1772	1100000000000007085	のんけ	977
1773	200000000000026379	ウィーク	961
1774	1200000000000085002	よしのん	955
1775	300000000000007920	フッキー	952
1776	800000000000003305	ip2	949
1777	100000000000056479	すたあ	945
1778	800000000000002540	先行者	934
1779	700000000000054890	海ぺ	925
1780	500000000000057398	かるぱす	922
1781	600000000000050793	チョウジ	916
1782	900000000000085574	鯉桟敷	914
1783	100000000000083397	タニム	912
1784	94377	しか	909
1785	400000000000034255	ヨッシー	906
1786	800000000000018847	ホッシー	899
1787	800000000000049897	サビクギ02	898
1788	1300000000000096219	HoneyNoen = YuHanKim	897
1789	300000000000045808	月よ星よと@月星雪道場	896
1789	400000000000093050	Johnny	896
1791	800000000000032171	ラインナフ	891
1791	1400000000000065068	Player 1002081262	891
1793	700000000000006251	アルト	881
1794	1300000000000079998	hiruma	879
1795	1100000000000099271	カタツムリ	878
1796	300000000000045412	ハラボー	869
1797	1000000000000074523	たまごぼーろ	866
1797	1400000000000010601	アカネコ	866
1799	1100000000000084090	眠り姫	865
1800	300000000000064420	節子	864
1800	500000000000010035	京阪6000系6001は愛車	864
1800	1500000000000034974	赤井	864
1803	1100000000000024439	ばんメシ	856
1804	42461	mokimori	852
1805	500000000000052208	正樹	850
1806	1000000000000075393	ラジオ	847
1807	800000000000051288	(仮)	843
1808	1500000000000100098	さりん	841
1809	200000000000084985	Banana Flavored Cat.	840
1810	600000000000003835	いおん	839
1811	1300000000000076343	むー	834
1812	1300000000000097064	ジョニー	829
1813	500000000000028017	モモたん	827
1814	400000000000000256	半月8	826
1815	400000000000096876	Ben Yau	824
1816	1500000000000099492	愛衣	823
1817	1400000000000037108	アヤ	821
1818	1400000000000041958	フルコート	817
1819	400000000000094829	コウタ	812
1820	600000000000022186	ハツミ	806
1821	700000000000093802	如月千早？ちひゃ	804
1821	1200000000000056519	神千楓P	804
1823	800000000000100440	kem	796
1823	1500000000000016355	みんご222	796
1825	300000000000078038	リキ	794
1826	1200000000000009086	ぺたくす	791
1826	1200000000000075781	サニー	791
1828	600000000000041659	琴律P	781
1829	900000000000050148	iho	780
1830	400000000000008607	NT	779
1831	1100000000000098141	?ファイター	778
1832	400000000000045427	コマサ＠バーニングガール	774
1832	900000000000053389	まだない	774
1834	1200000000000101367	パール	771
1835	500000000000087149	ツバキ	768
1836	900000000000072777	マコ	763
1837	100000000000057478	朱雀	758
1838	99572	ヴぁん	750
1838	600000000000006862	WYC@そらP	750
1838	1100000000000082098	τみかん	750
1838	1300000000000052939	toshi072	750
1842	600000000000011095	パナソニック	741
1843	100000000000086900	mujin	739
1844	300000000000050944	yoru	735
1845	1300000000000046149	朱雀	732
1846	900000000000004923	せり	731
1847	500000000000006094	馬超	720
1848	1300000000000008437	がらくたまし～ん	719
1849	700000000000096839	Jay	718
1850	600000000000004524	成宮由愛	717
1851	200000000000015655	レイゲル	714
1852	500000000000047449	さささささ	707
1853	700000000000022577	三ツ矢	706
1854	800000000000096881	はるるん	704
1855	1100000000000101259	柿	697
1856	600000000000081777	ナイジェル	696
1857	1000000000000097325	ハルラン	689
1858	1601	きぬるり	676
1858	1000000000000031349	蔡文姫	676
1858	1500000000000100289	しゃーべっと	676
1861	200000000000081488	MANA	669
1862	500000000000006223	サブロー	664
1863	82365	AKIRA047	658
1863	1400000000000000857	ハスラー	658
1865	500000000000050052	だい	650
1866	500000000000082845	アメキ	649
1866	600000000000098450	きらぺろ	649
1868	200000000000075310	千蓮	643
1869	200000000000001778	にふにふ	632
1870	1500000000000020815	パパ	631
1871	1500000000000100735	ak	628
1872	100000000000081121	haira_zero	614
1873	800000000000098741	ヒラベルト	606
1874	800000000000031466	て～とく先生＠朋花ラウンジメンバー募集中！	602
1875	500000000000096579	パーク	600
1876	1300000000000062198	増桝はるかさん	599
1877	1500000000000101568	Mariachao	594
1878	79131	ムーサ	590
1879	800000000000100502	茶の上	584
1880	100000000000056889	スイス＠悪徳組長ひなた	577
1881	1500000000000088093	サーナ	574
1882	1100000000000000480	つくりん	573
1883	1200000000000010420	マツリカ	572
1884	1000000000000045021	とも☆低迷中(OдO`) 無言ごめんね(‥;)	569
1885	86651	buenosdias	566
1886	1000000000000037394	Hirohoda	565
1887	100000000000007170	ＲＰＤ１７	564
1888	1500000000000005875	FTH	563
1889	500000000000081133	スタプラ	561
1890	400000000000037245	くろり	560
1891	41533	gachonx	556
1892	600000000000048323	タク	554
1893	500000000000039140	ブスとん	553
1893	1200000000000028758	龍王	553
1895	400000000000003157	バラム	545
1895	500000000000079650	あああ	545
1897	300000000000081251	栃くん	544
1898	300000000000001129	唐沢	536
1899	800000000000052392	ボンクラ	513
1900	500000000000101283	実務者	510
1901	1300000000000001474	TobyHuang	501
1902	500000000000093396	autumn	500
1903	1200000000000039336	とらい	494
1904	700000000000076335	Liet.	491
1905	600000000000097860	ルミナ	489
1906	1000000000000080201	青海苔	485
1907	300000000000003541	jack	475
1908	200000000000077233	雪花	473
1909	500000000000056987	AAA	471
1910	200000000000003866	牛九	468
1910	600000000000033382	紅∀	468
1910	1200000000000007761	セール	468
1910	1300000000000050501	bigtree	468
1914	500000000000038750	ちひろ@イベント疲れました	459
1915	100991	Player 1008197936	458
1916	700000000000094445	シンイチ	448
1917	900000000000003775	見月七蓮	446
1918	800000000000013539	odorimasho	441
1919	800000000000026981	sei	432
1920	400000000000099341	ぶらぶら	430
1921	100000000000099392	Player 1007354465	423
1922	1100000000000081934	狐島	418
1923	700000000000102134	Player 1008546791	412
1924	600000000000025819	☆すぅ☆	410
1924	1000000000000078905	Fate	410
1924	1500000000000036121	えい	410
1927	400000000000100985	飴梅	409
1928	4354	なんじゃらほい	400
1928	400000000000029005	まっちゃん	400
1930	600000000000097814	みん	392
1931	1300000000000101811	田中	390
1932	200000000000099680	社会人	379
1933	1100000000000062332	ゆうき	378
1934	600000000000029144	なぎさ	370
1935	400000000000080785	なかつん	368
1936	300000000000101355	もんもん	361
1937	24820	手巻きですし	360
1937	100000000000045117	☆ケント￡☆	360
1939	900000000000097720	ぴんくま	349
1940	700000000000038709	ライリー	348
1941	1200000000000000331	ファービー	343
1942	1100000000000096279	ミリ娘	322
1943	1200000000000001795	ミケ	312
1944	900000000000098535	ペン三	311
1945	600000000000036557	yoshi＠同僚募集中	307
1946	1100000000000060129	虎吉｛裏ﾁｹ、残1m(__)m}	304
1947	1000000000000018833	ｼﾞｭﾘｱｽ・ｷﾝｸﾞｽﾚｲ	303
1948	1500000000000033780	司書P	300
1949	300000000000007298	アキ	299
1950	1200000000000071880	Masahiro Nakagawa	298
1951	900000000000006049	TAKAHIRO	293
1952	1200000000000042722	ちーちゃん	281
1953	200000000000099347	まめ	276
1953	600000000000022912	るにゃあ	276
1955	400000000000081478	メカご飯	265
1956	1300000000000008780	ウルズ	255
1957	1000000000000026945	unany	250
1958	800000000000013883	フク	242
1959	900000000000050889	ヤド	240
1960	800000000000008663	フェルト	238
1961	1100000000000101096	シイナ	237
1962	800000000000076124	びっくうぇーぶ	234
1963	400000000000002975	みーこ	226
1964	500000000000097950	Player 1006934069	220
1965	600000000000099839	oxalis	206
1965	800000000000035238	くるみ	206
1967	1000000000000081369	まつ◎	200
1968	900000000000100019	ぼでー	194
1969	1100000000000080519	麺ラー	192
1970	500000000000055970	関拓	191
1971	1300000000000092407	メルベル	190
1972	200000000000008112	おやどり	189
1972	1500000000000073801	アキト	189
1974	800000000000100381	Player 1008201016	187
1975	1100000000000100059	Player 1007887947	183
1976	1400000000000100588	Player 1007909726	182
1977	700000000000102185	ford	181
1978	500000000000021259	とおる*亜美道場	175
1979	800000000000097115	ブロ羽根	172
1980	300000000000098955	ずんだP	171
1981	200000000000098770	しらいし	168
1982	1100000000000022736	3ba	157
1983	100000000000020620	かすがかける	156
1983	400000000000001543	おつみ	156
1983	800000000000006082	ささくれ	156
1983	1400000000000042146	綾香206	156
1987	400000000000022581	raily	154
1988	100000000000034232	草野葉月	152
1989	400000000000080079	慈英太郎	143
1990	1200000000000027595	koikaze	135
1991	87115	いち	134
1992	1500000000000041120	ワタル	121
1993	300000000000094791	らじか	117
1993	700000000000102199	わかめ	117
1995	200000000000059247	ジョン	116
1996	900000000000101441	しょうた	114
1997	1200000000000008984	リキまる＠	112
1998	1400000000000000450	まくねあ	104
1999	1400000000000001762	みまり	101
2000	1300000000000083567	さうす	100
2001	1500000000000035694	たけさん	98
2002	200000000000102171	Player 1008564914	94
2003	1300000000000012828	くろちゃん	89
2004	500000000000101848	さはら	81
2005	1200000000000099942	つぐみん	77
2006	200000000000102212	鮮明	76
2007	102038	Saaaya	73
2008	800000000000101407	柳葉	72
2008	1100000000000094258	Player 1006079867	72
2010	200000000000101967	Player 1008477794	70
2011	800000000000004059	たけひろ	67
2011	1300000000000100534	whoisthis	67
2013	1000000000000100020	Player 1007666314	65
2014	900000000000101167	Player 1008447625	64
2014	1100000000000101603	ガリィ	64
2016	200000000000079197	ゆずぽん	61
2017	35918	三枚おろし	60
2017	600000000000001809	とらどらん	60
2017	1500000000000097393	あおた	60
2020	700000000000101674	メガ粒子レクイエムシュート	57
2021	1500000000000101800	そでぃー	55
2022	300000000000093874	篠岡殊	54
2023	97922	unknown	53
2024	200000000000078484	シュワッパ	52
2024	400000000000081064	うま	52
2024	500000000000092855	プライル(銀耳機)	52
2024	500000000000098154	リート	52
2024	1100000000000077171	雄亮	52
2024	1300000000000100406	Player 1007743981	52
2030	100000000000101887	ちくわ	49
2031	1400000000000082284	かわら	48
2032	600000000000101753	Player 1008569094	47
2033	700000000000006106	もなζ(･ω･)ζ感動相互埋め募集　EH亜利沙紗代子あり	44
2033	800000000000101321	Player 1008555592	44
2033	1400000000000101117	Player 1008169678	44
2036	100000000000098612	秋刀魚	41
2036	600000000000099695	ちゃんなま	41
2038	56225	ぼびまる	35
2038	600000000000099859	蒼凰	35
2040	200000000000001488	ｽﾓｰｸﾁｰｽﾞ	34
2041	400000000000101597	Player 1008582260	33
2041	600000000000079608	舜弥	33
2043	1500000000000007350	カラプス	32
2044	1100000000000061857	どら焼き	28
2045	1100000000000101637	Fumi	27
2046	1100000000000099686	SW.	22
2047	500000000000076039	鳩に餌	20
2048	1400000000000058963	黒猫P（こじろう）	19
2048	1500000000000101924	れじすと	19
2050	1500000000000101829	Player 1008561279	18
2051	1400000000000102135	Player 1008571678	16
2052	600000000000077907	にんにん	13
2052	1300000000000058257	六	13
2054	102023	Player 1008591872	9
2054	100000000000101512	BRP	9
2054	400000000000101059	Cazone	9
2054	500000000000001018	★	9
2054	700000000000101935	Player 1008467047	9
2054	1000000000000099870	あむ	9
2054	1400000000000101858	Player 1008473982	9
2061	1100000000000003648	手乗りタイガー	7
2062	500000000000050966	下人	6
2062	900000000000101497	セキハン	6
2062	1300000000000100374	いちご	6
2062	1500000000000040730	ニコ	6
2066	1400000000000102158	Y make	4
2067	102018	Player 1008589888	3
2067	200000000000101556	Player 1008328802	3
2067	400000000000101596	2DA	3
2067	1000000000000099929	mike555	3
2067	1000000000000101990	Player 1008585370	3
2067	1300000000000102307	Player 1008575485	3
2067	1500000000000101046	Player 1008280735	3
2074	200000000000100418	ちっさいひつじ	2
2074	800000000000095404	くわっち	2
2076	300000000000029667	あかり	1
