1	57184	カシマシ	2011841
2	400000000000086098	AAS	1092589
3	700000000000003572	うり@無言同僚申請はお断りしてます	1086692
4	300000000000021716	コン＠同僚募集中	1059462
5	300000000000001831	ガオ	1022736
6	1500000000000072116	ede	874535
7	900000000000004767	ジュリアス	846293
8	1100000000000034348	うーさー	829028
9	1000000000000028389	_H_I_A_	820503
10	600000000000000862	のばら	800105
11	1400000000000033525	つも	729212
12	500000000000000347	のり	716946
13	1000000000000001994	カーファ	652566
14	1300000000000000325	ひろゆきちゃん	652335
15	500000000000062349	nabemi	620795
16	800000000000011904	タンス	598735
17	800000000000092921	ゲオルグ	592214
18	600000000000000272	ぬん	521675
19	400000000000004911	葵☆中川　椿姫(一人箱根駅伝(仮)の真っ最中)	426340
20	1100000000000054343	りんゆーP	409739
21	400000000000037297	☆ゆき♪☆	381220
22	1000000000000058882	ハイバリー	338739
23	500000000000098133	もす羅	269830
24	1100000000000074864	Mer	254189
25	1000000000000053590	mongaikan	243965
26	300000000000004832	司牡丹	231044
27	900000000000003531	NBSK	213636
28	500000000000021931	真水	202957
29	100000000000076353	めがね	193367
30	200000000000021210	むぎ焼酎 水割り	181608
31	1000000000000033514	ﾍﾟｯﾊﾟｰﾎﾟｯﾂ	175440
32	500000000000051218	ぐー	164725
33	600000000000003452	RayN@優勝	164351
34	1300000000000007492	ビート	164293
35	900000000000085529	Aquartz	161598
36	1000000000000098007	ゆきゆき	158937
37	800000000000095867	にしん	157886
38	1200000000000056846	ジモン	155203
39	1300000000000098826	ナギ	154587
40	900000000000055256	AZK	154503
41	900000000000001445	カズロウ	152291
42	71343	らっど	151142
43	1300000000000096843	VIVID	147865
44	300000000000010825	まさヤン	147829
45	1200000000000001529	がぷりす	147466
46	1200000000000043303	ワルデガルド	145198
47	1000000000000098207	ナナシ	144870
48	600000000000045749	Zin	144695
49	100000000000000239	井上トモ	142996
50	8705	ハル＠相互埋め同僚募集	142583
51	500000000000039054	ヤグルマ	141906
52	1100000000000008192	asa	141378
53	100000000000085175	ぱちぇ	139652
54	300000000000077384	Alan	139469
55	400000000000036771	AquaCo	137936
56	700000000000027460	ハカセ	137753
57	1400000000000030881	レンのクモ	133963
58	400000000000000846	二十日。	133864
59	700000000000096834	HI I AM YUI	132587
60	100000000000077236	ボールド	132500
61	400000000000026199	ゆき	131959
62	1500000000000028053	松戸市民	131638
63	300000000000052304	ステア	131507
64	1500000000000018753	昆布P@餌カード募中停止	131148
65	100000000000077459	六角ナット	131071
66	800000000000015465	馬竹	129058
67	300000000000077687	ゆう	128266
68	500000000000003787	伊園寺康子	128144
69	400000000000001371	ロジット	128003
70	300000000000000497	加賀城	127169
71	1500000000000000921	ろくがつ	126926
72	900000000000001201	黒狐	125760
73	400000000000099318	路人9527	124728
74	600000000000061445	moo	124382
75	79940	たまきん@ゲスト指名に感謝	124212
76	100000000000005074	香菜	124055
77	1300000000000088339	石川速人	122671
78	1500000000000061396	アリア	122254
79	51204	春夏秋冬	122087
80	1000000000000018171	むさぼりん	121962
81	900000000000002740	桑茶	121278
82	500000000000062154	ぽんじ	120729
83	300000000000001049	2416	120674
84	200000000000002212	Pisces	120355
85	800000000000005135	みよ吉	117436
86	1500000000000000871	はいぐれ	117101
87	1000000000000084279	不空	116610
88	900000000000053389	まだない	116030
89	1100000000000030178	mAsa	115560
90	1300000000000018678	モモ	115251
91	800000000000003670	ぽち。	115199
92	1400000000000074663	ギン	114418
93	1500000000000084431	こいこい	113921
94	1000000000000096582	ぐれ	112816
95	1400000000000027511	mono	112792
96	1100000000000012626	ふにゅう	112058
97	78845	ヴァンブレイス	111405
98	1500000000000000629	まゆい	111072
99	100000000000003938	ちーうー	111021
100	1500000000000079384	フルメタル	109597
101	800000000000011556	ダックス	108981
102	1200000000000096262	亀さん	108980
103	600000000000051822	セイルオウ	108796
104	900000000000000233	空井	108390
105	1000000000000000627	いぬ	107714
106	500000000000002100	そさま	107282
107	1400000000000000084	gokujo	107213
108	600000000000007823	ばんこく	107018
109	1500000000000028084	ピニック	106944
110	1000000000000020715	マサト	106792
111	1300000000000009272	TKR.N(休養中)	105952
112	200000000000014500	ばっきゃろー	105847
113	800000000000008935	悠	105578
114	700000000000000441	ＳＦ	103977
115	200000000000039578	ASH	103253
116	200000000000078079	アリアリアリ	101890
117	500000000000077750	いったく	101008
118	800000000000041915	びち.よっちゃん	99617
119	600000000000061961	kinoko9	98969
120	1400000000000000461	ほるもんP＠BMD相互埋め(出:莉緒姉、このみさん)	98805
121	1000000000000000411	MUFC	98450
122	500000000000013931	T.S	98304
123	800000000000081853	Tonnura	98061
124	1000000000000001475	おじぃちゃん	97694
125	1000000000000052071	bikou	97147
126	900000000000022986	いわし	96881
127	1300000000000052940	くるぶし	96572
128	600000000000086791	もっきー	95378
129	85495	かいろ	94757
130	1300000000000067784	ワッシー	94051
131	1500000000000053645	紅	93783
132	1200000000000015467	ネメシス	92493
133	200000000000004824	おおたく	91214
134	1400000000000000433	くるくる	91035
135	500000000000003133	みお	90830
136	100000000000002305	あんも@アルバム相互埋めリスト1/15更新	89424
137	100000000000054881	ご当地ガンダム	89305
138	1200000000000011734	ゆきひら	88905
139	1200000000000005418	素敵紳士Ｐ	88688
140	600000000000006926	gakuhi	88383
141	200000000000000690	くらあく	87647
142	57489	たっち	87181
143	1500000000000022813	タカオ	87164
144	500000000000097092	ターニャ	86541
145	100000000000031075	モレ	86065
146	600000000000009728	プリメーラ	85638
147	300000000000040128	ギルバート	85280
148	900000000000093226	三田	85089
149	300000000000052003	ユリシズ	85009
150	300000000000050533	らみふね	84348
151	900000000000098920	砂袋	84140
152	300000000000079132	sig	83777
153	600000000000085371	まーくん	83474
154	800000000000035752	マック	82945
155	400000000000055769	すー@黒縁P	82729
156	700000000000073877	1kk	82647
157	600000000000046005	vaccinal_4622	81031
158	1000000000000031818	とらたん	80641
159	700000000000055515	田中直樹	80454
160	900000000000038343	赤津紀一	80167
161	100000000000051889	dantech	79074
162	96270	ころころ	78130
163	200000000000002923	うずら	77979
164	200000000000045693	渚	76776
165	1300000000000052260	宇宙人	76493
166	57922	葵	76308
167	1400000000000081290	ゴーレム中谷	75901
168	300000000000082615	さなやた	75386
169	800000000000098892	コン☆ビニ	75109
170	500000000000061377	Y-Y	74693
171	1400000000000042157	撩	74493
172	1500000000000050588	renren	74375
173	200000000000076482	ユキナリ	74228
174	200000000000052868	くに	74178
175	100000000000046766	なみP	73960
176	300000000000004146	カルラ	73929
177	1200000000000020544	アヲヂル	73820
178	100000000000047509	くらら	73278
179	900000000000002381	うちわ	72864
180	1400000000000008052	首領	72248
181	1100000000000093938	リボン	71574
182	1000000000000094111	YEBISU	70812
183	500000000000057398	かるぱす	70151
184	1000000000000003059	八神健一	69946
185	1300000000000098406	桑原テルル	69400
186	700000000000000156	いさきち@我がチケはここにありて	69187
187	500000000000074925	くまモン３００	69035
188	1000000000000059359	りんこ	68977
189	700000000000076705	ティアマト	68798
190	1500000000000015578	せらむ	68684
191	200000000000094597	noji	68581
192	200000000000013989	マグヌス中村	68040
193	900000000000013358	まるるー	67688
194	1300000000000056061	アズサ@メソタニア勢	67096
195	500000000000025018	けいお	65784
196	1200000000000004581	asu@su	65683
197	28155	チアキんぐ	65602
198	200000000000000062	Ryo@同僚募集中♪*o(≧▽≦)o*♪	64955
199	100000000000073998	シグマ	64724
200	100000000000051234	ごまふ	64541
201	300000000000007940	っちゃん♭	64425
202	1500000000000085859	いなばものおき	64067
203	500000000000033778	濃厚	63628
204	1400000000000098536	o72@同僚募集中	63378
205	300000000000022991	クロ	63025
206	1200000000000000446	UC	62914
207	100000000000024791	ムロン	62706
208	1200000000000026552	悠馬	62568
209	700000000000096825	koko	62163
210	600000000000087011	Primula	62069
211	600000000000006790	ペンギン	61807
212	700000000000075949	ムラクモ	61677
213	1300000000000022320	沫雪	61570
214	400000000000052042	神宮寺コゴロー	61536
215	1200000000000070538	ですおせち	61299
216	1400000000000056616	弱いサカナ♪	61117
217	1100000000000025918	華月†SBR桂馬†空○	61092
218	600000000000073639	羊飼	61068
219	400000000000017253	やま♂☆※無(..)	60996
220	1400000000000066261	Ken	60882
221	1100000000000054618	幻の学院生	60461
222	1000000000000074519	コイメ	60348
223	800000000000029216	ZERO	60236
224	28559	molymer	60100
225	300000000000001942	ﾑｰﾐﾝ3rd	59618
226	400000000000021753	nandemo	59488
227	1500000000000077340	matsu	59470
228	400000000000093636	カンヌ	59030
229	1000000000000055600	ペソ	58289
230	700000000000087591	あさころ	58258
230	1400000000000028145	ＲＹＵ－×	58258
232	500000000000061595	moririn	58184
233	300000000000011435	ベリ	58174
234	1000000000000002680	式守四太夫	58173
235	400000000000011556	デデデ	58107
236	300000000000052223	Magicbox	58019
237	1500000000000095808	おが	57662
238	200000000000030783	泡盛@古酒	57226
239	1400000000000068191	風寺門	57061
240	1400000000000018554	mizo	56803
241	1400000000000098677	もりこう	56785
242	46033	Ｋｅｉ	56508
243	4899	虹の彼方	56227
244	1000000000000006127	まやや	56088
245	28757	だいぞう	55431
246	11118	Σ(￣□￣；)	55375
247	500000000000041324	遊城JAPAN next	55142
248	1500000000000000223	desire	54784
249	600000000000001245	梔子	54625
250	700000000000020021	慈刀	54603
251	1100000000000003457	ありみりん	54291
252	500000000000087402	大空寺	54209
253	800000000000004441	Ｎ２	54203
254	500000000000083970	トウテツ	54000
255	1000000000000007108	アイン	53824
256	59792	S.S.T.	53763
257	1300000000000087061	裏助	53637
258	58984	三度の飯は甘いもの	53621
259	300000000000006235	芙蓉楓	53460
260	100000000000096045	ヒルデガルド	53333
261	400000000000009661	デンチュラのモノマネ全一	53331
261	1300000000000099993	えびぞり。	53331
263	900000000000009822	ブライト・ノア	53155
264	1000000000000097204	くみちょー	52883
265	700000000000067313	ちぃ	52731
266	600000000000083440	マンモスマン	52718
267	500000000000098235	ゴレムス	52680
268	499	sobriety	52651
269	1500000000000055162	武熊 豊	52385
270	1500000000000079940	T-ホーク	52228
271	1200000000000053318	呼弥門	51846
272	100000000000002374	ﾐﾗﾝ	51733
273	300000000000098899	ハルン	51186
274	900000000000016582	アクアα	50920
275	1200000000000005548	痔もやし	50812
276	200000000000004786	ネクスト	50760
277	800000000000080219	Charome	50469
278	1100000000000050468	ぽぴっと	50383
279	400000000000000125	鴉	50083
280	1500000000000000296	すた～ねす	50007
281	1000000000000082586	たこ	49983
282	500000000000007866	香埜	49934
283	400000000000026590	まみどりうむ	49743
284	500000000000004228	そうゆ	49696
285	300000000000028432	ゆーた	49402
286	1500000000000096234	fredrika	49308
287	1400000000000056068	コマイヌ	48793
288	900000000000033392	じゅん	48524
289	600000000000000844	kin	48488
290	1500000000000046180	ラインハルト	48342
291	1400000000000076333	焔	48208
292	1500000000000008706	しおっち	48057
293	1100000000000061941	ティオ	47963
294	1400000000000010474	葉皇	47576
295	1300000000000073985	レノ	47483
296	400000000000001302	よこてき	47335
297	1500000000000052155	百式	46923
298	200000000000019877	とっさん	46801
299	1500000000000061549	ml	46799
300	80914	未来完了	46660
301	1000000000000004419	鮭延	46456
302	1500000000000084112	アハト	46396
303	800000000000031872	銀河	46116
304	600000000000101065	joki	46101
305	1400000000000100229	TAP	46099
306	600000000000029426	メルカ	46038
307	1000000000000036721	ワニ	45716
308	800000000000008899	ぬこたゃん	45578
309	1200000000000097714	まっちゃ	45528
310	400000000000026811	ベル	45508
311	500000000000000204	ゆきかき	45429
312	800000000000002590	たかつきけ	45248
313	800000000000004075	赤宝石P	45016
314	100000000000033225	Apfel	44720
315	1400000000000097097	なぎに	44595
316	1100000000000078882	KKKKKKK	44539
317	300000000000023610	タツミ	44346
318	100000000000046895	もにこ	43833
319	1300000000000000020	Whitesox	43821
320	500000000000004358	bloodeagle40234	43800
321	200000000000014350	ごうクロ！	43733
322	500000000000073942	まーかす50	43546
323	400000000000000205	桐生りぃ	43541
324	1100000000000031136	しーしー	43531
325	1400000000000004393	あな	43476
326	1500000000000003468	タロウ	43407
327	500000000000001790	ひでよし	43172
328	700000000000095131	ﾓﾝﾍﾟﾁ改2	43159
329	1300000000000003954	ふみみ	43101
330	800000000000040683	やまこー	42994
331	200000000000098317	さらさら	42891
332	600000000000053554	Atomu	42839
333	700000000000075495	チャパ	42737
334	800000000000002247	ユニロデ	42580
335	700000000000039199	ケンジ	42336
336	300000000000009465	ddrks	42260
337	1400000000000097017	オルテガ	42205
338	100000000000055881	春菊オトリ	42095
339	1200000000000005238	ワダ	41953
340	98444	TacTics	41850
341	900000000000009762	☆ｒｏｔ☆	41776
342	1200000000000096829	おしか	41768
343	800000000000079422	だま	41728
344	900000000000051992	こたつ	41647
345	4343	あきあき	41599
346	900000000000036144	クーイ	41569
347	1000000000000001568	まどか	41426
348	400000000000023355	タカタ	41262
349	100000000000007297	カスガ	41170
350	500000000000001564	ありりん	41109
351	800000000000027453	お餅	41037
352	1200000000000000274	かる	40774
353	1100000000000092879	kiyo35	40708
354	600000000000025287	ロックシール	40624
355	900000000000040191	かっちゃん	40615
356	1000000000000051507	myon	40607
357	400000000000086763	ｳﾞｨﾝｾﾝﾄ	40535
358	700000000000087007	もちたろう	40419
359	400000000000000059	ブラス	40394
360	800000000000096138	むん	40271
361	100000000000012398	あんいちP	40223
362	1100000000000092382	ﾀﾞｲﾅﾏｲﾄ†漆黒	40088
363	1300000000000003387	ヒロ 只今修行中	40077
364	700000000000027020	さやっち	40067
365	76166	ガイスラッガー 要請×	39789
366	1300000000000054160	空気	39702
367	500000000000099066	クロワッサン	39639
368	1400000000000012015	霧風	39474
369	900000000000076310	水獺P	39341
370	1500000000000030710	NINJA BLADE	39240
371	900000000000052112	かず	39212
372	1200000000000023279	とっち	39137
373	500000000000086704	さくま	39091
374	1500000000000074605	かにたま	38961
375	400000000000026153	DOMINO	38761
376	400000000000047290	くろあめ	38601
377	300000000000004859	クレア	38551
378	1200000000000081651	さくさく	38541
379	800000000000049459	オオプヨさん	38410
380	1400000000000075666	こおりあめ	38365
381	1100000000000049646	敏葉	38312
382	1200000000000045358	axe	38253
383	1400000000000013947	矩継	38237
384	500000000000002562	伽羅	38216
385	200000000000006592	平成しごき合戦 珍ぽこ	38207
386	300000000000037089	シャルロット	38052
387	600000000000096079	kukeko	38028
388	1200000000000024974	政繁	37946
389	1500000000000046531	自由（）	37815
390	1000000000000056678	ライス	37784
391	800000000000076915	ta	37676
392	1000000000000050292	yuu	37585
393	1200000000000002502	しらたきＭＯＫＯ！！	37464
394	1000000000000003579	シシレン	37426
395	1100000000000086209	ウミスズメ	37373
396	400000000000013345	ぴぃくん 大阪に戻ったのだ	37350
397	1100000000000093928	たつや	37242
398	600000000000049622	expo	37240
399	300000000000050920	♪桂♪	37075
400	500000000000042385	陸奥	36880
401	200000000000029019	匍	36794
402	1200000000000045221	rain	36703
403	900000000000087629	ドライオン3	36694
404	400000000000006194	にっこっこ	36690
405	1500000000000000106	ディス	36512
406	800000000000006506	Pixy	36495
407	200000000000056376	みなしごハッチ	36335
408	800000000000049893	乃羅猫	36279
409	1400000000000024962	ＮＡＫＡ	36141
410	1000000000000022030	スイッチ	36036
411	900000000000026956	わ～や	35751
412	1200000000000096799	ろくゆめ	35719
413	1100000000000006305	akila	35437
414	1000000000000020451	タケル	35424
415	900000000000022231	たねやん	35320
416	1400000000000000145	黒崎	35282
417	200000000000065064	しやこうこう	35270
418	200000000000036529	tak-p	35160
419	1000000000000005772	ＤＤ－Ｔ	35002
420	1400000000000055879	miami38	34978
421	300000000000051148	カニツ	34930
422	400000000000002097	ぞら	34923
423	700000000000021135	CP	34891
424	1000000000000074561	FTK	34880
425	1000000000000005562	賭博開帳図利幇助笠原	34851
426	700000000000010184	ムッチー	34758
427	1400000000000023407	シアン	34741
428	100000000000021165	みことさ	34617
429	98626	へへはろ	34602
430	100000000000000153	松崎克俊(やさしい雨)	34291
431	700000000000049601	カロリー友達	34153
432	1200000000000053841	ＳＵＮＮＹさん	34110
433	1300000000000099648	mikan	34073
434	700000000000082505	ディン 千羽鶴	34014
435	1300000000000076106	イカトゥン	33898
436	1200000000000086259	なおのすけ	33767
437	500000000000009307	Kuro@Yosukek	33761
438	300000000000044175	ひろ＊	33728
439	200000000000004253	れいしき	33556
440	1100000000000008484	Peko	33547
441	600000000000004089	プロデューサー	33532
442	1300000000000005968	シタン	33425
443	1000000000000021527	ケビン・スパイシー	33397
444	500000000000030205	芳佳	33393
445	1200000000000044367	ﾚﾐﾘｱ･ﾄﾗﾝｻﾞﾑ･ｽｶｰﾚｯﾄ	33390
446	1100000000000005056	メガネ	33117
447	600000000000000457	リジェノ	33087
448	200000000000072665	わふー☆	32929
449	1500000000000011087	Kyo	32780
450	900000000000002992	仙人坊	32688
451	1000000000000005176	ｱﾘﾗﾄ	32654
452	1300000000000005793	モネもね	32477
453	700000000000002901	rino	32452
454	700000000000054595	眉ぼんっ	32444
455	700000000000088538	くおん	32322
456	1200000000000057049	stray bunny	32317
457	100000000000016611	紺 ☆ ｺﾒ流れたらｺﾞﾒﾝﾅｻｲ ☆	32312
458	700000000000003598	ファントム	32298
459	800000000000021243	紗季☆	32214
460	1100000000000074788	sinzi@ＢＭＤ亜昴　求）最未杏朋宮佐琴歩福姫憐風ジ瑞　以外	31968
461	1000000000000003232	反吐羅	31948
462	1300000000000078339	もっつ	31906
463	200000000000076241	花凛奈	31775
464	500000000000011270	あいうえお	31773
465	1400000000000057108	ナイトP	31767
466	200000000000008452	Angol	31682
467	1400000000000007420	冷	31666
468	1200000000000001610	穂乃華	31506
469	500000000000005096	だんぼる	31449
470	100000000000098461	あにー	31443
471	400000000000002125	シロネギ	31347
472	79860	ぬくぬく	31212
473	400000000000050070	ベネ	31154
474	900000000000076797	DON	31083
475	200000000000018129	ヒロ	31024
476	900000000000040333	たか	30983
477	300000000000001408	gouzou	30974
478	1500000000000054655	バルーンP	30932
479	51829	ラビオレ	30830
480	56788	Alteisen777	30744
481	1500000000000005702	Ｄ.ゆたか	30610
482	100000000000077753	マサ	30570
483	200000000000079437	ジェフ	30385
484	100000000000016862	たらっち	30331
485	500000000000013787	がんちん	30302
486	500000000000003564	ｔａｄａ	30296
487	1400000000000052268	キミドリ	30266
488	1500000000000051161	トロ	30240
489	1200000000000034524	右側	30238
490	400000000000029572	たもりん	30083
491	1000000000000000519	こばきゃのんmk2	30059
492	900000000000020708	シソぶー	30003
493	1500000000000056638	Ｒｉｎ	29931
494	900000000000012903	ギャブ	29891
495	56058	アルバトロス	29782
496	300000000000049112	イエッタ	29718
497	1400000000000001585	こける	29626
498	100000000000000253	なりっち	29623
499	200000000000003631	kadzumi	29603
500	53583	S-T-R	29552
501	600000000000045808	9646	29542
502	1200000000000001746	ハイゼンベルク	29473
503	300000000000030461	ナナ	29419
504	1200000000000059724	"Ltd.Exp.""Azusa No.2""(8:00新宿発？)＠緋色"	29317
505	1300000000000056837	Bauer	29260
506	500000000000003330	アイズ	29172
507	400000000000061756	つかりん	28983
508	1000000000000058539	まっつ	28945
509	700000000000063375	いとたかわ	28876
510	900000000000011420	潤	28848
511	300000000000054080	SHUN	28781
512	300000000000056351	リンゴ	28755
513	101397	ももも	28748
514	1000000000000007586	キン	28701
515	1000000000000056394	≪真心≫ TruePsyche	28467
516	100000000000060891	三村マサカズ	28458
517	100000000000080451	鈴木	28418
518	1400000000000044835	ちゃちゃちゃ倶楽部	28356
519	200000000000033203	コバ	28324
520	1500000000000005534	空衛門	28305
521	300000000000021441	トーマスたけし	28291
522	1500000000000001561	さんごしとう	28208
523	1200000000000006705	タカシン[177]	28133
524	96013	八九寺	27937
525	200000000000007752	han	27874
526	600000000000076941	OWee4th	27709
527	300000000000100575	SUC_1983	27708
528	400000000000009314	ウェザー	27676
529	800000000000004155	クシカツ	27638
530	1000000000000004561	諷詠	27439
531	1300000000000083899	ｐｐｐ	27438
532	400000000000003117	のざー	27374
533	900000000000004515	かまたま	27341
534	300000000000094874	earth	27324
535	1100000000000096077	カモカモ	27306
536	1300000000000000331	LAD	27165
537	1500000000000097972	PECA	27066
538	200000000000033761	あゆぬ	27016
539	1100000000000004099	TAN	26896
540	1400000000000081573	shin_you	26860
541	200000000000003861	佑 -task- 豺華広報担当	26855
542	600000000000055453	ﾍ(ﾟ∀ﾟﾍ)	26851
543	800000000000004071	ネイス	26850
544	500000000000000105	ぽにめが	26787
545	300000000000002427	小夜	26754
546	1400000000000002467	ねこぜ	26738
547	400000000000010125	小町	26704
548	1300000000000056674	杏　	26702
549	1200000000000033434	Vermilion	26649
550	800000000000052417	エン	26536
551	1300000000000099950	よっしー８	26459
551	1500000000000076594	らい場	26459
553	1500000000000007721	392☆@相互アルバム埋め募集中	26432
554	400000000000021792	イズモ	26256
555	200000000000031902	^ ^	26241
556	4193	とるく	26234
557	800000000000059288	ふとし	26064
558	300000000000041136	金星蟹	25984
559	500000000000004520	コーギー	25970
560	1100000000000078261	ノラリ	25960
561	1200000000000024896	うりぼっくり	25892
562	1300000000000004275	けんぱ	25878
563	1000000000000095916	kv.jr	25852
564	100000000000004116	PRO.S	25845
565	200000000000060179	ichi@同僚募集中	25829
566	1300000000000101883	hare_iro	25761
567	500000000000013468	ゆうりん@ようやく連勤終わり♪	25671
568	1200000000000034161	アリア	25663
569	100000000000001437	ﾄﾖ	25562
570	800000000000011291	ハラヤヒロ	25508
571	1400000000000029385	あまん	25500
572	1100000000000088117	カズ	25492
573	1200000000000016945	はとばねぇ	25425
574	1500000000000052394	きあぬ	25298
575	400000000000010892	まつかな	25237
576	900000000000050441	ミルクティー	25234
577	300000000000093803	Yuiha	25222
578	700000000000037220	MYU	25172
579	1400000000000086051	ベルチェ	24839
580	400000000000060186	りょう	24836
581	1500000000000060699	artail	24820
582	1100000000000007648	４号艇	24759
583	400000000000005482	cha	24703
584	200000000000005391	HRK@Gravity	24701
585	500000000000047865	シン	24692
586	1200000000000001132	レノマ	24684
587	600000000000060047	トール☆要×空○	24540
588	800000000000046879	ちぃ	24520
589	300000000000077739	あふー	24480
590	1400000000000050775	けらてん@おはD@同僚募集中	24479
591	1100000000000037817	シロガネ	24450
592	300000000000061709	hoiho	24426
593	1300000000000079581	れっぷう	24416
594	1400000000000032312	momi	24389
595	1000000000000015802	わふー	24328
596	900000000000062487	みっちー	24288
597	1000000000000054071	tom	24269
598	800000000000002715	KEG	24244
599	1500000000000086625	ごっつ	24227
600	4958	玲志	24200
601	1200000000000081322	桜花	24170
602	51320	k	24150
603	1100000000000015346	RKO-ガンスタン	24093
604	1100000000000061386	尊氏	24075
605	1200000000000054481	たま	24059
606	1300000000000082437	SASUKE	24000
607	1000000000000012654	KOT	23986
608	1300000000000052581	黒風	23910
609	300000000000005430	竹松	23869
610	1500000000000097844	ルーラン	23700
611	1300000000000001207	いわし	23551
612	1400000000000053091	破壊王子	23544
613	700000000000046475	じゅん	23490
614	100000000000025541	madlaxed	23403
615	900000000000035236	のざきP	23350
616	1500000000000023222	マーヤ	23346
617	53574	早羽風凛	23283
618	1000000000000084025	紅麗	23280
619	700000000000022770	マーチン	23249
620	800000000000004419	ジジイ	23172
621	29354	金さん	23163
622	700000000000042335	ポテチ	23155
623	300000000000079221	KiKiP	23145
624	100000000000055967	ハマクドー	23124
625	600000000000001988	garamlamasa	23032
626	800000000000048867	Ｄ９０（釣り、ドリ放置します）	23001
627	700000000000000304	阿頼耶	22988
628	1000000000000095160	蛇遣い座	22799
629	5415	ぬるちゃん	22787
630	1300000000000093697	ジャカ	22756
631	700000000000050627	カリス	22752
632	300000000000006624	ちかちか	22743
633	77862	なおなお	22710
634	1300000000000043139	レックス♪今年もよろしくお願いします(^3^)/	22707
635	200000000000001018	にゃも	22685
636	9533	kore	22645
637	400000000000096876	Ben Yau	22590
638	400000000000022429	ｇｕｓｌ１１９２	22577
639	500000000000056085	sunbeam	22560
639	500000000000097847	トウヤ	22560
641	400000000000000387	ペロロンチーノ(呉鎮提督)	22529
642	100000000000008229	やん	22372
643	200000000000075180	みな	22310
644	400000000000020042	お賽銭箱崎	22275
645	400000000000100030	ビビ	22246
646	700000000000099994	りたりん	22163
647	500000000000052586	らきゃを	22158
648	400000000000056625	ぐっすみん	22113
649	500000000000003925	Gorigan	22103
650	1500000000000058222	ナヲ	22082
651	600000000000030944	モン太	21894
652	1400000000000015950	アスハ	21859
653	1400000000000096823	まさたか	21803
654	200000000000086322	那亞瑠	21762
655	700000000000000557	カナリアP＠大和撫子道場	21752
656	700000000000086927	総則と各論	21724
657	1300000000000000356	2倍みるくてぃ	21704
658	38187	昼夜	21696
659	700000000000044531	サナリィ♂	21623
660	600000000000006434	喜助	21585
661	300000000000067806	nock	21530
662	200000000000092390	ベックマン	21528
663	900000000000081343	猫ネッコ	21487
664	100000000000034516	jpmn	21425
665	600000000000081675	Hwan	21406
666	1500000000000062654	くみゃ	21357
667	300000000000005718	BEGG(ﾍﾞｯｸﾞ)	21311
668	200000000000039235	ぶんもと	21296
669	600000000000048872	alice3567	21276
670	1000000000000097956	ULUCHI	21199
671	1400000000000009212	グラーブ	21179
672	400000000000053905	太鼓玄人	21141
673	700000000000006612	rabimoon	21062
674	100000000000059459	ぐず	21045
675	300000000000061200	マクロ	21041
676	600000000000008657	モルモート	20950
677	600000000000000866	ナスっこ	20937
678	1400000000000082717	ナス	20840
679	1300000000000037537	光子	20805
680	1100000000000074824	さそり	20760
681	14459	戯510	20748
682	1500000000000014805	AREA88	20736
683	300000000000050801	みぃ	20730
684	500000000000083731	うい	20724
685	600000000000016460	kako	20695
686	500000000000006001	幹也@ラウメン募集	20670
687	1400000000000005792	――――	20654
688	700000000000029329	ばとらぶ	20653
689	500000000000014069	すなふきんぐ	20623
690	500000000000062369	bamboo12	20618
691	1500000000000012773	ＢＬＫ	20592
692	1200000000000025748	ぴよぴよ	20566
693	1000000000000004545	サテリコン	20507
694	1000000000000011206	しるすた～	20501
695	2718	syana	20449
696	1400000000000019442	羆(３月までは頑張るよ)	20384
697	1500000000000001153	tony105	20367
698	1000000000000053348	あふろ	20360
699	1300000000000011678	なつな	20320
700	1100000000000001019	さとみ	20282
701	900000000000016787	かがみん	20277
702	300000000000046252	JUNYAN	20268
703	500000000000000570	伊藤P	20260
704	500000000000052720	M7san	20232
705	444	ATT	20199
705	600000000000007287	マカーカイ	20199
707	600000000000052956	カタイヌ	20163
708	800000000000000686	もちりん	20136
709	400000000000086285	Di	20096
710	15491	楼	20064
711	500000000000006469	けんたろー	20062
712	1000000000000047303	ザゾリア博士	20056
713	1300000000000008592	Ａ／Ｗ	19987
714	845	ねんざ	19942
715	300000000000000031	越後屋P	19876
716	400000000000025022	R&D	19844
717	100000000000008376	鯨P	19804
718	600000000000006108	びーる	19785
718	1000000000000054253	こむぎ	19785
720	100000000000043853	クライン	19755
721	900000000000053759	たったた	19737
722	35515	Morinse	19727
723	500000000000077167	オリガミ	19717
724	800000000000054243	れん	19598
725	400000000000081704	合歓木	19588
726	1500000000000061689	ko-hey	19584
727	500000000000013799	梨緒菜    バイトの為コミュ更新&コメ率低下中	19573
728	400000000000043229	サカス	19545
729	700000000000021454	maw-maw	19512
730	300000000000076523	緑柱石	19488
731	900000000000000560	もか	19449
732	100000000000052564	みくろ	19403
733	1500000000000081978	黒糖ﾐﾙｸⅡ	19273
734	200000000000077809	ロイ	19240
735	1100000000000091223	ニシモ	19194
736	500000000000049130	ﾃｨﾌｧﾆｰ§庭イベ最終日、仕事の為種還元出来ないかもしれませんm(__)m	19190
737	1500000000000031939	sub	19093
738	300000000000046979	ｵﾘｴﾝﾀﾙ	18998
739	1000000000000097924	えりざべーと	18991
740	200000000000003171	りっど	18990
741	1100000000000021455	なおき	18976
742	200000000000043086	おかず【まったり(*´-`)】	18959
743	1000000000000096504	温もりの葉	18954
744	800000000000000502	masa	18948
745	400000000000001780	いめ	18937
746	200000000000036625	かず	18935
747	1400000000000054636	yanyan12	18922
748	400000000000003663	かっちぃ	18910
749	200000000000002538	葛葉　刹那	18864
750	1200000000000073351	さかまき	18836
751	1200000000000051756	後補機	18819
752	600000000000000436	ADF	18722
753	1500000000000012952	Palpal	18716
754	1400000000000013888	タカヒロ	18690
755	900000000000046989	カイ・タスク	18661
756	200000000000015250	クイロ	18240
757	200000000000026774	ｼﾞｬｯｸ	18237
758	1300000000000061952	REBECCA	18216
759	5901	あすも	18170
760	1200000000000034605	みそやま	18148
761	1200000000000021167	たもり	18139
762	800000000000011629	リョーコ	18124
763	600000000000035465	じん《流れ御容赦願います》	18053
764	1100000000000050712	Ki88号線⊿さゆにゃんと1日違い	18000
764	1400000000000042668	ビックス	18000
766	900000000000005889	†Shigeっち†(as毒舌無頼党(*￣ω￣))	17998
767	1200000000000092944	花華	17985
768	1000000000000007922	ソクラテス	17982
769	800000000000085195	麦門冬湯	17950
770	700000000000002075	Tomasson846	17937
771	1200000000000002156	舞弥	17895
772	51903	kohei	17820
773	500000000000016940	6号	17662
774	800000000000000557	おっ	17636
775	1500000000000076295	アルスタ	17610
776	1400000000000002380	ミコ	17592
777	100000000000017297	チーボー	17574
778	1400000000000001688	海月	17560
779	1100000000000098873	4職分の野菜	17493
780	1100000000000025596	シャルロット@.402 41 116 48 BMD相互募集中((出 可憐	17435
781	1200000000000007209	ダイたん	17409
782	1500000000000074957	うすしお	17400
783	400000000000034334	キラメキ	17380
784	1100000000000001385	ワーダーマン	17282
785	1300000000000054845	ジョニー	17281
786	400000000000000927	おいも屋先生	17226
787	900000000000001817	のまのまのま	17211
788	200000000000002906	悠輝	17140
789	1300000000000004115	めろん A	17100
790	400000000000004402	ショウタ	17016
791	200000000000002597	おまかせします	16992
792	500000000000036101	まりひな	16975
793	1100000000000101475	なんでしょねー	16968
794	60398	aoking	16864
795	1000000000000003926	ひしゃく	16843
796	1400000000000077824	とときん	16840
797	700000000000029287	つよちゃん	16824
798	900000000000023387	ゲキ	16807
799	200000000000001789	ﾋﾛﾋﾟｰ@in率低め?	16790
800	1000000000000033049	Kakeko	16785
801	900000000000032208	夢雪空	16782
802	700000000000082567	∠快速急行	16770
803	1100000000000100263	Player 1008036235	16760
804	600000000000077888	あうぐぅ	16661
805	200000000000000492	HB2	16653
806	600000000000091855	くまきち	16639
807	500000000000010696	KEI	16608
808	100000000000091038	たかさん	16546
809	300000000000002719	Tomoexia00	16544
810	1400000000000044519	じまじま：OFF	16533
811	200000000000093808	トモヤス	16480
811	1400000000000077551	ななさん	16480
813	600000000000023890	さくら	16400
814	400000000000004384	まぼ（種族：ムーさん）	16395
815	1300000000000051051	ネモフィラ	16374
816	800000000000019421	まえじま	16367
817	1500000000000086901	M@SCON	16313
818	1000000000000055642	しの	16300
819	1200000000000095650	しろごま	16235
820	600000000000086648	ダブル	16216
821	300000000000077768	しんうち	16186
822	1100000000000004403	SHOU89	16152
823	300000000000050488	ぱんだ	16151
824	1100000000000094202	はやぶさ	16120
825	100000000000072035	ハミィ	16099
826	1200000000000079972	ツナサンダー	16062
827	200000000000099682	将軍	16060
828	500000000000001021	ユキマサ	16038
828	1400000000000009391	blue	16038
830	96876	セレブの紳士	16009
831	1100000000000082964	Araking	15998
832	100000000000043322	グレープ	15996
833	800000000000018284	ホルスの眼o(^▽^)o	15984
834	1100000000000005138	sische	15976
835	1100000000000011636	まっつん	15952
836	100000000000097896	ユウギリ	15950
837	1400000000000003675	うっう～	15913
838	100000000000073153	アーモンド	15880
839	9795	あいち	15864
840	600000000000048821	アイビス	15848
841	1400000000000007286	まみどり	15834
842	400000000000051520	マイトガイ	15832
843	600000000000004693	のわあるP	15748
844	300000000000017080	も～くん＠天空の乱れ八咫鴉	15709
845	900000000000003894	お米券	15678
846	1000000000000026106	北極星@	15675
847	1500000000000058065	nei	15606
848	1000000000000061102	murakenzu	15600
849	800000000000005454	ヨッシー	15599
850	1100000000000000053	さくら	15582
851	200000000000001455	うさぎ部長	15546
852	100000000000049011	兵庫侍	15487
853	200000000000031545	ヤマト＠	15379
854	100000000000055323	水瀬べるん	15277
855	1500000000000003582	Ｒ.	15260
856	500000000000025807	HAGAREN	15251
857	1100000000000035222	だめくん	15199
858	1100000000000021943	てぃん	15192
859	600000000000039369	OzMa	15181
860	1300000000000029816	piro-pike	15143
861	1100000000000077883	虚弱な孔雀	15138
862	95189	アポロ	15104
863	500000000000098053	久瀬	15077
864	1400000000000101871	Simosa	15061
865	500000000000086676	ハシ	15050
866	300000000000009664	ドロッセル	15047
867	600000000000051288	Masa	15020
868	1300000000000025325	kaz	15000
869	600000000000000375	k	14928
870	1000000000000081369	まつ◎	14927
871	900000000000053370	黒百合	14926
872	800000000000037220	すがっぴ	14892
873	1000000000000000531	ヤギロー	14879
874	81662	朱雀	14825
875	800000000000072397	ＴＭ４	14788
876	800000000000034008	わんだー	14766
877	1000000000000003525	ライ	14722
878	400000000000056349	hiya	14717
879	1000000000000028162	ミッキー改	14662
880	400000000000036622	かんまき	14660
881	1400000000000006021	heyho	14624
882	600000000000007866	熊さん	14524
883	900000000000068367	まこてぃ	14517
884	1500000000000052743	そるてぃー	14512
885	400000000000020862	SHAKER	14508
886	700000000000034473	ぷちお	14495
887	700000000000024028	ヒロ君	14466
888	1100000000000095530	タケノコ	14407
889	200000000000094873	モルスァ	14401
890	1000000000000001523	さやか	14391
891	1200000000000000577	オリロー	14369
892	700000000000080489	SHIKI	14345
893	76853	conquest	14343
894	500000000000054569	Leerh	14340
895	1100000000000093610	だんご	14287
896	1400000000000080020	メディウス	14216
897	1400000000000000227	あお	14203
898	1300000000000062996	きー	14175
899	1000000000000086020	akira	14174
900	800000000000080511	indoor	14140
901	700000000000086612	不死の王	14124
902	1200000000000083339	ふのん	14093
903	500000000000086943	Player 1005184485	14080
903	1000000000000008578	ヲカジ	14080
905	800000000000054166	ヨッシー	14050
906	1200000000000005225	Satoru	14028
907	3979	ｱﾙｹ	14011
908	98856	氷室望夢	13980
909	700000000000096772	いしだい	13976
910	900000000000013078	め組の徳田	13943
911	100000000000100304	おT	13921
912	1200000000000000587	ゴチボルト	13909
913	500000000000043723	ゆぅ	13903
914	900000000000046012	おーや	13898
915	700000000000000346	さむちゃい	13893
916	800000000000057110	たぐりゅー	13890
917	1300000000000045325	源頼賢	13870
918	900000000000003263	いさん	13810
919	900000000000043893	ＷＲＸ	13806
920	22385	雅坊	13775
921	1500000000000077607	よしりん(･∀･)	13731
922	400000000000029392	黒木	13665
923	1300000000000002420	厳暁	13653
924	1000000000000038102	深紅	13640
925	100000000000046889	nike	13626
926	600000000000004480	たいしょ	13624
927	1300000000000001853	ヴァイス	13618
928	600000000000081764	琢磨	13598
929	200000000000021222	miska	13593
930	1000000000000024433	-akira-	13553
931	400000000000002001	ジャスティス	13482
932	900000000000098472	花225	13471
933	1200000000000005690	カナダ	13448
934	900000000000006877	miorin	13434
935	400000000000012093	min	13272
936	1100000000000014370	ほり	13230
937	800000000000002633	晴眼	13212
938	700000000000086997	鈍器	13210
939	1100000000000083614	燕坂	13184
940	1500000000000084368	のりたつた	13183
941	1100000000000101097	天	13180
942	800000000000000038	Light88	13126
943	33118	ほっぱんさん	13119
944	1500000000000098471	rokukana	13059
945	300000000000007489	まるでぃーに	13036
946	400000000000003856	miki	13012
947	100000000000006963	玉王	13006
948	5648	しんぱ	13005
949	73675	sTar	12960
950	1500000000000081620	こなもつ	12922
951	100000000000085301	GTHM	12921
952	300000000000023551	yama♪	12917
953	1300000000000100297	みあ	12896
954	200000000000001734	飴玉	12891
955	600000000000075281	サンタモニカ	12885
956	900000000000073287	ペクチ	12859
957	83398	いも	12844
958	200000000000099133	つな	12804
959	100000000000098137	シャムービー	12796
960	1500000000000060786	mansa	12792
961	101723	R	12786
962	800000000000007642	PYU作	12778
963	1500000000000005809	とどめなぎ	12768
964	300000000000057480	CAMEL	12719
965	500000000000078388	原口	12654
966	1200000000000009646	まいつ	12646
967	200000000000031080	ajwajw	12628
968	1300000000000005941	tyaritan	12600
969	97258	京介	12562
970	100000000000021920	ちもこ	12550
971	1500000000000000545	とっくまん	12538
972	300000000000013733	トッド	12534
973	400000000000042118	WadaFuku	12508
974	300000000000005514	こぱん	12492
975	400000000000097333	かなこ	12488
976	1200000000000029807	ruru	12481
977	300000000000002240	SGW急便	12460
978	500000000000073853	アサ	12449
979	1000000000000036511	suwakko	12432
980	400000000000044243	じじ	12425
981	21673	メイジ	12363
982	800000000000065044	Hiroshi	12347
983	600000000000051348	りとな	12332
984	500000000000099437	クー	12284
985	12345	さんこ	12279
986	500000000000095805	インベル	12240
987	600000000000097828	きしわきじじ	12226
988	1400000000000004285	ディルーカ	12213
989	800000000000002271	ひが	12160
990	400000000000002991	つくだ	12147
991	1200000000000062452	ジョージ	12114
992	1300000000000051382	はやぶさ	12104
993	1400000000000056456	ロック	12081
994	700000000000075417	メープル	12077
995	1100000000000094672	とーおか	12047
996	700000000000003813	道化師	12037
997	600000000000005787	ヒロヒロリン	12015
998	1300000000000038158	ノブ	12012
999	1300000000000010387	Maru	12003
1000	400000000000084160	チルチル	12002
1001	600000000000005744	Aqua Regia	11998
1002	1100000000000085273	たこくらげ	11991
1003	200000000000000930	てんしろ	11968
1004	1200000000000011685	よっしー04	11942
1005	500000000000010191	翠月	11865
1006	200000000000002263	ケヴィン	11835
1007	300000000000003076	じろさぶ	11829
1008	1000000000000022441	いちさん@asahiP	11815
1009	1100000000000000523	シンP	11807
1010	300000000000001085	たか100	11802
1011	300000000000055312	明日も5時起きか?	11755
1012	1300000000000058616	雅	11740
1013	1100000000000008567	泡盛(ry	11736
1014	100000000000100120	Player 1007790833	11733
1015	1200000000000060896	elder	11725
1016	200000000000056358	奪取	11664
1017	200000000000033055	GAN-Q_2	11653
1018	100000000000098145	ドゴザガゾ	11645
1019	1100000000000004912	moaishi	11579
1020	400000000000007431	ＮＩＮ	11552
1021	500000000000052069	赤坂	11550
1022	500000000000085460	一茶ッサ	11537
1023	100000000000059326	katakataka	11525
1024	300000000000100452	acc_gree(招待はスルーして下さいm(__)m)	11524
1025	500000000000018672	ネギぼうず-メイン黒ウィズ他暇な時	11480
1025	1000000000000076281	Touko_Shiki	11480
1027	400000000000004068	こあさ	11479
1028	15456	とり	11460
1029	600000000000075711	Irony	11459
1030	200000000000054130	きゅあやんきー☆	11421
1031	900000000000002455	みまみまん	11382
1032	200000000000023157	アニマ	11367
1033	776	まっさわ	11360
1034	1200000000000002662	カイボン	11330
1035	47884	アドルフィ	11313
1035	1500000000000010312	ウガ	11313
1037	300000000000022567	唯我独尊  ( v^-゜)	11305
1038	200000000000010170	sasahira	11265
1039	1500000000000056680	あらあら	11261
1040	200000000000099588	????	11252
1041	800000000000001963	座布団	11250
1042	100000000000085508	ペテ	11231
1043	1500000000000097369	れな	11226
1044	100000000000005102	うんち	11214
1045	400000000000090597	Player 1005607588	11175
1046	300000000000025522	スパーキー	11167
1047	500000000000101393	GuMiko	11084
1048	700000000000100857	ふたつばし	11082
1049	700000000000001197	§黒雪姫§	11060
1050	100000000000098085	monoriss0415	11056
1051	400000000000081064	うま	11049
1052	1000000000000009769	ぽち校長	11005
1053	91482	たからや	10974
1054	700000000000060288	ハリス	10956
1055	700000000000056795	ひろ	10948
1056	1400000000000004803	うだ	10941
1057	1400000000000013125	キョウ	10928
1058	1200000000000011717	ピースケ	10869
1059	700000000000083501	Yuki	10850
1060	900000000000043872	ks ドリギルメン募集中！	10845
1061	700000000000001244	アナゴン量産型 量産型をナメるな!!	10840
1062	1200000000000083682	シンゴ	10834
1063	100000000000021331	a123a	10790
1064	500000000000082844	ブレイブリー	10788
1064	900000000000081483	アーランド	10788
1066	400000000000051938	まりかちゃん	10759
1067	300000000000019252	ひこ	10757
1068	1000000000000023772	赤いきつね	10727
1069	100000000000067447	アクセル	10725
1070	500000000000050156	ごっつ親方	10718
1071	1000000000000003484	弘志	10716
1072	1500000000000099793	Asuka99	10711
1073	900000000000047725	ヤマ	10706
1074	1300000000000080481	に゛	10695
1075	1100000000000045007	まこりんP	10687
1076	700000000000003410	ルクセン	10677
1077	1400000000000067385	Player 1002125758	10654
1078	800000000000100353	Ｍｏｋｋｅ	10653
1079	1300000000000011751	わた虎竜	10651
1080	1400000000000023936	ささみ	10637
1081	1400000000000009979	Water	10624
1082	100000000000031592	くろくろ	10563
1083	600000000000001719	庶凡	10510
1084	800000000000007919	スー　	10485
1085	1000000000000069079	てっちゃん	10479
1086	900000000000002700	あおい	10476
1087	200000000000003548	tow-mas	10470
1088	1200000000000051010	はいとP	10464
1089	1200000000000072377	さかもと	10450
1090	1100000000000062826	ポンコツ4号@茶和	10423
1091	500000000000000999	蕎麦	10415
1092	1000000000000016055	TITAN3	10400
1093	1300000000000008939	かめちゃん	10322
1094	800000000000004048	ユハル	10291
1095	200000000000025274	きよっぺ	10276
1096	1300000000000030508	辛苦の潰瘍司祭	10244
1097	300000000000028357	コロイド	10196
1098	1300000000000005807	× くわがた【糖民】	10176
1099	400000000000011074	しずか	10170
1100	1200000000000053603	なるちょ	10160
1101	1300000000000028087	天王星	10140
1102	1200000000000004077	ダナゴン	10088
1103	700000000000077862	Player 1003696743	10063
1104	100000000000007664	イケ	10023
1105	400000000000097239	シンク	10003
1106	400000000000087671	りあり	9981
1107	18	反転世界P@朧月夜	9954
1108	700000000000017212	◆ミツ◆	9928
1109	300000000000009856	ままたそ	9920
1110	500000000000028697	神威	9916
1111	1000000000000006781	としやん	9906
1112	82456	バーババラ	9903
1113	1100000000000009894	らまな	9889
1114	1300000000000005281	ホッシー	9888
1115	200000000000009347	かに雑炊	9867
1116	1000000000000041747	GI	9823
1117	1200000000000002819	サト。	9800
1118	1500000000000030503	まるまる	9784
1119	1200000000000045653	カープ	9781
1120	500000000000097877	VIP	9774
1121	1100000000000001207	シンタナ	9770
1122	900000000000001815	トシフミ	9756
1123	900000000000038428	棗	9750
1124	500000000000079544	｡:°?*｡:°?あいる?*｡:°?*	9708
1125	1300000000000080691	湯	9704
1126	600000000000061571	16回切りが出来そうな人	9686
1126	1300000000000019511	もりりん	9686
1128	1200000000000097918	哉兎	9677
1129	800000000000002184	Twinkle	9648
1129	1000000000000077859	ぴよきち	9648
1131	500000000000101278	Kih	9585
1132	800000000000013590	はん	9554
1133	500000000000018149	ペーネロペー	9534
1134	200000000000086865	千桜。	9520
1135	500000000000074311	グラドス	9476
1136	200000000000039321	Gre-rmkys30	9438
1137	1300000000000059030	Bloody-chacha	9428
1138	1100000000000002846	Motmot	9422
1139	100000000000061260	チヨダ	9371
1140	1100000000000014052	y.k	9369
1141	500000000000097110	対馬蝦夷守智典	9327
1142	600000000000005633	オサムシ	9322
1143	1200000000000080295	Player 1004302124	9320
1144	1200000000000087535	765&346	9315
1145	1400000000000089899	Player 1005576030	9288
1146	1200000000000056279	來鵡	9282
1147	800000000000097147	SKNK	9230
1148	1100000000000097269	yuIna	9203
1149	300000000000051452	野獣先輩	9167
1150	700000000000014940	錆び釘@同僚&ラウメン募集中	9166
1151	400000000000096377	ミリオンＰ	9161
1152	1400000000000096814	TSKS	9154
1153	900000000000054041	フェイト	9152
1154	800000000000096145	もっぴーぬ	9120
1155	1200000000000074168	せきでん	9112
1156	1000000000000054068	サンボル	9098
1157	200000000000101202	みー	9096
1158	100000000000007007	木門。	9089
1159	100000000000043356	Chromes	9086
1160	1200000000000013867	茜音色	9081
1161	400000000000002805	黒西瓜	9074
1162	600000000000094359	§夕起§	9070
1163	500000000000096489	某川	9045
1164	94014	もなか	9022
1164	500000000000003035	kazuki	9022
1166	700000000000006975	やっすー	9016
1167	300000000000033885	アル☆ベル	9010
1168	1200000000000078843	T	9007
1169	800000000000000709	サンパチ	8988
1170	600000000000100123	Ｊ・Ｊ	8976
1171	1200000000000021499	みやびん	8974
1172	800000000000003439	あきば	8965
1173	300000000000059550	ひろかず	8960
1173	900000000000055105	しん	8960
1175	500000000000097752	groove5	8919
1176	400000000000025686	うぃんたーず	8900
1177	800000000000017306	ひっしぃ	8876
1178	1200000000000077332	ナベ	8848
1178	1400000000000008459	あおはる	8848
1180	200000000000033903	やす	8822
1181	600000000000024538	ゆうすけ	8820
1182	200000000000003184	きほいる	8809
1183	29649	じぇらーど	8795
1184	1500000000000054081	ぶてぃ	8784
1185	1300000000000044837	かっすぃー	8751
1186	400000000000077887	しゃれあむ@同僚募集	8741
1187	200000000000075742	しらが	8735
1188	300000000000007903	黒い塊	8728
1188	1100000000000026357	ありぽん	8728
1190	100000000000005094	KTP	8720
1191	800000000000001691	有刀ショージ(巨人ファン25年目)	8693
1192	400000000000027364	たまご	8676
1193	400000000000009678	Ayuta	8655
1194	1100000000000010288	イッキ	8624
1195	1200000000000006464	サガ	8613
1196	1400000000000016692	ＬＡＹＬＡ	8606
1197	700000000000077087	taka	8584
1198	200000000000000077	水沢祐	8575
1199	200000000000077564	アリシア	8564
1200	600000000000097450	めがみ	8551
1201	100000000000002272	ｺｸｵｳ	8540
1202	500000000000095052	ドム_ニコニコ	8501
1203	200000000000065402	もぃ	8491
1204	300000000000028527	アレス	8455
1205	100000000000027699	高町悠乃	8443
1206	900000000000077199	蟹55712	8440
1207	400000000000051940	まつおか	8388
1208	1300000000000086371	ポコテン	8384
1209	800000000000022080	supika	8383
1210	200000000000001910	大神華撃団（ナリじゃないよ）	8377
1211	1100000000000004498	Mr.PARUPUNTE	8366
1212	100000000000053878	ソロ	8359
1213	500000000000070397	fubuki	8317
1214	18219	デットプール	8302
1215	500000000000037155	ｻｲﾋｮｰ	8296
1216	200000000000008161	てぃる	8288
1216	800000000000051642	なかやま	8288
1218	1200000000000062487	シンジ	8279
1218	1400000000000075593	のん	8279
1220	1394	ちゃこう	8272
1221	700000000000097852	みや	8271
1222	700000000000082274	J4CKSh0rtY	8258
1223	100000000000013845	タカヒロ	8242
1224	800000000000074290	やきいも	8231
1225	200000000000022355	えりりん♪埋め同僚募集中☆	8228
1226	400000000000024620	あぱちこ	8208
1227	1300000000000024011	305	8161
1228	400000000000012621	よこ	8156
1229	900000000000003953	シャドウ	8125
1230	96556	rikkey	8120
1231	500000000000017887	てんblueberry?レ(??ω??  )ノ	8113
1232	600000000000074632	c15idm0h1iu8t2xwy340	8106
1233	44390	ラベンダー	8094
1234	7546	天苗	8085
1235	1000000000000022467	くまごろう	8035
1236	1200000000000001367	リン	7966
1237	300000000000093597	Gwan	7964
1238	500000000000005647	まさむねP	7957
1239	900000000000049398	カンベエ	7956
1240	1200000000000031632	落	7946
1241	100000000000078415	Player 1003843441	7940
1242	1200000000000083612	なつふわ	7867
1243	500000000000004614	kirua27	7848
1243	1300000000000001568	猫まる☆	7848
1245	200000000000051019	メイハ	7839
1246	1400000000000009230	ヒヤシンス	7797
1247	1100000000000078161	しんし	7789
1248	200000000000001572	はやて	7766
1249	500000000000051488	ののの	7763
1250	1400000000000019221	ぐっち	7752
1251	1000000000000005425	恭也	7748
1252	600000000000052458	fin8880n	7696
1253	100000000000092104	ハルハラ	7687
1254	700000000000062127	クロト	7662
1255	1200000000000003255	jakalope	7637
1256	800000000000013974	スズカ	7630
1257	1200000000000011800	ナイツ	7610
1258	200000000000098584	松崎シゲオ	7600
1259	800000000000035812	ツッチ	7598
1260	900000000000024411	裸王	7588
1261	200000000000072649	ゆん	7549
1262	500000000000075484	aki	7546
1263	1400000000000007100	武ちゃんは17歳P	7538
1264	600000000000056787	シカせんべい	7528
1265	300000000000094664	ケイ	7518
1266	300000000000005313	じ	7515
1267	1400000000000020341	あた	7512
1268	500000000000030155	ぶっきらP	7502
1269	1400000000000054237	ちくわ大明神	7490
1270	1200000000000036617	モリガン	7476
1271	300000000000043346	wanbanko	7453
1272	1400000000000055663	寿音	7445
1273	800000000000049307	とんとん	7437
1274	1500000000000031790	ゆう	7436
1275	400000000000050807	バインサルト	7416
1276	500000000000086511	いちごおにぎり	7372
1277	800000000000058584	仮面	7340
1277	1200000000000087056	参Ⅹ碁	7340
1279	500000000000043276	Take_Kaz	7335
1280	300000000000082345	エモンガ	7290
1281	700000000000100678	みょん	7288
1282	1500000000000002107	show81	7260
1283	100000000000099745	微冰半糖	7245
1284	1100000000000039818	十六夜八雲	7237
1285	700000000000074903	Sea bl.bird	7230
1285	900000000000061303	００９９	7230
1287	1500000000000053293	えりっく	7225
1288	600000000000003272	ウニョラ～	7193
1289	200000000000007372	いっくん	7164
1290	1500000000000075330	サーモン	7160
1291	200000000000003380	maa	7140
1291	1300000000000005254	まさ	7140
1293	1300000000000096219	HoneyNoen = YuHanKim	7130
1294	1100000000000038895	マジアカ	7077
1295	1100000000000002119	key	7064
1296	700000000000096193	tsubasa0922	7041
1297	24111	黄雪姫	7021
1298	1200000000000003110	こばＰ	6976
1299	200000000000094458	みり	6938
1300	1100000000000004929	ネロキュロス	6912
1301	500000000000023450	かわまさ	6896
1302	400000000000008172	あいちゅん	6895
1303	600000000000101612	かずぼう	6862
1304	600000000000081175	ゆりり	6848
1305	1000000000000003553	からくさ	6837
1306	1200000000000004400	ソルジャー	6772
1307	300000000000028757	†ゆう††	6756
1308	900000000000077757	さとピー	6755
1309	200000000000101536	ふろむ	6730
1310	500000000000054899	コウスケ	6642
1311	1500000000000075055	NoChugo	6583
1312	1300000000000057116	真だこ	6582
1313	800000000000095585	タタミ	6580
1313	1300000000000002445	しゅがと	6580
1315	700000000000062283	抹迷助	6513
1316	900000000000083590	小箱	6505
1317	800000000000097551	オタク屋	6503
1318	500000000000080956	Holy	6487
1319	100000000000003838	kou17	6480
1319	100000000000042030	248,331,070@D組P	6480
1319	1500000000000004586	たっつー	6480
1322	100000000000095407	ココ	6474
1323	1200000000000004848	とし	6398
1324	400000000000006841	チャタケ	6388
1325	1400000000000080252	Player 1004161694	6384
1326	400000000000074341	ちょろの	6366
1327	400000000000057634	Guppy ko-suke	6365
1328	500000000000000240	うにお	6362
1329	1400000000000003383	やそ	6360
1330	1400000000000075315	N.N.	6350
1331	1500000000000051756	にいやん	6340
1332	900000000000098155	のらせ	6335
1333	1300000000000003339	butaneko	6331
1334	1300000000000095402	ナギサ	6310
1335	300000000000084203	森道	6292
1336	700000000000008350	onc212	6289
1337	54737	ViViD	6246
1338	1100000000000091677	スクーミー・ズー	6224
1339	300000000000079615	tetsu	6219
1340	800000000000052782	りよ	6200
1340	1500000000000032097	たみー	6200
1342	900000000000005316	ゆーか	6197
1343	1400000000000014071	乃愛*	6167
1344	600000000000027436	しみひ	6134
1345	300000000000004397	ﾒﾛﾝﾊﾟﾝ	6128
1346	100000000000101450	楠坂	6090
1347	1500000000000005268	旅人	6086
1348	2888	Tubalcain	6080
1349	200000000000027231	コクネギ	6072
1350	700000000000034764	テッペイ	6068
1351	800000000000050960	みなかた	6066
1352	500000000000013955	ちーこ	6051
1353	400000000000028733	rkiho	6010
1354	700000000000091445	イナバP	6003
1355	800000000000100455	jmdb	6002
1356	500000000000069952	レイラ	5974
1357	1000000000000083258	ポンタ	5964
1358	500000000000085425	紅 速人（たけっつぁん改め	5940
1359	400000000000025569	こんどぅー	5920
1360	600000000000031446	NASHI	5918
1361	900000000000011114	ほうでん	5860
1362	800000000000098741	ヒラベルト	5848
1363	800000000000101042	ぱすた	5837
1364	1100000000000092424	渋谷*.横山とpair	5833
1365	900000000000004142	チアキスキー	5820
1366	1100000000000011396	まっきー	5818
1367	1200000000000033886	みっちー	5782
1368	900000000000038954	73P	5781
1369	100000000000014516	かがみ07	5775
1370	600000000000056839	けい	5772
1371	1300000000000093808	ひびかわ	5769
1372	1300000000000016360	もやし	5742
1373	500000000000097424	雨天山樹	5712
1374	500000000000003508	エクセルシオール	5698
1375	1500000000000006658	hack!	5697
1376	500000000000072132	じゅすぽん	5696
1377	100000000000084405	雷電 電光石火	5652
1378	800000000000024257	カモ	5635
1379	700000000000050913	しょうま	5610
1380	1200000000000001121	超音戦士	5601
1381	1400000000000000398	ぺんぎんα	5598
1382	1000000000000061441	shamF14	5580
1383	1400000000000044486	はゆっくん	5558
1384	1300000000000074489	アルジェント	5543
1385	900000000000006552	はぁ…早見沙織さん…	5522
1386	800000000000007013	BECK	5520
1387	1100000000000035843	y.lion	5502
1388	1300000000000079628	ジョカ	5494
1389	400000000000096097	DD67	5491
1390	1400000000000004747	ジョニーJr.	5480
1391	800000000000058598	マリンスカイ☆バロン	5479
1392	400000000000001543	おつみ	5448
1393	800000000000097554	葉月あつみ	5443
1394	900000000000052384	めーぷる	5440
1395	400000000000004560	tempest	5404
1396	500000000000001861	RINMAKI	5371
1397	1100000000000095720	S	5365
1398	700000000000051766	きょうぱん	5351
1399	97191	マキシマム	5347
1400	1200000000000008699	ゆかりんご	5328
1401	800000000000002738	ゆいっち	5327
1402	200000000000002318	タカトシ	5320
1403	500000000000000071	とみぃ	5316
1403	700000000000036459	capuru	5316
1405	1000000000000005514	スマ歩	5306
1406	500000000000080597	黒ちゃん	5299
1407	700000000000040888	menta	5284
1408	400000000000005022	だむどむ	5280
1409	600000000000098979	フィジャー	5268
1410	1300000000000003819	はりあ。	5230
1411	100000000000050281	脱兎	5210
1412	800000000000025873	ピレニー	5208
1413	800000000000011631	Georg	5201
1414	1300000000000006841	HAL	5193
1415	200000000000001302	ばっくす	5192
1416	1300000000000024970	ごじょ	5191
1417	1300000000000076293	もっと	5167
1418	100000000000052243	れでいぃ	5166
1419	200000000000010110	*ＨＡＲ*	5164
1420	300000000000032562	天城龍慶	5156
1421	1000000000000003688	篁	5132
1422	300000000000010031	J･P･Y	5130
1423	500000000000003624	みかんろくすけ	5114
1424	913	cosign	5110
1425	1500000000000020839	ジーク	5100
1426	1000000000000006134	ヒロパパ	5094
1427	100000000000083635	є(･Θ･｡)э	5070
1427	200000000000079061	maidoman	5070
1429	1300000000000000980	ネム	5055
1430	1300000000000072804	ウーパー	5044
1431	300000000000086307	紅ノ雨二射タレテ	5040
1431	800000000000084195	澪	5040
1433	900000000000053507	ぴんたろう	5030
1434	1200000000000022493	もる	5029
1435	600000000000077907	にんにん	5020
1436	1300000000000076781	ロベルトうちの	5014
1437	1500000000000052659	山田	4994
1438	800000000000024532	綾薙 晃	4977
1439	100000000000030567	えどがわ	4972
1440	1400000000000004707	うな	4960
1441	100000000000058551	早崎	4943
1442	900000000000096733	Player 1006527401	4942
1443	600000000000002602	鳥谷瑠美	4938
1444	37459	じっぱわ	4932
1445	500000000000049222	☆みっきー☆	4908
1446	400000000000001420	ヨシノ	4904
1447	100000000000040949	黒ｩｽﾞ★STRONG帝国★	4894
1448	1000000000000016794	たか	4886
1449	300000000000077617	era9.14	4872
1450	600000000000099161	ますみ	4850
1451	600000000000075850	Player kanon	4841
1452	600000000000079601	越乃苗床	4840
1452	1100000000000007290	10mo	4840
1454	800000000000004031	utena	4839
1455	200000000000005110	栃木県	4837
1456	700000000000001545	ぴんころ	4823
1457	500000000000083404	西瓜	4809
1458	800000000000087342	MOVE山田	4772
1459	600000000000099092	たき	4756
1460	100000000000101716	肉まん	4755
1461	1200000000000073830	クロフィル	4729
1462	1400000000000028250	女々し(くてつらいです)	4728
1463	700000000000001217	ＴＫＫ-Ｍ(招待は無視して下さい)	4690
1464	700000000000068103	赤リン	4682
1464	900000000000028030	アベル	4682
1466	1000000000000082563	Manaphy	4681
1467	79235	えびもと	4680
1468	800000000000100547	マーツ	4677
1469	1500000000000002805	太宰 真	4669
1470	1200000000000003043	鰡	4660
1471	1500000000000062021	よしあき	4654
1472	1400000000000002615	ダイキチ	4648
1473	100000000000099454	和紗	4636
1474	1500000000000075799	のむぴ	4632
1475	1500000000000051854	ゆと	4629
1476	1200000000000026212	ラムー	4618
1477	1000000000000101719	りんか	4607
1478	1500000000000026575	tester	4606
1479	900000000000029280	白城	4600
1480	700000000000036603	鶏肉	4592
1481	1000000000000034477	てるもん	4585
1482	800000000000051090	杏奈かわいい勢	4569
1483	400000000000101131	あお	4548
1484	1100000000000003666	シュウ	4532
1484	1500000000000001157	岸田.Shangri-La	4532
1486	1200000000000087726	ふーちん	4531
1487	1100000000000058903	まゆら	4520
1488	300000000000052080	綿屋	4508
1489	800000000000097451	リッツ	4507
1490	200000000000101757	ゆう	4505
1491	800000000000081683	アドレナリン子	4503
1492	1100000000000100595	ランディ	4497
1493	51694	meets	4483
1494	1000000000000053430	Cassini	4479
1495	1500000000000009863	ミノリー	4475
1496	100000000000021463	Woxeib57	4465
1497	400000000000034132	returnポコニャン	4464
1498	900000000000078053	もちょ	4433
1499	200000000000093851	アバレ	4427
1500	100000000000091141	不幸の道	4377
1501	700000000000080513	のぶたし	4374
1501	700000000000097376	浩平	4374
1503	100000000000048362	たくみん	4368
1504	1300000000000085520	くろあめ	4362
1505	500000000000006960	ガナス	4330
1506	1500000000000081484	tetuv1	4324
1507	1000000000000017153	YOK	4315
1508	1300000000000030893	アカムトルム	4298
1509	1500000000000072367	かがみん	4284
1510	1100000000000030749	廿五里P	4272
1511	200000000000017199	桃夫	4254
1512	600000000000050293	Kanely	4244
1513	900000000000011282	けんざぶろーちょっと釣りをお休みしますm(__)m	4237
1514	69495	ハル	4228
1514	200000000000000274	黒衣神父	4228
1516	1000000000000004913	ミズ	4222
1517	400000000000055420	m0t0k1	4220
1518	800000000000024037	レイスト	4216
1519	200000000000081140	とろ	4210
1520	100000000000086703	ともっち	4190
1521	1100000000000048555	クマー	4179
1522	100000000000039211	ハセ会長	4175
1523	700000000000047464	あわんこ	4132
1524	1400000000000000203	スカイリンクス	4087
1525	100000000000058257	箱々	4086
1526	200000000000093051	ＫＡＮ助	4080
1527	800000000000098423	I.Roc	4075
1527	1400000000000050964	西やん	4075
1529	900000000000002449	けいしち	4074
1530	200000000000023410	チロ	4070
1531	100000000000080737	六号	4066
1532	900000000000003319	とらこ	4060
1533	1400000000000026917	ねこポチ	4058
1534	800000000000052358	aruzya	4044
1535	100000000000011651	ゆきまる	4035
1536	600000000000097184	BB44	4023
1537	900000000000027060	紫楼紗夜	4010
1538	13054	セキセイインコ	4004
1539	1100000000000078762	コタネブラ	3990
1539	1200000000000080480	つしよ	3990
1541	1300000000000067964	マロ	3976
1542	600000000000002683	Aki	3936
1543	400000000000013032	のりす	3911
1544	500000000000095961	Player 1006274325	3885
1545	400000000000005648	取得できませんでした	3872
1545	500000000000004466	賢輝	3872
1545	900000000000083700	紅星黒白	3872
1548	200000000000046505	まこぴー	3864
1549	1200000000000008786	きたきつね	3863
1550	1300000000000081353	文萌	3835
1551	1400000000000040466	Barack Obama	3833
1552	1300000000000071977	ツバサ	3815
1553	1100000000000015058	トヨ	3808
1554	1000000000000078295	Golacat	3805
1555	900000000000094322	あかみ	3801
1555	1500000000000024490	ぴろしき	3801
1557	500000000000060189	Nob	3798
1558	1400000000000036732	adolc7	3784
1559	1000000000000002333	RX-178摩亜屈	3780
1560	300000000000014979	えすぺらP	3775
1561	300000000000097928	バレ×太	3772
1562	800000000000042472	クロン	3758
1563	300000000000100591	くコミ	3757
1564	1100000000000030645	アオハナ	3753
1565	200000000000099954	mist	3748
1566	600000000000101620	しろ	3746
1567	900000000000098939	ばんちゃん	3739
1567	1000000000000078091	ノワール	3739
1569	600000000000101469	松田健人	3737
1570	700000000000015259	川越藩主	3721
1571	200000000000047878	a.m	3720
1571	800000000000042475	ワタシダ	3720
1573	900000000000088094	渡さん	3711
1574	200000000000007823	みったん	3710
1575	200000000000075220	イアン	3708
1576	700000000000096247	サワー	3668
1577	600000000000034675	マジナイ	3665
1578	200000000000100946	ゆきのん	3640
1579	700000000000003357	coconutsmilk	3634
1580	400000000000036412	ジョン	3630
1581	1200000000000100302	Player 1008140572	3629
1582	300000000000000445	Fr	3615
1582	1100000000000013854	Hal	3615
1584	37712	トロン	3612
1585	101884	ピクタモン	3603
1585	1100000000000004121	じゃぱん	3603
1587	1200000000000054132	Tue	3601
1588	74310	AkurahEX｜鈴仙・優曇華院・イナバ「参戦の地上月兎（ピーエスフォー）」	3597
1589	1400000000000003779	りょう	3594
1590	72724	とく	3582
1591	1300000000000019159	ms0507230	3574
1592	700000000000002232	Mac～どうなるの～（旧katsu）	3559
1593	900000000000101121	キノコさん@新人杏奈P	3557
1594	1500000000000021899	十六夜月	3556
1595	400000000000007343	なつの	3554
1596	1200000000000002062	とまちゃー	3538
1597	400000000000004935	ルキャラメ	3535
1598	1000000000000017586	にゃっほい (NEOGENE CREATION)	3528
1598	1100000000000011912	さとら	3528
1600	800000000000006441	ＫＥＩ	3511
1601	400000000000001973	MとM	3501
1602	200000000000005163	まさ	3494
1603	400000000000071467	北P	3493
1604	100000000000020836	シュウ	3492
1605	700000000000003766	もりまる	3484
1606	1000000000000056188	ガリレイ	3479
1607	1000000000000098058	にしぱらP	3478
1608	700000000000101728	しっきー	3464
1609	1300000000000102159	はるふ	3450
1610	3036	hit	3447
1611	1300000000000000583	cacao68	3440
1612	100000000000058752	aim_noob	3435
1613	800000000000014755	虹野（ONLINEで放置多いです）	3430
1614	600000000000073758	真白	3429
1615	500000000000097876	Jink	3401
1616	400000000000094938	バッシー単身赴任、終了	3393
1616	1200000000000009258	しるはね	3393
1618	1100000000000085806	ｱﾝﾁﾏﾅｰ	3381
1619	600000000000002261	Q	3372
1619	1000000000000017193	あきら	3372
1621	500000000000057266	ミッド	3365
1622	1200000000000100745	ピリタ	3362
1623	800000000000000214	佐野くんそら同盟とあやち会員No.00	3327
1624	1400000000000009735	たらすぱ	3326
1625	800000000000011392	剣辰輝	3321
1626	400000000000004538	TACHIBANA	3320
1627	500000000000097751	T-sky	3314
1627	1100000000000099539	リョウタP	3314
1629	1200000000000030585	PJ	3294
1630	1200000000000101211	パ	3276
1631	800000000000085363	SHO’W	3249
1631	1300000000000099609	真P	3249
1633	500000000000056720	伴野摩耶	3240
1633	900000000000000856	つ～ぽん	3240
1633	900000000000053140	エイキチ	3240
1633	1300000000000029051	リバティ	3240
1637	900000000000016465	マコト	3234
1638	700000000000072445	ごまへ	3226
1639	400000000000081189	りふぃん	3222
1640	400000000000005385	突然	3213
1641	1500000000000049659	たーくん	3207
1642	1200000000000005805	ケイナ	3206
1643	900000000000076714	青葉	3195
1644	1300000000000002699	Lounge	3191
1645	1400000000000004334	アル	3182
1646	1500000000000097547	パトラッシュ	3154
1647	300000000000000240	sc29	3152
1648	300000000000008429	トマボー	3136
1649	300000000000083097	海月	3105
1650	1100000000000097399	M@STER	3100
1651	200000000000081715	ナストラル	3099
1652	400000000000023366	HAL	3080
1652	1300000000000101399	ススス	3080
1654	700000000000038876	ばかモン	3040
1655	1200000000000081929	マギー	3038
1656	1000000000000056312	☆チェリオ☆	3028
1657	700000000000038870	イオン	3017
1658	1300000000000010783	kabis	3014
1659	800000000000008091	かず	3010
1660	800000000000052204	月代 慧	3007
1661	1500000000000041120	ワタル	2999
1662	800000000000071754	沢野日紅	2967
1663	200000000000021783	わっしょい	2942
1663	400000000000026066	∃ッシー	2942
1665	200000000000000498	あーる	2934
1666	1300000000000002264	rhysum	2928
1667	300000000000021050	Rhea	2925
1668	59405	しづき	2922
1668	700000000000025578	カンサイサオ	2922
1670	1300000000000005736	まあくん	2916
1671	200000000000039817	ソード	2914
1672	1500000000000005610	たちばん	2886
1673	1000000000000101844	あまとう	2880
1674	100000000000001886	Normiz	2877
1675	1300000000000045762	成長途中	2868
1676	1400000000000098396	ザキ	2845
1677	700000000000034319	トーフ	2840
1677	900000000000040364	未來㍉マス:黄金のライオンさん	2840
1679	200000000000000655	まっか～	2838
1680	900000000000100137	たけぞー	2834
1681	1200000000000092712	NAMIDA	2830
1682	700000000000000052	木枝	2829
1683	800000000000055781	NT	2814
1683	900000000000002550	本部長Ｐ	2814
1685	1500000000000049079	sasataku	2796
1686	1000000000000011906	蒙ちゃんと布ーちん	2790
1687	800000000000017952	かき	2787
1688	500000000000079143	はる	2782
1689	800000000000098550	Astray	2780
1690	800000000000093071	Akari	2779
1691	500000000000042468	ウリボー	2754
1692	1300000000000001373	みう	2739
1693	500000000000098097	まちおん	2731
1694	1200000000000002433	クルツ※ユニコーンは疫病神だよorz	2713
1695	100000000000075299	グーナー	2708
1696	1000000000000005034	もん	2704
1697	400000000000023370	岡本健太郎	2702
1698	700000000000003527	花織 ことは	2695
1699	1200000000000003414	VOXWAHP	2694
1700	700000000000061133	マタタビ王	2693
1701	600000000000097458	ハチノコ	2691
1702	400000000000009227	しいたけ	2676
1703	400000000000097610	tabmore	2670
1704	348	もやしとかりょーちゃんとか色々	2664
1704	600000000000075342	クゥロロP	2664
1706	500000000000054482	ヘリウム	2663
1707	200000000000101659	Voyajer-29	2651
1708	73979	南	2632
1708	1000000000000097138	tkp	2632
1710	100000000000095916	ありけん	2626
1711	22486	がろた	2616
1712	800000000000015721	しめじ【道場営業:マイコメ参照】	2601
1713	1300000000000013827	わんわん	2587
1714	700000000000098228	いつぎな	2578
1715	79705	37分(みなみんC)	2559
1716	100000000000087977	オレンジ	2550
1717	1100000000000033681	テイーワィ	2548
1718	162	らいち	2545
1718	100000000000001756	のら	2545
1720	500000000000096564	太田浩司	2533
1721	1400000000000073996	いわやじ	2532
1721	1400000000000075413	しちみ	2532
1723	1000000000000002769	ナンジャラ	2520
1723	1300000000000079359	Miluku	2520
1725	1200000000000060608	鬼の洗濯板	2508
1726	1300000000000024856	睡魔er＋	2498
1727	500000000000091669	エンペラ	2491
1728	21456	平岡	2476
1729	400000000000032521	カオス	2472
1730	1500000000000009159	タク	2471
1731	1400000000000024058	ピンセットコレクター	2448
1732	400000000000088835	凪乃	2447
1733	700000000000010202	どん	2430
1734	100000000000085499	けんだまん	2424
1735	900000000000098535	ペン三	2416
1736	1000000000000023802	ミハナ×▲	2412
1737	500000000000100103	斧乃木余接の頭の上のあれ	2380
1738	500000000000096939	Hizu	2376
1739	300000000000101262	るーろーはん	2366
1740	1000000000000055732	かきもと	2348
1741	800000000000017221	虎吉	2346
1742	101490	ばるお	2345
1743	600000000000097830	ひよこ大魔王	2342
1744	600000000000013063	セシリア	2340
1745	400000000000100658	Player 1008199780	2339
1746	1000000000000012888	けよりな	2331
1747	1400000000000056813	もりお	2320
1747	1400000000000081368	his@P	2320
1749	200000000000051525	CM P	2319
1750	46791	にこれっと	2318
1751	5555	頭文字Ｋ	2317
1752	200000000000061325	キャンプ地とする	2316
1753	800000000000100613	TheWorld♪@どっと吐く//SIGN	2311
1754	7592	＊無課金()プロデューサー＊【im@s】	2309
1755	6751	Rotary Soul	2296
1756	1000000000000056758	このみ	2287
1757	900000000000000441	幸＠ゲームのみ出現	2283
1758	83700	k3	2270
1759	600000000000068799	wk33333	2249
1760	500000000000044513	rinton	2232
1761	1300000000000101268	吉幸	2216
1762	1200000000000094584	joshua	2214
1763	100000000000057295	WaveMM	2202
1763	1100000000000002458	ハセリ	2202
1765	400000000000065790	わくたー	2199
1765	1300000000000000256	まこ	2199
1767	400000000000083652	はむ	2193
1767	1000000000000070071	ひらこ	2193
1769	900000000000028960	アーチャー	2190
1770	1300000000000100373	ホモンヌ	2177
1771	600000000000055030	浜名湖軍団冴場亮	2170
1772	200000000000004606	爆散っ！BOM夕コス	2167
1773	100000000000012762	チハ	2160
1773	200000000000018050	【  】Linkwood@国営温泉(ﾉﾟοﾟ)ﾉ求む追撃	2160
1773	200000000000081455	ペンギン	2160
1776	800000000000098993	ヨウスケ	2158
1777	1200000000000099898	Player 1007923004	2142
1778	1200000000000097233	i.c.e.9	2129
1779	400000000000080047	安藤正樹	2117
1780	1300000000000000062	ちょろの。	2114
1781	26577	梅ちゃん＠ボダ勢	2112
1782	300000000000100357	てんてん	2110
1783	400000000000078518	榛	2108
1784	1000000000000082265	アスベル	2096
1785	1500000000000004488	あおP	2085
1786	1400000000000099489	レイ	2084
1787	1000000000000052741	三千代	2081
1788	100000000000012807	しょうりん	2073
1789	300000000000020423	ういくん	2070
1790	26231	独楽	2056
1791	500000000000099670	田宮宗一郎	2055
1792	1500000000000025438	asa	2054
1793	300000000000098332	yui	2053
1793	1100000000000099574	ごめす	2053
1795	700000000000036180	まこと	2048
1796	900000000000041949	サイファー	2031
1797	1100000000000002067	カムナ	2030
1797	1100000000000079498	ふぉくす	2030
1799	800000000000080316	なみ	2019
1800	600000000000072885	Ib	2016
1801	100000000000056900	うみゆめ	2015
1802	700000000000003307	周防 尊	2011
1803	300000000000053755	ねこの子２号	2008
1804	1000000000000031349	蔡文姫	2003
1805	900000000000083785	桜城	2002
1806	1300000000000061964	Toshi☆	2000
1807	200000000000024373	～ｴﾙｻﾞ～	1992
1808	400000000000001507	ガゼル	1981
1809	1100000000000003767	柚木水	1968
1810	300000000000039136	Mamagon	1965
1811	1100000000000073533	ryu	1962
1811	1500000000000076193	緑青	1962
1813	100000000000083467	スギヤンmax	1953
1813	1000000000000001205	れんふぁ	1953
1815	1200000000000004137	どむっち	1939
1816	1400000000000075124	Ayano	1932
1817	200000000000098900	とうもろこし	1930
1818	400000000000050537	Riko	1914
1819	800000000000056641	浸透	1911
1820	100000000000056107	あんこ	1908
1821	1200000000000051879	だいず	1906
1822	59111	グリフィス１	1905
1822	800000000000025167	マリオ	1905
1824	28698	虎王	1890
1824	62049	マツリ	1890
1826	8323	コウ	1887
1827	800000000000032077	グレイソン	1880
1828	700000000000101076	ＮＢ	1861
1829	900000000000080212	よこよこ@同僚募集中！	1854
1830	1500000000000101435	奉民錫	1850
1831	75024	ソリ	1846
1832	1000000000000049110	虎壱	1836
1832	1200000000000028782	コウキ	1836
1834	1200000000000014357	にゃっ太	1827
1835	1100000000000026142	牙羅（ｲﾍﾞ協力感謝です）	1824
1836	700000000000043303	はちみつクマ	1818
1837	800000000000002823	海苔	1807
1838	900000000000097226	ししだ	1799
1839	1500000000000000726	コーエン	1797
1840	300000000000086404	うにころ	1790
1841	300000000000031455	キョウ	1776
1841	600000000000039084	米俵	1776
1843	500000000000101761	トミニコフ	1771
1844	900000000000100912	もなな	1767
1845	700000000000000966	ハードケース	1760
1846	200000000000011121	riveld	1756
1847	1000000000000100607	berry	1737
1848	600000000000006405	ライ【off】	1732
1849	900000000000008875	美紅S2	1731
1850	1000000000000094786	あまがえる	1719
1851	600000000000074651	もふこ	1718
1852	300000000000056279	望好き	1716
1852	1100000000000024562	暁羅	1716
1854	400000000000097577	old_moon	1710
1855	500000000000001035	Yodobashi	1680
1856	300000000000080157	たかお	1677
1857	1100000000000020505	ダニエル	1676
1858	1400000000000006744	ｿﾗ･ﾌｫｰｽ･ｲｰﾀｰ	1673
1859	1400000000000005584	★★★★ケロつぴ★★★★	1664
1860	500000000000096885	ルドルフ	1620
1861	1300000000000022686	アフロヘア	1610
1862	200000000000081419	サイト	1605
1863	1684	斗亜	1600
1863	1000000000000078569	うちのポチ知りませんか	1600
1865	101466	☆†てんちゃん†☆	1588
1866	800000000000079283	弥生	1554
1867	1500000000000099758	holly wizard	1536
1868	200000000000015128	Cesar	1530
1869	1000000000000001136	MTank	1512
1870	200000000000093823	dagger	1502
1871	1400000000000004110	のーねーむ@ラウメン募集	1500
1871	1400000000000059331	ＬＥＩＮＡ＠	1500
1873	300000000000079893	hassy	1476
1874	1500000000000006944	三日月宗近	1474
1875	1200000000000001806	Uターン	1473
1876	400000000000099082	織田信長	1460
1877	300000000000096390	yuu	1449
1878	500000000000073408	もりそば	1438
1879	1300000000000000334	たかぱち	1428
1880	200000000000099072	Player 1007151554	1417
1881	97578	ともやん	1402
1882	900000000000012087	撮りあき	1400
1882	1500000000000074152	なーさん	1400
1884	1300000000000055067	NHK	1395
1885	100000000000101371	ルナルナ	1394
1886	200000000000001595	鷹見	1393
1887	1000000000000000163	はどう	1392
1887	1500000000000079967	自宅警備員	1392
1889	300000000000094621	吉矢	1385
1890	1300000000000053489	まてぃ	1366
1891	1400000000000007217	日夜‐ひよ∞(体調不良・アプリ招待×)	1365
1892	600000000000019840	祇条	1354
1893	800000000000021852	じゅんじゅん	1330
1894	1500000000000101365	正井 大輔	1325
1895	1200000000000054958	ごまみそ	1320
1896	300000000000000238	カエル	1309
1897	900000000000099418	Player 1007572489	1281
1898	300000000000092434	snyders	1276
1899	100000000000056465	エレコーン	1275
1900	700000000000007526	ネリー	1272
1901	400000000000101504	Player 1008543412	1271
1902	1400000000000075574	hatoniesawoagen	1267
1903	700000000000096540	Player 1006342775	1266
1904	1400000000000053828	fair	1252
1905	1100000000000000892	bugler【SxL】ｽﾏﾎ	1250
1906	1400000000000097059	grandfa	1244
1907	900000000000005311	ビルファル	1242
1908	1500000000000075950	おこめ	1232
1909	800000000000073809	fe1	1231
1910	300000000000066209	まろんちゃん	1223
1911	100000000000094323	又四郎	1222
1912	300000000000086269	クーン	1206
1913	300000000000097022	アシタカ	1205
1914	1400000000000003694	さっちゃんはーと	1203
1914	1400000000000102138	コマキ	1203
1916	1300000000000062579	HARE	1188
1917	900000000000096841	Player 1006567673	1176
1917	1000000000000053478	sya1na	1176
1919	1190	持田モモンガ＠HN整理する？	1174
1920	200000000000101991	103 MaRuSu	1147
1920	500000000000002760	リキ	1147
1922	700000000000079044	綿飴	1137
1923	400000000000056429	椎茸	1136
1924	500000000000076591	ふしき	1134
1924	500000000000085553	ALES	1134
1926	100000000000087112	ヘヤング	1124
1927	1400000000000049518	くりす。	1116
1928	1200000000000011454	ユウ	1115
1929	400000000000077085	四条莉緒	1107
1930	600000000000101444	でっでいう	1103
1931	300000000000003959	タケちゃん	1102
1932	700000000000022389	エストランテ	1101
1933	300000000000074866	顔文字	1093
1934	400000000000009799	崖の上	1090
1935	600000000000098213	しゅーじん	1083
1936	1100000000000013895	SHOJIN	1080
1936	1300000000000076341	蒼風　翔	1080
1938	800000000000080320	さなぷ@英雄イベ・チョコラン１位やったのー	1073
1939	200000000000006948	ヤスダ	1038
1940	15996	プー＝POO	1020
1941	800000000000068557	アイソン	1008
1941	900000000000086661	ふっく～	1008
1943	200000000000096555	インスペクター	1007
1943	1200000000000013042	とーふや	1007
1945	200000000000015702	へのまんま	1006
1946	400000000000026340	ＮＡＫ	1004
1946	1100000000000009011	ゆいん	1004
1948	600000000000092920	いかたま	1002
1949	100000000000022726	けい	1000
1950	300000000000011633	あでか	996
1950	1500000000000054015	りあ	996
1952	1100000000000100339	Spika	990
1953	1000000000000097481	wa wawa	988
1954	1300000000000086183	ラリー	985
1955	500000000000094306	viovip	984
1955	800000000000011237	(´-｀)	984
1957	600000000000007224	黒＠招待メール気にしないで下さいm(__)m	980
1958	1100000000000048427	あすみん	972
1959	800000000000098940	ぺんぐぅー	964
1960	1000000000000101049	リコジャガ	963
1961	1400000000000004859	イタイひと	956
1962	300000000000056120	火咲P	954
1963	1500000000000073766	やっす～	938
1964	700000000000075682	ユウ	936
1965	1300000000000030113	エリコスキー	930
1966	800000000000080558	のらのこ	926
1967	300000000000058488	メイガスナイト (｀・ω´・)	919
1968	400000000000030705	プレーリードック	917
1969	100000000000021033	ぶっくん	915
1969	1000000000000034119	nanasino	915
1971	1500000000000054125	はいだ	909
1972	100000000000014793	あいぽん	905
1973	900000000000004833	ぼんぼん	903
1974	200000000000088731	スギナミ	900
1975	400000000000038526	ろどすた	896
1976	300000000000003826	kabawokun	892
1976	800000000000046518	もりやまん	892
1978	300000000000003795	わたげ@	891
1979	1300000000000096365	Y'n	888
1980	800000000000073751	焼鉄色	886
1981	54467	払ﾌﾟﾛ＠1/4接死	880
1981	400000000000052226	けいせき	880
1983	600000000000007386	ほむ仁	873
1984	1200000000000101408	Player 1008558508	870
1985	300000000000045412	ハラボー	869
1986	300000000000057679	アルス	866
1987	1400000000000084108	そうちょう	864
1988	1400000000000065068	Player 1002081262	863
1989	1300000000000062600	モチ田モチ子	862
1990	700000000000046273	セティ	861
1990	800000000000100081	鉄塊	861
1990	1500000000000033923	EP-71T	861
1993	61307	アキ	860
1994	1100000000000050790	ゆきりんこ	856
1995	800000000000076995	ama	854
1996	400000000000031910	たー	852
1997	800000000000058027	MAE	850
1998	1100000000000004955	ryujiSRY	847
1999	400000000000101364	almajiro	846
2000	1400000000000080674	エフテテ	845
2001	1300000000000062510	零	842
2002	200000000000098608	ふじたち	825
2003	1500000000000007592	真夜	817
2004	1400000000000101477	なしママ	813
2005	700000000000053964	ヒロ	806
2006	1000000000000001391	お茶	804
2007	1100000000000002063	熊鐘	798
2008	300000000000024786	ぺぺ	796
2009	700000000000099548	Player 1007290999	784
2010	400000000000010029	だいすらぁ~	778
2011	500000000000045431	まさ	777
2012	1200000000000009862	独身愛妻家	767
2013	1500000000000099593	Takahiro	759
2014	400000000000055726	さら	752
2015	1100000000000048816	なむ	750
2016	1200000000000046827	MATASAWA37	749
2017	100000000000061613	あるぽん☆	748
2018	1100000000000016119	少年A	746
2019	500000000000009192	sf	744
2019	900000000000001908	めんつゆ	744
2021	1100000000000096642	喫茶ネコ	738
2022	400000000000013282	ＫＣ	732
2023	300000000000007347	すとはら	726
2023	400000000000023901	kさん	726
2025	1200000000000022512	A.P.	725
2026	200000000000029784	茂政	720
2026	800000000000029616	リオンレーヌ	720
2028	100000000000000221	那須了	715
2029	1500000000000077003	じょんそん	711
2030	1500000000000049205	朝顔(元楠)	710
2031	900000000000043295	杏仁豆腐	706
2032	1400000000000102135	Player 1008571678	703
2033	1200000000000101338	Player 1008538124	699
2034	500000000000078081	ちゆ	698
2035	400000000000097355	hato	696
2036	1300000000000100838	Player 1008001133	688
2037	600000000000050718	キミツ	685
2038	500000000000036480	石衛門	680
2039	400000000000077996	dolciadiol	679
2040	300000000000002618	あやぱぱ	678
2040	400000000000100512	もち丸	678
2042	300000000000076817	rin	676
2043	1300000000000032978	ド=M=祥也	671
2044	300000000000100470	ロイズ	670
2045	1000000000000054174	ヨウ	666
2045	1200000000000019450	そうあゆ	666
2047	1000000000000099453	utatamin	664
2048	700000000000032355	ゆうひ[ﾄﾞﾘお疲れ様でした]	655
2049	1200000000000100780	ぺる	651
2050	500000000000081767	カーター	647
2051	1500000000000097806	舞姫	646
2052	1300000000000074055	玄米	644
2053	600000000000098322	ヨッシー５	629
2054	1100000000000015618	真美	623
2055	600000000000052780	白井Ｐ	622
2056	1000000000000101665	雷哲 Raizer	611
2057	1000000000000010938	ウィル	609
2058	400000000000085848	ガチャン	606
2058	1400000000000083078	Player 1004679118	606
2060	100991	Player 1008197936	604
2061	600000000000080129	なす	603
2062	500000000000096579	パーク	600
2063	1400000000000027561	カラカラ	599
2064	1000000000000048227	マスターアジア	589
2065	1200000000000096969	ゆう	588
2066	400000000000008818	千雷	577
2067	600000000000100528	かざうい	567
2068	800000000000101041	★	566
2069	1300000000000058981	グレイ	563
2070	8634	ゴミリス@がんばらない	561
2071	100000000000085911	ジャオッド	560
2072	600000000000056203	赤い星	557
2073	1500000000000005875	FTH	546
2074	86582	ユイ	532
2075	400000000000047631	Takayuki	531
2076	1500000000000093762	丁寧	528
2077	1100000000000101670	栄二	524
2078	1300000000000021453	ハーリー	522
2079	500000000000027892	せと	505
2080	200000000000101790	andy	502
2080	1500000000000014209	がっつ	502
2082	1200000000000001639	椿	500
2083	78937	ペス	498
2083	900000000000097708	やし	498
2085	1400000000000014722	くろろふぃる	496
2086	99163	Player 1007224672	495
2087	1000000000000085969	NOR	494
2088	100123	chocozou	484
2089	600000000000001012	ひじゃぱ	480
2090	100000000000101250	かいと	477
2091	400000000000032900	ハナ	475
2092	1200000000000058346	daidai	470
2093	200000000000001138	Lucifer1109	468
2093	1300000000000011066	柚斗	468
2095	700000000000056871	かぶ	466
2096	400000000000010434	トイ	464
2097	500000000000044632	まさ(最近ドリダンジョンきついよ)	452
2098	900000000000006944	ドジッコ (仕事中は、さぼります!!)	447
2099	100000000000086900	mujin	446
2099	1500000000000080165	ぞねたん	446
2101	1000000000000098590	セイヤ	445
2102	700000000000006909	かぶ	441
2103	1200000000000099862	いよぽん	440
2104	700000000000102061	セラフィーナ	438
2105	1100000000000101466	とるぱ子	435
2106	1300000000000101075	めるしぇ	433
2107	200000000000097777	Player 1006720258	407
2108	1100000000000101615	ゆっか	397
2108	1200000000000057533	梅花	397
2110	1500000000000101892	Kade	393
2111	200000000000085843	ティック	390
2112	700000000000022507	御花	386
2113	500000000000101734	ju je	383
2114	800000000000043159	幸	375
2115	1100000000000060609	ラスカル	372
2116	4414	はれ	365
2117	41136	シゲル	360
2117	200000000000051730	calｰd	360
2117	300000000000029273	蒼井満月	360
2117	800000000000098783	アキラ	360
2117	900000000000098941	takaya	360
2117	1500000000000002951	×あふぅ†紅魔郷†	360
2117	1500000000000052131	コスモ	360
2124	200000000000099680	社会人	359
2125	1500000000000101374	みーくん	356
2126	1100000000000100330	a	354
2127	1200000000000033365	水銀燈	353
2128	800000000000012286	青騎士	351
2129	100000000000072784	シューロック	348
2130	1500000000000051848	す～	346
2131	200000000000102212	鮮明	345
2132	1500000000000032535	Fuki	344
2133	400000000000073681	崔丸	339
2134	1200000000000101358	ボルト	334
2135	500000000000084241	津田	327
2136	600000000000004803	アルス†	320
2137	100000000000011927	seinfrau	312
2137	200000000000056370	玲音	312
2137	700000000000001252	ジェット	312
2137	700000000000072650	GALM	312
2137	1100000000000002131	刹那	312
2137	1200000000000032854	283	312
2143	700000000000083705	ぱさーと	310
2144	1200000000000083097	アキ	307
2145	200000000000102187	Player 1008570226	298
2146	500000000000098231	Player 1006981381	287
2146	500000000000098811	さ〇る	287
2148	500000000000095253	依愛	285
2149	800000000000101380	氷川	282
2150	1300000000000005394	サラダ油	281
2151	300000000000101417	Player 1008552115	278
2152	200000000000099347	まめ	276
2153	300000000000100927	SparklingYSK	270
2154	100000000000094204	ロアナプラ	267
2155	1100000000000101483	どりす	261
2156	100000000000050990	あげは	260
2156	800000000000007425	戌王団長	260
2158	200000000000102119	おやかた	259
2158	900000000000087727	いえあ	259
2160	1300000000000100655	Player 1007880205	258
2161	1200000000000098144	かーる	255
2162	99668	東雲	252
2163	55020	彩人	248
2164	800000000000096038	melon0505	246
2165	100000000000051098	ToDo	244
2166	60167	ビーダブ	240
2167	100000000000016072	ワックス	225
2168	500000000000101584	スライダーP	224
2168	900000000000099247	次郎長	224
2170	1200000000000099116	Player 1007466844	221
2171	1300000000000102349	じゅんすけ	217
2172	400000000000101545	Aya	208
2172	900000000000055121	地下鉄	208
2174	700000000000098234	とろ	207
2175	500000000000099796	まめこ	202
2176	1300000000000102150	ライカ	200
2177	100000000000008118	Iselina	199
2177	1200000000000101398	ゆーり炭酸	199
2177	1300000000000072924	おずちゃん(Guten Tag(^_^)/)	199
2180	700000000000075978	甘酒	198
2181	1400000000000098998	おどー	197
2181	1500000000000055203	tatatata	197
2183	100000000000101661	Player 1008494257	193
2183	1000000000000101652	DAI	193
2185	1100000000000080519	麺ラー	192
2186	300000000000101486	ラムダ	191
2187	1400000000000100300	ノノ	189
2188	1100000000000001095	くらすたー	188
2189	1300000000000101888	源さん	187
2190	600000000000000492	ﾏｷｼ	181
2191	100000000000099850	Player 1007625121	179
2192	300000000000011061	supreme555	176
2193	1100000000000008372	駿河P	172
2194	1300000000000032832	puttchi	171
2195	600000000000101432	なか	169
2196	700000000000002256	神崎 真央	164
2197	700000000000082906	柚子	163
2198	200000000000099889	キラル	162
2199	500000000000060889	旧字	159
2200	900000000000093290	Yuki	157
2201	100000000000073293	アキカン	156
2201	200000000000006737	でみ	156
2201	300000000000000848	プチキーマン	156
2201	700000000000100482	Player 1007784455	156
2201	1000000000000025995	グリリン	156
2206	1000000000000056116	joker	144
2207	1100000000000040658	神楽紅葉	143
2208	900000000000101436	Player 1008559193	142
2209	1500000000000101820	Player 1008559103	133
2210	1300000000000102245	Player 1008554477	132
2211	1000000000000099812	Player 1007529226	126
2212	100000000000101920	実柑	124
2213	1400000000000025391	85	120
2214	400000000000086716	めぐる	119
2215	200000000000023657	神楽	118
2216	900000000000101417	ザンベロ	116
2217	600000000000101589	Player 1008501222	114
2218	300000000000098830	ｾｷG-02	112
2219	200000000000100501	きょよる	111
2219	1500000000000073801	アキト	111
2221	900000000000004941	いなほ	109
2222	1200000000000097509	Player 1006930988	108
2223	300000000000099986	アルス	106
2223	1300000000000100400	野外3P	106
2225	400000000000097082	ヤマカ	105
2226	1500000000000091463	緑茶葉	98
2227	1000000000000101835	天海春香	94
2228	800000000000095478	アルマ	90
2229	100000000000101753	Player 1008532753	88
2230	1100000000000101505	Player 1008518939	85
2231	300000000000101442	アニキ	84
2232	1400000000000000088	Altair	83
2233	500000000000101848	さはら	81
2234	600000000000094373	御影	79
2235	700000000000072463	Player 1002394775	78
2236	1200000000000000361	べっかむ	77
2236	1200000000000101439	スカイツリー	77
2236	1300000000000031852	ヒデ	77
2239	800000000000015262	ハル	76
2240	500000000000096133	mob	71
2241	900000000000100643	いくさ	66
2242	1100000000000098913	タケ	65
2243	900000000000101067	ゆきか	63
2244	700000000000008091	いけやん	62
2245	900000000000002693	ぴろむし	60
2246	1300000000000006010	まてぃーに	58
2247	300000000000018773	clown	57
2247	700000000000101674	メガ粒子レクイエムシュート	57
2249	300000000000079295	にゃん吉	56
2250	1200000000000101428	Player 1008566300	55
2250	1300000000000102364	Player 1008601133	55
2252	1400000000000102196	ウニャムホ	54
2253	101993	すもも	53
2253	700000000000098805	さと	53
2255	100000000000101871	yomiyomi	52
2255	300000000000014075	どんべぇ	52
2255	1000000000000096953	マイヤー	52
2255	1400000000000075651	はちポン	52
2259	101710	あたびす	50
2259	100000000000077174	英明	50
2259	900000000000101540	Player 1008601417	50
2262	1300000000000039711	カズマサ	47
2263	400000000000101610	Chu-	45
2264	100000000000101869	Player 1008580513	44
2264	200000000000101854	サブ	44
2264	400000000000101647	Player 1008601764	44
2264	1500000000000100449	うぱるろぐ	44
2268	500000000000005362	イツキ	43
2269	1100000000000101506	KurumiP	41
2270	1500000000000073727	hako	40
2270	1500000000000100613	ひろりん	40
2272	1400000000000048389	ナチュレ	39
2273	56225	ぼびまる	35
2273	101971	たんたん	35
2275	1300000000000101921	Player 1008427661	34
2276	900000000000041811	はっしー	30
2277	900000000000001954	根岸上野	29
2278	400000000000100565	とっしぃ	27
2278	1300000000000102137	Mの社員	27
2280	1300000000000102068	アキ	26
2281	700000000000037503	さく	25
2282	400000000000101585	Player 1008580356	22
2282	600000000000101783	Player 1008584550	22
2282	1000000000000026031	かける	22
2285	1100000000000001166	のび犬	21
2286	900000000000101314	Player 1008499817	18
2286	1400000000000102179	らいすー	18
2288	100000000000101825	鷹二等兵	16
2288	400000000000101599	ひとみ	16
2288	700000000000098849	大毛2號	16
2288	1400000000000079287	しゅう	16
2292	400000000000101605	Player 1008585428	15
2293	400000000000101127	makkejp	14
2293	1000000000000101981	稲の字	14
2293	1200000000000099721	Player 1007827596	14
2296	200000000000102197	Player 1008572450	12
2296	400000000000101124	snow	12
2296	1000000000000097998	M_Lon	12
2296	1200000000000101478	Player 1008586300	12
2296	1500000000000101877	Player 1008577935	12
2301	200000000000102001	Player 1008487698	11
2302	300000000000101363	Player 1008531155	9
2302	1000000000000100266	K.T.	9
2302	1300000000000102337	onchianpan	9
2305	600000000000101789	Player 1008587542	7
2305	1500000000000101791	Player 1008552319	7
2307	100000000000101883	Player 1008586481	6
2307	100000000000101915	Player 1008600609	6
2307	400000000000100995	Player 1008334084	6
2307	600000000000101745	牛乳プリン	6
2307	800000000000080926	sin	6
2307	800000000000080934	肉	6
2307	1000000000000101730	Player 1008485898	6
2307	1100000000000101613	クルリ	6
2307	1500000000000101849	りんこ	6
2316	100000000000035133	えぐち	3
2316	100000000000100712	ケイイチ	3
2316	200000000000037197	ゆきみや	3
2316	200000000000102102	Player 1008537394	3
2316	300000000000101388	ranran	3
2316	300000000000101526	フラン	3
2316	400000000000101609	Player 1008585972	3
2316	600000000000101711	Player 1008547542	3
2316	700000000000102196	Player 1008578327	3
2316	900000000000099548	やん	3
2316	1000000000000084197	yurinsama	3
2316	1000000000000101900	hugowong823	3
2316	1300000000000101985	Player 1008450813	3
2316	1400000000000101889	Player 1008483502	3
2316	1400000000000102127	Player 1008570062	3
2331	400000000000101524	Player 1008553284	1
2331	800000000000101317	Player 1008554072	1
