1	1400000000000072320	おごそか	3147659
2	900000000000076993	うつほ	368200
3	1300000000000001207	いわし	322268
4	75558	ヒカル	295455
5	1300000000000039448	みょん	254383
6	1100000000000032872	gx9900	243262
7	1200000000000004477	井川KP(微笑青狸)	234797
8	1300000000000019313	戦場カメラマン 売）ルミナスピンク最上静香	227033
9	400000000000011074	しずか＠BMD相互	225086
10	1400000000000019442	羆(夏バテ中)	221900
11	100000000000058028	talk	218695
12	900000000000050457	ぺたんこ	216639
13	600000000000003421	無命	201783
14	900000000000051147	ドヤP	169774
15	400000000000044739	あゆすて	164492
16	1300000000000042758	ＷＲＩＮＥ	155358
17	800000000000039415	しばふ	153105
18	600000000000002886	レノファあすと	151971
19	500000000000051255	きるび	148548
20	400000000000082189	ラッシュ	147762
21	1400000000000055663	寿音	145442
22	1400000000000057454	ジャンボ	142077
23	100000000000008078	[天捷星]なか○し	141521
24	200000000000007752	han	138503
25	1300000000000003835	じ８	137732
26	100000000000046606	SH	134430
27	1200000000000000948	まちゅ	131590
28	1100000000000013141	×昌幸	130132
29	96632	よしやす	128466
30	700000000000007518	せやな	128127
31	1500000000000003438	キリオ	128036
32	500000000000033778	濃厚	125603
33	900000000000019016	渡来	122939
34	1200000000000032080	ねじまきどり	120607
35	400000000000031103	にしやん	119570
36	2821	ジュネス	118806
37	1100000000000004725	ﾑﾀ	117284
38	600000000000058309	たな	114895
39	1100000000000002960	きっき@エレかれ	114847
40	300000000000000625	入り口	113047
41	1100000000000018453	ほむら	111590
42	1000000000000098007	ゆきゆき	111573
43	1400000000000011088	ZZ	111264
44	100000000000006858	SSS	108802
45	1200000000000005355	とみこ	107155
46	1300000000000008559	マサ(↓?←?↓?→AC)	106963
47	700000000000000441	ＳＦ	106822
48	500000000000002682	イナマー	106793
49	1100000000000006105	mk	105366
50	200000000000099780	山野陽子	105176
51	54046	t-shiren	105016
52	500000000000004936	ケーン	103318
53	500000000000057271	黒ちゃん	102820
54	1100000000000018803	やす	102578
55	1100000000000055418	ツダアオイ	102456
56	1400000000000007426	カズ	102372
57	1400000000000009254	彩瀬ルキノ	101559
58	200000000000003648	かため	101472
59	100000000000005074	香菜	101177
60	800000000000011068	じゅう	100664
61	300000000000055329	スロープ	100259
62	600000000000000853	K	100063
63	1400000000000000084	gokujo	99406
64	100000000000001982	parsec11	99254
65	100000000000005152	朋	98772
66	900000000000055003	こんにゃく	98498
67	9506	ぽこん	97898
68	400000000000026199	ゆき	97020
69	400000000000030210	ツバサ＠フェス支援ありがとうございました！	96413
70	1100000000000000073	せーてん	94792
71	1500000000000028053	松戸市民	94339
72	600000000000054127	泉希	93711
73	1000000000000028389	_H_I_A_	93117
74	1200000000000050694	ＲＳＸ	91789
75	600000000000006942	ほろくさ	90972
76	900000000000074793	真庭の某さんP	90840
77	59510	viper	90747
78	1100000000000001641	ノノさま(HHP&EH相互埋め希望@可憐)	90259
79	57022	ヨウタカ	89829
80	1200000000000051048	清那	89632
81	600000000000027222	yousuke	89573
82	29035	ティズ	89519
83	1100000000000002393	dust	89071
84	500000000000084544	ヤス	88753
85	1000000000000052071	bikou	88688
86	1100000000000006713	ひつじばね	88563
87	1100000000000007451	ひろっち	88468
88	1400000000000084373	m@rio	87377
89	100000000000011857	康一	87363
90	800000000000046422	タコショウ(暑いの嫌い)	86959
91	800000000000076605	シシマイ	86909
92	1100000000000022876	飛鳥	86050
93	1300000000000011804	シマリス	85569
94	300000000000029316	シゲ	85228
95	1500000000000053645	紅	85196
96	1400000000000001498	多砲塔きろぴょん	84045
97	200000000000024678	アズナ	83854
98	1400000000000074952	カガリ	83706
99	1300000000000072737	オニオン	83400
100	1100000000000035086	げさみ	83379
101	700000000000053093	のもじー	83245
102	500000000000051979	とらん	83242
103	1100000000000025596	シャルロット@.402 41 116 48 BMD相互募集中((出 可憐	82825
104	700000000000057563	SekiP	82743
105	1500000000000077442	GaheWu	81321
106	1300000000000004196	Fiz	80795
107	900000000000001088	ようきよう	80563
108	1973	カステラ	78801
109	1300000000000047354	バン	78747
110	600000000000048901	きむえす	78621
111	600000000000052670	久斗	77851
112	1100000000000021996	Show	77571
113	900000000000091091	Shimoneko11	77464
114	27047	ポリアカ	77015
115	900000000000007934	ラケル	76394
116	85831	せりか	76160
117	1827	ぐーす	75836
118	1400000000000001391	ZAX	75645
119	1100000000000000171	パロ	75641
120	800000000000002100	篠瀬	75082
121	800000000000050569	ぴにゃ大福	74706
122	900000000000001445	カズロウ	74523
123	1200000000000027264	Sai	73943
124	1400000000000049492	静	73645
125	100000000000087368	こもりきり	72528
126	1100000000000010135	セセリ	72143
127	10406	magatu＠同僚募集中	71965
128	1100000000000060601	むろぴ	71931
129	500000000000010886	A-RY	71827
130	100000000000009913	トッティ	71815
131	50765	いのりん	71547
132	23310	ありす	71149
133	1100000000000032364	ゆちは	70629
134	55592	コージ。	70575
135	1400000000000001458	めいや	70568
136	1400000000000062293	meo	70538
137	1000000000000096568	まどか	70076
138	700000000000015723	赤白	69768
139	200000000000099133	つな	69548
140	1500000000000009500	牙ノ古鳥	69490
141	100000000000056478	ばんり	69482
142	100000000000017097	つるちゃん	69104
143	1500000000000023301	ウサミン	68400
144	300000000000006675	クドリャフカP☆彡	68226
145	1200000000000004200	緑茶	68025
146	1300000000000022320	沫雪	67982
147	700000000000077028	モヒカン	67938
148	1300000000000000507	まさ	67930
149	40463	よんぱち	67879
150	1200000000000028530	蘭子	67850
151	1500000000000007564	夜宵	67828
152	37180	さくら	67769
153	200000000000027827	カイエ	67732
154	100000000000020983	朔	67502
155	1500000000000035884	ロン	67120
156	1200000000000046226	ぼーびー	67080
157	1300000000000051051	ネモフィラ	66795
158	700000000000029287	つよちゃん	66705
159	1200000000000003020	トンマーゾ	66636
160	200000000000073455	jaxtrail	66498
161	500000000000036344	YaNAGI@S15a委託&売り子など	66496
162	1000000000000005965	ぴえ～る	66493
163	1300000000000096919	グラル	66345
164	200000000000032507	キヲラブ	66112
165	785	ポリアネス	65766
166	1300000000000077581	P	65705
167	1400000000000041593	天風	65696
168	300000000000081679	とっても	65367
169	1200000000000051409	himmel	65278
170	600000000000011505	BACKMAGIC	65260
171	700000000000087591	あさころ	64682
172	1200000000000056369	組千代	64488
173	1000000000000045969	リュゲル	64290
174	700000000000087207	厨ニート	64129
175	600000000000075909	こたるる	63809
176	1500000000000007119	さのすけ＠相互埋め募集中	63305
177	500000000000051218	ぐー	63265
178	1100000000000010641	ゆん	62682
179	900000000000051988	ml	62590
180	600000000000005328	フォボス	62562
181	500000000000041324	遊城JAPAN next	62480
182	600000000000004931	ペッシ	62411
183	700000000000004509	よしきち	62343
184	500000000000011484	SSNK	62244
185	300000000000004692	ナンでもいいですけど	62175
186	1200000000000008482	ヒッサー	61718
187	1500000000000071444	おたま	61539
188	400000000000003439	ya-mi	61263
189	600000000000030023	さなでぃーの	61220
190	1500000000000061959	イトセ	61090
191	1300000000000028828	靄	61077
192	11118	Σ(￣□￣；)	60991
193	1200000000000043303	ワルデガルド	60762
194	1200000000000057188	只乃鳥丸	60702
195	100000000000053759	雨宿り	60535
196	1400000000000072807	しがない	60285
197	400000000000000143	こんにゃく	60068
198	900000000000006795	エノ	59951
199	1400000000000086131	チロル	59607
200	600000000000075578	すててこ	59556
201	100000000000045494	ヒッキー	59365
202	700000000000028194	clmt	59302
203	600000000000010787	ユーリ	58982
204	1200000000000003400	Co2	58459
205	1002	アソビ	58375
206	1300000000000009715	あ	58041
207	300000000000002324	ー	57689
208	300000000000005741	セイキ	57488
209	500000000000051083	虎姫＠無職	57360
210	200000000000031921	ToM	56910
211	700000000000001160	いちろく	56870
212	1500000000000019405	マジノ	56744
213	1400000000000053503	くるま	56352
214	1500000000000050588	renren	56312
215	1300000000000013531	もりそば	56047
216	400000000000003663	かっちぃ	55994
217	600000000000082269	農機具	55954
218	700000000000022433	rion kindisker	55748
219	600000000000057656	子童	55694
220	100000000000007535	つぶあん	55688
221	800000000000005835	セティス	55640
222	1200000000000000446	UC	55350
223	1000000000000085838	こなゆき	54558
224	700000000000096193	tsubasa0922	54490
225	700000000000061932	い-じ-	54202
226	200000000000000477	あおふね	53953
227	400000000000052730	つぁん	53838
228	1400000000000025847	冷静と情熱のあいだ	53546
229	200000000000010243	Nogy	53258
230	1500000000000098413	ペテロ	53217
231	900000000000010124	凡骨	53193
232	600000000000051708	usui@ニャンター生活	52927
233	300000000000001037	岡山少々鐵	52848
234	1400000000000005339	AB藏	52748
235	1000000000000054359	ちひゃー＆千早	52676
236	500000000000072694	オクラ納豆　招待気にしないで	52643
237	1300000000000058941	二日酔い	52419
238	900000000000094843	299	52291
239	600000000000044680	Muteki_Link	52178
240	1000000000000004368	DA★マン	52128
241	1000000000000001400	とんすけ	52119
242	1000000000000029629	ろず	51994
243	4958	玲志	51919
244	700000000000092188	yst	51880
245	1400000000000004012	取得できませんでした	51721
246	1500000000000000743	fanta	51422
247	500000000000003214	まっつー	51290
248	1809	Proto	50874
249	1000000000000050548	ゆーできぅむ	50740
250	700000000000052698	nanasi42	50567
251	1400000000000053740	雪炎	50528
252	1200000000000000018	姉崎	50516
253	600000000000087356	t	50215
254	1000000000000062062	メビウス	50158
255	1300000000000026409	Comediablue～行くぞ大洋～	50130
256	1300000000000000159	kanimata	50085
257	1400000000000021845	Aセット	50017
258	300000000000075077	パルプンテ	49975
259	800000000000040519	ロバーティ	49855
260	1000000000000021789	シュルツ・マクベイン	49619
261	1100000000000001182	まめ	49528
262	1500000000000004768	アスパラ	49461
263	29354	金さん	49449
264	1200000000000037718	アルノ	49300
265	1400000000000011799	ジェノス@大きいは正義	49235
266	900000000000016593	波野はう	49166
267	1000000000000061919	チキン	49082
268	400000000000000165	katze	49006
269	700000000000041045	fide	48873
270	600000000000006650	イサミ	48741
271	500000000000085774	ごっしー	48590
272	600000000000038053	伊坂蒼 しばらく休漁	48213
273	1000000000000047734	ケンシン	48170
274	300000000000079960	あき	48038
275	400000000000005589	昴太朗(演劇バカ)	47977
276	1300000000000004200	りゅうちゃん	47354
277	500000000000009207	もりそば	47221
278	1000000000000008772	デューク	47218
279	1500000000000079279	ashisu2	47184
280	1300000000000024782	ootkyskz	47109
281	1400000000000096991	ゆう	47053
282	200000000000001475	tear	47026
283	1400000000000004637	むらちゃん	46935
284	900000000000053364	旋律	46926
285	1000000000000035930	らんでぃー	46925
286	1200000000000012800	おむこ	46614
287	200000000000001419	T-M:翼、育、茜他の埋め同僚募集中。出雪歩全所持、最上ほぼ所持他	46495
288	400000000000000097	プラトー	46282
289	100000000000043521	NumBerSEVEN	45994
290	500000000000000091	ＴＡＮＹ	45842
291	200000000000008732	Lata	45805
291	800000000000005491	ほさ	45805
293	900000000000056958	柘植	45527
294	1500000000000003442	しろん	45507
295	1500000000000029360	ドライオン	45459
296	300000000000038659	jyujyu	45335
297	700000000000052418	Dual	45305
298	87515	伊吹☆諒	45232
299	600000000000005484	でっかち	44984
300	200000000000072841	ミップ	44776
301	300000000000097164	ユルング	44463
302	500000000000003440	創作（ソウサ）	44424
303	400000000000052253	ぜっきー	44281
304	200000000000019877	とっさん	44177
305	700000000000001270	HAL	44110
306	200000000000004481	しぐ	43892
307	1000000000000010333	kg	43840
308	800000000000057106	su3	43795
309	600000000000002410	たむ	43792
310	1000000000000006305	やた	43745
311	400000000000023219	懲りないトモ	43731
312	700000000000000248	呂布	43690
313	1100000000000047071	ヒデック	43659
314	700000000000010042	ニニクマ	43616
315	600000000000054228	よっち	43344
316	1500000000000001630	一之瀬享楽＠ラウメン募集中	43319
317	800000000000061642	genis	43280
318	700000000000000895	黒野	43243
319	1200000000000027590	じゅん	42800
320	700000000000000287	カラテ	42755
321	300000000000010777	ノラ	42595
322	100000000000006150	一文字ライダー	42566
323	1000000000000009868	タルカス	42551
324	900000000000019429	海豚	42371
325	200000000000008368	kuro	42237
326	800000000000061740	みや	42194
327	1100000000000050753	まつし	42059
328	1200000000000097594	いその	42019
329	1500000000000062195	nakamrro	41888
330	600000000000041091	きりさめ＠BMD相互募集　出：めぐかれ	41864
331	1400000000000002268	きさ空○要請△～×	41751
332	200000000000015348	くま５６	41617
333	500000000000031599	妃世	41616
334	1400000000000014597	ワタル	41343
335	1500000000000002734	八神ハヤテ	41319
336	100000000000010256	はるにゃんP（素敵なこのりおかれん３姉妹の話を思いついたがここに書くには余白が狭	41240
337	1000000000000022030	スイッチ	41200
338	1000000000000087282	トレーズ	40880
339	5962	やるせない上田	40862
340	1000000000000028849	ひろき	40610
341	100000000000025541	madlaxed	40547
342	1100000000000017209	カール・クラフト=メルクリウス	40438
343	700000000000029329	ばとらぶ	40418
344	700000000000046957	おうど	40387
345	100000000000013988	まっこー	40050
346	900000000000010561	機龍	40008
347	200000000000077989	Ｚ	39995
348	1400000000000000691	朝陽	39908
349	1300000000000077592	test	39893
350	1500000000000055488	Ifiugogo	39817
351	400000000000000691	鎖骨	39745
352	200000000000011826	このド	39494
353	1000000000000055600	ペソ	39435
354	1300000000000025571	おみ	39354
355	54467	払ﾌﾟﾛ＠1/4接死	39268
356	600000000000002069	Leaf46	39255
357	500000000000073804	Cr1ff	39215
358	1400000000000097437	カヴタロ@無言同僚募集	39200
359	900000000000014089	ブレンディ	39048
360	500000000000031869	ユウ	38908
361	700000000000046430	トーア	38743
362	1500000000000011439	セイバー	38334
363	1100000000000031388	うれとお	38247
364	1500000000000048644	お昼さん	38107
365	500000000000010191	翠月	37935
366	600000000000051812	てらちゃ	37777
367	1300000000000051793	るた	37642
368	400000000000002554	ジェリー@夏眠中	37553
369	1400000000000000037	にものP	37415
370	600000000000019054	希	37360
371	1500000000000012034	とん	37196
372	400000000000001365	使い捨て	37187
373	1500000000000036232	Satoshi	37167
374	400000000000000317	和泉	37077
375	400000000000053905	太鼓玄人	37022
376	400000000000050839	かみまみた	36999
377	1400000000000037097	ハルメ	36952
378	900000000000006555	ツナサンド	36850
379	500000000000000666	文楽先生	36838
380	300000000000003443	超合金	36834
381	100000000000083210	たるき亭	36813
382	500000000000023858	かなぶん	36800
383	200000000000026068	ｴｸﾞｾﾞｸﾌｫﾝ	36779
384	1500000000000052155	百式	36759
385	600000000000082677	ハニーシ	36745
386	400000000000025533	Heaven	36699
387	1000000000000000418	たけ	36419
388	1400000000000000866	ステッラ	36414
389	900000000000007004	BAR!	36395
390	1100000000000031630	hikaru	36269
391	900000000000078701	竹	36230
392	1200000000000052231	ななしのごん	35983
393	300000000000023818	ユタカ@ラウメン募集中	35925
394	1200000000000015234	しあ	35865
395	900000000000022037	R・田中一郎	35846
396	1500000000000003715	とも	35783
397	500000000000000563	まななん	35760
398	1500000000000093379	melon	35436
399	4033	犬鷲	35273
400	100000000000045736	ふむう	35062
401	1500000000000055350	jihad	35056
402	400000000000072439	ぷりん	35055
403	700000000000051319	いんぐ	35023
404	200000000000019900	ニョッキ	34756
405	1400000000000076333	Player 1003304430	34750
406	500000000000081984	湶綉 朔姫	34637
407	600000000000026904	マコト	34632
408	700000000000013049	リチア	34610
409	34021	YOU	34587
410	400000000000091716	えもん	34576
411	40472	ぽん＠HN在庫アプリ済リスト在ります	34365
412	1200000000000002662	カイボン	34302
413	400000000000000205	桐生りぃ	34245
414	1200000000000095812	あいぱど	34122
415	700000000000099994	りたりん	34049
416	400000000000034334	キラメキ	33972
417	1500000000000018111	レクトール	33924
418	1400000000000035243	りつ	33876
419	600000000000080020	ルル	33707
420	1100000000000045670	G.Z.R	33658
421	800000000000040336	魔石の槍	33645
422	900000000000035880	クヌリン	33554
423	1100000000000004498	Mr.PARUPUNTE	33331
424	100000000000095392	べんべん	33288
425	200000000000069656	ママ	33256
426	600000000000015151	香々美	33234
427	1300000000000007567	PON	33112
428	600000000000004540	trauma_junkie	33090
429	1300000000000026751	ゲン	33084
430	600000000000004539	ヤット	33075
431	900000000000015974	かに	32989
432	500000000000037374	ORANGEPEKO	32953
433	200000000000052507	ＪＢ	32900
434	1200000000000012363	光線	32810
435	500000000000080717	白栗	32590
436	700000000000055925	ヘラクロ	32263
437	1400000000000022983	武田蒼一	32210
438	100000000000085834	nikkle	32200
439	400000000000086285	Di	32120
440	300000000000078038	リキ	32119
441	700000000000039199	ケンジ	32080
442	20156	ゴトラたん	32074
443	900000000000005676	ネリヤマ	31937
444	300000000000094874	earth	31844
445	800000000000013814	すぷもーに	31731
446	81245	マイロー	31716
447	1000000000000013792	たろった	31523
448	75657	ルーベラ	31471
449	200000000000033927	R3D3	31435
450	800000000000004156	ひで	31419
451	100000000000076808	あぐり	31370
452	1500000000000012285	あげは	31362
453	400000000000029434	みや～	31264
454	1200000000000097144	武霊区	31200
455	400000000000024068	ゆうさん	30880
456	51320	k	30870
457	1400000000000009668	スンドメ	30844
458	900000000000032145	タスク	30841
459	700000000000006055	habotan	30825
460	300000000000090229	晴れ晴れ	30803
461	200000000000003175	ダイム	30802
462	600000000000030250	tmng00	30790
463	82816	RR	30642
464	800000000000002941	モカ	30560
465	500000000000001631	もりちゃん	30505
466	600000000000036998	れんか	30445
467	1500000000000054094	うーさー	30386
468	100000000000096505	マサキ	30336
469	100000000000000423	ナシア	30306
470	1400000000000093111	♪アサラ♪(株)妄想天使秘書課☆	30166
471	200000000000080617	Jimang	30094
472	400000000000011871	バス犬	30046
473	1500000000000079940	T-ホーク	29924
474	300000000000005344	postmail	29864
475	1500000000000009344	サンパロ3860P	29853
476	1000000000000013425	ひろ	29840
477	900000000000011499	ブリティッシュ	29816
478	1100000000000008070	みつ	29797
479	300000000000046431	ろっくま	29796
480	1100000000000005730	因果応報	29666
481	400000000000027932	okyan	29649
482	1400000000000077887	ゆみちゃん	29633
483	600000000000086583	ぽやまる	29543
484	1300000000000004204	みおん	29506
485	800000000000017301	ﾏｰﾙ･ﾊﾟﾝｻｰ	29480
486	100000000000012308	箒クリニック	29430
487	1100000000000062673	しん	29336
488	800000000000004048	ユハル	29328
489	400000000000008959	よしお	29312
490	500000000000074496	水月 しずく	29291
491	400000000000097821	tazz	29217
492	1300000000000019883	フォトン	29196
493	900000000000012323	フリテン	29095
494	1400000000000054039	せりかGT4	29049
495	800000000000005193	り～	28931
496	500000000000016180	arista	28612
497	800000000000045536	へビクイワシ	28270
498	800000000000003184	ティムパウム・Ｈ・フィンフィリオン	28224
499	700000000000027122	明人	28197
500	400000000000014382	フラウ	28179
501	100000000000007170	ＲＰＤ１７	28144
502	300000000000002397	ぎーせら	28125
503	300000000000055492	しんのすけ	28079
504	200000000000098272	ShidouP	28053
505	700000000000013777	ほえほえ	27984
506	600000000000054516	憑猫	27960
507	700000000000051798	NGTa	27884
508	52709	マカロニペンギン	27839
509	800000000000089329	うぃんぐ	27600
510	1300000000000007081	りぬ	27516
511	1500000000000021094	noppo	27470
512	1100000000000092984	ma-chin	27366
513	1300000000000028958	うみんつ	27251
514	4803	楓蜜	27120
515	700000000000052075	ふるす	27093
516	900000000000005916	ひお(多忙)	27072
517	500000000000001878	九陣	27047
518	1300000000000047618	レインボーブリッジ	27009
519	1400000000000004334	アル	26952
520	1000000000000053014	Waltstein	26947
521	1400000000000079544	Clavis	26929
522	1200000000000028285	らちお	26895
523	900000000000011896	モザイク	26894
524	39213	驚きを隠せない!!!!	26871
525	400000000000006596	ケント	26862
526	300000000000092901	みねこ	26851
527	100000000000009604	ヲレンジ	26833
528	1400000000000014289	Ccliys	26828
529	1400000000000051831	ACE	26752
530	500000000000096563	カズマ	26640
531	300000000000003051	ジャック	26560
532	700000000000071408	アルマーたん	26334
533	1300000000000085854	ふじさん	26255
534	800000000000000257	ぷりまぽあ	26253
534	1500000000000005702	Ｄ.ゆたか	26253
536	900000000000087629	ドライオン3	26221
537	600000000000081675	Hwan	26105
538	1400000000000002746	ウサギ	26045
539	400000000000029081	オガ	25911
540	900000000000029396	you	25859
541	600000000000049928	キルト	25824
542	800000000000000607	ろじ	25552
543	400000000000077400	じゃんじゃかいも	25388
544	1300000000000008586	ｎｏｎｏｎｏ	25349
545	600000000000093246	ていらー	25213
546	900000000000051938	ぷらてゐ	25172
547	400000000000013345	ぴぃくん 大阪に戻ったのだ	25132
548	500000000000050794	ミヤビ	25105
549	300000000000010579	ハユハ	25097
550	1100000000000084985	aki	25009
551	1000000000000053219	ヘルハマー	24909
552	1500000000000056125	Hugomikony	24906
553	1000000000000022834	猫茶	24837
554	1100000000000091211	うわばみ	24811
555	700000000000014496	shina	24738
556	900000000000005889	†Shigeっち†(as毒舌無頼党(*￣ω￣))	24726
557	800000000000023815	しゃけプラス	24712
558	1400000000000052867	2代目隊長	24650
559	1100000000000069934	おれんじまん	24602
560	400000000000085852	ＨＫ	24500
561	1100000000000036741	親分	24482
562	400000000000085323	もずく	24366
563	37459	じっぱわ	24361
564	1300000000000001674	だるく♪	24279
565	500000000000017112	wat	24197
566	600000000000098811	てーとく	24177
567	38060	ユウ	24138
568	200000000000018054	Hikkosi	24065
569	300000000000072947	おハム亀代表	24046
570	300000000000015312	りょう	24038
571	1000000000000014473	submariner	23880
572	200000000000002565	tau	23876
573	1300000000000049726	桃太郎	23837
574	600000000000047487	サトーコーイチ	23793
575	1300000000000000544	えいちいい	23752
576	600000000000055312	miketora	23750
577	800000000000080388	乙哉	23653
578	600000000000002644	メンチ	23593
579	1200000000000074542	ボー ・ブランツェ	23574
580	500000000000081271	舞耶	23547
581	1000000000000041899	スクエア＠DCDC	23530
582	500000000000016296	やき	23529
583	500000000000078388	原口	23516
584	800000000000095487	フォル	23479
585	500000000000004264	だいなっきす	23477
586	1000000000000003420	す～	23473
587	500000000000055759	コココ	23464
588	500000000000000564	ABA	23350
589	1500000000000005809	とどめなぎ	23334
590	1400000000000074125	マサコフ	23318
591	1000000000000092258	harumaki	23280
592	171	ガラクタ	23160
593	400000000000086340	たかぼう	23125
594	700000000000084843	ぐっとくる.com	23101
595	400000000000083719	神崎真	23021
596	700000000000003598	ファントム	22999
597	200000000000030986	TNT	22913
598	30417	しらたかP	22854
599	900000000000098877	ED	22816
600	300000000000043463	深春	22738
601	200000000000086322	那亞瑠	22659
602	96350	gold	22490
603	600000000000085093	ARIA－DUE	22439
604	100000000000095292	Player 1006230865	22415
605	1300000000000051996	ますたー	22304
606	300000000000005718	BEGG(ﾍﾞｯｸﾞ)	22264
607	1200000000000016228	フリウリ主任	22009
608	1000000000000082329	さしゃ	22000
609	700000000000081476	ニックネーム	21947
610	1100000000000033780	ortiz	21941
611	1500000000000003223	アカツキ	21872
612	100000000000055967	ハマクドー	21868
613	1000000000000072827	キュカンヴァ	21866
614	1400000000000007610	syun	21833
615	1400000000000049043	冷蔵  子    (３Ｄ)	21749
616	400000000000009661	デンチュラ	21700
617	1300000000000085252	モリモリ	21692
618	900000000000057685	ビターチョコ	21504
619	1100000000000074931	藤井konoよ	21408
620	1500000000000006844	かたくら	21400
621	1200000000000009859	ソウマ	21398
622	500000000000098960	Moro	21351
623	800000000000008151	ドナルド脱臼	21212
624	800000000000074440	ヒゲチョコ	21206
625	700000000000000985	とむとむ	21199
626	300000000000006235	芙蓉楓	21190
627	500000000000026611	ピッツァ	21184
628	700000000000085851	アキラ	21176
629	1100000000000072994	さむちゃん	21110
630	1000000000000000830	WOK	21001
631	600000000000099612	ナカムラ  △	20968
632	600000000000079601	越乃苗床	20943
633	1100000000000014997	琥珀	20913
634	1000000000000093645	よし	20900
635	900000000000046875	123	20707
636	1200000000000003017	そうび	20702
637	600000000000002097	エンド	20698
638	200000000000024924	ぐしょうきたい	20660
639	700000000000010706	ほしょりひ	20615
640	1000000000000000674	あに	20594
641	100000000000087829	ナオヤ	20550
642	1000000000000033777	お兄ちゃま	20544
643	1400000000000033525	つも	20517
644	600000000000004577	タケミツ	20483
645	800000000000085390	ミロ	20466
646	900000000000085315	yai	20448
647	1200000000000034321	ユウ	20424
648	1500000000000061689	ko-hey	20402
649	1300000000000004499	まんじゅう	20400
649	1400000000000005303	きゃべつ	20400
651	1100000000000093568	メシュー	20357
652	29757	omonga	20336
653	900000000000048555	らうる	20297
654	1300000000000055271	トキ	20289
655	600000000000019041	毘沙門天	20196
656	100000000000092161	クロスムーン	20177
657	1000000000000082332	CIMA	20139
658	400000000000002875	ヶ折る	20136
659	200000000000030403	しん	20117
660	1000000000000097616	黒鷺	20054
661	200000000000077894	J.G	20025
662	500000000000094283	kyo	19944
663	700000000000000328	ぺの	19813
664	300000000000023395	かわぐち	19800
665	1100000000000054343	りんゆーP	19796
666	1500000000000005195	SNail	19726
667	200000000000037036	かいしゃむ	19683
668	1500000000000001897	エイジャァ	19593
669	500000000000009567	Lognertz	19579
670	500000000000000051	鏡心	19508
671	37774	nobnob	19490
672	900000000000026536	ラシエル	19473
673	1300000000000057680	新兎	19371
674	100000000000056900	うみゆめ	19360
675	1100000000000003709	ふぃん	19218
676	1200000000000007761	セール	19110
677	5370	まぐに	19090
678	800000000000042286	Rito＆Momo	19037
679	400000000000001932	革巻	19007
680	1300000000000053800	J	19003
681	300000000000096683	悠	19000
682	800000000000053222	はなみ	18988
683	600000000000008554	キヌ	18942
684	1300000000000097712	Player 1006652173	18941
685	1000000000000093467	ジョー	18921
686	1200000000000010286	どしどし	18895
687	700000000000000055	tabuchi3	18846
688	200000000000062198	ユキワリ	18812
689	800000000000048867	Ｄ９０（釣り、ドリ放置します）	18798
690	1000000000000001742	*youth-K*	18783
691	300000000000057981	miwo@可憐P	18736
692	69346	みきたん	18730
693	1200000000000037915	ゆづき@隠居勢	18712
694	300000000000003721	Pen	18703
695	200000000000000288	緋羽みうな	18652
696	600000000000013051	nobita	18560
697	500000000000001416	肉体の疲労感	18511
698	300000000000034839	ムギ	18461
699	200000000000006506	かおる	18437
700	300000000000006665	robonoco	18382
701	46033	Ｋｅｉ	18348
702	800000000000077063	椎禾	18342
703	1000000000000004244	clover	18327
704	1200000000000044367	ﾚﾐﾘｱ･ﾄﾗﾝｻﾞﾑ･ｽｶｰﾚｯﾄ	18288
705	1300000000000061915	クロネコ	18262
706	200000000000080513	もく兄	18244
707	900000000000037659	みっし	18239
708	3713	うつぼ兎（株）	18057
709	200000000000030745	ラグーン 登山始めました！	18029
710	400000000000052116	すいむ	18018
711	57189	ユッケ	17997
712	77564	ヒロ	17810
713	600000000000004480	たいしょ	17788
714	2545	響夜	17787
715	1500000000000001847	平渡	17764
716	65546	mi_nakano	17761
717	600000000000077888	あうぐぅ	17637
718	54073	すずらん	17572
719	600000000000086481	柑橘p	17570
720	400000000000080810	はす	17568
721	700000000000056309	あすぱら	17561
722	1500000000000080214	新月	17540
723	1200000000000002046	nanosan9	17528
724	700000000000098535	3taka	17478
725	200000000000002510	mot	17455
726	500000000000096489	某川	17395
727	1100000000000059671	こえたから	17378
728	1200000000000054329	NACS	17344
729	500000000000033718	さと	17342
730	1100000000000000718	へるつ	17341
731	1000000000000098273	J	17313
732	2718	syana	17303
733	1000000000000074530	Player 1002949130	17299
734	1400000000000003729	ねろ助	17286
735	300000000000051100	kome	17280
736	700000000000039660	お嬢様ぱるる（真行寺文恵）	17274
737	500000000000078834	まろ	17214
738	200000000000088370	ともp	17199
739	700000000000004438	ＤＡＳ	17168
740	600000000000035830	紅雅@BMD埋め希望中／当方昴可憐所持	17142
741	900000000000045798	らい	17100
742	100000000000031388	banpei	17035
743	75253	noname	16992
744	300000000000083208	はるな	16981
745	800000000000077229	ニノ	16958
746	1100000000000042032	ゴージャスしぶりん	16886
747	200000000000039795	ポストレス	16880
748	400000000000097999	流歌	16853
749	1400000000000082705	TAGAME	16833
750	400000000000086723	iris	16793
751	1200000000000018931	joy	16773
752	300000000000029127	ゆっきー	16764
753	300000000000058136	かず♂ まったりんこ	16759
754	600000000000029167	リツ	16734
755	701	ロブスター	16732
756	400000000000097450	クラネ	16676
757	800000000000010884	くわマン☆二世	16635
758	800000000000008057	リョージ	16565
759	800000000000097727	萩原	16546
760	1000000000000014761	れあ	16541
761	1100000000000069446	daison	16456
762	500000000000098552	しんしん	16448
763	200000000000081191	katumi	16408
764	100000000000005494	けやき	16396
765	1300000000000080244	ひでと	16340
766	900000000000062309	ナー先生	16338
767	300000000000080403	ユウキ	16320
768	1300000000000038080	タク	16302
769	900000000000012233	ユメゾウ	16231
770	500000000000010563	木馬兵	16212
771	600000000000004107	をか	16209
772	400000000000005508	アフター	16146
773	100000000000093307	tos	16117
774	1300000000000051331	ユメノツボミ	16082
775	600000000000024131	柊みみな＠HHP相互埋め募集(出：海美　求：可憐、未来)	16064
776	300000000000047385	生徒会長	16055
777	1400000000000054636	yanyan12	16040
778	400000000000022563	シン	16037
779	8223	恵良	16026
780	1100000000000008960	カミィ	15874
781	800000000000054171	まほまほ	15847
782	200000000000002215	まっと	15841
783	200000000000061495	虎徹	15839
784	1100000000000001357	シノン	15837
785	500000000000007461	AIMﾏﾝ	15761
786	500000000000036827	DIRGE27	15640
787	900000000000046513	ツバサ10	15607
788	1000000000000046951	青紫蘇	15584
789	1000000000000003160	ＳＱＵＡＲＥ	15561
790	1000000000000062047	シバ	15458
791	98249	キンタ	15424
792	1500000000000004111	ｱﾌﾟﾘｺｯﾄ	15346
793	1000000000000091746	たくじー	15295
794	600000000000019774	しど・ビシャス	15285
795	1200000000000007272	フォーシーム	15279
796	1300000000000080070	ナベック	15270
797	1400000000000025692	エリ	15260
798	1400000000000079375	漬け物	15258
799	100000000000005384	マー	15252
800	900000000000021375	SR+[自称・ｲﾝﾀｲ]がらくた	15221
801	500000000000074649	ドーミエ	15182
802	1200000000000029329	ｋ	15124
803	1400000000000001529	門キャプターさ倉	15121
804	1400000000000034370	ぜろりん	15076
805	1697	空希	15069
806	500000000000091950	れもん	15023
807	200000000000010845	ぜろす	15006
808	93692	とつか	14926
809	100000000000051703	DaSH	14900
810	900000000000003703	カレンダーの丸	14795
811	200000000000083783	わだつみ	14759
812	900000000000027624	maha	14756
813	800000000000053833	jjj	14737
814	1300000000000028755	でめきん	14733
815	700000000000003821	夜鳴鳥	14728
816	600000000000000866	ナスっこ	14711
817	1500000000000036361	Ｏ！Ｗ	14643
818	200000000000058920	ドレミノ	14641
819	300000000000078844	ギル.rh	14615
820	1000000000000000559	noise	14531
821	300000000000075364	けいず	14514
822	700000000000017212	モン休止中 ◆ミツ◆	14497
823	700000000000096247	サワー	14433
824	1300000000000001230	ハイペリア	14389
825	1500000000000000129	すめらぎこう	14383
826	500000000000025835	MFP	14376
827	300000000000002741	オルトロスん	14367
828	100000000000006360	KOBA	14354
829	600000000000000973	まさあき	14336
830	800000000000051364	タカＰ－Ｚ！	14328
831	400000000000014919	それでも	14324
832	900000000000026956	わ～や	14280
833	600000000000024581	なみにゃん	14276
834	1400000000000004126	いぬちよ	14258
835	1300000000000081352	逸材	14250
836	1400000000000037080	大熊猫	14240
837	1400000000000060045	ひだか	14215
838	700000000000000428	すてつか	14163
839	1200000000000003345	芦屋虎之介	14099
840	1000000000000081359	ぴょん	14067
841	300000000000096365	近所の犬	13962
842	400000000000000258	カタナ厨	13947
843	300000000000050944	yoru	13924
844	400000000000010872	Youtia	13911
845	600000000000080113	くるぺこ	13907
846	1000000000000005052	ポテコ	13896
847	200000000000000768	斎遊司	13893
847	1200000000000007592	caym	13893
849	1200000000000097595	ハルオＰ	13870
850	400000000000079435	佐天使	13825
851	1100000000000048794	サニー・ヽ(‘jjj')/・無課金イズム	13757
852	500000000000087149	ツバキ	13756
853	99723	サドラー	13712
854	700000000000001345	チェニリッジ	13706
855	1500000000000003747	いぐ	13625
856	1100000000000049646	敏葉	13569
857	1000000000000014867	ya	13565
858	100000000000062946	まるヒロ	13547
859	300000000000000026	キョウ	13536
860	1100000000000094942	八景クララ	13470
861	800000000000060986	マサカズ	13464
862	600000000000080828	ダディ	13405
863	900000000000001620	SHSH	13380
864	500000000000018931	しげ	13372
865	1100000000000062332	ゆうき	13353
866	300000000000004602	如月もやし	13349
867	100000000000042030	248,331,070@D組P	13291
868	1300000000000007312	エヴァネス	13270
869	300000000000075218	シャイリー	13188
869	900000000000015532	ぽれ‡殉職寸前‡	13188
871	1000000000000000826	タスク	13173
872	400000000000007431	ＮＩＮ	13158
873	600000000000000511	立花	13101
874	300000000000076836	断空我	13096
875	100000000000008993	ゆーり	13078
876	1400000000000098546	じゅーろーた	13016
877	900000000000097459	izmy	12993
878	1100000000000008311	和平	12985
879	1500000000000085859	いなばものおき	12979
880	400000000000001298	アゴカイジ	12887
881	400000000000038083	nobumasa30	12881
882	1100000000000078921	Galinstan	12850
883	700000000000016251	いなさん	12846
884	1100000000000036452	ちゃま★:)	12841
885	1000000000000004366	げぇっ、関羽！	12820
886	100000000000042284	黒有	12807
887	1200000000000037161	くろちゃん	12774
888	99792	あるごう	12729
889	29734	トッシ	12726
890	500000000000092152	ジクロロ	12712
891	1000000000000000531	ヤギロー	12710
892	800000000000092996	HB懸賞	12709
893	776	まっさわ	12708
894	1200000000000031528	ときは	12698
895	1100000000000080506	かも	12691
896	1200000000000003425	ゾンビ	12663
897	300000000000086899	Avaloki	12617
898	1100000000000002458	ハセリ	12600
899	200000000000056973	メトロンP	12596
900	1100000000000058154	Ｒ１―Ｚ乗り	12515
901	1000000000000056351	73	12497
902	600000000000026884	るーしゅ	12486
903	1676	チロ	12474
904	1300000000000048975	べーさん	12415
905	1300000000000004649	kyon420	12396
906	1200000000000022493	もる	12382
907	900000000000084889	土佐鰹	12312
908	1300000000000100096	villageman	12308
909	600000000000031463	ＢＢ	12262
910	1500000000000027041	ローム	12251
911	500000000000003035	kazuki	12240
912	1200000000000098446	ともさと	12207
913	3059	イインチョ	12181
914	400000000000029572	たもりん	12146
915	300000000000008658	Sunlight	12108
916	1000000000000096468	のーうぇい	12039
917	400000000000005129	烏骨鶏	12029
918	1400000000000045495	黒将軍	12004
919	200000000000000245	o-ku	11954
920	1200000000000004077	ダナゴン	11921
921	1200000000000032965	meu	11899
922	200000000000032037	ジンクスj	11883
923	1400000000000044427	ナイト凰牙	11872
924	800000000000037414	ろーば	11848
925	1200000000000001303	ゆきむー＊隠居	11843
926	1000000000000090739	Aki Tomoya	11841
927	200000000000073572	sei	11797
928	1200000000000086457	カフェ丸	11781
929	300000000000007675	ｫﾉｯﾁ	11730
930	1000000000000000266	雷神竜	11726
931	500000000000095134	龍翔	11722
932	52821	ウマのつめ	11698
933	500000000000064759	まっすー	11656
934	900000000000020146	零	11620
935	500000000000022511	ともさと@ミリラジ課金勢	11616
936	800000000000031234	月蟹	11604
936	1400000000000029556	龍三	11604
938	600000000000050526	幻礼亜	11558
939	1200000000000055089	な	11550
940	600000000000040892	黒猫∵フィア‡Endless Story‡	11539
941	700000000000082569	ユウキlv5	11520
942	1400000000000056384	金子EX	11505
943	200000000000078277	わき	11434
944	1200000000000053022	トワ	11389
945	1500000000000044592	くま	11369
946	200000000000045609	点々	11312
947	800000000000049307	とんとん	11309
948	800000000000005357	ジュニア	11292
949	1500000000000081885	ブレイカー	11286
950	1200000000000051984	弥生町	11262
951	1300000000000060372	白子	11236
952	700000000000019619	七瀬くん	11209
953	1500000000000002180	みや（PeachStyle代表）	11176
954	1100000000000014672	かりゆ	11175
955	900000000000010584	こーじ軍曹	11172
956	500000000000054252	あすみP	11164
957	1000000000000004764	やる木梨	11160
958	1300000000000083045	マミヤナガツ	11154
959	500000000000081057	葉月アキ	11152
960	900000000000004850	なっくん	11146
961	1300000000000015013	かざはな＊	11098
962	1300000000000087221	ナカピン	11080
963	700000000000004024	ナビエスト	11070
964	500000000000002805	アリク	11045
965	200000000000015667	グレート・カト	10990
966	100000000000001513	“Xiryu”	10965
967	700000000000057240	花町健	10963
968	1000000000000041680	スカイ	10944
969	700000000000005824	ZILOW	10902
969	1300000000000005396	サニトラ	10902
971	400000000000001543	おつみ	10896
972	1300000000000032483	リンク	10869
973	1100000000000091677	スクーミー・ズー	10848
974	1200000000000006281	ハクア	10825
975	400000000000095780	水無月 空	10765
976	1500000000000007189	くろいち	10756
977	5139	Mistl	10748
978	700000000000096695	たる	10738
979	800000000000081426	バルキー	10729
980	700000000000086612	不死の王	10685
981	100000000000099100	ながすくじら	10643
982	1400000000000013714	Ae12iaL	10613
983	400000000000071727	サイマワリ	10596
983	600000000000096866	よっしー	10596
985	200000000000005513	ももた	10592
986	300000000000011175	わあげん	10577
987	1500000000000050128	xia	10576
988	70765	ツッキー	10571
989	300000000000016070	わたー	10559
990	1200000000000007235	シン	10515
991	600000000000000086	りんりん太子	10496
992	1500000000000044829	エリス	10491
993	86751	Player 1005117584	10490
994	500000000000023582	じるぁP	10438
995	100000000000004876	2-3 ザムディン	10417
996	1300000000000022005	フジワラ44号	10414
997	800000000000026963	midget	10410
998	1100000000000002652	でってにー	10404
999	1000000000000028220	やみ	10384
1000	1300000000000099936	トーマ	10383
1001	200000000000088443	Malate	10374
1002	1400000000000039833	シェラー	10329
1003	1100000000000082326	spiral	10317
1004	700000000000035216	わかみず	10296
1005	100000000000003705	アクセル	10286
1006	300000000000047566	ハマ	10281
1007	1000000000000077859	ぴよきち	10278
1008	57922	葵	10265
1009	500000000000099371	ハインド	10244
1010	900000000000017355	iko	10218
1011	500000000000024041	のり	10207
1012	1100000000000024732	紅白	10180
1013	100000000000003328	イージェイ	10177
1014	1400000000000011284	ざきやま	10161
1015	300000000000055780	Cruz	10159
1016	800000000000074467	ぐっち	10118
1017	900000000000029944	ゆたか	10104
1018	1500000000000010443	暇人破壊	10065
1019	400000000000099558	はぎー	10045
1020	1100000000000024073	マサトラ	10038
1021	1400000000000097997	七篠根無草	10023
1022	300000000000007131	イサム	10007
1023	400000000000001249	よっしー	9985
1024	400000000000008928	こっとん	9978
1025	1100000000000020509	たけむに(招待無視してください)	9960
1026	900000000000048947	クレオ	9954
1027	800000000000095938	トーマ	9949
1028	1500000000000007945	ましゅまろ	9879
1029	20	シン	9868
1030	500000000000020634	datetosuikyo	9859
1031	1400000000000003138	らいる	9854
1032	1300000000000081106	ともも	9849
1033	300000000000034370	キャメロン	9840
1034	900000000000059885	ゆきぽん	9792
1035	800000000000051189	cosmos[ Eclipse ]	9774
1036	200000000000018407	なはと	9736
1037	1200000000000074947	37P	9672
1038	400000000000086667	こよみ	9617
1038	1200000000000071992	ＫＹＫ	9617
1040	800000000000094801	かなで	9600
1041	200000000000007436	たたいた@やみのま	9592
1041	1100000000000094285	たつ	9592
1043	500000000000011441	いさお	9576
1044	100000000000007442	ナナ	9567
1044	800000000000085319	みみりん	9567
1046	100000000000006645	プールー	9561
1047	24730	saku	9554
1048	500000000000016940	6号	9527
1049	1500000000000051329	うすけ	9487
1050	1100000000000031913	七罪	9464
1051	200000000000038857	ダラ	9456
1052	700000000000081253	マイマイ	9449
1053	100000000000004481	なで	9388
1054	1500000000000006006	憂	9380
1055	700000000000076262	ﾍﾞﾆｰﾛ･ﾁｪｯﾛ	9378
1056	100000000000080733	タツキ	9370
1057	1000000000000007143	欠席	9357
1058	100000000000017450	みっく	9342
1059	100000000000052381	駒	9340
1060	700000000000000863	ミツロウ	9320
1061	900000000000002306	アクシス	9240
1062	1100000000000033900	HIKO	9221
1063	300000000000045611	てっしー	9186
1064	1400000000000001852	にく	9165
1065	1200000000000059960	豆腐メンタル	9155
1066	200000000000076241	花凛奈	9095
1067	100000000000059326	katakataka	9065
1068	700000000000001377	ＪＪ	9048
1068	1200000000000032269	zenichi	9048
1070	500000000000003285	ナカジ	9040
1071	1300000000000003596	ケケワン	9037
1072	300000000000006716	Keroro	9002
1073	1400000000000000414	蒼天航路@我もまた一匹の臥龍	8964
1074	1500000000000098471	rokukana	8947
1075	800000000000091096	蒼穹へ	8928
1076	1200000000000000606	ワーキング	8883
1077	1500000000000043237	なかみはら	8876
1078	1000000000000029467	tate_str	8848
1079	900000000000042412	Paki	8832
1080	700000000000095244	白原杏	8827
1081	700000000000029958	朝	8825
1082	600000000000018823	ちふみ	8813
1083	1200000000000017951	Name-M@【謙虚】【感謝】【本心】	8792
1084	1500000000000048623	なまこっこ	8778
1085	500000000000008726	もん	8775
1086	1400000000000020423	すぴ	8771
1087	1500000000000082534	前売り小町	8747
1088	300000000000080279	わりばし提督	8736
1089	300000000000073409	ブルー	8735
1090	1300000000000056920	やじー	8682
1091	1000000000000051375	しげきっくす	8672
1092	600000000000055142	黒月うさぎ	8671
1093	700000000000002901	rino	8662
1094	600000000000079701	ニュー	8602
1095	400000000000072054	たかや	8568
1096	300000000000066209	まろんちゃん	8521
1097	600000000000006108	びーる	8515
1098	1400000000000024114	ユーリ	8486
1099	100000000000051642	しもん	8472
1100	1400000000000062242	telepath	8467
1101	100000000000083519	cultivate	8448
1102	1300000000000075687	ぺ	8444
1103	1100000000000010366	ビグザム	8424
1104	200000000000022495	みなとも	8418
1105	1400000000000070052	ぼいじゃ	8410
1106	1200000000000003487	ミフネ	8400
1106	1400000000000006782	リュウ	8400
1108	600000000000045946	ゆゆ	8388
1109	1400000000000001410	天下りの神様	8362
1110	1000000000000005870	tkm	8359
1111	900000000000003862	李穏	8347
1111	900000000000099328	おおぐろ	8347
1113	700000000000081079	Player 1004376967	8326
1114	1200000000000086357	HAL2000	8320
1115	200000000000001995	momozo	8314
1116	900000000000051342	こめさわ	8313
1117	700000000000014701	ショウ	8312
1118	300000000000042236	379	8289
1119	600000000000077961	嘉茂レジナルド	8256
1120	700000000000019075	どんこ	8225
1121	200000000000088239	アンディー	8170
1122	600000000000001056	けもあき	8163
1123	1300000000000059030	Bloody-chacha	8144
1124	100000000000009024	しけ	8121
1125	800000000000076272	ぺいぶろう	8120
1126	600000000000080171	IKED	8106
1127	600000000000057044	抹茶雪	8103
1128	700000000000080569	sHoot@引退	8092
1129	200000000000082465	Player 1004580018	8083
1130	500000000000079467	だしょ	8080
1131	800000000000081581	エバラ	8064
1132	1300000000000000428	コマ	8063
1133	1000000000000003923	ろろ238	8057
1134	400000000000093625	ヤナカ	8026
1135	1100000000000093230	シマイヌ	8001
1136	1200000000000048833	るるは	7995
1137	1200000000000050456	Long	7983
1138	1500000000000008354	ししゃも	7977
1139	700000000000094909	トキノ	7931
1140	100000000000039500	りん	7923
1141	200000000000008334	マリア…これでいいんだろ？	7920
1142	400000000000098420	集	7913
1143	100000000000002499	シメイ【アイマス用】	7906
1144	800000000000008518	もりひと	7849
1145	300000000000044057	かずき	7839
1146	900000000000028960	アーチャー	7837
1147	700000000000004566	poko	7811
1148	200000000000074383	エルザム(ﾉｰﾏﾙ+)	7756
1149	900000000000057117	かふぇおれ	7751
1150	1300000000000100158	ずー	7732
1151	1000000000000063090	凸スコップ	7708
1152	500000000000086676	ハシ	7693
1153	1300000000000000331	LAD	7649
1154	1200000000000083336	TAKA・双海真美・矢澤にこと仲間達の部屋	7646
1155	600000000000005393	古河	7643
1155	1200000000000061052	ジローラモ	7643
1157	100000000000037251	ユキ	7601
1158	300000000000097273	まさなり	7586
1159	1200000000000000742	のすー	7583
1160	600000000000044875	カギレ	7546
1161	1000000000000091580	carlzhy	7539
1162	1500000000000096504	ぷるおる	7529
1163	1300000000000001031	サイズ	7506
1164	700000000000096774	のずみ	7486
1165	100000000000052105	maroni	7463
1166	1400000000000098396	ザキ	7458
1167	800000000000098876	ツッキー	7448
1168	1000000000000099854	リプテリア小夜	7427
1169	1200000000000004848	とし	7424
1170	1200000000000097590	Nicolas	7417
1171	1100000000000014169	キョウ	7387
1172	41120	でんしんばしら	7383
1173	600000000000050638	ひろろんsh	7358
1174	200000000000044318	ケンタッキー	7340
1175	63020	たう	7334
1176	900000000000003522	アハト	7332
1177	1300000000000096334	鯖缶	7316
1178	800000000000025784	アイテル	7301
1179	1100000000000037026	みかん	7297
1180	1300000000000087590	黒うさ	7295
1181	200000000000059742	Inufuku66	7281
1182	400000000000091827	しょう	7269
1183	300000000000003473	リリィ	7254
1184	1500000000000002943	グラドウォラ	7252
1185	100000000000085703	おとむ	7230
1186	800000000000046879	ちぃ	7226
1187	500000000000009067	大回転	7218
1188	1100000000000095640	リンゴ	7201
1189	300000000000096222	爽	7200
1189	500000000000006094	馬超	7200
1191	1500000000000055211	love_hurri	7193
1192	300000000000087673	おのし	7167
1193	1200000000000042072	藤	7148
1194	800000000000042472	クロン	7147
1195	1100000000000078767	Player 1003958027	7108
1196	500000000000082238	ten	7088
1197	100000000000050735	すみれの	7068
1198	1000000000000014637	ぢるの	7060
1199	1100000000000052995	かみしろ	7054
1200	1300000000000093637	まるごとレタス	7034
1201	1200000000000060326	凸チカ	7024
1202	200000000000088568	ミツナリッチ	7019
1203	1300000000000055019	レッド	6974
1204	600000000000096020	Player 1006324518	6973
1205	1879	Kasper	6971
1206	1500000000000049757	十六夜	6954
1207	1500000000000093106	ピコハン	6944
1208	1300000000000078374	真鈴	6928
1209	600000000000000367	ここあ	6917
1210	700000000000000304	阿頼耶	6889
1211	1000000000000013216	jigoku-nikki	6871
1212	1500000000000028612	ほぱ	6864
1213	2908	ゆじ	6841
1214	1500000000000099693	トマトMato	6806
1215	1300000000000076781	ロベルトうちの	6795
1216	1400000000000099612	j6651	6790
1217	1200000000000039757	万年睡眠不足	6785
1218	1500000000000011496	ゆき@日替り雪歩可憐道場	6776
1219	700000000000010367	きいち	6762
1220	400000000000085400	のりお	6759
1221	1400000000000000104	ヨチコ	6756
1222	100000000000038777	かちわり山	6738
1223	1000000000000001575	うまこ(^q^)ノ	6686
1224	100000000000027684	リュウ	6677
1225	1400000000000069906	桐維@インテリスタ	6665
1226	1400000000000095469	おだ	6633
1227	300000000000000979	Pセプター	6630
1228	200000000000098866	かまめし	6610
1229	100000000000005950	くーロロ	6608
1230	600000000000097005	ロイズモイ	6606
1231	400000000000004560	tempest	6605
1231	1400000000000002131	ジェスハ	6605
1233	1400000000000098618	ヘキサ	6604
1234	1500000000000002231	ORCA	6600
1235	700000000000001972	ゼギア	6599
1235	800000000000012172	ttoshi	6599
1237	500000000000022098	T-Ac	6597
1238	600000000000055545	つゆ子	6594
1239	1500000000000005836	シェルパ	6577
1240	1200000000000073457	へごちん	6572
1241	400000000000010736	た	6565
1242	1100000000000051807	ちゃりんこ	6563
1243	1000000000000005895	ブライトレッド	6560
1244	900000000000040364	未來@秋山優花里殿なり? あんこうチームでPGです	6557
1245	1300000000000052374	園長	6526
1246	600000000000098604	Suiso-Bunshi	6507
1247	1100000000000055094	紳士	6488
1248	300000000000094863	Steven	6449
1248	1400000000000031703	赤猫	6449
1250	1400000000000077690	ツルペタマン	6445
1251	300000000000023917	なぎねこ	6435
1252	1100000000000011396	まっきー	6434
1253	1000000000000028162	ミッキー改	6430
1254	100000000000039211	ハセ会長	6419
1255	1500000000000004202	だっしゅ	6400
1256	1500000000000008980	GOTTWOZ	6398
1257	1100000000000000374	真っ白しろすけ	6374
1258	1200000000000005158	Vista	6365
1259	1100000000000096836	観月	6361
1260	1500000000000075538	楸	6320
1261	700000000000044531	サナリィ♂	6285
1262	1000000000000002769	ナンジャラ	6278
1263	1000000000000003112	エアスト	6256
1264	1400000000000021697	ナツ	6231
1265	800000000000080511	indoor	6221
1266	100000000000085473	千烏	6220
1267	1100000000000074036	年齢詐称P	6217
1268	600000000000001013	ツー	6202
1269	1100000000000000044	愛飢え男	6200
1270	5317	梢	6187
1271	200000000000052047	ロマネスコ	6170
1272	500000000000096350	大石	6168
1273	1200000000000049898	肉球	6154
1274	200000000000004688	古手	6147
1275	1000000000000031349	蔡文姫	6145
1276	700000000000006012	ラス	6118
1277	300000000000024188	ウミ	6114
1278	1300000000000007890	シロ	6099
1279	200000000000002395	Nana	6087
1280	1500000000000091344	9books	6082
1281	1500000000000080210	もとかず	6045
1282	100000000000020126	りょう	6030
1283	1000000000000001944	萩原フヒ歩	6022
1284	800000000000081844	AKIRA	6019
1285	300000000000096781	sakisaki	6010
1286	1000000000000097230	ジマ	6009
1287	400000000000000961	らみえる	5998
1288	400000000000022242	摩華	5976
1289	100000000000057898	スーホ	5955
1290	300000000000008460	みくり	5936
1290	1200000000000055796	kanata	5936
1292	28002	十万石	5932
1293	900000000000022260	K-night	5853
1294	1300000000000016402	ikaihcim	5848
1295	1500000000000002086	うさころ	5843
1296	100000000000015088	MIDDLE〆	5839
1297	300000000000011799	そら	5824
1298	1000000000000044699	ソコム	5816
1299	600000000000087866	tong@mi	5809
1300	1500000000000040236	イリ†?∞ï†シャドバやってる人いる？！	5807
1301	17709	×ぬっくん 乙※相互割愛でお願いm(_ _)m参戦&お誘いありがと～(^o^)/	5802
1302	800000000000004549	ぬっこ	5790
1303	200000000000011471	青春の光	5769
1304	1000000000000055659	hisui	5768
1305	1000000000000006134	ヒロパパ	5749
1306	400000000000055582	うおのめ	5743
1307	41992	DEADMAN	5740
1308	1400000000000081206	津守8108	5737
1309	1400000000000003335	よっしー04	5726
1310	900000000000066744	葉	5723
1311	300000000000085049	ビビッド	5721
1312	1200000000000069380	仮免ライダー	5712
1313	700000000000000111	カンバラ	5709
1314	900000000000081488	ゆーすけ	5689
1315	200000000000008563	とくとく丸	5684
1316	100000000000042265	さとにゃん	5671
1317	1100000000000031421	ＤＡＩ	5664
1318	1200000000000052057	Rex	5636
1319	300000000000001788	小泉 花陽	5635
1320	500000000000088419	ナリマサ	5610
1321	1200000000000005943	八百長NEET	5592
1322	1200000000000091662	政駿P	5559
1323	1100000000000081296	フィクション	5546
1324	1100000000000000523	シンP	5542
1325	200000000000087286	kalra	5540
1326	1100000000000097829	八位	5539
1327	600000000000008140	tako	5516
1328	800000000000061192	りばっぢ	5515
1329	500000000000038775	明日パラガス	5504
1330	1100000000000035843	y.lion	5502
1331	500000000000074469	ミズキング	5488
1332	700000000000086959	niko	5482
1333	1500000000000002215	ショッカーライダー	5481
1334	900000000000025234	榎木	5459
1335	800000000000055818	緑茶丸	5456
1336	1100000000000080503	瑚	5440
1337	1200000000000096341	暇潰し	5433
1338	400000000000027423	(サイ)      裏チケ (4)	5428
1339	1000000000000098182	smksyj	5420
1340	500000000000008463	ぴぁにしも	5406
1341	300000000000056479	sinigami	5394
1342	700000000000079739	YUIX真田	5388
1343	1400000000000031839	haruna259	5370
1344	1400000000000044486	はゆっくん	5362
1345	1000000000000013563	ケチなグリー	5355
1346	700000000000020200	キョウスケ	5343
1347	1100000000000085203	naka	5341
1347	1400000000000022720	寛幸	5341
1349	700000000000015639	ベーオウルフ	5336
1350	1100000000000055273	じなんぼう	5329
1351	1100000000000006305	akila	5326
1352	1400000000000047512	爺椎茸	5320
1353	1500000000000025240	にゃんちゅう	5315
1354	200000000000009960	227	5312
1355	1300000000000000516	虚空風	5305
1356	100000000000046545	美華	5303
1357	1400000000000006139	hayate	5297
1358	300000000000035585	F-M	5294
1359	400000000000055948	moai	5290
1360	200000000000007843	うぱ西うま太郎	5239
1361	300000000000004912	KAz	5233
1362	1400000000000001246	しらたまこ	5211
1363	500000000000080597	黒ちゃん	5190
1364	900000000000077827	カオス	5189
1365	1000000000000055300	七畳半	5142
1366	600000000000039361	ダークホース	5140
1367	1400000000000006237	ラズリ(∵)	5138
1368	200000000000086223	鈴仙チルノ	5131
1369	1400000000000049882	月亭八方塞がり	5130
1370	400000000000076450	Mako	5119
1371	1400000000000080020	メディウス	5118
1372	400000000000027364	たまご	5105
1373	200000000000000418	あかまる	5091
1374	1200000000000051091	コンクリ	5089
1375	400000000000075433	／バスター	5085
1376	1100000000000077631	ぶるる	5064
1377	700000000000037120	るぅじゅ	5033
1378	1000000000000026834	からたま	5029
1379	300000000000000404	ででん♪	5018
1380	700000000000099583	風行	5003
1381	800000000000028845	トシアキ	5002
1382	700000000000072952	ティン	4993
1383	500000000000049985	Akts	4992
1384	6924	mofu	4968
1384	900000000000005311	ビルファル	4968
1386	800000000000022775	よっしー	4963
1386	1100000000000077883	虚弱な孔雀	4963
1388	1300000000000007389	ばびるし	4960
1389	700000000000099195	Samarium	4952
1390	700000000000002675	ゆん	4948
1391	1300000000000014599	O菊	4944
1392	300000000000003906	椋	4932
1392	1000000000000011702	しお	4932
1394	1400000000000063167	彩菜	4925
1395	200000000000001302	ばっくす	4922
1396	1400000000000008778	つむじまき	4913
1397	1200000000000073830	クロフィル	4912
1398	1500000000000021899	十六夜月	4908
1399	500000000000009615	手羽先	4907
1400	96487	ゆっこまん	4891
1401	600000000000004635	まさいぬ	4886
1401	800000000000003989	Toggo	4886
1403	1100000000000062826	ポンコツ4号@茶和	4880
1404	100000000000003833	白花	4866
1405	1100000000000053911	灰島	4862
1406	100000000000005521	gaz	4854
1407	100000000000016246	イチ	4840
1408	300000000000086942	P	4824
1409	900000000000041811	はっしー	4802
1410	600000000000004693	のわあるP	4796
1411	400000000000052348	かずのん	4789
1412	500000000000074384	ばっしゅ	4786
1413	300000000000045970	しろくも	4752
1414	1100000000000022631	13式歩兵	4748
1415	800000000000066000	C1	4729
1416	800000000000011556	ダックス	4728
1417	1000000000000081262	あじゃぱー	4722
1418	30758	kei	4718
1419	200000000000016913	えあぽん	4715
1420	900000000000002563	ゆゆう	4714
1421	226	かみぶくろ	4668
1422	57198	和人	4663
1423	100000000000052559	凜	4647
1424	100000000000038979	しろ	4638
1424	800000000000098855	ひとぷP	4638
1426	500000000000030414	ねる	4636
1427	500000000000003156	住吉	4634
1428	1100000000000046835	Lok Yu	4627
1429	1500000000000005140	うまれたて	4600
1430	100000000000007231	かず	4592
1430	700000000000016713	かかかっか	4592
1432	39850	枝河	4578
1433	1500000000000072177	すぎし	4574
1434	600000000000002683	Aki	4570
1435	1100000000000095671	Rekock	4567
1436	300000000000035148	獅子丸	4560
1436	1200000000000020305	kazha	4560
1438	400000000000023366	HAL	4526
1439	700000000000001435	青柳ユキ@つむぎ	4525
1440	1100000000000051262	nightdive	4523
1441	800000000000002697	悠醍★	4518
1442	800000000000096708	ぴぐろ	4511
1443	400000000000002459	ムウ	4508
1444	700000000000038849	わにゃぴー	4500
1445	100000000000097972	閑野	4495
1446	1400000000000085905	ヤディオ	4480
1447	1200000000000001806	Uターン	4476
1448	1100000000000097560	てん	4472
1448	1500000000000005974	かP	4472
1450	100000000000021165	みことさ	4456
1451	400000000000004140	さんくtacaris	4454
1452	400000000000003250	しのじ	4449
1453	1400000000000005792	――――	4422
1454	200000000000004310	Cac3	4415
1455	1300000000000008462	もこ	4410
1456	200000000000018681	権蔵	4407
1457	100000000000096995	Hall	4394
1458	600000000000048872	alice3567	4371
1459	1100000000000021378	ましひろ。役立たずでスンマセン。	4368
1460	1100000000000075122	Player	4364
1461	700000000000086832	せきたに	4361
1462	500000000000060475	ミク	4360
1463	1200000000000027595	koikaze	4356
1464	800000000000076967	錦鯉A	4328
1465	100000000000009939	真メガネ	4326
1466	1500000000000073873	白峰	4320
1467	500000000000005072	明石	4312
1467	700000000000054178	VARIS	4312
1469	300000000000044991	さくら	4310
1470	52776	あまみや	4303
1471	500000000000054482	ヘリウム	4299
1472	1500000000000005005	ヒロシ	4298
1473	1000000000000023332	テルミ	4297
1474	1300000000000061993	珈琲	4294
1475	200000000000001521	ドラキー	4272
1476	100000000000030567	えどがわ	4271
1477	600000000000006589	nino	4266
1478	500000000000006422	タイチ	4258
1479	200000000000091555	Player 1005621506	4255
1480	80663	樹雪P	4250
1481	1100000000000038086	Michael	4224
1482	1500000000000011923	ステップ	4221
1483	1400000000000003779	りょう	4193
1484	1200000000000003726	紅しょうが	4170
1485	500000000000088004	マーブル	4164
1486	200000000000097046	万字丸	4159
1487	1500000000000026228	雪丸	4147
1488	300000000000009723	ORAH	4141
1489	100000000000020620	かすがかける	4117
1490	400000000000034132	returnポコニャン	4110
1491	1100000000000096539	るか	4103
1492	1200000000000061883	haruo（忍<shinobu〉）	4080
1493	900000000000018675	mucc	4074
1494	400000000000095584	ほりえ	4053
1495	1200000000000078843	T	4048
1496	600000000000024635	いぽい	4021
1497	1400000000000052519	charles	4017
1498	26489	prestar	4011
1499	1200000000000050634	てんてん	3983
1500	400000000000032423	NOMA	3980
1501	400000000000010777	ゆき	3975
1501	700000000000006612	rabimoon	3975
1503	1400000000000006870	ミヤ	3966
1504	1100000000000096785	ヤマック	3961
1505	300000000000046979	ｵﾘｴﾝﾀﾙ	3960
1506	500000000000072539	1002	3955
1507	100000000000075026	maukumana	3937
1508	300000000000056854	ム？	3936
1509	700000000000077862	Player 1003696743	3927
1510	1000000000000028018	じゅまん(女装中)	3878
1511	100000000000000783	ムーン	3873
1512	100000000000051538	修理	3861
1513	100000000000095201	黒鉢	3859
1514	900000000000054935	鷹	3855
1515	1400000000000010746	Rin@手づくりのぶどーかんへ！	3838
1516	1400000000000002879	ぴかるん＠秋月	3832
1517	400000000000008396	おばんざい@テーマ道場っぽいのやってます	3828
1517	1300000000000001202	半透明人間	3828
1519	1000000000000079078	しげちゃん	3819
1520	600000000000005111	ユキ	3813
1521	200000000000004390	すずこう	3806
1522	1300000000000055724	れいん	3804
1523	600000000000007414	吉野	3801
1524	1000000000000084025	紅麗	3791
1525	700000000000028540	ラプター	3777
1526	100000000000099764	ハヤテマニア	3765
1527	1200000000000096766	カツ	3761
1528	1200000000000052546	古呂兵衛	3758
1529	1400000000000058658	たか	3757
1530	52736	らいじー	3752
1531	45491	あとむ	3730
1532	1000000000000077903	空野	3720
1533	900000000000094619	のんびり	3679
1534	300000000000031995	トキ	3671
1535	73968	なすたかやま	3670
1536	1100000000000067287	夜志	3666
1537	300000000000012203	清兵衛	3660
1538	300000000000093518	祐介	3656
1539	900000000000007670	ゆりを	3653
1540	100000000000094204	ロアナプラ	3644
1541	200000000000078839	Taka	3636
1542	1300000000000007155	カピバラ	3635
1543	600000000000059433	ハンク	3628
1544	800000000000097860	みこみこ	3616
1545	100000000000006573	ゆう	3609
1546	600000000000004032	Oscar	3608
1547	1400000000000048927	あおぞら	3583
1548	1200000000000081545	チワワ	3580
1549	900000000000017261	放浪カモメ	3551
1550	1500000000000006043	0298	3546
1551	300000000000025272	chove	3543
1552	200000000000094207	GORI	3540
1553	200000000000097995	mitsu	3521
1554	100000000000038575	ショウヤ:D	3518
1555	600000000000094437	auau	3494
1556	200000000000007323	しおだれ	3492
1557	1000000000000097138	tkp	3488
1558	800000000000002633	晴眼	3483
1559	1400000000000000611	千歳ちゃん	3482
1560	700000000000016051	ROSBETH	3481
1561	51047	ヨッシー	3480
1562	600000000000079790	sui-un	3466
1563	1100000000000002032	メイちゃん	3451
1564	200000000000008231	TakuMix(招待無視してください)	3450
1564	300000000000003959	タケちゃん	3450
1566	1500000000000097343	籠原P	3449
1567	800000000000048016	蒼月  要請▲空○	3448
1568	1500000000000085067	やぶねこ	3440
1569	76112	衿華	3438
1570	300000000000078969	mnhr24	3435
1571	1000000000000019528	すなき	3414
1572	1000000000000080961	tomo	3408
1573	700000000000094439	R10	3403
1574	1500000000000013453	ソラ	3397
1575	900000000000050880	佐久間何某	3396
1576	1500000000000056025	秋里	3393
1577	93238	こーにぃ	3387
1578	1200000000000056392	こいこい	3386
1579	1100000000000010362	カブレーラ	3385
1580	200000000000026033	ARiA	3382
1581	100000000000097072	ふぁい	3377
1582	1200000000000041828	しんとも	3367
1583	100000000000000789	さべら	3365
1584	400000000000085074	氷室	3358
1585	800000000000029130	ウイチロー	3354
1586	200000000000056338	ももんがぁ	3346
1587	1200000000000085002	よしのん	3338
1588	800000000000034437	アッシェ	3337
1589	1500000000000058619	パンナコッタ	3335
1590	1400000000000098357	東いわ２	3312
1591	300000000000081526	功（よし)P＠ドラシア研究中	3302
1592	1300000000000087559	player1005238029	3298
1593	1300000000000058841	胡麻塩ふりかけ	3294
1594	400000000000048286	はたかお@	3281
1595	900000000000085725	こめっち	3280
1596	900000000000096733	Player 1006527401	3278
1597	300000000000080475	森永	3276
1598	500000000000007142	2qaz	3271
1599	500000000000085100	A-strike	3263
1600	4213	ｿﾌｨｰ	3252
1601	80963	aoi	3249
1602	700000000000055500	リヴァ	3243
1603	500000000000023699	エバンス	3240
1604	900000000000021147	みっきー＆つばさ	3236
1605	800000000000083821	lilac	3232
1606	1100000000000012283	秋路	3228
1607	1300000000000006517	ジョン二等兵	3227
1608	700000000000076160	鐘の音P	3209
1609	1200000000000019743	ユズミ	3201
1610	500000000000003361	うのちん	3199
1611	100000000000077360	tutan	3192
1612	1100000000000016636	ﾅｵﾅｵ	3184
1613	900000000000021644	あみまん☆	3179
1614	600000000000010527	サーロン	3178
1615	200000000000000380	６Ａ	3153
1616	1500000000000019376	ZERO(Watch wish keen interest!)	3145
1617	1500000000000005162	サキガケ	3132
1618	1100000000000092377	Ysbm	3128
1619	700000000000086224	Player 1005062839	3124
1620	400000000000009073	falcon07	3115
1621	1200000000000092396	セカンドランク	3111
1622	1500000000000006405	マツヤス	3100
1623	99637	K_K	3094
1624	900000000000079776	くにさん	3079
1625	800000000000056251	やまし	3070
1625	1200000000000080003	りょーた	3070
1627	600000000000002261	Q	3066
1628	300000000000082395	なまず	3051
1629	1200000000000054507	Atmosphere	3034
1630	1100000000000010699	すりー	3022
1631	1500000000000054166	黒蛇	3012
1632	1000000000000042787	はっぴい	3010
1633	900000000000060775	ろれんす	3000
1634	84190	メケスト	2985
1635	800000000000076525	ずんだもち	2984
1636	1400000000000061388	えもしー	2982
1637	1200000000000013265	Brother	2979
1638	8257	ゆまっち	2978
1639	400000000000096828	ぷのん	2974
1640	900000000000013291	なし	2970
1640	1500000000000087236	ミヤセ	2970
1642	1300000000000005032	どこぞのＰ	2966
1643	400000000000091285	をべり	2961
1643	800000000000000628	スピノザ	2961
1645	300000000000080544	ものさし	2958
1646	800000000000086234	miz §越狂會§	2951
1647	300000000000030838	あおねこ	2942
1648	1200000000000015663	あらほん	2937
1649	400000000000038526	ろどすた	2936
1650	200000000000012435	Suguri	2914
1651	200000000000000124	ウラヌスP	2912
1652	1100000000000003244	あうえあ	2910
1652	1300000000000014955	ソラ	2910
1654	100000000000017708	村雨	2879
1655	1000000000000079490	マッハ	2874
1656	1000000000000001523	さやか	2865
1657	800000000000097551	オタク屋	2835
1658	1100000000000078742	シホツナナ	2833
1659	900000000000097153	手塚	2831
1660	600000000000046860	光明	2819
1661	1200000000000078016	ダイナマイトおおかみ	2815
1662	1300000000000000721	UDN	2808
1663	400000000000055664	KING_VEGA	2803
1664	900000000000017313	バラヤン	2794
1665	600000000000023387	メリッサ	2793
1666	1000000000000038841	ゆり	2790
1667	1500000000000050539	dyuuadiiz	2778
1668	300000000000031511	やよクエ	2745
1669	1500000000000061077	ぐぬ	2740
1670	1100000000000000766	零流	2738
1671	1200000000000086309	あさみー	2734
1672	1052	ハンドラー	2730
1673	400000000000098040	メルクリス	2704
1674	800000000000096038	melon0505	2690
1675	300000000000099439	Player 1007576579	2688
1676	800000000000022080	supika	2679
1677	800000000000002227	やまぶき＠同僚募集中	2669
1678	1200000000000003450	tomo	2668
1679	200000000000003184	きほいる	2666
1680	1400000000000078119	クワトロ☆バジーナ	2663
1681	1000000000000010639	汐	2646
1682	300000000000008488	ノゾミー	2644
1683	600000000000007827	なんぷらー	2638
1684	600000000000004063	水無月@HHP+ルージュ8枚千鶴道場(お休みですわ)	2634
1685	1300000000000052588	まっは	2618
1686	1100000000000000053	さくら	2590
1687	10246	みなせ	2589
1688	1200000000000007157	ﾋﾄのｶﾀﾁ@ｲﾍﾞ参加できません	2588
1689	100000000000022463	ハミング	2581
1690	600000000000099161	ますみ	2580
1691	1000000000000023802	ミハナ×▲	2576
1691	1100000000000028079	ｼﾙﾊﾞｰﾍｯｽﾞ	2576
1693	79244	87(ヤナ)	2564
1693	200000000000001395	shinomiya	2564
1695	1000000000000096953	マイヤー	2560
1696	700000000000085552	蛍石	2545
1696	1000000000000033432	くろみあ	2545
1698	800000000000030674	しゅん	2543
1699	900000000000000498	えるP	2540
1700	900000000000011282	けんざぶろーちょっと釣りをお休みしますm(__)m	2532
1701	400000000000093005	でんぼω	2517
1702	1300000000000000644	なばと	2516
1703	700000000000006905	はにわ	2511
1704	400000000000001308	iskw	2506
1705	1400000000000077551	ななさん	2505
1706	600000000000077216	ネオ神田川	2500
1707	100000000000049654	スズ♪★の～んびり一人旅…☆極/Å∬	2484
1708	1300000000000032980	くしょうP	2483
1709	1100000000000002415	烏賊餅	2471
1710	1400000000000000362	KTZ	2461
1711	200000000000075254	くるっぽー	2455
1712	1100000000000015668	スピラ	2453
1713	100000000000098039	ゲンキP	2451
1714	100000000000019305	イムニティ	2450
1715	200000000000091267	shu539	2442
1716	800000000000008097	クロム	2430
1717	1200000000000005805	ケイナ	2424
1718	500000000000043348	azure	2411
1719	700000000000003969	カレチ	2397
1720	1200000000000022735	やなぎさわ たつのり	2395
1721	600000000000057538	壹	2390
1722	500000000000081104	ウゴルガ	2388
1722	800000000000022671	台	2388
1724	400000000000081931	宮ちゃん	2381
1725	1500000000000050122	ささき	2378
1726	700000000000006909	かぶ	2374
1727	500000000000022065	アンバー	2359
1728	900000000000056838	lunafrea	2357
1729	1500000000000058340	jussim	2356
1730	300000000000000172	はぐ	2334
1731	200000000000041146	くろさい	2331
1732	600000000000007764	ナイン	2328
1733	97973	Player 1006898960	2326
1734	700000000000027460	ハカセ	2313
1735	1000000000000006368	くー	2303
1735	1200000000000005002	TD	2303
1737	500000000000051263	英二士	2299
1737	900000000000098155	のらせ	2299
1739	300000000000008640	Rascalov	2292
1739	700000000000010203	うにゃ	2292
1741	1000000000000001884	カットラス	2288
1742	400000000000000006	煉瓦	2283
1743	600000000000003450	ナナヤ	2279
1744	1000000000000072457	栗原P	2278
1745	800000000000007665	ABC	2273
1746	1300000000000011751	わた虎竜	2268
1747	1000000000000052328	neeem	2265
1748	1100000000000007290	10mo	2262
1749	1000000000000007649	ユウ	2256
1750	1500000000000035516	孫策⌒☆【p☆p】...	2247
1751	300000000000043860	いち	2240
1751	600000000000098814	御霊供膳ﾏﾝ	2240
1753	1500000000000014453	おだだみ	2236
1754	1400000000000005400	トムたん	2234
1755	600000000000061471	晩夏	2226
1755	1000000000000051027	つままれ	2226
1757	1208	butsumori	2224
1758	500000000000098458	みけ	2219
1759	1000000000000004913	ミズ	2199
1760	1100000000000003002	Besucher	2198
1761	300000000000055172	魚の餌	2184
1762	1200000000000003661	Arel	2181
1763	700000000000097832	しおん	2179
1764	1400000000000096606	A hunch	2169
1765	1400000000000021883	まっさん(ｽﾏﾎ)	2168
1766	900000000000008252	ハジ	2160
1767	500000000000013581	svvp	2156
1768	1400000000000028070	Chicago	2144
1769	900000000000080609	きよ	2135
1770	100000000000052240	にまめ	2132
1771	1100000000000053345	翼	2125
1772	500000000000091669	エンペラ	2107
1773	500000000000088396	OR	2093
1774	800000000000073768	rikku	2089
1775	400000000000056429	椎茸	2080
1776	1300000000000050974	久遠	2076
1777	96811	Rayn	2060
1777	900000000000034175	m.k.p.s.i	2060
1779	1100000000000021253	km	2057
1780	300000000000052223	Magicbox	2047
1781	4797	ワーロック	2031
1782	800000000000007577	ルキアス!	2028
1783	200000000000097749	毬藻	2026
1784	1100000000000097496	s d	2025
1785	900000000000083946	荻原雪歩―おぎわらゆきほ―	2021
1786	800000000000005539	NANANINE779	2018
1787	600000000000005301	たかち	2017
1788	400000000000004172	テニスラリーの鬼	2009
1789	1200000000000009188	トレゼゲ	1999
1790	1100000000000096809	桜餡	1998
1791	500000000000098865	金欠のスネ夫	1984
1791	900000000000077199	蟹55712	1984
1793	27670	slip	1973
1794	100000000000079168	オメガ	1962
1795	1200000000000017734	メリー	1960
1796	200000000000058830	おがお	1949
1797	1400000000000098263	めんち	1948
1798	100000000000098877	安藤	1934
1799	1000000000000098526	k	1929
1800	6097	九鬼紋白	1924
1801	1000000000000088443	バタ	1919
1802	400000000000052041	nao	1915
1803	1100000000000073177	ペンギン	1908
1804	400000000000097845	ガン	1897
1804	600000000000085912	ホワイト	1897
1806	1400000000000051026	アカツキ	1892
1807	1500000000000004725	hissa	1886
1808	1500000000000097837	Player 1006935055	1882
1809	1000000000000082580	Player 1004646986	1880
1810	400000000000095672	ミッツー	1858
1811	800000000000006655	スペルビア	1857
1812	800000000000051288	(仮)	1855
1813	700000000000025578	カンサイサオ	1852
1814	74274	アコニー	1848
1815	900000000000072484	hj	1847
1816	200000000000097569	Player 1006637890	1829
1817	300000000000094647	最中	1825
1818	1100000000000082782	旦那	1824
1819	1200000000000051821	ほっけ	1821
1820	97545	スフェ	1816
1821	1300000000000068014	オヤスミン	1814
1822	800000000000002271	ひが	1813
1823	800000000000096444	如月	1808
1824	1300000000000043654	しゅりね	1804
1825	78011	はる	1795
1826	52712	どらい	1789
1827	900000000000007228	φ シド φ	1783
1828	1300000000000014648	∠( 'ω')／	1781
1829	300000000000000517	ブチ	1780
1830	700000000000019809	xo醤々	1769
1831	1300000000000004621	夜行性まよら十三	1768
1832	500000000000032232	ファーザー	1767
1833	1000000000000072728	天使突抜乂儿	1766
1833	1300000000000091689	ひろたん@アバコン達成です(//∇//)	1766
1835	5555	頭文字Ｋ	1764
1836	200000000000083732	Kawaii Lumi	1758
1836	1300000000000051282	しゃむはに	1758
1838	1300000000000096365	Y'n	1756
1839	800000000000018656	山寺春	1749
1840	1400000000000006315	まやま	1728
1841	900000000000000390	Ｍｒ．４	1721
1842	85519	もけ	1718
1843	400000000000010135	葎	1714
1844	400000000000052883	レイウォール	1711
1845	200000000000085954	yts	1688
1845	1400000000000036566	鳩	1688
1847	200000000000013601	ｼﾞﾀﾞﾝ18世	1683
1848	72805	mach	1678
1848	200000000000005206	WINNER	1678
1850	700000000000008811	SHANA	1662
1851	1100000000000026142	牙羅（ｲﾍﾞ協力感謝です）	1656
1852	900000000000024288	なつき	1644
1853	100000000000010242	桃夜	1642
1854	100000000000000884	小森	1640
1854	100000000000061399	みきこ	1640
1856	1100000000000004552	スコール	1638
1857	700000000000034436	かむ	1636
1857	1300000000000026095	Катюша	1636
1859	200000000000013508	響	1626
1860	500000000000005232	タムちゃん	1625
1861	300000000000000605	泡	1616
1861	1100000000000004742	ネル子	1616
1863	1200000000000050686	まぁ	1615
1864	1300000000000067784	ワッシーMJ	1606
1865	400000000000004722	ぶん	1605
1865	600000000000098322	ヨッシー５	1605
1867	1200000000000018598	チャパ	1600
1868	1400000000000056263	たいらの	1598
1869	400000000000023304	キョン屋	1596
1870	100000000000017219	芋閣下	1584
1871	300000000000003990	　アスカ	1573
1872	200000000000099999	こたつ	1572
1873	400000000000008857	Schlam	1564
1874	400000000000080236	teko@同僚募集中です！	1560
1875	1100000000000003761	稲妻の螺旋	1555
1876	1000000000000082265	アスベル	1539
1877	54115	rashi	1538
1878	700000000000049774	QED	1532
1879	1200000000000010440	しんしん	1526
1880	800000000000007386	とくほ	1522
1881	300000000000002801	ひろ吉	1521
1882	1300000000000009706	ＡＳＩ	1518
1883	200000000000055357	そうちゃん	1517
1884	500000000000025807	HAGAREN	1515
1885	1200000000000003549	ナル	1512
1886	700000000000001545	ぴんころ	1509
1887	1100000000000026176	らぁめん	1504
1888	500000000000084190	あっさ	1502
1888	1200000000000097725	らて子	1502
1890	200000000000029248	ぷくポん(￣Д￣)ﾉ	1500
1890	600000000000082609	ligaleon	1500
1890	1000000000000097325	ハルラン	1500
1893	1100000000000007372	なお(定時で帰りたい)	1495
1894	1400000000000001079	おたこれ	1494
1895	900000000000028840	Scifo	1491
1896	1300000000000005736	まあくん	1490
1897	99219	ペル	1489
1898	300000000000046787	桜衣_望夢	1483
1899	1400000000000099566	弓月鏡花	1478
1900	800000000000045730	オクラホマ	1471
1900	1100000000000041228	せるげい	1471
1902	800000000000068557	アイソン	1466
1903	800000000000000805	ちこＰ	1460
1904	1500000000000010274	みずこな	1456
1905	100000000000005062	ミルル	1449
1906	1000000000000098167	CLOWN	1447
1907	1500000000000076719	カプレーゼ	1444
1908	1400000000000094692	クラウド	1443
1909	600000000000082348	フレディ	1441
1910	600000000000095781	10%	1438
1910	1500000000000072700	フライングゴリラ	1438
1912	1400000000000094683	両頭蛇【生肉興業:越後番所】解珍	1434
1913	1200000000000001328	こアみ	1431
1914	88566	ひまわり	1428
1915	1000000000000056684	れむ	1424
1915	1100000000000085074	蛇郎	1424
1917	1300000000000096787	メロントロン	1418
1918	1300000000000034788	フレア	1414
1919	1100000000000009180	ちけお	1402
1920	800000000000008520	冷都	1401
1921	100000000000003520	かずさ	1400
1922	400000000000004070	ウォーズマン	1384
1923	1300000000000096265	kazuna	1382
1924	300000000000093818	アンダーてゆ～か～	1381
1925	700000000000040884	ばたー	1378
1926	100000000000099121	魚肉ソーセージ～↑	1377
1927	16340	りーかちゃん＾＾	1372
1928	400000000000024626	アースグリム	1370
1929	500000000000083685	ねじめ犬	1369
1930	600000000000018811	緑沢暁	1356
1931	1200000000000079099	半藏門	1354
1932	400000000000099505	ロースペック	1350
1933	200000000000099530	はすんこ	1345
1934	500000000000094592	Player 1006061333	1340
1934	800000000000009506	魔天狼	1340
1936	100000000000050764	水銀党雑用係	1337
1937	800000000000099087	Player 1007431912	1336
1938	800000000000001598	まっつん	1334
1938	1500000000000002805	太宰 真	1334
1940	400000000000097840	ragingheart945	1330
1941	300000000000052480	ひこバンバン	1326
1942	100000000000027699	高町悠乃	1325
1943	500000000000052680	モルト	1308
1944	100000000000078411	けむむ	1305
1944	300000000000050652	ティルブル	1305
1946	600000000000035465	じん《流れ御容赦願います》	1304
1947	300000000000048107	ﾂﾗﾇｲ	1292
1948	1000000000000080482	ゆら	1285
1949	1000000000000097467	ももかっぺ	1283
1950	1500000000000074152	なーさん	1280
1951	400000000000096167	かいん	1274
1951	1000000000000030701	山電クルミ	1274
1951	1100000000000009368	もふの@ラウンジ始めました	1274
1951	1400000000000099701	たっきー	1274
1955	1500000000000025438	asa	1269
1956	1200000000000034159	ko201	1266
1957	1400000000000002009	νハル‡八神コウ‡(毎月のクラブサンデーでのポケスペが一番の楽しみ)	1256
1958	1400000000000087062	みっちん♪	1243
1959	400000000000098730	どんぐり	1242
1960	300000000000052320	晃平	1240
1960	1300000000000079999	サウンドウェーブ	1240
1962	700000000000051933	月代ユカ	1239
1963	600000000000002602	鳥谷瑠美	1232
1964	800000000000059740	8ー3ー	1231
1965	800000000000077701	塵	1227
1966	85080	15	1223
1966	1000000000000083795	87	1223
1968	1400000000000097341	超院長	1220
1969	700000000000092129	Player 1005673735	1211
1970	500000000000006026	あきちん	1201
1971	300000000000000829	Earthia	1198
1972	800000000000022221	下克上	1194
1973	400000000000098131	やまぐ	1187
1974	200000000000016114	ＨＯＳ	1184
1975	100000000000008571	ザーボン	1181
1976	1400000000000039443	アッサン()	1177
1977	700000000000011197	ろら	1176
1978	1000000000000058705	ハルン	1161
1978	1500000000000026044	かむい	1161
1980	300000000000023648	hmhm	1155
1980	900000000000003379	OKA	1155
1982	100000000000097033	雲のジュウザ	1144
1983	2350	よみる	1140
1984	1300000000000005254	まさ	1134
1985	900000000000009842	かえで	1133
1986	61254	どびー	1126
1987	600000000000009364	センセイ	1125
1988	300000000000085260	荻原 龍覇	1122
1989	1200000000000052144	冷奴	1116
1990	98130	くすぽる	1114
1991	1400000000000070768	ヨシノ	1110
1992	200000000000080291	ちくたく	1104
1992	1000000000000096642	Koji Hashimoto	1104
1994	400000000000001387	くたろ	1103
1995	1300000000000088120	くにたか	1098
1996	1500000000000053950	worzel(4646)	1094
1997	400000000000058275	ゴリットソン	1092
1998	200000000000080964	春男	1088
1999	1100000000000095727	オル	1083
1999	1200000000000010538	ｸﾗｳﾝﾄﾞﾛｯﾌﾟ	1083
2001	6706	しょぼん君P＠無(理のない)課金者	1080
2002	600000000000084253	まぁ～ちゃん	1078
2003	900000000000073800	月善	1077
2004	200000000000074425	もろ	1072
2005	700000000000012782	くじょ	1071
2006	600000000000080431	たまめ	1065
2007	1300000000000022859	ミト	1061
2008	900000000000001554	こ	1050
2009	100000000000099499	シンザンP	1044
2010	1500000000000086855	こみや	1043
2011	100000000000085266	いーぶい	1039
2012	45835	すりつり	1032
2013	900000000000093194	城之内	1029
2014	900000000000083785	凛	1024
2015	800000000000050253	トモネ	1019
2016	100000000000055769	gut	1018
2017	700000000000000758	ＣＣＣ胤Ｐ	1017
2018	67	ふみひな	1015
2019	1400000000000006151	いよかんP	1009
2020	1300000000000014895	チキン	1005
2021	200000000000021146	kyou	996
2022	100000000000096567	よく噛んでもカマンベール	990
2022	800000000000009104	おっ	990
2024	800000000000099416	わかだんな	988
2025	100000000000003640	しき	983
2026	700000000000019128	ふろしき	970
2027	1500000000000000166	シナクス	965
2028	500000000000010696	KEI	964
2029	1000000000000081794	暁	962
2030	62367	シンヤ	961
2030	1400000000000065068	Player 1002081262	961
2032	100000000000099862	kuwai	959
2032	200000000000038463	アスファﾍ( ＊´ｖ`＊ﾍ)))～	959
2034	1200000000000090044	銀河	956
2035	700000000000098371	444	954
2036	400000000000013494	しょう	946
2036	1100000000000091652	Mashiro	946
2038	400000000000092984	santi	942
2039	17012	チキンカレー	940
2040	400000000000032501	けん	932
2041	500000000000053074	ぽん	930
2041	1400000000000050395	Ｎ．Ｔ	930
2043	600000000000024874	あまあぴゃ	928
2044	1500000000000085197	さささぎさん	925
2045	97130	fin.	922
2046	100000000000017595	ごまだれ	918
2046	600000000000022137	マーチン	918
2048	800000000000062649	英(戦ｷﾝ/ﾑｿなう)	916
2049	400000000000001245	†智也†	909
2050	500000000000088322	なんなん	904
2051	1300000000000008737	猫ぽっちゃり	900
2052	500000000000086931	ノブ	895
2052	600000000000061977	rainy devil	895
2054	900000000000099485	ゆい	893
2055	100000000000011530	ぐりむ	892
2056	600000000000053013	snow	886
2057	200000000000002435	翠凛	885
2057	600000000000099662	アンスズ	885
2059	300000000000003071	麻井 鳥	874
2060	300000000000001499	MEGANE	872
2060	1300000000000026455	Izar	872
2062	55730	ドラスレ	868
2062	1200000000000016576	とも	868
2064	1100000000000082117	文鳥	867
2064	1500000000000037275	160cmP	867
2066	1200000000000062225	星柚	866
2067	800000000000085167	のあん	861
2068	800000000000079295	十六夜	860
2069	1400000000000022123	みっちぃ＠19コス50人所持継続中	852
2070	700000000000096291	衛士	851
2070	1000000000000088079	みやしろＰ	851
2072	800000000000081727	いくむ	850
2073	500000000000001127	鞠雛影葉	849
2074	900000000000040055	龍	840
2075	730	星澪	839
2076	700000000000085364	nob238	837
2076	1400000000000010601	アカネコ	837
2076	1500000000000082053	桜井礫	837
2079	100000000000002381	宗那	832
2079	1100000000000097129	レン	832
2081	700000000000100145	vaizravaNa	828
2082	500000000000002595	ひろ@相変わらずIN不定期	823
2083	1400000000000045675	エリコ	820
2084	200000000000025218	chang-yu	815
2085	800000000000036038	ななみ	813
2086	300000000000058150	スリーk	806
2087	300000000000000068	さばとら	804
2087	600000000000003515	ふーたP	804
2087	800000000000095625	四葉	804
2087	1300000000000056315	鈴木安寿	804
2091	300000000000055315	ぺっぺ	798
2092	1500000000000051721	mk	797
2093	1100000000000013789	とみみつしょう	792
2094	100000000000093559	昌泰	788
2095	1000000000000048893	やすと	784
2096	500000000000050865	ゆーお	777
2097	1300000000000006271	yuuki	776
2098	1000000000000023715	こだぬきっど	774
2099	1200000000000000361	べっかむ	772
2100	1400000000000082626	サーナー	771
2101	600000000000049684	くろは	770
2102	200000000000085996	DC	769
2103	900000000000001630	恋澄あこ	768
2104	700000000000001640	Riku	764
2105	1200000000000078469	魔スターP	762
2106	600000000000011703	とん	753
2107	100000000000056706	ウラ	748
2108	700000000000022507	御花	746
2109	400000000000087710	甘党	745
2110	800000000000003429	まみむめ	742
2111	1100000000000004420	white head	741
2112	1200000000000011765	海☆坊主	738
2113	700000000000098305	ふぇぇｸﾞﾘｸﾞﾘ《獏羅天》	734
2114	300000000000098213	kr6idr	719
2115	1200000000000004944	残ね念神	718
2116	100000000000037882	ともや	717
2116	500000000000094210	Player 1005999781	717
2118	800000000000084056	ｻｶｷﾝﾄｷ	713
2119	400000000000093704	★獅子★愛志★	712
2120	300000000000027062	ゆ～な	711
2121	600000000000005181	鉄火丸	710
2122	400000000000082824	seno	707
2123	800000000000003788	のんばる＠ののん	700
2124	400000000000000797	ガン	693
2125	71504	D-WING	690
2125	800000000000098353	春野菜	690
2127	900000000000074786	アッティラ	688
2128	1100000000000011292	藍莉	682
2129	300000000000001527	英修	672
2130	500000000000014173	眼鏡っ子	671
2131	300000000000027418	はちみつ	670
2132	1200000000000037115	あんず	666
2133	400000000000054343	はるね	662
2134	500000000000099806	ぴか2	659
2135	700000000000005319	真紅眼の黒龍	658
2136	600000000000011531	時の魔術師	656
2137	1300000000000100213	リッチャン	649
2138	300000000000001020	ないさー･ルージュ	648
2138	1200000000000002251	いちのや	648
2138	1200000000000007229	くるみ	648
2141	1500000000000098658	中位	641
2142	1500000000000055259	はんきち	640
2143	700000000000005923	かぁくん	638
2144	400000000000096878	ヒトヤ	629
2145	1400000000000051893	saruta	625
2146	1400000000000073830	みやじ	624
2147	100000000000057812	一造	620
2148	900000000000002923	べむ	611
2149	1400000000000020954	よっけ	610
2150	85589	ハタ男(P)	607
2151	1300000000000061288	雪クジラ	603
2152	1200000000000010653	ちょこりんご	597
2153	1400000000000014015	ディケイド	593
2154	800000000000072465	マック	590
2155	200000000000062308	アマスク	589
2155	1100000000000016148	Soe	589
2157	700000000000085897	怜	584
2158	1000000000000053888	なきりゆう	576
2159	1300000000000051974	はなのきず	574
2160	600000000000065061	tsubo	572
2160	1200000000000091514	あいら。	572
2162	500000000000099351	ういんだるす	568
2163	900000000000055514	ジンベー	567
2164	500000000000039471	Nata	564
2165	900000000000006101	氷雨	562
2166	300000000000007942	かにばぶら	558
2167	200000000000091771	Player 1005651602	556
2167	500000000000088075	levy	556
2167	500000000000097713	刺身	556
2170	1500000000000054238	翠	551
2171	1000000000000098344	もちょ	548
2172	300000000000058161	まみこ革命δ(゛=゛δ)	546
2173	300000000000051951	熱狂犬	544
2174	500000000000086142	バフもりもり	538
2175	1400000000000034911	ひだまり	534
2175	1400000000000093911	たつかぜ	534
2177	200000000000077312	Porran	528
2178	600000000000050228	ブレイブ	524
2179	900000000000012202	松風嵐	522
2180	97301	かみなん	520
2180	700000000000010132	yamamoto	520
2182	500000000000001409	モン卒業(  ￣ー￣)ノたっちゃん(￣。￣;)	517
2183	900000000000098715	Serdic	514
2184	900000000000073686	えいか	513
2185	700000000000079114	Player 1003943303	512
2186	400000000000060306	匝	501
2187	600000000000099708	Player 1007646022	498
2187	1300000000000013827	わんわん	498
2189	900000000000051979	トマ村＠CGではPassion	492
2190	1200000000000009248	こうが	488
2191	1100000000000081666	あずきち	479
2192	1000000000000076794	エナツ	476
2193	80455	ユウキ	475
2194	1100000000000046490	雅	474
2195	1000000000000060511	ぷ～	473
2196	1300000000000046955	昆布森	472
2196	1500000000000061536	みゆう	472
2198	1500000000000077637	やきいも	471
2199	400000000000084211	さささみ	465
2200	600000000000008077	ミノル	464
2201	1000000000000098058	にしぱらP	460
2202	500000000000098176	kaname	459
2203	200000000000093574	みかんおいしい	458
2204	500000000000005978	琥雨	456
2204	800000000000018499	しゅぐる②	456
2206	300000000000077768	しんうち	452
2207	600000000000004843	げん	451
2208	88089	ぷらねっと	446
2209	300000000000050897	くままま	441
2210	900000000000083583	空前	437
2211	1300000000000081413	南郷	436
2212	400000000000000310	ケイゴ	435
2213	1400000000000095332	ラフランス	433
2214	1400000000000007420	冷	432
2214	1400000000000099554	富?	432
2216	72518	ちょもＰ	429
2217	500000000000097151	アレス	426
2218	1300000000000096991	レイ	423
2219	100000000000004692	赤い狐	421
2219	800000000000073004	ぴかちゅりん	421
2221	300000000000073093	にーな	420
2221	1100000000000082910	タヌキさん☆同僚さん募集中♪	420
2223	400000000000096027	あか	417
2224	700000000000099765	Player 1007387719	414
2225	1100000000000078748	えび丸	413
2226	1200000000000095338	Player 1006242572	412
2227	1300000000000006206	オルフェ	407
2227	1300000000000013222	るりこうじ	407
2229	1000000000000099523	いとへろ	402
2230	1300000000000091962	秋島	399
2231	1200000000000098095	ponpos	396
2232	300000000000061943	二乙	395
2233	300000000000003784	ムネチカ	394
2234	600000000000076983	ピノ	392
2235	700000000000038754	かずや	390
2236	95256	ケンケン009	386
2237	300000000000093732	ゆきと	385
2238	600000000000019478	ワーク	384
2239	600000000000078779	とうま	377
2240	500000000000097751	T-sky	375
2240	1000000000000057558	SEVEN	375
2242	500000000000098466	大河新次郎《CherryBlossom》	373
2242	700000000000083730	優（ユウ）	373
2244	87435	ぽとん	367
2245	600000000000050479	ずに	363
2245	700000000000005860	sayu129	363
2247	800000000000097215	らぐなろく	361
2248	700000000000011964	Free	358
2249	1000000000000027134	ﾄｼ	356
2250	100000000000024095	やっちょ	352
2251	57008	貴方	351
2251	800000000000012286	青騎士	351
2253	200000000000066441	REX Telefon！	349
2254	700000000000003790	ｿｰｲﾁ	343
2255	1500000000000088125	ウェルフェア	342
2256	400000000000058704	DangerousDBZ	340
2257	1100000000000009842	らい	338
2257	1300000000000098846	諸越	338
2259	600000000000006862	WYC@そらP	336
2260	900000000000085279	つねてる	328
2261	300000000000084984	霧ヶ峰	327
2262	1100000000000080299	志龍	326
2263	700000000000003357	coconutsmilk	322
2264	600000000000015443	ノリ	318
2264	900000000000096170	zonda	318
2266	600000000000099411	玲志	317
2267	700000000000003618	マーサ	312
2267	1400000000000094687	やえ	312
2269	1000000000000037041	怜侍	310
2270	1400000000000099972	ウッスィー	309
2271	500000000000034226	羊毛ひつじ	308
2272	800000000000069431	かずね	307
2273	99976	フォッシル	303
2274	1200000000000072697	ルンルン	302
2275	500000000000002670	なまぶ	300
2275	1400000000000009993	もっひー	300
2277	700000000000000376	ヤス	290
2278	1400000000000076498	ゆきちゃ	289
2279	600000000000060399	南斗	288
2279	700000000000085696	5013	288
2281	400000000000000059	ブラス	287
2282	1000000000000001312	まウサ	286
2283	600000000000054603	エーリカ	283
2284	200000000000080599	首長竜	279
2285	1300000000000098873	ケロタン	277
2286	700000000000021890	いぬふく	275
2286	1400000000000061332	海本	275
2288	400000000000026066	∃ッシー	273
2289	1500000000000082565	Ｐ	272
2290	1000000000000036667	信州	269
2291	1300000000000100165	そばにく	264
2292	500000000000003308	今夜が山田	262
2293	1500000000000099492	愛衣	261
2294	500000000000097645	Player 1006792373	256
2295	500000000000097625	Player 1006777397	255
2295	1500000000000038378	.	255
2297	100000000000078011	MAC	252
2297	300000000000094153	Player 1006063667	252
2297	1300000000000059982	ＵＥ	252
2300	98928	袁紹	250
2300	600000000000049518	塩大福	250
2302	600000000000000027	kim045	249
2302	1000000000000097299	とろろ芋	249
2302	1500000000000028862	ナイトバロン	249
2305	1000000000000096823	昼夜祭	240
2306	200000000000087254	リョウ	239
2306	900000000000099224	いわ	239
2306	1500000000000004969	mildseven3mg	239
2309	100000000000083914	つけまい	237
2310	79131	ムーサ	234
2311	1100000000000048476	ミフィコ	233
2312	1000000000000083258	ポンタ	228
2313	500000000000015720	やすし	224
2313	600000000000080598	生田	224
2313	1500000000000097927	taka	224
2316	900000000000096935	アニダイ	223
2317	900000000000098535	ペン三	222
2318	600000000000005838	タータタ64	221
2319	1500000000000079580	kitto	219
2320	300000000000095473	ささみ	213
2321	200000000000085975	やな	211
2322	100000000000079928	河童巻き	210
2323	300000000000020351	ARAKAZAM	208
2324	200000000000098095	Player 1006896834	203
2325	200000000000037168	ムラクモ	200
2326	1400000000000031387	ネコまっしぐら	199
2327	77201	モリタク≪m(__)m≫	196
2328	1500000000000039548	キクティム@冬眠中	194
2329	1200000000000010208	いわお	192
2330	1500000000000074105	jott	188
2331	100000000000001327	えんじん	185
2332	1000000000000061585	シュルシャガナ	182
2333	1000000000000000912	シャタコリス	180
2334	200000000000096865	時々眼鏡	178
2335	500000000000013201	さいどん	177
2336	1500000000000099768	46	176
2337	1400000000000098441	SEVEN	175
2338	1500000000000099239	百式	172
2339	1100000000000025333	セージ	170
2340	700000000000100197	うえさん	169
2341	1400000000000051300	クーロン	168
2342	1300000000000010211	Mox	167
2343	800000000000034044	ふぁみ	165
2344	400000000000041118	ぴっぴ	162
2345	11884	ぎしん	161
2345	400000000000099578	山田天翠	161
2347	86606	あれん	157
2348	300000000000003202	mist	155
2349	700000000000100222	かわだ	151
2350	1100000000000097514	Player 1006887275	145
2351	1400000000000059938	ふくし    裏チケ 終 m(_ _)m	143
2352	100000000000002136	クロノッチ	140
2352	1400000000000100151	Sugar124	140
2354	600000000000000262	ピヨソ	139
2355	1200000000000023654	ISa	137
2356	1100000000000083126	空武内	136
2357	700000000000029543	比翼	133
2358	99964	Player 1007638016	128
2358	100000000000036233	ヨウの秋	128
2358	1400000000000011426	さのすけ	128
2361	1300000000000099955	タネシード	126
2362	100000000000006666	ケンブ	125
2362	500000000000099066	クロワッサン	125
2362	1000000000000027056	ライル	125
2362	1500000000000005875	FTH	125
2366	400000000000099520	ほむら	123
2367	4097	チップ	120
2367	500000000000001785	ネオ	120
2367	1100000000000050467	ヒゲ	120
2370	500000000000059285	雄	118
2371	900000000000011181	@ヒロ＠	115
2371	1000000000000083539	パシクル	115
2371	1400000000000005091	sapa	115
2374	1400000000000003584	焼き鳥	113
2374	1500000000000047165	金城たま	113
2376	600000000000015220	シェリー＠ラウメン募集中	112
2376	1200000000000012608	YU-KI_K	112
2378	300000000000004293	すみすみ	108
2378	400000000000057126	ヒースクリフ	108
2378	800000000000044910	るどふぃー【各種ｲﾍﾞ協力感謝♪】	108
2381	1200000000000049331	マリンカリン	105
2382	900000000000041509	ｶｯﾁｬﾝ	104
2383	400000000000004616	涅槃で待つ。	102
2383	700000000000100162	Player 1007603783	102
2385	1100000000000010314	アッカー	101
2386	100000000000099852	Player 1007626529	100
2387	400000000000095741	よもぎ	99
2388	1100000000000060129	虎吉｛裏ﾁｹ、残1m(__)m}	98
2389	800000000000099152	きのこ	97
2389	1500000000000002255	銀杏。[]	97
2391	99945	Player 1007630112	96
2392	80752	漆黒	95
2392	1400000000000097209	松田	95
2394	900000000000097293	thobi-cian	92
2394	1500000000000096279	てっかまき	92
2396	1500000000000057413	あらやん	90
2397	600000000000099307	aco402	88
2397	1400000000000054988	白河弥生	88
2399	1100000000000075597	FRACTAS	87
2400	400000000000032077	ハーメルン	85
2401	700000000000100234	将軍タロウ	82
2402	900000000000062938	まちゃ	81
2403	400000000000098739	Player 1007209860	80
2404	58887	アヤナ	79
2405	1088	何も言わねぇ	78
2405	700000000000085801	サラダうどん	78
2405	1200000000000093877	しずく	78
2408	1200000000000001255	ま～りゃん	77
2409	300000000000006216	チブル	76
2409	1000000000000087050	海鮮戦士	76
2411	1300000000000100218	白湯	74
2412	1200000000000062691	才駕	73
2413	800000000000015773	しるふぃ	72
2414	94332	たらここ	71
2415	100000000000080788	ヨッチ	69
2416	300000000000052153	t3	68
2417	1100000000000000880	刺身のたんぽぽ	67
2418	300000000000030123	たんぱくしつ	66
2419	400000000000061217	藻	65
2420	900000000000076804	うみやま	64
2420	1200000000000000065	コート	64
2422	900000000000039244	じゃこ	63
2422	1100000000000013001	さんふーろ	63
2424	800000000000010694	ピピン板橋	62
2425	400000000000000136	ゆーぎりP	60
2426	100000000000098670	Player 1007096369	58
2426	500000000000095100	玲華	58
2426	1100000000000049059	ダン	58
2426	1500000000000099618	渡辺	58
2430	600000000000050960	ワラブキP	56
2430	800000000000033166	エスプーマ	56
2430	1100000000000010436	いっちー	56
2430	1400000000000024253	シャドウ朔夜	56
2434	500000000000098502	sus303	54
2434	900000000000098612	松山	54
2434	1000000000000055760	めこ	54
2437	200000000000010212	虚弱王	52
2437	200000000000094473	霧島	52
2437	300000000000099330	Player 1007510979	52
2437	1100000000000060414	梨花	52
2441	1000000000000099726	かがわ	51
2442	98929	Player 1007155264	50
2443	1200000000000085262	すのうあっしゅ	49
2444	500000000000073853	アサ	48
2444	800000000000097561	道蒔	48
2444	1100000000000010495	ちはや	48
2444	1200000000000084658	taka0913	48
2448	500000000000099390	Player 1007373093	47
2448	600000000000037180	りくむ	47
2450	1400000000000097285	Player 1006516734	46
2451	98725	もちごめ	45
2452	1000000000000099500	Player 1007369546	44
2453	400000000000081385	deadcopy	40
2453	1500000000000086662	きいち	40
2455	100000000000011904	レティシア	38
2455	500000000000096933	YYZ	38
2455	800000000000027844	きつつき	38
2458	1200000000000015269	あかねちん	36
2458	1300000000000099597	Player 1007286557	36
2460	200000000000093359	Player 1005770530	35
2460	500000000000099036	Player 1007214245	35
2462	12396	≒ヨサク	34
2462	400000000000008273	シャチ丸	34
2462	400000000000098660	Player 1007190788	34
2462	800000000000032077	グレイソン	34
2466	1400000000000049389	悟空!☆	32
2467	400000000000061728	ソウ	30
2468	100000000000099788	Player 1007584113	29
2468	300000000000099287	Player 1007488579	29
2468	1400000000000004657	鯖味噌	29
2468	1400000000000100133	Player 1007647790	29
2472	300000000000091673	あまりす	28
2472	1300000000000007179	オンジィ	28
2474	300000000000025505	おたぢ	27
2474	1200000000000096583	小語	27
2476	800000000000099427	Player 1007648856	26
2476	900000000000000382	しんさん	26
2478	79257	Player 1004056080	25
2478	100000000000010524	ゆきかりの父	25
2480	100000000000095796	ガンダー	24
2481	600000000000099711	Player 1007646886	23
2481	1100000000000003531	リオン	23
2483	800000000000096184	キミト	22
2483	1100000000000085286	おとぎ話	22
2485	500000000000098899	兎鳴詩	21
2485	900000000000003492	暮浦鶏太	21
2487	2829	佑月	20
2487	1000000000000011655	たけし	20
2489	900000000000099506	ヒロト	18
2489	1300000000000008332	ムー	18
2491	200000000000075775	たんくん	17
2491	1000000000000084071	Tally-Ho	17
2491	1400000000000000676	詩音	17
2494	100000000000006100	まじゅ	16
2494	700000000000098165	ＦＡＬＵＣＯＮ	16
2494	1500000000000099809	Player 1007654383	16
2497	300000000000083538	Player 1004814819	15
2497	700000000000003498	ねあるこ	15
2497	900000000000073838	レレレ	15
2497	1100000000000099539	リョウタP	15
2501	500000000000002071	ゆづ	14
2501	600000000000078782	7g569d	14
2501	600000000000085707	tokumei_r32	14
2501	800000000000005062	がなＣ	14
2505	500000000000099841	Player 1007637445	13
2505	900000000000099524	Player 1007658793	13
2505	1100000000000032832	シュルツ	13
2505	1100000000000099414	Player 1007501579	13
2505	1200000000000098914	なつき	13
2510	153	エクレール	12
2510	100000000000081876	ジャガノウ	12
2510	1300000000000100191	Player 1007630189	12
2510	1400000000000003659	G3-X	12
2514	86845	とも	11
2514	98761	ミツツキ	11
2516	52490	すずきさん	10
2516	300000000000080336	motaro	10
2516	700000000000022829	カンベエ	10
2516	1400000000000088407	チョロ松( ・ε・)	10
2516	1500000000000044403	Laglanges あーうー	10
2521	300000000000099391	yuica	9
2521	1000000000000001140	軍鶏	9
2521	1400000000000100163	Player 1007660894	9
2524	300000000000050779	とまぬ	8
2524	300000000000088764	すふぃれあ	8
2524	900000000000028954	グンジ	8
2524	1100000000000097661	ぱるる	8
2524	1400000000000093948	hatsuto	8
2529	400000000000004117	芥川	7
2529	700000000000099074	いたちの書	7
2529	900000000000061187	沙羅	7
2529	900000000000099505	Player 1007639433	7
2529	1400000000000097396	Player 1006563214	7
2534	98822	ファルコ	6
2534	500000000000099879	Player 1007659429	6
2534	800000000000058284	ｻｸﾗ☆多忙のためin減(泣)ｲﾍﾞ仲間様に御迷惑すいません☆	6
2534	1000000000000099983	Ayaya	6
2534	1200000000000014723	鈴	6
2534	1200000000000027105	ひらぶん	6
2534	1200000000000083783	Player 697188444	6
2534	1300000000000099436	銀髪M@STER	6
2534	1300000000000100104	Player 1007562813	6
2543	9520	ZERO	5
2543	11006	マーク	5
2543	500000000000072849	TAKU.K	5
2543	500000000000099838	Player 1007636997	5
2543	1200000000000090565	えぼなな	5
2543	1300000000000051304	ぢゅん＠蹴られたいＰ	5
2543	1300000000000085998	スデビグル	5
2543	1500000000000050345	ピアね	5
2543	1500000000000099759	シアデリア	5
2552	300000000000096923	reedo	4
2552	800000000000097125	青楓	4
2552	900000000000096157	yasuyasu	4
2552	1000000000000072812	くろざね	4
2552	1000000000000099976	湊。	4
2552	1300000000000005504	おぎＰ	4
2552	1300000000000054074	タカヒロ	4
2552	1300000000000099642	鈴兎 猫	4
2552	1300000000000100240	じゃむ	4
2552	1500000000000003303	りりえ	4
2552	1500000000000007279	リア	4
2563	200000000000100154	みりん	3
2563	400000000000090871	Player 1005616372	3
2563	800000000000099389	Player 1007628792	3
2563	1100000000000044459	大宇宙☆銀河	3
2563	1200000000000068262	マル	3
2563	1200000000000099368	Player 1007631164	3
2563	1500000000000085062	ユッキーちゃん	3
2570	100000000000004625	なゆ	2
2570	100000000000099690	ハッチP	2
2570	300000000000046822	ネアンデル	2
2570	400000000000009387	オヤジ	2
2570	400000000000012268	生ビーフン	2
2570	400000000000032415	林檎	2
2570	400000000000084925	サークルン	2
2570	600000000000099017	Player 1007280854	2
2570	600000000000099488	佐川沢	2
2570	700000000000099832	りゅうくん	2
2570	1000000000000099987	Player 1007647770	2
2570	1100000000000008259	くどう	2
2570	1300000000000048387	取得できませんでした	2
2570	1400000000000097215	アイマスP	2
2584	13235	にょろ	1
2584	86135	物理的はぁとｱﾀｯｸ〈SATOOON・ﾊﾟﾝﾂｧｰ〉	1
2584	100000000000034570	unknown	1
2584	100000000000098210	じゃが丸	1
2584	100000000000099768	Player 1007564881	1
2584	200000000000030226	ふくし	1
2584	200000000000100144	Player 1007635250	1
2584	500000000000043130	GJMTPW	1
2584	600000000000002472	みょん	1
2584	600000000000025996	ユニコーン	1
2584	600000000000098940	tak	1
2584	700000000000057717	ろん	1
2584	1200000000000006838	しょくどう	1
2584	1200000000000034823	ヤマト	1
2584	1300000000000077613	Player 1003611901	1
2584	1400000000000000392	キムタク	1
2584	1400000000000054799	いし	1
2584	1400000000000095341	ミラニスタ	1
2584	1500000000000019539	ひめバパ	1
2584	1500000000000067965	10126P	1
2584	1500000000000098895	うな	1
