1	1000000000000013696	ヤキイモ	314200
2	900000000000002693	ぴろむし	294850
3	1500000000000007471	gumicc0	291287
4	1500000000000052509	まこP	277552
5	1400000000000049865	Seed	273380
6	1200000000000004477	井川KP(青狸松)	265807
7	800000000000010304	peacemaker	220961
8	700000000000023758	ザラ紙@環Ｐtheおやぶんぶん	218750
9	200000000000003356	ゆきのふ	218424
10	900000000000040333	たか	211750
11	1500000000000007832	あき	208090
12	1300000000000075634	モンテスマ	192519
13	100000000000002543	じんじゃー	187327
14	200000000000007946	コルティ	187250
15	100000000000024344	こまごめ	181487
16	1000000000000008146	てぃは	181326
17	1200000000000051923	ピヨ彦	176750
18	100000000000003936	k_ichi@道場休止中	174582
19	1500000000000003747	いぐ＠道場休止＆HHP相互埋め募集	174550
20	100000000000015692	あこちん@	169750
21	900000000000006978	ちゃあ	162750
22	700000000000015590	かず	154800
23	400000000000036353	しらたまカフェ	151865
24	500000000000011416	さち＠アリス	151685
25	1000000000000000418	たけ	151350
26	400000000000012475	ナヨタケ	147850
27	1100000000000019458	もやし♪	143462
28	500000000000003019	片桐SO	142279
29	800000000000016315	エレナとれ(エレナ大好きな真美のプロデューサー)	134069
30	900000000000000393	レッザ	131290
31	800000000000006483	ｲﾄｰ	129500
32	51319	ぽこ	127750
33	500000000000072617	アキラ	125877
34	400000000000043203	ナズりん	122400
35	600000000000038658	mistveil	119000
36	400000000000025533	Heaven	116982
37	1200000000000059724	"Ltd.Exp.""Azusa No.2""(8:00新宿発？)＠緋色"	116456
38	200000000000037204	atm	115500
39	1200000000000083963	ニディー	112000
40	800000000000003264	すばる	110949
41	800000000000012102	ＴＨＥ恋	108201
42	800000000000024541	elds	104800
43	700000000000001905	未定（仮）	104136
44	1500000000000015228	マサカゲ	104100
45	1000000000000046698	夏来	101401
46	800000000000001338	ピュアホイップ	100198
47	1300000000000056885	kaz	98932
48	20855	ゴロー	98101
49	1300000000000046598	久乃	98000
50	500000000000041324	遊城JAPAN next	95294
51	600000000000090677	ご存じ最中	93759
52	100000000000073298	ちゃおらん	92783
53	1500000000000076349	yugi	87753
54	1200000000000050999	てお	87641
55	600000000000032119	イセトクホ	87028
56	400000000000001587	桜華	86842
57	1200000000000001623	ひなた★安静中	86757
58	1100000000000004978	思惟	86706
59	100000000000019362	角刈り雀	86013
60	1100000000000007085	のんけ	85527
61	600000000000026422	ソーナンス【千早…すまない……私は…メンチローゾ(環P)だ】	85032
62	1000000000000053660	猫草@歩全所持	84922
63	1200000000000080999	Drugsan	84785
64	500000000000045340	クロ	84000
65	1200000000000053718	成田	83100
66	1200000000000053159	二岡	82997
67	1000000000000063131	アファームド	82711
68	900000000000023767	コウ	82665
69	100000000000059108	*ビロ*	82342
70	1400000000000053502	CaT	82214
71	1200000000000043303	ワルデガルド	81988
72	1500000000000077340	matsu	81842
73	500000000000003773	KD	81741
74	200000000000039578	ASH	81331
75	1500000000000061278	アユム	81330
76	100000000000009115	cham1231	81188
77	500000000000021985	さいか	81088
78	1500000000000046206	お散歩マン	80986
79	400000000000030643	みみみ	80907
80	100000000000022700	わー	80761
81	600000000000035895	ゆみみ	80062
82	1200000000000076867	あずさ	79948
83	1200000000000079254	クマノミ	79624
84	800000000000070409	た～き～	79268
85	1100000000000015285	存在感のない蛇	78751
86	400000000000041571	TK	78554
87	1000000000000056183	幻想万華鏡×フランドール	77852
88	1000000000000077746	アセルテジオ	77794
89	100000000000052529	ぶるっくP	77651
90	300000000000059857	レン	77434
91	300000000000002279	和	77000
92	1300000000000052450	マサキ	76950
93	800000000000071543	まさと	76776
94	900000000000038984	mikado	76744
95	1500000000000060537	しゃこ	75779
96	900000000000011158	直和	75739
97	600000000000006790	ペンギン	75456
98	100000000000060574	ﾕｳｷ	75250
99	1500000000000000348	Leonardo	75172
100	1500000000000053417	key-1	75121
101	500000000000037489	電波Ｐユウヤ（真美やよいＰ）	75065
102	600000000000004524	成宮由愛	74300
103	1100000000000035180	ふぇでぃ	74026
104	400000000000005176	16Bit@ラウメン募集中	73681
105	1500000000000019405	マジノ	73673
106	700000000000007139	K@cho.	73577
107	400000000000055259	Ｄａｙ	73557
108	100000000000052304	わさび(･Д･)	73141
109	400000000000049044	麩	72647
110	100000000000001164	カロリー	72040
111	500000000000076385	ディエゴ	71687
112	1100000000000003341	禿鷹ラック	71500
113	1300000000000045680	宮	71140
114	1100000000000061665	ヘッセ	70903
115	300000000000010800	ta-cos	70238
116	800000000000048533	干将莫邪	69440
117	400000000000085634	椎名久遠	68915
118	100000000000030501	O・K@平凡な無(理のない)課金P	68439
119	400000000000015676	ケル@EH相互埋め募集	68389
120	900000000000022708	なかやん	68285
121	100000000000008391	きくこ	67515
122	400000000000076255	和貴	67290
123	1100000000000029925	なち	67070
124	300000000000047387	ゲゲゲの社長令嬢	66786
125	600000000000001755	水雪	65919
126	9506	ぽこん	65892
127	5614	パヴィ@HHP相互埋め中	65170
128	1100000000000000609	ダース	64993
129	1100000000000048499	ゆめこ	63745
130	800000000000071593	笹つき	63469
131	600000000000053866	十代（オッＰ）	63209
132	1100000000000014212	☆♪☆	63140
133	1100000000000009180	ちけお	63000
134	700000000000008635	朝	62864
135	1200000000000075394	ひるげりょ	62550
136	500000000000046782	ぶちメガネ	62454
137	1000000000000001391	お茶	62203
138	1200000000000003818	クック	61278
139	700000000000010296	Mrtanaka	61263
140	1500000000000051365	すぽると	61228
141	200000000000038690	タロウ	61119
142	1400000000000058171	ブロッコリー	60883
143	1400000000000076232	グリムロ	60813
144	1000000000000083702	パチざえもん	60771
145	400000000000020826	ましゃき	60244
146	30271	闇の傀儡師	60210
147	700000000000010432	もこ㍉	60206
148	1000000000000079023	ユキ	59942
149	21538	コウ	59676
150	3225	すばP	59500
150	200000000000003807	！！！	59500
150	400000000000078546	優等生	59500
153	700000000000046475	じゅん	59110
154	700000000000008297	omk+T	58717
155	1400000000000056021	HINI	58700
156	800000000000010209	アース	58655
157	100000000000036656	なぎ	58133
158	500000000000077209	†ライトニング植村さん†	57486
159	23311	おにしゃす	57471
160	1100000000000014106	KB	57314
161	1200000000000001507	ばし@杏奈可憐道場	57233
162	1200000000000053135	ほっと	57068
163	1000000000000062349	いびちゃ	56698
164	500000000000022517	iseulos	56516
165	1000000000000074892	屋敷	56360
166	1400000000000075666	こおりあめ	56145
167	400000000000015064	san	56000
168	200000000000081470	RGM-79SP	55860
169	1300000000000000015	Ono	55760
170	1500000000000017058	雨魂	55586
171	100000000000059230	ピタゴラ	55246
172	300000000000077977	川島敦美	55083
173	500000000000039054	ヤグルマ	54973
174	1400000000000015579	ペヨンジュソ	54941
175	1400000000000004126	いぬちよ	54828
176	59792	S.S.T.	54731
177	300000000000010864	四畳半＠HHP舞浜、EH莉緒います	54635
178	1300000000000014915	うちなん@歩のHN募集中	54478
179	1400000000000060132	クララ	54467
180	900000000000079429	KAKA	54214
181	1500000000000033736	WassaP	54003
182	1356	ﾌｧﾝﾄﾑP/BO3たのしみ	53917
183	300000000000093811	Ｋ	53895
184	100000000000055011	ぽーるふみ	53873
185	900000000000014980	ふぶき	53762
186	900000000000005508	フィリピン海P@EH相互募集中 出)可奈志保	53756
187	300000000000038485	夕凪	53602
188	900000000000061824	しょうたま	53417
189	1500000000000079384	フルメタル	53389
190	600000000000042492	ＫＪ	53386
191	400000000000052773	ユーユ	53211
192	1100000000000038239	ジョン	53157
193	1000000000000070195	すぴ	53116
194	1200000000000077819	理穗	52641
195	500000000000043474	小柚	52633
196	400000000000001932	革巻	52620
197	500000000000005841	ライオコット	52569
198	1400000000000057584	えびかま	52500
199	600000000000082269	農機具	52446
200	900000000000055003	こんにゃく	52398
201	800000000000037061	PRケイ	52209
202	1300000000000005221	世界ひろし	52203
203	1100000000000004375	ルイ	52063
204	1100000000000027993	asami	51832
205	900000000000082751	ありす	51314
206	100000000000002599	さやっチ	51310
207	1400000000000008256	輝刃＠アルバム埋マーチング杏奈ちゃん	51224
208	200000000000000453	armad	51153
209	1300000000000051793	るた	51129
209	1300000000000080255	りく	51129
211	1400000000000033348	ヒビキ	51124
212	200000000000031876	ぞうさんの	51052
213	200000000000020265	teradamati	51024
214	52083	置物	50905
215	600000000000018172	よしお	50894
216	100000000000056478	ばんり	50849
217	800000000000004417	海。@ホシイモノ埋め募集。	50750
218	100000000000083532	櫻井ミナト	50719
219	500000000000003799	メガネ	50700
220	1400000000000047371	ヘイロン	50674
221	58889	とっとーと	50529
222	1300000000000058514	兎角P	50472
223	1400000000000043515	ふくり	50219
224	800000000000053148	オト	50075
225	600000000000011826	ぽんちゃん	49877
226	34928	にゃん太	49850
227	1000000000000060541	みつをver2.75	49761
228	500000000000055643	御岡(ﾐｵｶ)	49152
229	1300000000000086371	ポコテン	49016
230	1400000000000085858	P(otato)	48995
231	100000000000001556	がいと	48867
232	56603	焦げる	48791
233	1000000000000020546	ごう	48592
234	900000000000003716	トルノ	48464
235	600000000000015329	ガッッキィィィイイイ！！！！！	48438
236	600000000000020597	てくてく	48366
237	300000000000028756	あああ	48234
238	85297	エルレア	48181
239	1500000000000011792	masa	48180
240	400000000000011331	糸引	48100
241	1000000000000053234	まつらいP	48000
242	1200000000000002920	文旦	47972
243	1500000000000008706	しおっち	47902
244	500000000000061905	G-BIT	47535
245	600000000000053992	shuz041222	47531
246	100000000000046071	nao	47528
247	82080	那茶	47472
247	900000000000053029	たちばなP	47472
249	400000000000002957	答えはこうよ・・・イヤァオ！	47431
250	1500000000000003414	mgskmb	47412
251	400000000000033639	ボロンゴ	47351
252	500000000000012516	りこ	47271
253	46335	カイ	47250
253	700000000000002269	ニィニ	47250
253	1100000000000001685	歩道橋	47250
256	500000000000077032	koshi	47074
257	1400000000000001000	メリメリ(相互埋め同僚募集	47071
258	200000000000074727	もみじ	47054
259	1100000000000007786	みにやさい@莉緒P	47016
260	400000000000074618	おけ	46910
261	100000000000013270	よしくん	46705
262	1100000000000027538	いつこ	46640
263	400000000000015485	Kery	46582
264	1000000000000030455	ゆた#同僚募集中	46545
265	500000000000000204	ゆきかき	46536
266	1300000000000019883	フォトン@道場開設中	46506
267	400000000000077819	川尻耕作	46474
268	1300000000000051859	nanakado	46036
269	1200000000000051010	はいとP	45975
270	200000000000022284	いっぷーどお	45969
271	300000000000010323	かんあき	45783
272	900000000000014693	ONU	45766
273	900000000000057711	やよいデッキ構築を目論む劉雄	45667
274	300000000000080036	ゆな	45500
274	500000000000003181	tomas	45500
276	900000000000051992	こたつ	45450
277	300000000000038234	炊飯じゃー	45448
278	1000000000000007190	lp	45363
279	24954	脳筋	45116
280	500000000000056245	なごむ	45081
281	1500000000000073723	ころべえ	44958
282	1100000000000004945	燕十郎	44908
283	100000000000081772	-FairyP	44904
284	1500000000000054295	カリン	44866
285	500000000000000045	朝霧@真ハーレム道場	44375
286	300000000000052147	カキP	44081
287	1500000000000006462	エージ	44066
288	59346	アーリア	44062
289	1500000000000028053	松戸市民	43951
290	100000000000093968	signe	43811
291	1100000000000079427	カイン	43750
291	1200000000000000355	がいこ	43750
293	1400000000000053740	雪炎	43700
294	700000000000055500	リヴァ	43671
295	600000000000007300	o-10	43506
296	900000000000058550	ラル	43316
297	100000000000002992	COM（ヒゲ）	43289
298	500000000000076604	rmkn	43207
299	400000000000000822	碧流√サナ	43132
300	600000000000073720	admir	43079
301	800000000000001666	マックス	43073
302	500000000000031803	でんでん	42856
303	400000000000001371	ロジット	42800
304	1300000000000005188	三郎	42762
305	400000000000005659	ちゃいろ	42569
306	1400000000000045440	惣菜呉屋	42523
307	1100000000000054021	1949	42408
308	1100000000000037442	JUM	42335
309	1100000000000074768	としを	42290
310	1400000000000000065	ハタケ＠茜ちゃんナデナデ道場	42242
311	1500000000000027644	ピロリ菌	42180
312	400000000000006079	raiga_0	42172
313	300000000000039164	サシャ	42072
314	1500000000000005215	イガコズ	42044
315	500000000000060784	どむ	42032
316	1000000000000079629	昴	42031
317	900000000000033257	がく＠HN引き取り手募集中	42030
318	4579	ねおち	42000
318	200000000000054839	あつし	42000
318	300000000000048544	ねもちゃん	42000
318	400000000000083652	はむ	42000
318	600000000000026076	さきサン	42000
318	900000000000000308	ＴＡＫＡ	42000
318	1300000000000059954	玄海のうみんちゅ	42000
325	700000000000003377	果実2､5㍑(゜д゜;)	41823
326	1300000000000061899	ファルコン	41791
327	500000000000016142	まっこ	41687
328	1200000000000042790	やそきち	41584
329	1400000000000060513	雑木林	41492
330	200000000000041141	神田桃	41391
331	1400000000000056068	コマイヌ	41390
332	700000000000051771	浅羽	41380
333	200000000000036034	ぽけみん	41341
334	600000000000051348	りとな	41162
335	1100000000000061769	シャーベット	41130
336	200000000000052627	p@nda	41092
337	14034	茂原	41047
338	1500000000000055350	jihad	40831
339	1100000000000012397	きさらぎ	40666
340	500000000000003330	アイズ	40621
341	500000000000072444	りう	40467
342	86871	田中彼方	40454
343	1200000000000079155	れんびん	40453
344	1000000000000015975	ひでお	40405
345	700000000000057184	dai	40250
345	900000000000014650	てっしー	40250
345	1000000000000056782	ナギ	40250
345	1100000000000075122	Player	40250
345	1400000000000003335	よっしー04	40250
345	1400000000000005598	ぼんた＠百合子P	40250
345	1500000000000004742	LILY	40250
352	1400000000000088678	mayashi	40226
353	1400000000000002131	ジェスハ	40200
354	400000000000000390	EndP@真道場	40151
355	900000000000004540	絹糸	40026
356	1200000000000005238	ワダ	40015
357	1100000000000022876	飛鳥	39936
358	1100000000000028578	しょ	39812
359	300000000000005123	113	39804
360	700000000000003922	ふり～く	39794
361	1300000000000004090	ひとくん	39786
362	1300000000000024685	山電くるみ	39766
363	500000000000091312	*みつぅん	39764
364	1500000000000052277	レイズナ	39762
365	900000000000092523	みちたロンドン	39737
366	800000000000061636	moja	39710
367	600000000000050317	croMisa	39579
368	300000000000013136	トラファルガー・ロー	39551
369	1000000000000033214	さと	39545
370	200000000000011826	このド	39479
371	4174	m249qz5	39405
372	900000000000011167	かずみん	39274
373	800000000000022775	よっしー	39227
374	1300000000000077102	あいにく【Da】	39181
375	1000000000000003314	カズ	39108
376	1100000000000061673	くまモン	39099
377	1200000000000029779	名前	39056
378	700000000000021454	maw-maw	39050
379	900000000000022973	ニケニケ	38983
380	900000000000000220	マーボー	38956
381	900000000000007670	ゆりを	38706
382	1200000000000023308	イソップ	38532
383	300000000000081285	桔梗	38500
383	800000000000002959	ああああ	38500
383	800000000000029131	しぇんまお	38500
383	1400000000000051476	真太郎	38500
387	100000000000006701	stky	38458
388	1300000000000012778	あいなま@歩道場14k↓	38319
389	1200000000000058711	pH＠C.C.C.	38060
390	900000000000056490	コーディーP	38025
391	900000000000037940	■＠NDR114	37981
392	900000000000019429	海豚	37799
393	400000000000000937	ひろき	37758
393	800000000000024902	たっ  たくさんどうぞP	37758
395	200000000000023157	アニマ	37692
396	300000000000053731	活魚	37617
397	800000000000001565	ベリーベル	37600
398	100000000000006495	フェイス	37585
399	1200000000000086368	ム51	37482
400	4014	けも	37259
401	600000000000005484	でっかち	37125
402	200000000000036944	けん坊	36899
403	1200000000000026012	Satomi	36795
404	30539	ルナ・レインボウ	36750
404	200000000000044817	アキ	36750
404	200000000000093051	ＫＡＮ助	36750
404	400000000000001671	まさよしβ版@がんばらない	36750
404	800000000000001555	ソルダ	36750
404	800000000000008119	川-.川	36750
404	900000000000089923	山形アリトモロー	36750
411	77426	コーク	36728
412	400000000000006835	たなか	36689
413	1000000000000001836	アフロ	36604
414	1100000000000007263	みたまくら@ねら	36600
415	300000000000075500	マスク	36592
416	200000000000083589	照山	36564
417	33118	ほっぱんさん	36466
418	500000000000014253	ベネット	36450
419	700000000000010042	ニニクマ	36352
420	900000000000007973	halt	36339
421	200000000000028810	ロックオフ	36158
422	100000000000003829	つばくろ	36075
423	700000000000003446	ポブルセン	35905
424	300000000000003576	はっか	35850
425	800000000000085167	のあん	35586
426	100000000000004013	うなぎ星	35346
427	1000000000000023085	SHOWGO	35311
428	200000000000001004	ヒャッハー	35266
429	1400000000000002818	げっちゅ	35162
430	400000000000072685	ワンダ	35089
430	1400000000000008977	ばうんさー	35089
432	200000000000026015	オデン	35078
433	400000000000084999	岡部	35027
434	41136	シゲル	35000
434	100000000000043956	すみ	35000
434	400000000000006596	ケント	35000
434	400000000000016800	あきら	35000
434	500000000000018161	ピッカー	35000
434	500000000000020258	おかもト	35000
434	500000000000054262	かーる	35000
434	700000000000008758	紫紅＠夜勤	35000
434	700000000000017398	SAS	35000
434	800000000000002827	はとちぃ	35000
434	800000000000012172	ttoshi	35000
434	1000000000000058586	雅也	35000
434	1400000000000006791	ZERO	35000
434	1400000000000053183	z27e5b	35000
448	800000000000078839	白紙	34880
449	400000000000056642	昇華	34779
450	700000000000022467	さはら	34751
451	400000000000012260	あすまん	34635
452	900000000000020793	毘瑠刃院	34467
453	1100000000000004574	エリア	34345
454	1400000000000042374	直心	34333
455	1100000000000037817	シロガネ	34195
456	700000000000082198	武蔵乃森	34100
457	300000000000017757	HEI	33876
458	200000000000035536	饅頭こわい	33823
459	500000000000044867	ふなっしー	33775
460	800000000000046365	うでん	33711
461	11193	true tears	33701
462	500000000000080955	andryk	33680
463	800000000000039005	nhm	33336
464	100000000000000253	なりっち	33250
464	200000000000029572	まーむー	33250
464	500000000000062154	ぽんじ	33250
464	700000000000009311	かずっち	33250
464	800000000000045792	うしくん	33250
464	1000000000000024040	PINE	33250
464	1100000000000002968	あさ	33250
464	1100000000000007557	神原ﾀｽｸ†okutopas†鉄ケツのオルフェン	33250
464	1100000000000082867	Mitsuru	33250
464	1300000000000054616	嫌々めぇとる	33250
464	1400000000000000003	aka3kichi	33250
464	1400000000000004012	フリーダム	33250
476	500000000000000570	伊藤P	33101
477	400000000000002710	RR	33100
478	400000000000036415	Cthugha	33033
479	1300000000000079629	hayabusa	32919
480	1400000000000055598	卓也	32736
481	37180	さくら	32726
482	1300000000000003684	広崎新一	32593
483	900000000000074792	HPH	32551
484	400000000000023004	ニコ	32479
485	200000000000075320	クジンシー	32426
486	1300000000000006850	Generation3	32420
487	1100000000000080603	あすか	32401
488	600000000000001110	モアダッカ	32154
489	43796	ミカコ	31885
490	1400000000000059028	うなぎ	31879
491	100000000000020665	チェン爺	31799
492	57489	たっち	31748
493	1100000000000002749	木霊	31667
494	700000000000039159	☆りいな☆	31634
495	800000000000037448	starmine	31542
496	4574	グァバ葉	31500
496	100000000000054122	プロペラヘッド	31500
496	200000000000002224	tobokiti	31500
496	200000000000011603	yas0806	31500
496	400000000000013032	のりす	31500
496	500000000000086046	庄屋	31500
496	600000000000004448	真影	31500
496	600000000000085312	轟ブラックモア	31500
496	800000000000001462	実況グループKFSIpoliceman(休止中)	31500
496	1000000000000004514	ぶーぱら	31500
496	1100000000000025951	ことぶき	31500
496	1100000000000042032	一番弟子	31500
496	1100000000000073108	モレ	31500
496	1200000000000013597	プレコ	31500
496	1200000000000054868	しのーじ	31500
496	1400000000000081106	あかね	31500
512	500000000000013544	ケイ	31339
513	900000000000051474	haruka. (愚民)	31294
514	1500000000000080018	くしゃとりや	30981
515	200000000000011822	お茶好き@taxi	30817
516	75638	きゆつき	30725
517	27047	ポリアカ	30668
518	900000000000071578	ガント	30665
519	300000000000092690	しゅんす	30650
520	1300000000000000629	れんと	30622
521	800000000000052383	ぴょんきち	30581
522	100000000000000498	けいず	30410
523	300000000000047385	生徒会長	30296
524	300000000000000071	st	30273
525	12677	ふかふぃれ	30264
526	1400000000000000556	ギエ	30175
527	200000000000027183	しろだい	30116
528	300000000000079897	ざこもぶ	30101
529	1100000000000006129	結城明日菜	29961
530	1500000000000081738	けすんけ	29948
531	171	ガラクタ	29750
531	100000000000033225	Apfel	29750
531	200000000000050425	16AK	29750
531	400000000000019226	tomo	29750
531	600000000000032379	まえちゃん	29750
531	700000000000079739	真田結	29750
531	700000000000081463	レームブリック	29750
531	900000000000072934	あざらしそふと	29750
531	1100000000000009386	ブルイン	29750
531	1100000000000010462	tasa	29750
531	1200000000000069373	たけP	29750
531	1300000000000003358	あず@	29750
531	1400000000000002603	あーばん	29750
531	1400000000000040214	オッティー	29750
531	1400000000000092299	Player 1005693150	29750
546	100000000000057898	スーホ	29747
547	1200000000000002176	おまだら	29725
548	900000000000012233	ユメゾウ	29713
549	1443	もっさん@劣等生	29690
550	900000000000051042	カカポ	29660
551	42952	あかり	29639
552	800000000000043395	ぴょん	29596
553	1400000000000020220	おぱんつぁー	29533
554	800000000000000628	スピノザ	29500
555	1300000000000024130	ＳＴＲ	29430
556	800000000000062098	大熊ねこ	29382
557	800000000000040695	ジャスミン	29375
558	200000000000001910	大神華撃団（ナリじゃないよ）	29266
559	100000000000063202	レンヤ	29246
560	500000000000007631	坪倉凛	28816
561	1300000000000081347	おやっさん	28795
562	100000000000007007	木門。	28742
563	1200000000000007531	surround7.1ch	28710
564	800000000000037214	偽マリオ	28515
565	200000000000054934	hisame	28333
566	400000000000075349	ぐれい	28330
567	100000000000002025	みやま	28322
568	1500000000000000519	生麦生米ゆで卵/新子安	28230
569	200000000000061283	あやりん	28215
570	700000000000027498	十羽(多忙につきログイン↓)	28200
571	1100000000000052379	TOSHI	28120
572	900000000000003319	とらこ	28093
573	100000000000012029	たこわさB	28000
573	100000000000036452	陰獣	28000
573	200000000000087803	ハイパーＫ（ｱﾊﾞ女装中）	28000
573	300000000000075279	タングステン	28000
573	400000000000002207	たかうー	28000
573	400000000000052152	ふりぃ	28000
573	500000000000034494	クラビス	28000
573	500000000000052821	やみウサ	28000
573	500000000000057212	よかん	28000
573	600000000000001245	梔子	28000
573	600000000000051045	yac	28000
573	600000000000060047	トール☆†温†要×空○	28000
573	600000000000083458	ニオビスト	28000
573	900000000000077492	ラージス	28000
573	900000000000079776	くにさん	28000
573	1000000000000000251	jonah	28000
573	1200000000000009528	チェックマン	28000
573	1300000000000001340	[劇場版ﾗﾌﾞﾗｲﾌﾞ!]蒼崎橙子[好評発売中!]	28000
573	1300000000000003714	オカン	28000
573	1400000000000050659	禅々	28000
573	1400000000000077690	ツルペタマン	28000
594	1500000000000030153	テイル	27917
595	800000000000007033	しゅれん	27915
596	1500000000000000418	ＴＡＫ	27910
597	1200000000000078872	ショウ	27795
598	100000000000042284	黒有	27774
599	1100000000000006812	ナチュハモ	27720
600	1000000000000002898	だぢー	27606
601	1100000000000050467	ヒゲ	27598
602	900000000000023728	おさかなセンター	27570
603	1300000000000001932	山陽Ｐ	27527
604	1400000000000000736	ミー	27378
605	1300000000000081656	わかたか	27340
606	1400000000000055576	やもご	27220
607	62455	ごしゅＰさま	27101
608	400000000000023722	ゆき	27100
609	1400000000000001718	なのの	27096
610	200000000000039383	モリノフG	27070
611	500000000000071220	ヒビシス	27028
612	1200000000000057049	stray bunny	26970
613	400000000000052569	ナカムラ	26949
614	900000000000052122	かとしん	26730
615	800000000000057876	もりそー	26695
616	1200000000000002146	バンバp	26631
617	800000000000043140	fk2	26613
618	3605	浜通@昴SR9種道場	26574
619	1500000000000028655	いっさ	26506
620	100000000000015366	Тоёсики	26366
621	600000000000038348	たか帝王	26346
622	1300000000000001568	☆猫まる☆	26322
623	1300000000000031187	ともひろし	26265
624	900000000000010066	ビュウ	26257
625	300000000000056693	マスオ	26250
625	800000000000039447	リョウヘイ	26250
625	800000000000041203	KASE	26250
625	900000000000061801	キャップ	26250
625	900000000000071599	poruporu	26250
625	1000000000000002567	いな	26250
625	1000000000000010419	hds	26250
625	1000000000000047815	篠袮	26250
625	1100000000000073911	Xross-fade	26250
625	1100000000000091233	さく	26250
625	1300000000000057106	沖田りっく	26250
625	1500000000000006965	ばんさん	26250
637	100000000000027307	たれうさ	26218
638	77932	DICE	26045
639	1000000000000005182	スライガー	26024
640	800000000000073761	ラージス	26018
641	100000000000002617	二階	25995
641	1300000000000087140	まかろん	25995
643	400000000000075084	BIGGATE	25978
644	400000000000054196	もやし姫	25908
645	1400000000000001419	ぱぷわ	25862
646	300000000000004042	田中太郎	25830
647	1100000000000032628	熊五郎	25804
648	27638	なんとでも	25784
649	53933	のせ	25755
650	5742	Masi69	25750
651	800000000000058561	amah	25676
652	1300000000000007415	かぐら	25544
653	1200000000000005500	のっぺ	25542
654	600000000000023306	ハヤブサ	25524
655	200000000000003861	佑 -task- 豺華広報担当	25468
656	1200000000000080613	dat	25464
657	700000000000000557	カナリアP＠大和撫子道場	25408
658	1400000000000027357	ひかる	25350
659	1200000000000045653	カープ	25324
660	300000000000002346	スカル	25288
661	1400000000000002120	リバー	25286
662	1000000000000003693	新星☆将軍	25280
663	400000000000004521	ヒロト	25194
664	1883	ビッグボス	25068
665	400000000000037988	がくし	25028
666	1200000000000065342	マグネ@同僚募集中	24995
667	300000000000042631	双星神の銀色の方	24932
668	1100000000000004099	TAN	24911
669	1400000000000000037	にものP	24804
670	1500000000000025240	にゃんちゅう	24741
671	300000000000003166	ｸﾙｰｶﾞｰ	24718
672	800000000000095924	リーダー	24589
673	1100000000000011076	あにあに	24520
674	900000000000030965	ノヴァ	24504
675	1827	ぐーす	24500
675	100000000000003520	かずさ	24500
675	100000000000003705	アクセル	24500
675	300000000000000016	くまのすけ	24500
675	300000000000000314	ru-ru	24500
675	300000000000006564	SU-3	24500
675	300000000000011902	ふじこ	24500
675	300000000000032089	ヒロ	24500
675	300000000000092816	あつくん	24500
675	400000000000085513	うどん	24500
675	500000000000021789	翁	24500
675	500000000000029102	わたりんこ【ダビ伝】	24500
675	500000000000039438	goro56	24500
675	500000000000062127	たっぴ	24500
675	600000000000048192	かき	24500
675	700000000000004978	kawanokou	24500
675	700000000000044963	ナオ	24500
675	900000000000036022	ねるね	24500
675	900000000000051387	光軍	24500
675	900000000000083618	よね	24500
675	1000000000000004437	のーぶる	24500
675	1000000000000058804	コバコバ覇王籠月槍	24500
675	1000000000000073987	蒼乃	24500
675	1100000000000047117	ヴァレン	24500
675	1200000000000025659	あこ	24500
675	1200000000000030558	アルコイリス	24500
675	1200000000000033886	みっちー	24500
675	1200000000000061869	Markん	24500
675	1300000000000046803	ゼルア	24500
675	1400000000000028374	yskmg30	24500
705	900000000000040191	かっちゃん	24417
706	500000000000051173	すばるん	24372
707	500000000000051083	虎姫＠腰痛	24349
708	1500000000000000222	ひぐらし	24260
709	1300000000000077071	南瓜	24243
710	500000000000062319	はち	24233
711	1000000000000001128	GOTTU	24188
712	1400000000000055889	shin	24013
713	1100000000000000690	しろぽっこ	24003
714	100000000000003978	COM	23981
715	5131	may star	23928
716	200000000000036350	まめ	23880
717	1500000000000077350	ツォッツィー	23877
718	400000000000008683	紘八	23770
719	1100000000000055273	じなんぼう	23684
720	700000000000047781	あき	23476
721	400000000000091912	kdst	23395
722	1100000000000000402	うるう	23335
723	400000000000006284	brightwb13@GNH君prpr	23320
724	1300000000000047673	吊橋哲	23298
725	1000000000000017673	順平	23120
726	500000000000008209	トモクオ	23112
727	300000000000003773	のほほん	23079
728	900000000000002391	ぱぶろ	23072
729	800000000000005468	ツクモ	23047
730	1100000000000058776	じゃがいも	23035
731	900000000000005316	ゆーか	22979
732	100000000000025213	Boneless39	22864
733	600000000000085628	あんぱん	22826
734	900000000000035880	クヌリン	22794
735	500000000000095021	C12H24O12	22790
736	300000000000022618	まりあ	22750
736	300000000000081918	もっち	22750
736	400000000000009447	青井*主にｱｲﾏｽ活動中*	22750
736	800000000000004491	保木	22750
736	800000000000074017	ryouman	22750
736	900000000000006335	にゃぐ	22750
736	1200000000000005575	エビ地理@グリマス	22750
736	1200000000000033140	ヒノヒロト	22750
736	1200000000000091600	Mr.DREAMER	22750
736	1400000000000056087	parposya	22750
746	1200000000000051601	雪月花 桜	22616
747	700000000000001540	フェン	22586
748	1100000000000058166	ちいさなさん	22559
749	200000000000055464	ほくと	22438
750	700000000000018803	あこ	22425
751	1200000000000002749	いがたろう	22396
752	1500000000000030207	みょんみょん	22380
753	300000000000083629	Akatsuki	22340
754	500000000000085026	ヨシヨシ	22304
755	1500000000000007071	ぽこ☆うさぎ大好き♪	22260
756	1400000000000040526	rance	22141
757	1500000000000028563	上田ニスタ@海美道場	22122
758	200000000000001789	ﾋﾛﾋﾟｰ@in率低め?	22080
759	900000000000044687	ぼつらくP@ミリ仙台	22009
760	200000000000086690	花丸うどんm	21955
761	1200000000000052601	みこらいお	21884
762	200000000000079061	maidoman	21880
763	1500000000000073331	びっつりー	21860
764	200000000000093495	龍KAI	21822
765	700000000000024086	しげ	21816
766	1200000000000055943	トビー	21723
767	1500000000000000545	とっくまん	21663
768	1400000000000076644	ゆうりどん	21626
769	1300000000000079532	ジェリー	21620
770	1400000000000050526	ウルトラ漢気♂ステップ	21584
771	300000000000000357	たりうP	21459
772	900000000000001217	リン	21438
773	500000000000013799	梨緒菜    バイトの為コミュの更新&コメ率低下	21435
774	1000000000000039341	フォルテ	21284
775	800000000000043127	TOMI	21259
776	500000000000061692	とりしま	21216
777	1200000000000009177	臨堂けい	21175
778	900000000000006555	ツナサンド	21151
779	500000000000000556	ゆっ	21140
780	1500000000000000074	liyn	21136
781	600000000000004932	グレーまん	21124
782	58132	FIowER	21090
783	1100000000000031688	稲妻の斬撃	21029
784	72138	いんとんさん	21018
785	100000000000004784	ジン	21000
785	100000000000075501	昆布巻きＰ	21000
785	200000000000088559	美咲	21000
785	300000000000004617	つねづね	21000
785	700000000000005290	作者レイイチ	21000
785	700000000000073631	kannjinn	21000
785	700000000000078210	かび	21000
785	800000000000000453	ミナトん	21000
785	800000000000010925	ジョニー	21000
785	800000000000035791	こうちゃんのパパ	21000
785	800000000000080790	アキサト	21000
785	1200000000000010116	あかい/×in率低	21000
785	1200000000000010169	消火器	21000
785	1200000000000062515	みよん	21000
785	1300000000000076106	イカトゥン	21000
785	1400000000000002222	nadegata	21000
785	1500000000000024553	mechyl	21000
802	800000000000056759	クラエア	20995
803	600000000000043323	のりたま	20705
804	1000000000000049527	ダイサク	20672
805	1500000000000002951	×あふぅ†紅魔郷†	20646
806	200000000000005513	ももた	20637
807	800000000000051280	nike	20628
808	1300000000000055408	白いの	20554
809	1300000000000051875	しょうさん	20548
810	1200000000000082521	昭和維新	20542
811	1300000000000074721	ユライア	20534
812	600000000000000212	みょーちゅー	20501
813	1000000000000081385	まめぞー	20293
814	1200000000000003594	ぱれっと	20188
815	900000000000008368	臙梅	20160
816	900000000000001996	F51	20080
817	1400000000000006870	ミヤ	20010
818	300000000000072606	市民	19918
819	600000000000072075	NANA	19868
820	800000000000036682	長谷川P	19704
821	900000000000000417	かくばる	19699
822	300000000000015723	北習志野	19669
823	1000000000000010255	ロビン	19645
824	1000000000000003160	ＳＱＵＡＲＥ	19602
825	1100000000000010034	ＡＱ	19582
826	500000000000078458	ささみ	19551
827	100000000000086706	キー	19527
828	74691	みおぽん	19459
829	1300000000000038846	ボン	19452
830	300000000000044148	ナベちはる	19399
831	1200000000000020305	kazha	19286
832	500000000000074853	チェイス	19284
833	100000000000045736	ふむう	19282
834	1300000000000032388	ゆん	19266
835	1400000000000096600	レノン	19258
836	13454	でじぃ	19250
836	45853	きさは／こばんなまらP	19250
836	100000000000060722	ＴＭ	19250
836	300000000000005346	Jyumanji	19250
836	300000000000020351	ARAKAZAM	19250
836	400000000000002125	シロネギ	19250
836	400000000000092822	ハコねこ	19250
836	500000000000088295	真奈美	19250
836	600000000000047220	たぬろす	19250
836	600000000000050912	ぽっくり(ブレフロにハマリ中)	19250
836	600000000000095098	Player 1006228022	19250
836	700000000000000685	さとる	19250
836	700000000000007130	カナ	19250
836	700000000000073632	らいらい	19250
836	800000000000091607	めろちょ	19250
836	900000000000041754	シゲキング	19250
836	1100000000000003382	zpqJduC7	19250
836	1200000000000054329	NACS	19250
836	1200000000000075781	サニー	19250
836	1400000000000010255	たい	19250
836	1400000000000075992	Player 1003242126	19250
836	1500000000000058354	ティクス	19250
836	1500000000000084112	アハト	19250
859	1000000000000008189	ライク	19240
860	1100000000000038533	灯羅木	19182
861	800000000000007972	バーガースケーター田尾寺	19172
862	300000000000000396	たなか	19120
863	600000000000004675	黒瀬	19068
864	600000000000008526	ヤスキチ	18939
865	200000000000067103	Seraph	18934
866	900000000000027709	ナチフ	18786
867	300000000000079699	1000	18783
868	300000000000082670	ヤキイモ	18768
869	400000000000018530	しいなわたる	18610
870	400000000000073222	たこ	18506
871	56999	にじいろびより	18491
872	1400000000000001332	yuki	18483
873	92882	江流	18475
874	700000000000003133	コタツ侍＝アンチョビP	18450
875	700000000000052246	そらきち	18350
875	700000000000075330	ハイダル	18350
877	1300000000000034317	GHD	18348
878	100000000000007664	イケ	18343
879	900000000000076643	オッサ	18296
880	900000000000075225	バンディエラ	18240
881	1300000000000077112	ゴドー	18179
882	1100000000000080979	ナーバス	18137
883	1200000000000073870	dede	18111
884	400000000000038099	はるる	18057
885	1500000000000044695	M＠Kｉ	18028
886	1500000000000001371	kerberos	17970
887	588	うにりんご	17900
888	300000000000002352	クリボー	17892
889	1200000000000005215	Ａ	17879
890	700000000000040162	くらいま～♪	17785
891	400000000000004032	きゅ	17733
892	18990	ゆうたす	17613
893	500000000000003501	城崎	17576
894	1500000000000013549	ハット	17559
895	200000000000012494	アサバス	17536
896	1500000000000013453	ソラ	17526
897	900000000000005221	TAKE.N	17520
898	4447	マー太郎	17500
898	100000000000002988	ヤジン	17500
898	100000000000016611	紺 ☆ ｺﾒ流れたらｺﾞﾒﾝﾅｻｲ ☆	17500
898	100000000000045650	†アインス†	17500
898	100000000000056495	フィーロ	17500
898	100000000000058028	talk	17500
898	200000000000005154	リン	17500
898	300000000000017280	いわまさ	17500
898	300000000000021143	ナハト	17500
898	700000000000018290	ぐっっち	17500
898	700000000000079466	ArKLupin	17500
898	800000000000037769	PaRiPo	17500
898	800000000000058718	しーな	17500
898	900000000000024666	ぷち	17500
898	1000000000000004275	βカロチン	17500
898	1000000000000051510	干瓢	17500
898	1200000000000073659	あやのっち	17500
898	1300000000000007309	ひおーぐう	17500
898	1400000000000068577	つーさん	17500
898	1500000000000000637	zendaman7651	17500
918	1300000000000024927	どis	17484
919	300000000000023395	かわぐち	17346
920	700000000000041900	わんこ	17321
921	1400000000000021474	LOSSE	17215
922	400000000000001779	some	17214
923	1767	まこっち	17201
924	1000000000000037420	ケンタロウ	17164
925	1500000000000060296	ロキ	17126
926	1000000000000003988	金桃	17085
927	80421	式．七夜	16986
928	900000000000051506	トーマス	16918
929	700000000000082299	ファンテ	16913
930	1300000000000076312	くるせいだー	16908
931	700000000000050957	れっじゅ	16899
932	800000000000077341	ミドル	16860
933	700000000000081475	熾天	16683
934	1500000000000027672	DESTINY	16612
935	1400000000000005225	fu-re	16565
936	1000000000000017886	sh	16533
937	200000000000083023	ゆ～おか	16416
938	1300000000000002381	渥美P	16368
939	300000000000075218	シャイリー	16359
940	500000000000081259	バーニャ	16323
941	34037	りーす	16271
942	200000000000004429	はくれい	16254
943	1500000000000020377	気づいたら飛んでたかいしゃ	16229
944	300000000000072676	K	16172
945	100000000000092104	ハルハラ	16089
946	1500000000000044696	ルイ	16083
947	1100000000000009525	オビ	16073
948	800000000000023487	とこまたP	16020
949	1100000000000000303	たっく	16017
950	1300000000000085845	びーえす	15991
951	1000000000000001326	グダくさん	15976
952	100000000000008279	かん	15970
953	1200000000000032790	さち	15914
954	900000000000015373	Jack	15894
955	1400000000000045502	ens	15753
956	16442	アルファーまん	15750
956	60983	うまい棒	15750
956	73675	sTar	15750
956	100000000000001240	お散歩大魔王(元アッキー♪)	15750
956	100000000000005384	マー	15750
956	100000000000030354	まこやん	15750
956	100000000000050586	焼き饅頭	15750
956	200000000000033532	オカ	15750
956	200000000000074089	モデナ	15750
956	300000000000008757	tara22	15750
956	300000000000054285	おろし丸	15750
956	400000000000002001	ジャスティス	15750
956	400000000000051927	K-OG	15750
956	400000000000051977	カズ	15750
956	400000000000084211	さささみ	15750
956	500000000000049552	yotchi	15750
956	700000000000002750	トシ	15750
956	700000000000087609	98jiwoon	15750
956	700000000000088284	リンクス	15750
956	800000000000001488	くろスラ	15750
956	800000000000027508	青き炎の解放者(笑) 戦獅子P@VG好きの律子P	15750
956	800000000000062146	野良ですニャ	15750
956	1000000000000029590	☆+゜左之助 +☆″	15750
956	1000000000000085645	ツクダ	15750
956	1100000000000000418	遠心力	15750
956	1100000000000004419	サイボーグG	15750
956	1100000000000007335	ほにぉん	15750
956	1200000000000000340	ぴよひよ二等兵	15750
956	1200000000000008424	meshutiarica	15750
956	1200000000000034161	アリア	15750
956	1300000000000006766	ローバー	15750
956	1400000000000004567	シーマン	15750
956	1400000000000021858	カモフラージュ	15750
956	1500000000000021941	ryoto	15750
990	900000000000050486	シマ	15725
991	1200000000000004473	アースライト	15674
992	1300000000000000753	コシ	15667
993	1500000000000062049	紅音@赤い傀儡師	15660
994	400000000000000715	トラ	15640
995	51903	kohei	15625
996	1100000000000086376	Player 1005113163	15596
997	300000000000093518	祐介	15545
998	200000000000004625	もときんぐ	15497
999	1200000000000056987	かすみん	15486
1000	1200000000000036995	午後P	15200
1001	100000000000008376	鯨P	15177
1002	100000000000001239	白スク	15172
1003	700000000000025849	ブキャナン	15161
1004	100000000000062946	まるヒロ	15158
1005	1500000000000031982	ひげくじら	15084
1006	900000000000004709	しょっく	15024
1007	1000000000000023164	lsy62762	15017
1008	1500000000000006685	あんこ	14956
1009	200000000000027684	ぐっさん	14903
1010	1500000000000085208	サブロウタ	14841
1011	1400000000000053895	かもや	14745
1012	1500000000000073873	白峰	14721
1013	1500000000000030770	ラト	14676
1014	600000000000061030	ワタハ	14673
1015	400000000000080456	sagu	14640
1016	1100000000000047113	クッキー	14525
1017	1100000000000047487	どらねこ(勤務中/お仲間に感謝)	14452
1018	400000000000061737	オチバ	14447
1019	600000000000080171	IKED	14400
1020	600000000000079790	sui-un	14373
1021	1500000000000002027	どーつ	14342
1022	100000000000037251	ユキ	14283
1023	100000000000051524	やまと	14230
1024	1000000000000023772	赤いきつね	14212
1025	85262	バルマー	14204
1026	300000000000050510	紫苑	14197
1027	700000000000005659	陸奥	14163
1028	700000000000014500	あいさく＊	14144
1029	1942	ゆ～とぴあ	14136
1030	700000000000011518	グレ吉	14130
1031	200000000000043086	おかず【まったり(*´-`)】	14072
1032	53255	テリー	14071
1033	500000000000005719	マルマ	14056
1034	600000000000074665	tairamune	14036
1035	600000000000051629	yzk	14025
1036	30247	キウイ	14000
1036	100000000000000734	wago	14000
1036	200000000000017580	chipcup6th	14000
1036	300000000000020424	たい焼き	14000
1036	300000000000086536	うぼのり	14000
1036	300000000000087801	Cueee	14000
1036	400000000000000535	ヤマジン	14000
1036	400000000000012773	ぱうえる	14000
1036	400000000000025686	うぃんたーず	14000
1036	400000000000072083	coconamu	14000
1036	500000000000001981	雨蛙	14000
1036	500000000000002738	GAKU	14000
1036	500000000000007339	瑞鶴	14000
1036	600000000000025000	スノードロップ	14000
1036	700000000000095424	ぶり	14000
1036	800000000000053157	そら♪招待メールスルーお願いします（^人^）♪	14000
1036	800000000000075135	みさと	14000
1036	900000000000008847	いーさん(^_^)/	14000
1036	900000000000061164	にくすけ	14000
1036	1000000000000005882	MISAWA PT-27C	14000
1036	1000000000000026728	火鳥泉行	14000
1036	1100000000000021205	CO@	14000
1036	1200000000000086259	なおのすけ	14000
1036	1300000000000024575	かた	14000
1036	1500000000000033454	れんと	14000
1061	600000000000094912	なべ	13949
1062	1300000000000005283	クロエ	13909
1063	1200000000000001988	‡ヒイロ‡	13893
1064	1200000000000011912	わな	13884
1065	500000000000042978	ｱﾘｹﾞｰﾀｰ	13860
1066	900000000000045111	ew_prof	13830
1067	200000000000074241	オーガ	13820
1067	500000000000040359	まーだむ	13820
1069	1200000000000081014	葉菜	13814
1070	700000000000007191	山本山 Team神龍	13804
1071	700000000000024583	とにー	13793
1072	53363	ヴァリー	13774
1073	1100000000000092420	黒耀眼 (とりあえずは平常運転…(-_-)	13756
1074	1300000000000006509	アナグマIII	13705
1075	1500000000000017087	クロスケ	13692
1076	100000000000054426	うるる*全ﾏｼﾞｯｸ感謝＊NG無*	13691
1077	1100000000000003996	虹幻珠主 ･･居ない訳では無いのです	13684
1078	500000000000081057	葉月アキ	13683
1079	100000000000013353	くさもち	13660
1080	200000000000020863	たむ	13617
1081	1500000000000061689	ko-hey	13598
1082	1000000000000052676	ざりがにマイケル二郎	13552
1083	600000000000092990	k.s	13550
1084	600000000000003493	ｽｶ	13492
1085	800000000000014945	田口山田	13481
1086	1100000000000012228	のんやま	13468
1087	100000000000075842	トモ	13462
1088	1000000000000006957	Elico	13393
1089	100000000000023703	よー	13388
1089	200000000000036325	じゅん	13388
1091	200000000000010863	ミッチー	13374
1092	800000000000078734	kagami	13370
1093	81929	ウダラッシュ	13318
1094	1000000000000083615	ソイソース	13264
1095	600000000000080001	ダニーMk-Ⅱ改@僕の想いは届かなかったよorz	13155
1096	500000000000009522	くま	13150
1097	600000000000072680	星野	13143
1098	600000000000073947	ぽんこつ魔人	13100
1099	1500000000000046953	トラノオ	13096
1100	400000000000040793	ふたは	13069
1101	61512	きららん	13062
1102	1100000000000011277	かわ氏	13050
1103	900000000000002035	チーズ	13017
1104	300000000000085776	なつ	13005
1105	400000000000007919	はりおむ	12900
1106	1100000000000022483	哩	12895
1107	1000000000000003753	ハリネズミ	12890
1108	1100000000000094240	ナイチンゲール	12886
1109	600000000000058935	jinx	12885
1110	600000000000081640	ろまん	12861
1111	72177	オキス	12857
1112	1100000000000060170	いなみ	12827
1113	1000000000000072556	ＴＡＫＥ要請▲暫く多忙	12817
1114	1500000000000003223	アカツキ	12770
1115	300000000000005062	瀬戸内鞆矢	12712
1116	1100000000000031421	ＤＡＩ	12701
1117	700000000000061932	い-じ-	12693
1118	1500000000000005702	Ｄ.ゆたか	12667
1119	1100000000000053444	ラセツオニガシマ	12626
1120	1200000000000038796	ばばっち	12580
1121	500000000000053316	ナマコ	12578
1122	80372	はと先輩	12570
1123	1000000000000053219	ヘルハマー	12565
1124	300000000000009465	ddrks	12502
1125	700000000000005250	ﾚｯｸｽ	12420
1126	400000000000076025	久遠	12400
1127	800000000000015050	からあげP	12380
1128	1400000000000051202	123	12375
1129	500000000000036378	サク	12371
1130	200000000000013174	hull	12364
1131	85368	モリキミ	12358
1132	1300000000000061952	REBECCA	12347
1133	1000000000000002680	式守四太夫	12329
1134	1300000000000096433	山菜	12322
1135	900000000000079189	ヌヌーピー	12311
1136	500000000000004258	UNCHAIN∞WORLD	12286
1136	500000000000087383	アユミ	12286
1136	800000000000028098	安心院 鐸玻	12286
1139	16940	シゲ	12250
1139	34273	ケバブ	12250
1139	200000000000033489	澪	12250
1139	200000000000074714	OMAME004	12250
1139	200000000000079594	mark	12250
1139	300000000000023155	あき	12250
1139	400000000000009925	マイザミ	12250
1139	400000000000052042	神宮寺コゴロー	12250
1139	400000000000074127	Nintendo倒すマン	12250
1139	500000000000001127	鞠雛影葉	12250
1139	500000000000003422	セイジ	12250
1139	600000000000004693	のわあるP	12250
1139	600000000000004866	ヤマネコ	12250
1139	700000000000047664	ケイト	12250
1139	900000000000008008	ハンター	12250
1139	1100000000000030445	CCC-AXE	12250
1139	1100000000000053116	ヤマト	12250
1139	1200000000000010717	にしおり	12250
1139	1200000000000039757	万年睡眠不足	12250
1139	1200000000000051048	清那	12250
1139	1300000000000024893	みゅらたん	12250
1139	1300000000000085613	ひかみ	12250
1139	1300000000000091664	mind	12250
1139	1400000000000081104	こばまる	12250
1139	1400000000000093875	RIVI	12250
1139	1500000000000002059	ローラ	12250
1165	1000000000000055119	Rogi	12232
1166	1100000000000004031	真紅	12225
1167	1300000000000074408	ぽそぽそ	12080
1168	1200000000000015503	コウテイ	12053
1169	200000000000000866	ジョスカ	12013
1170	900000000000000436	りんご酢	11980
1171	11735	ゴンタロス	11973
1172	900000000000062858	どんぐり	11906
1173	300000000000024212	そら	11901
1174	7302	山犬	11870
1175	300000000000001682	ｼﾞｮﾆｰ･ﾗｲﾃﾞﾝ	11856
1176	400000000000029917	ダイス	11855
1177	1200000000000005691	ギョク	11852
1178	100000000000004276	かづき	11810
1179	700000000000004400	河城にとり	11777
1180	800000000000039385	六十二番	11776
1181	1300000000000043684	剃屈白瀧	11720
1182	1400000000000021278	よろい着た人骨	11714
1183	1200000000000000883	神楽霜月	11664
1184	900000000000074920	mikan2	11639
1185	800000000000001609	ドルさん	11632
1186	200000000000074352	ふぃーるど	11496
1187	300000000000028562	沼地	11466
1188	1500000000000002943	グラドウォラ	11454
1189	1400000000000062587	璃音	11394
1190	600000000000033382	紅∀	11348
1191	1100000000000020647	サメハダ	11329
1192	200000000000000608	真昼	11256
1193	800000000000031089	しーちゃん	11169
1194	500000000000023041	ガンジーP	11143
1195	400000000000023779	ウサギ＠隠居勢	11084
1196	61184	hr	11074
1196	900000000000011440	よいち	11074
1198	900000000000087961	lynx46	11062
1199	1200000000000009188	トレゼゲ	11040
1200	800000000000000598	dic	10981
1201	100000000000052950	ラムス	10980
1202	200000000000019537	?	10968
1203	400000000000024695	リサキラ	10965
1204	1200000000000041853	さす	10914
1205	900000000000040140	シキ	10869
1206	1100000000000088117	カズ	10860
1207	600000000000057620	hiradon	10857
1208	400000000000004451	タイダ@パークス組	10840
1209	700000000000009920	NAVY	10826
1210	200000000000003691	MAX微糖ｺｰﾋｰ	10824
1210	1000000000000001011	マーサ	10824
1212	700000000000001316	ういっちょ	10816
1213	600000000000006108	びーる	10786
1214	900000000000038843	ろん	10764
1215	54470	シュンヤ	10757
1216	27812	ガーベラ	10696
1217	1400000000000053586	Kuraun aaa	10674
1218	300000000000004928	ﾐｽﾀｰ紙袋	10647
1219	1500000000000075794	りな	10634
1220	1000000000000000740	フブキ	10614
1221	500000000000001946	零音	10585
1221	500000000000080305	おちゃづけ	10585
1223	400000000000014760	∞ミカ∞▽	10552
1224	1000000000000000066	エリフリーデ	10539
1225	1000000000000007926	鴨せいろ	10530
1226	800000000000053226	ニラ	10515
1227	50259	某∠( 'ω')／	10500
1227	59345	鶯	10500
1227	94172	池田薫	10500
1227	100000000000009601	麦茶	10500
1227	100000000000051538	修理	10500
1227	100000000000095142	LARK	10500
1227	200000000000044510	☆	10500
1227	300000000000004397	ﾒﾛﾝﾊﾟﾝ	10500
1227	300000000000078500	Pat	10500
1227	400000000000004763	ドゥー	10500
1227	400000000000044519	怪盗メロポン	10500
1227	500000000000006918	らい	10500
1227	500000000000030414	ねる	10500
1227	500000000000073377	ミニミ	10500
1227	600000000000077348	GSDF	10500
1227	700000000000019107	おみやさん	10500
1227	700000000000061689	轟真	10500
1227	800000000000004661	シトラス	10500
1227	800000000000010685	よしひ	10500
1227	800000000000018576	KINSAN	10500
1227	800000000000079936	RAY	10500
1227	900000000000002498	てっぺ	10500
1227	900000000000027473	ナマヤキ	10500
1227	900000000000031593	えんび	10500
1227	1000000000000003688	篁	10500
1227	1000000000000046951	青紫蘇	10500
1227	1000000000000053393	ゆーじ	10500
1227	1100000000000061949	yowamushikid	10500
1227	1200000000000007501	ABEX	10500
1227	1300000000000027633	蒼南瓜	10500
1227	1300000000000061757	たいが	10500
1227	1300000000000082437	SASUKE	10500
1227	1400000000000025037	もみじ	10500
1227	1400000000000047803	key.r	10500
1261	300000000000041136	金星蟹	10461
1262	600000000000004854	HIDE【出)HN2枚：求)ﾛｺHN1枚】	10390
1263	1100000000000021476	白米@グリマス同僚募集中	10368
1264	1400000000000004537	ゆかお	10336
1265	900000000000000304	麦秋	10322
1266	500000000000014068	ポニ萌え	10309
1267	1000000000000034138	ＥＧＯ	10268
1268	900000000000015916	jinx	10248
1269	400000000000042043	wagrr	10140
1270	1500000000000032329	ちりげＰ	10117
1271	100000000000030567	えどがわ	10111
1272	300000000000068071	ツキヨザト	10110
1273	600000000000059356	AA	10098
1274	1400000000000008128	Crescens	10070
1275	600000000000086426	marcellis	10047
1276	900000000000051385	ふ～た	10008
1277	200000000000000928	Gadget	9968
1278	200000000000001104	ユーテ	9957
1279	800000000000080377	ヤスヤス	9930
1280	1000000000000024848	バリ	9907
1281	1100000000000086309	海苔	9899
1282	1300000000000074311	トム	9897
1283	34256	クトゥス	9826
1284	75608	むくさん	9814
1285	300000000000081797	ゆーみ	9793
1286	400000000000087986	Player 1005525092	9781
1287	400000000000087976	黒崎闇奈	9754
1288	800000000000029616	リオンレーヌ	9707
1289	1500000000000008495	Key	9680
1290	400000000000042317	Hagi	9675
1291	800000000000002626	つうさん	9660
1292	400000000000001249	よっしー	9657
1293	1400000000000085487	tarojan	9643
1294	800000000000009120	ATS	9600
1295	1000000000000010337	職安マン	9594
1296	1200000000000001417	にっくん	9586
1297	100000000000050735	すみれの	9564
1298	900000000000085589	yagi	9529
1299	500000000000018497	niyairu	9492
1300	300000000000047782	hbbnn430	9428
1301	1100000000000045574	ぶちょう	9426
1302	1400000000000018770	shero	9396
1303	1100000000000069295	たけのこ	9388
1304	1100000000000035541	Taku	9380
1305	1000000000000081070	融甫(ゆうすけ)	9358
1306	1300000000000000189	サトキチ	9321
1307	1300000000000062278	NODの空幻	9298
1308	900000000000035547	つ～	9252
1309	1500000000000030352	サゲ彦	9224
1310	47777	p@Pa	9204
1311	400000000000022765	リュウ	9142
1312	700000000000000927	ムヒソフト	9115
1313	900000000000056630	カーボロッキＰ	9113
1314	1500000000000083726	凛凛凛ちゃん	9063
1315	700000000000013672	炎神竜	9057
1316	200000000000088568	大一大万大吉	9004
1317	1100000000000005056	メガネ	8967
1318	1300000000000046167	ぐっさんー招待スルーして下さいー要請×	8944
1319	1400000000000013304	ヤスくん	8940
1320	400000000000022991	石動	8930
1321	1400000000000030687	につは	8898
1322	600000000000002237	ややも	8879
1323	600000000000045351	果子p	8873
1324	1500000000000093764	mikio	8858
1325	1300000000000035427	天地人	8840
1326	1000000000000052625	はくろう	8820
1326	1300000000000063262	がや	8820
1328	6057	ζ*'ヮ')ζ＜全力全壊	8818
1329	1200000000000074537	マルコ(けいこForever)	8805
1330	900000000000001905	akiaya	8789
1331	5818	シーター	8786
1331	20492	ｶﾄﾚｱ	8786
1333	1400000000000003146	真鈴	8770
1334	1400000000000052211	りあ	8752
1335	29226	あさひ	8750
1335	29757	omonga	8750
1335	45214	へいぼーん	8750
1335	82377	エンリケ	8750
1335	100000000000009409	まっこい	8750
1335	100000000000022665	大棟梁	8750
1335	100000000000045117	☆ケント￡☆	8750
1335	100000000000094108	和奏	8750
1335	200000000000094324	聡子	8750
1335	300000000000059620	吾作	8750
1335	300000000000076836	断空我	8750
1335	400000000000091177	コンロ7000	8750
1335	500000000000030736	まこぷー	8750
1335	500000000000052452	朝桜	8750
1335	500000000000061691	ナタデココ	8750
1335	500000000000094046	菜月	8750
1335	600000000000035068	チャン	8750
1335	600000000000040308	やまやまたん	8750
1335	800000000000009695	†アツクナレータ†要△	8750
1335	800000000000039220	にっく	8750
1335	900000000000042882	ババゴリラ	8750
1335	1000000000000016122	∵マサ※流m(_ _)m	8750
1335	1100000000000007012	コウ	8750
1335	1100000000000056499	junk	8750
1335	1200000000000050141	クローズ	8750
1335	1200000000000093534	優希	8750
1335	1300000000000032104	コウスケ	8750
1335	1300000000000043263	ontyan	8750
1335	1400000000000016066	レンドル	8750
1335	1500000000000028217	テクサ	8750
1365	600000000000028578	カロン	8700
1366	1400000000000046623	ｺｰﾋｰﾌﾛ-ﾄ@ P	8681
1367	400000000000075841	突然に奈緒	8670
1368	300000000000027062	ゆ～な	8667
1369	51846	ちやP	8664
1370	600000000000002802	Nekoko	8632
1371	697	ひちみ@京都の艦これ展行ってきた(大昔)	8611
1372	3059	イインチョ	8594
1373	1500000000000078671	はる姫@あゆまこ	8588
1374	1500000000000027499	やんまゆ	8565
1375	1200000000000026647	ＴＷＲ００２	8549
1376	100000000000084882	たっくん	8531
1377	1300000000000058028	じじい	8525
1378	1200000000000093073	だいさん	8468
1379	1000000000000007554	こさかい	8455
1380	30288	イリス	8443
1381	1400000000000045675	エリコ	8392
1382	900000000000077133	餅ゾウ	8382
1383	1500000000000004031	マドンＲＸ３	8358
1384	1000000000000023288	キム	8355
1385	1200000000000006837	豆腐	8350
1386	600000000000085505	ぺぐも	8333
1387	1100000000000087590	こはぬ	8292
1388	1400000000000030305	みそそ	8246
1389	22449	ホワイト	8230
1390	800000000000014054	ﾛｼﾞｬｰ	8204
1391	1200000000000081900	おっさん	8196
1392	700000000000003346	るーきー（HHP･EH相互埋め希望 ジュリア・歩・莉緒・のり子所持。詳細マイコメ	8150
1393	500000000000003704	ぬるま湯	8146
1394	4069	あむ	8128
1395	1300000000000030365	カシオペア	8103
1396	1000000000000005566	オカゾン	8091
1397	1200000000000037675	笹野葉太郎	8064
1398	1100000000000055094	紳士	8050
1399	400000000000074826	高松桜	8041
1400	800000000000073423	L-A-	7993
1401	900000000000002610	厚焼き卵	7992
1402	1200000000000014506	zink@	7908
1403	1400000000000075695	なむは。	7892
1404	600000000000000250	罵詈雑言	7869
1405	500000000000007083	ジュン	7865
1406	200000000000024587	ヒストグラムP	7862
1407	900000000000051728	かっきー	7861
1408	1500000000000007171	ミキタン	7857
1409	1100000000000005457	draco	7851
1410	600000000000001077	99【勝ち越しホームラン!!】	7816
1411	600000000000034277	ぱぁしあす	7799
1412	100000000000021920	ちもこ	7782
1413	700000000000000210	ゆー	7768
1414	700000000000006905	はにわ	7748
1415	500000000000037234	サミアドン	7678
1416	400000000000021577	ヤムチャ315	7650
1417	1400000000000001983	rachetx-jp	7595
1418	1300000000000052945	Ctake	7568
1419	900000000000000390	Ｍｒ．４	7557
1420	1200000000000028419	いえっさ	7539
1421	1300000000000011066	柚斗	7505
1422	500000000000005393	フェロー	7489
1423	400000000000034214	Nbu	7483
1424	23226	ヤカン	7471
1425	1400000000000080752	きなこもち	7437
1426	700000000000028776	あっし	7406
1427	1400000000000017803	千葉ﾛｯﾃﾌｧﾝ()	7380
1428	1300000000000060119	サンド	7353
1429	1300000000000027581	☆+｡星の渡り鳥｡+☆《ラウンジ勧誘待ち》職業:みんなのメインヒロイン様	7351
1430	1500000000000087368	モス	7349
1431	400000000000056367	あげもん	7347
1432	1400000000000060220	AKIRA:×:At1000万:[華月羽]	7335
1433	1400000000000035005	mochi	7330
1434	600000000000006146	VESPER	7324
1435	1200000000000031290	げい	7308
1436	500000000000006983	積乱雲的乱舞	7296
1437	354	夢乃島	7270
1438	200000000000018407	なはと	7265
1439	700000000000062138	とみやま	7225
1439	1500000000000055169	淳五郎真之	7225
1441	12396	≒ヨサク	7213
1442	1400000000000021307	MIAS	7185
1443	500000000000017028	葉っぱ【in率低下】	7132
1444	100000000000052402	まつり	7113
1445	1500000000000035455	ガイタ	7108
1446	1300000000000068014	オヤスミン	7074
1447	1000000000000045187	とらー	7072
1448	800000000000010587	うみ	7062
1449	1200000000000004643	ツボック太郎	7059
1450	1500000000000095426	プロデューサー	7036
1451	1400000000000009680	マルタ	7029
1452	900000000000004344	ゆう	7013
1453	28559	molymer	7000
1453	75435	やまち【DS 22∞】ｵﾝ活◎栗ｺﾝ休	7000
1453	100000000000041550	タダシ	7000
1453	200000000000044558	ぱんだ☆ﾄﾞﾘ、ｲﾍﾞ頑張ります！！！☆	7000
1453	200000000000062571	えあれいる	7000
1453	300000000000000992	まさお	7000
1453	300000000000003366	カッキー	7000
1453	300000000000033318	夜桜	7000
1453	300000000000040415	はと	7000
1453	400000000000093845	石川玲	7000
1453	500000000000024100	ドナルベーン川口	7000
1453	500000000000028284	副作用	7000
1453	500000000000094105	由紀	7000
1453	600000000000038352	ぼうせつ	7000
1453	600000000000093795	美月	7000
1453	600000000000093895	綾乃	7000
1453	700000000000051145	falai	7000
1453	700000000000059444	もも	7000
1453	700000000000087298	ふぐ	7000
1453	700000000000094320	中川花	7000
1453	700000000000094335	悦子	7000
1453	800000000000000500	晴美	7000
1453	800000000000009809	寿市屋	7000
1453	800000000000051336	太陽	7000
1453	800000000000083937	リンクフリー	7000
1453	900000000000006655	もーりー()	7000
1453	900000000000008238	くったり	7000
1453	1000000000000002880	百太郎	7000
1453	1000000000000024850	ジェンク	7000
1453	1000000000000094243	真奈美	7000
1453	1200000000000015292	ﾐｯｷｰ＠･ω･)	7000
1453	1200000000000054601	あきら	7000
1453	1200000000000080336	イツカ	7000
1453	1200000000000093573	村松凜	7000
1453	1200000000000093590	和美	7000
1453	1400000000000006741	ずんこ	7000
1453	1400000000000094377	ひとみ	7000
1453	1500000000000004649	けんと	7000
1453	1500000000000093864	真理	7000
1453	1500000000000093913	中沢蘭	7000
1493	100000000000013451	と６と３だー@ここで使うか箱の蓋！	6997
1494	1000000000000007456	雪見川	6977
1495	800000000000083986	meke	6972
1496	400000000000004650	雷花	6930
1497	200000000000057677	銀月夜	6927
1498	500000000000009816	のきP	6905
1499	900000000000058715	宮崎 茶	6903
1500	1200000000000009509	灰色ぐま	6890
1501	900000000000004561	きょ～すけ	6858
1502	700000000000053964	ヒロ	6838
1503	300000000000093071	ボング	6828
1504	900000000000057483	14k2	6824
1505	600000000000050862	和春	6810
1506	1100000000000091646	あやしいプロデューサー	6791
1507	200000000000036955	さち	6766
1508	1000000000000002493	脇汗魔神	6715
1509	1100000000000050328	れーくんは新米P@てっぺん目指すよ！	6693
1510	500000000000001828	エリオ	6690
1511	500000000000032450	ゆうこー	6685
1512	600000000000013895	bomb	6680
1513	900000000000046513	ツバサ10	6677
1514	1500000000000044753	sonic	6656
1515	1500000000000056961	アッシュ	6649
1516	1200000000000076596	デッキ	6640
1517	200000000000056046	クリストファー	6624
1518	1300000000000002742	兄貴P	6615
1519	1400000000000095305	EIJU101	6609
1520	1400000000000082165	瞬一	6604
1521	800000000000078632	ユニコン	6603
1522	1000000000000052634	ハルカス	6585
1523	600000000000079469	Mamma Luce	6580
1524	200000000000001313	シアク	6555
1525	1200000000000017734	メリー	6544
1526	800000000000028805	ﾐﾗｸﾙｰｽﾞ(ﾀﾞﾋﾞ伝)	6534
1527	100000000000053675	優鯉パパ	6479
1528	500000000000007912	しょうさ	6470
1529	700000000000076518	NekkiChan	6452
1530	1400000000000000808	えでぃ	6438
1531	1200000000000050805	ゆう	6425
1532	200000000000061582	okud@i	6424
1533	1000000000000006384	kamikusa	6360
1534	400000000000010841	まほりく	6356
1535	500000000000026582	しんどー	6342
1536	200000000000057335	リルラ	6298
1537	1400000000000036191	しーちゃん	6282
1538	1100000000000000523	シンP	6269
1539	400000000000007592	綺沙羅	6228
1540	1300000000000000586	みっくん	6227
1541	400000000000025342	霞月夜	6200
1542	1500000000000002866	かたなし	6185
1543	53411	240ABS	6166
1544	900000000000075053	Mii	6150
1545	1000000000000053794	フロル	6118
1546	100000000000008623	namy	6104
1547	1200000000000052162	ハイクロ	6094
1548	400000000000080627	FK	6084
1549	1100000000000034443	ニタイ	6078
1550	600000000000054279	タマカズ06	6072
1551	300000000000079221	GothP	6056
1551	800000000000008667	みくなつ	6056
1553	400000000000021246	えれのあ	6026
1554	1400000000000046683	beezlegrub	6021
1555	700000000000034958	くらうつ	5993
1556	300000000000019027	やよい	5984
1556	300000000000060232	プッカ	5984
1558	1400000000000052867	2代目隊長	5966
1559	1000000000000074519	コイメ	5961
1560	300000000000093598	オカキノＰ	5941
1561	100000000000015597	カドゥー	5940
1562	1400000000000048149	スライムTake3(内勤でドリ減でfrustration溜まり(~_~;)仲間募	5904
1563	400000000000083551	ユウキ	5889
1564	72026	haruna	5878
1565	500000000000087027	マコト	5875
1566	1400000000000088373	さとみつ	5851
1567	800000000000079593	urk	5847
1568	400000000000014164	かわかわＶ	5829
1569	1100000000000018918	さやか	5813
1570	700000000000000537	ひなた	5790
1571	700000000000083720	せのー	5775
1572	1200000000000094734	fumi	5773
1573	600000000000000027	kim045	5769
1574	1300000000000045624	アンニュイ	5758
1575	500000000000074348	u-kichi	5730
1575	1400000000000001675	立花響	5730
1577	700000000000004252	メルクリウス	5729
1578	100000000000003858	NzD	5725
1579	1400000000000006343	ゆり	5664
1580	1200000000000093716	erra	5652
1581	500000000000016326	自一次男	5639
1582	1300000000000058146	セーガン	5636
1583	600000000000073350	ゆづ	5629
1584	700000000000077768	アルタイル	5487
1585	1000000000000002991	ぺっぺ	5472
1585	1500000000000006097	うすけ	5472
1587	1200000000000067223	ミニクーパーかチンクが欲しいから貯金	5442
1588	500000000000061503	ｾﾞﾝｻﾞｲｳﾏｰ(ﾟ∀ﾟ)	5433
1589	5283	wasin215	5427
1590	700000000000086997	鈍器	5418
1591	1400000000000067692	player	5382
1592	46791	にこれっと	5380
1593	92095	ベーコン	5359
1594	900000000000009702	スプーckb	5358
1594	1100000000000086782	クローバー★	5358
1596	100000000000017740	SHIN	5340
1597	1300000000000057607	まなみもん	5333
1598	100000000000083217	ウルマン	5330
1599	700000000000082215	Kiku	5329
1600	100000000000080970	サバーカ	5290
1601	700000000000070478	ミイ	5264
1601	900000000000002292	心蕾	5264
1603	300000000000079893	hassy	5262
1604	2893	がなさんど～。	5250
1604	94155	詩織	5250
1604	94185	詩音	5250
1604	100000000000050645	夢庵	5250
1604	100000000000094032	由美	5250
1604	100000000000094126	真弓	5250
1604	100000000000094140	土屋唯	5250
1604	200000000000094375	菜々子	5250
1604	200000000000094389	志穂	5250
1604	200000000000094400	陽香	5250
1604	300000000000012867	ドアッチ	5250
1604	300000000000093701	結月	5250
1604	400000000000000927	おいも屋先生	5250
1604	400000000000027627	カービィ	5250
1604	400000000000061034	リーリア	5250
1604	400000000000093782	裕子	5250
1604	500000000000020955	がしゃ丸	5250
1604	500000000000033780	さとう	5250
1604	500000000000039168	ｼﾞﾝP〈オーバードライブ〉	5250
1604	500000000000075873	vuna	5250
1604	500000000000094047	優希	5250
1604	600000000000000286	trecri	5250
1604	600000000000011108	JT	5250
1604	600000000000093839	三宅茜	5250
1604	600000000000093903	楓花	5250
1604	700000000000000247	いっぴきオオカミ	5250
1604	700000000000006665	ガンダールヴ  アイマス以外inしません	5250
1604	700000000000011197	ろら	5250
1604	700000000000041012	ki	5250
1604	700000000000094312	香織	5250
1604	700000000000094371	杏奈	5250
1604	700000000000094377	辻凛	5250
1604	800000000000002679	はっせー	5250
1604	900000000000003080	ＪＯＧ	5250
1604	900000000000010488	うへの	5250
1604	900000000000011282	けんざぶろーちょっと釣りをお休みしますm(__)m	5250
1604	900000000000026956	わ～や	5250
1604	900000000000057184	トン	5250
1604	900000000000093702	ひなた	5250
1604	900000000000093720	優奈	5250
1604	1000000000000004043	スギナ	5250
1604	1000000000000005899	えれ	5250
1604	1000000000000048548	苺	5250
1604	1000000000000094174	雅子	5250
1604	1000000000000094183	朱里	5250
1604	1000000000000094199	安藤愛	5250
1604	1100000000000009148	蝉時雨	5250
1604	1100000000000010846	蔦丸	5250
1604	1100000000000093645	美空	5250
1604	1100000000000093657	菅野碧	5250
1604	1100000000000093682	結菜	5250
1604	1100000000000094653	エスノヴ	5250
1604	1200000000000093536	結愛	5250
1604	1200000000000093537	夏帆	5250
1604	1200000000000093570	明子	5250
1604	1200000000000093651	結愛	5250
1604	1300000000000007223	らくすと☆ ≫Pt≪	5250
1604	1300000000000051409	五十右天	5250
1604	1300000000000094310	たんばりん→	5250
1604	1400000000000062233	ＷＵＴ	5250
1604	1400000000000094398	井上奏	5250
1604	1500000000000007725	もも	5250
1604	1500000000000010443	暇人破壊	5250
1604	1500000000000093853	愛梨	5250
1668	400000000000037649	gakou	5242
1669	1200000000000085184	Player 1005000524	5222
1670	1400000000000075574	hatoniesawoagen	5219
1671	1300000000000000442	gやん	5218
1672	1000000000000020376	ジミー	5208
1673	800000000000019010	クロスケ	5188
1674	1400000000000088254	ひらお	5164
1675	1100000000000089830	チキン	5162
1676	1100000000000008484	Peko	5130
1677	700000000000003766	もりまる	5096
1678	1400000000000087294	りょーくん	5087
1679	800000000000073936	伊豆津軽P	5058
1680	700000000000042335	ポテチ	5040
1681	1000000000000052448	あしたも嵐	5018
1682	400000000000029208	hami-ren	4992
1683	100000000000062110	海月	4974
1684	1200000000000022244	マックス	4927
1685	800000000000091107	nazun	4920
1686	600000000000019037	鶴	4918
1687	1200000000000057427	ウツボ	4890
1688	200000000000024635	怪人かえる男	4886
1689	200000000000088632	???	4882
1690	1300000000000092460	なべねこ	4853
1691	500000000000009441	ねーご	4825
1691	600000000000019150	クロアザミ	4825
1693	600000000000000623	パンプキン	4785
1694	100000000000036760	ちょちょ	4777
1695	1581	だいごろう	4764
1696	1400000000000052988	鐘の音	4754
1697	200000000000060744	フミヲP	4731
1698	500000000000077558	鞍馬	4721
1699	1400000000000052560	もりりん	4720
1700	1500000000000050539	dyuuadiiz	4694
1701	800000000000050569	ぴにゃ大福	4686
1702	700000000000019075	どんこ	4684
1703	200000000000020716	ぐちちく	4649
1704	800000000000039406	mayu☆	4632
1705	1500000000000093106	ピコハン	4624
1706	3084	さわぼっち	4612
1707	1300000000000022110	ヴィータ	4604
1708	1100000000000079990	ウォーカー	4594
1709	800000000000018284	ホルスの眼o(^▽^)o	4593
1710	700000000000077097	寝コロリ	4592
1711	53654	焼き魚系男子	4553
1712	1100000000000010655	トウタ	4540
1713	900000000000055854	ふじっちゃん	4537
1714	1300000000000004142	[乙速]どん@どうじよう/したらば	4536
1715	500000000000005506	やまこう	4516
1716	1000000000000003596	イチ	4502
1717	500000000000050156	ごっつ親方	4479
1718	800000000000093142	フェニックス	4474
1719	1400000000000044497	ブラッキーP	4465
1720	300000000000003959	タケちゃん	4464
1721	1100000000000086676	ojita	4439
1722	8397	明太うま	4417
1723	1400000000000087574	ポン	4402
1724	900000000000005889	†Shigeっち†(as毒舌無頼党)	4354
1724	1500000000000004392	ミズガルズ	4354
1726	1100000000000055138	Oak	4344
1727	900000000000000371	平行コーラ	4334
1728	800000000000000996	なお	4330
1729	1400000000000085940	ともゆず	4322
1730	700000000000015858	こころ	4275
1731	600000000000007092	うにこ	4274
1732	200000000000023041	やま	4256
1733	700000000000002115	ジン	4248
1734	300000000000006339	七篠風太郎	4245
1735	800000000000042472	クロン	4224
1736	1500000000000050361	紅蓮	4208
1737	200000000000001302	ばっくす	4204
1738	200000000000003866	牛九	4174
1739	200000000000038224	あまえり	4157
1740	1100000000000083337	おこめ	4155
1741	900000000000043989	お魚さん ﾄﾞﾘ仲間募集中	4136
1741	1300000000000037222	あるふぁ	4136
1743	81303	青蟹	4095
1744	1300000000000055110	ゆゆまる	4085
1745	1400000000000052007	クリア@in率↓	4054
1746	100000000000094956	ペッパー	4048
1747	600000000000008130	Logos	4035
1747	1100000000000038556	ヒデ	4035
1749	200000000000031545	ヤマト＠	4030
1750	100000000000006645	プールー	4002
1751	1100000000000062673	しん	3980
1752	700000000000075043	ます	3978
1753	1100000000000062595	Icewings	3954
1754	700000000000007137	kkkkkry	3953
1755	1000000000000032048	えいのいる@歩が頑張る道場（発揮値0k↓)	3935
1756	800000000000003772	ゆい	3930
1757	1400000000000027229	ちぢみ	3926
1758	1100000000000002382	みやてん	3911
1759	1000000000000083823	真	3903
1760	200000000000025245	タカマツ＠3rd仙台	3890
1761	1400000000000030212	二葉亭	3886
1762	500000000000057187	にょづき	3872
1763	1100000000000007290	10mo	3865
1764	800000000000018209	カリート	3854
1765	900000000000029115	読人不知	3834
1766	400000000000071467	北P	3832
1767	800000000000058169	★モチ☆	3829
1768	1400000000000002996	朝もやけ	3825
1769	200000000000004718	三船美優	3819
1770	900000000000021775	光鬼神【疫病神類】	3813
1771	700000000000057251	xlayer3x	3801
1772	1200000000000072385	けんいーた	3792
1773	400000000000002841	通行人Ａ＠頭タオル	3786
1774	200000000000076028	アカオトコ	3780
1775	800000000000033964	seron	3751
1776	600000000000021333	ゆたか。	3714
1777	500000000000080873	ナツめぐ	3701
1778	700000000000077619	はるみかん	3699
1779	1200000000000058473	シバトラ	3692
1780	1300000000000014095	ヒロキ	3670
1781	1100000000000029557	三瓶	3653
1782	62264	クルーク	3651
1783	1000000000000014310	para	3650
1783	1200000000000007209	ダイたん	3650
1785	800000000000075390	ちゅん	3636
1786	400000000000086679	バンク	3635
1787	600000000000084253	まぁ～ちゃん	3627
1788	1000000000000036924	らいと	3625
1789	900000000000049287	旅人	3620
1790	1200000000000055247	とら	3573
1791	500000000000000876	あえぎさん	3565
1792	1400000000000028314	モモイチゴ@キャラバンロコまで冬眠	3563
1793	200000000000039235	ぶんもと	3555
1794	500000000000083702	山猫	3553
1795	500000000000056858	かつら	3523
1796	100000000000002952	葉月	3520
1797	200000000000005443	フレイ	3513
1798	1200000000000068054	shindy	3510
1799	4576	TFVI	3500
1799	11096	ヒロシ	3500
1799	45154	がしがし-コメ減少モレ、ごめんなさい	3500
1799	91155	とばりご	3500
1799	94100	真緒	3500
1799	95072	アスパー	3500
1799	100000000000003349	Ryue	3500
1799	100000000000043173	かめ	3500
1799	100000000000059959	スッチー	3500
1799	100000000000092823	未来	3500
1799	100000000000092832	美奈	3500
1799	100000000000092842	莉菜	3500
1799	100000000000092890	美咲	3500
1799	100000000000094066	華音	3500
1799	100000000000094082	久美子	3500
1799	200000000000003184	きほいる	3500
1799	200000000000093129	優希	3500
1799	200000000000094372	真奈美	3500
1799	300000000000003232	ししゃも	3500
1799	300000000000026568	やまだ	3500
1799	300000000000032562	天城龍慶	3500
1799	300000000000080443	クスノキ	3500
1799	300000000000092441	片山澪	3500
1799	300000000000092449	美月	3500
1799	300000000000093705	真紀	3500
1799	400000000000008519	φ	3500
1799	400000000000075232	sim	3500
1799	400000000000092585	真紀	3500
1799	500000000000008120	エスト	3500
1799	500000000000058568	Vander	3500
1799	500000000000077337	タッピー	3500
1799	500000000000085902	うなど	3500
1799	500000000000092918	花梨	3500
1799	500000000000092923	風花	3500
1799	500000000000092935	菜々	3500
1799	500000000000093004	ヨヨシシ	3500
1799	500000000000093226	真由美	3500
1799	500000000000094122	中村希	3500
1799	500000000000094145	遥花	3500
1799	600000000000007618	リックン	3500
1799	600000000000057538	壹	3500
1799	600000000000092639	理紗	3500
1799	700000000000019721	むらっち	3500
1799	700000000000023235	KAHARA	3500
1799	700000000000045957	Moka＊o(｀ω´ )o	3500
1799	700000000000093121	穂乃香	3500
1799	700000000000093140	紗英	3500
1799	800000000000032077	グレイソン	3500
1799	800000000000079860	ライト	3500
1799	800000000000082776	きよ	3500
1799	800000000000092405	梅田遙	3500
1799	800000000000092420	美咲	3500
1799	800000000000092435	紗良	3500
1799	800000000000092440	千春	3500
1799	800000000000092451	真理	3500
1799	800000000000092454	菜緒	3500
1799	800000000000092500	亜美	3500
1799	800000000000093611	夏希	3500
1799	800000000000093704	瑠璃	3500
1799	900000000000016976	ぽぺ	3500
1799	900000000000092531	高島遙	3500
1799	900000000000092593	美優	3500
1799	1000000000000002206	ｼｬﾄﾞ	3500
1799	1000000000000092977	晴菜	3500
1799	1000000000000092979	麻美	3500
1799	1000000000000092992	里美	3500
1799	1100000000000092496	加藤舞	3500
1799	1100000000000092513	直子	3500
1799	1100000000000093760	菜緒	3500
1799	1200000000000003255	jakalope	3500
1799	1200000000000062225	星柚	3500
1799	1200000000000074178	いづる	3500
1799	1200000000000092413	水谷環	3500
1799	1200000000000092440	瑠璃	3500
1799	1200000000000092467	結菜	3500
1799	1200000000000094689	かける	3500
1799	1300000000000080107	redtail	3500
1799	1300000000000084754	雷牙	3500
1799	1300000000000093217	咲良	3500
1799	1400000000000001420	取得できませんでした	3500
1799	1400000000000025540	ペペロンチーノ	3500
1799	1400000000000093119	桑原彩	3500
1799	1400000000000093126	菜々	3500
1799	1500000000000006330	hata8823	3500
1799	1500000000000025438	asa	3500
1799	1500000000000027456	タッツー	3500
1799	1500000000000083536	鳩ぽっぽ	3500
1799	1500000000000092688	浜田瞳	3500
1799	1500000000000093940	愛美	3500
1799	1500000000000093955	咲希	3500
1799	1500000000000093961	亜美	3500
1799	1500000000000093978	心春	3500
1891	1400000000000052146	（ﾟーﾟ）	3485
1892	300000000000046431	岩熊－ろっくま－	3453
1893	1300000000000088285	かっ みんな※なしでゴメンね	3450
1894	300000000000081538	Jiro	3439
1895	600000000000076024	淀ノ木 一茶	3378
1896	79674	みやなかはら	3372
1897	300000000000003645	nanoha	3366
1898	1200000000000019739	璃紅♂	3359
1899	1400000000000018125	たま	3353
1900	700000000000008982	たくあん	3347
1901	86962	ヤンソ	3339
1902	1400000000000003559	カド	3322
1903	1100000000000000238	次郎	3319
1904	400000000000043592	あげはち	3293
1905	400000000000095910	6nosan	3292
1906	1400000000000079238	シ貴	3261
1907	1500000000000003578	神凪P	3260
1908	800000000000057766	さっこ	3246
1909	1100000000000037634	メリー（ストラビンスキー）	3241
1910	100000000000001103	ぶるすこ	3236
1911	1300000000000074261	無頼庵	3221
1912	300000000000035438	TAD	3195
1913	100000000000061741	nemu	3192
1914	1300000000000002110	ojkl	3171
1915	1200000000000005620	アルジローレ＠ひびたか道場	3162
1916	64117	けとま	3157
1917	1500000000000054417	アオザキ	3135
1918	100000000000022533	おかぴー	3129
1919	200000000000062198	ユキワリ	3125
1920	59111	グリフィス１	3103
1920	1500000000000005836	シェルパ	3103
1922	1000000000000055065	きっちゃん	3101
1923	500000000000056608	ゆう	3100
1924	400000000000081607	ムヨ	3092
1924	1100000000000051766	たなは	3092
1926	1000000000000056126	Nismon2016	3088
1927	500000000000068061	SubaSuba	3082
1928	200000000000096322	こくうま	3075
1929	300000000000012692	リアン	3060
1930	1500000000000057413	あらやん	3051
1931	1500000000000045296	debumhan	3030
1932	600000000000086717	セブノ	3025
1933	500000000000073781	スキャン太	3022
1934	1500000000000091892	diya	3014
1935	500000000000005261	Nyarlathotep	2996
1936	100000000000061613	あるぽん☆	2984
1936	1000000000000001701	田中太郎P	2984
1938	1200000000000030181	Lin	2958
1939	700000000000078251	わかめ	2955
1940	24784	いづみこ	2942
1941	93349	やつはし	2915
1942	500000000000039401	りゅうしょう	2907
1943	500000000000002009	G-01s	2892
1944	100000000000033457	くい	2862
1945	900000000000010998	カズマ@湯のみ	2853
1946	300000000000013637	そい	2850
1946	700000000000052725	たかつP	2850
1948	400000000000010400	たか	2835
1949	100000000000004621	シャム	2828
1950	1300000000000003819	はりあ。	2812
1951	700000000000021872	ゼファー	2808
1952	1500000000000002086	うさころ	2795
1953	100000000000002961	sash	2787
1954	200000000000058920	ドレミノ	2780
1955	1400000000000075526	ニューロマン	2771
1956	1400000000000087468	パッシェン	2767
1957	900000000000002874	ぜろ	2751
1958	400000000000013202	かもや@	2748
1959	83338	パプコ(多忙でin減)	2730
1960	600000000000093342	Player 1005900278	2704
1961	900000000000000067	桜海有和	2702
1962	400000000000006201	pochi1120	2672
1963	700000000000032388	木雲楓	2651
1964	100000000000013007	タカシン！	2640
1965	1100000000000036452	ちゃま★:)	2639
1966	800000000000007442	こりょ	2626
1967	1500000000000024269	クローシェ	2621
1968	1200000000000038358	愛敬P	2616
1969	300000000000001871	雪兎	2611
1970	300000000000066209	まろんちゃん	2607
1971	1500000000000073918	ぺそー	2596
1972	700000000000040892	しおん	2588
1973	700000000000073076	ゆう	2586
1974	100000000000077983	Player 1003787569	2584
1975	1000000000000029546	乃びー	2572
1976	600000000000001215	tako＠貴音P	2568
1977	1000000000000026516	Ａ野郎	2563
1978	400000000000000167	しぐまこと	2556
1979	100000000000015254	まつどん	2550
1980	700000000000090720	YouAre	2507
1981	800000000000011125	ラブライカ	2496
1982	4608	ﾗﾝｽ	2492
1983	51224	有珠山	2462
1984	600000000000049928	キルト	2454
1985	1300000000000096293	ねこ娘	2451
1986	700000000000095244	白原杏	2442
1987	1000000000000015030	白黒パンダ	2440
1988	500000000000082762	アキ	2431
1989	300000000000044222	SHIN	2425
1990	500000000000057916	れんこん	2419
1991	800000000000093104	まこっち	2416
1992	800000000000080388	乙哉	2415
1993	500000000000006454	みなっち	2408
1994	79933	カワシモ	2404
1995	100000000000046603	ライム	2383
1996	800000000000029041	半裸	2366
1996	900000000000061969	神崎	2366
1998	800000000000087618	しーや	2349
1999	300000000000000116	まひろん	2341
2000	400000000000000288	Nullhachi	2325
2000	1400000000000009804	きち	2325
2002	500000000000010407	ZINX	2315
2003	400000000000072426	ブルーダイヤ美味	2313
2004	600000000000094869	Monster-Yamaha	2312
2004	1100000000000078774	Player 1003970683	2312
2006	1300000000000079479	kuronaka	2304
2007	1500000000000006165	maito	2271
2008	700000000000036558	紀柳	2268
2009	1200000000000081456	エステバン	2262
2010	700000000000061768	ウォルフ･デア･シュトルム	2257
2011	700000000000019753	ﾌﾟﾘﾝ@底辺志保Ｐ	2244
2012	1400000000000063377	mi	2235
2013	200000000000001314	飛来神	2216
2014	52552	ke	2208
2015	200000000000030743	satuk	2205
2016	600000000000050207	つぼみ	2202
2017	1500000000000062160	てーてん	2188
2018	1100000000000074824	さそり	2186
2019	300000000000073313	しのうじ	2166
2020	1100000000000002718	doing	2162
2021	200000000000079096	ずみさん	2115
2022	1000000000000077521	雪歩P	2114
2023	1400000000000096348	もじ	2110
2024	300000000000004387	腹ぺこ黒剣士	2106
2025	300000000000002831	はいじ	2082
2026	600000000000073547	Player 1002779974	2077
2027	300000000000003220	k1lz73	2075
2028	400000000000095513	みー	2063
2029	1000000000000011655	たけし	2060
2030	900000000000006800	もずく	2052
2031	1000000000000051058	御白	2033
2032	1500000000000055396	ﾅﾙ	2024
2033	1100000000000088066	takoita	2023
2034	300000000000054149	AnyA	2018
2035	200000000000078804	シャケ	2016
2036	1000000000000001860	ぽんこつ	1995
2037	200000000000027567	アイスギス	1994
2038	600000000000000344	長月	1992
2039	600000000000085371	まーくん	1990
2040	700000000000015890	Lights 自開催フェス必ず処理します	1989
2041	500000000000050289	カンフー男	1980
2042	400000000000085781	J⊂((・x・))⊃D	1976
2043	600000000000096058	Player 1006336662	1974
2044	1100000000000003189	詩形	1971
2045	800000000000011237	(´-｀)	1968
2046	1200000000000087726	ふーちん	1961
2047	1400000000000002321	てらもと	1957
2048	500000000000085845	まつきち	1954
2049	1000000000000082440	しゅが	1942
2050	1400000000000051337	いーやん。	1929
2051	200000000000052673	なる	1915
2052	1500000000000010164	ぱせり	1908
2053	200000000000006339	ﾐﾔｼﾀ	1899
2054	1400000000000002830	邑咲＠今月多忙	1876
2055	300000000000083651	マサ	1875
2056	600000000000093665	はくまい	1874
2057	1500000000000076964	mare_53	1870
2058	900000000000071848	AYACHY	1867
2059	900000000000051147	土屋P	1864
2060	700000000000074503	α	1855
2061	1000000000000062315	ミホ	1849
2062	11710	ツバイK	1840
2062	1000000000000080506	大腿骨	1840
2064	94324	Player 1006033392	1837
2064	300000000000093955	Player 1006055075	1837
2066	300000000000091631	ガチャペン	1813
2067	1100000000000092196	ふじ	1800
2067	1200000000000008095	かりん▼メンヘラの神様	1800
2069	1100000000000073560	ほたた	1794
2070	1100000000000019269	たぬきです	1792
2071	500000000000005365	南の果て	1786
2072	1400000000000031547	たつのこ	1780
2073	1300000000000004857	えびマヨ	1775
2074	1000000000000022789	ねこ飯	1770
2075	100000000000096449	Player 1006401329	1753
2076	2315	蜆120%	1750
2076	42382	りゃまとーした@招待相互無視希望	1750
2076	85080	15	1750
2076	100000000000055582	十五夜	1750
2076	200000000000000593	生識	1750
2076	200000000000016760	イシマサ	1750
2076	200000000000027710	変態という名の紳士(主に放置プレイ)	1750
2076	200000000000096342	鴎狼	1750
2076	300000000000002048	ユーさん	1750
2076	300000000000002449	copepan@やよい道場	1750
2076	300000000000005289	あゆ	1750
2076	300000000000008134	さとさと	1750
2076	300000000000017211	なりね	1750
2076	300000000000027730	木原くん	1750
2076	300000000000047087	ユータ	1750
2076	400000000000024704	たろはら	1750
2076	400000000000072810	Player 1002560964	1750
2076	400000000000085852	ＨＫ	1750
2076	500000000000003624	みかんろくすけ	1750
2076	600000000000006924	さがる	1750
2076	600000000000045808	9646	1750
2076	600000000000062477	みくろ	1750
2076	700000000000004631	もてP	1750
2076	700000000000047059	かーぼん	1750
2076	700000000000051820	おにぎり	1750
2076	700000000000060442	羅主斗“”	1750
2076	800000000000004308	卓球	1750
2076	800000000000010884	くわマン☆二世	1750
2076	800000000000080896	Player 1004461224	1750
2076	900000000000000382	しんさん	1750
2076	900000000000000563	フォール	1750
2076	900000000000024682	ﾏﾙ=ﾃﾞ=ﾛﾘ@しげりん	1750
2076	900000000000038305	RYU1226	1750
2076	900000000000077250	もとはさん	1750
2076	1000000000000039175	ﾊﾞｰﾄﾝ	1750
2076	1000000000000073963	ボン	1750
2076	1100000000000007920	がっちゃん	1750
2076	1100000000000020922	ふぁんとむ	1750
2076	1100000000000081419	フォン・スパーク	1750
2076	1100000000000094678	Player 1006144923	1750
2076	1100000000000096011	ここ	1750
2076	1200000000000005956	ハナ	1750
2076	1200000000000006695	ＰＯさんとマシュマロ	1750
2076	1200000000000012744	北斗	1750
2076	1200000000000061565	ベジータ	1750
2076	1200000000000095800	Player 1006332540	1750
2076	1300000000000004499	まんじゅう	1750
2076	1300000000000019381	♪おてつ♪	1750
2076	1300000000000079168	ggh	1750
2076	1300000000000080840	司波 達也	1750
2076	1300000000000096784	古に伝わりしタコス	1750
2076	1400000000000044486	はゆっくん	1750
2076	1400000000000053448	かっち	1750
2076	1400000000000054743	村田源二郎	1750
2076	1400000000000094400	七海	1750
2076	1500000000000007695	のぶりん	1750
2076	1500000000000035516	孫策⌒☆【p☆p】...	1750
2076	1500000000000096266	Player 1006394127	1750
2134	200000000000037011	Bパペ	1731
2135	900000000000001205	タケシ	1726
2136	300000000000073987	蒼真	1720
2137	500000000000041751	あとりん	1719
2138	900000000000004233	ＴＯＭ	1717
2139	100000000000000028	ゆまち	1714
2139	1000000000000034469	さとみん	1714
2141	1400000000000056892	拳骨さん太郎	1711
2142	800000000000094799	水輝	1710
2143	100000000000081121	haira_zero	1686
2144	700000000000004369	靈夢	1674
2145	10769	くうこ	1670
2146	55211	takiwaki	1652
2147	100000000000002261	綾鷹	1629
2148	600000000000003904	かんのあや	1626
2149	1500000000000055702	たくあん	1623
2150	1400000000000034911	ひだまり	1617
2151	800000000000077443	近眼	1594
2152	400000000000055199	ちー	1580
2153	700000000000085778	抹茶あいす	1576
2154	600000000000093255	Player 1005847718	1573
2155	900000000000040364	未来@GREEが過疎ってるな  忘れてた私も赤かなのよ	1565
2156	1400000000000088765	tk	1542
2157	200000000000086435	朱雀	1540
2158	800000000000016105	yeb	1536
2159	500000000000047559	mirenn	1533
2160	200000000000000775	野衾(ムササビ)@基本ROMです。	1530
2161	700000000000074461	きよ	1528
2162	700000000000094909	トキノ	1522
2163	1200000000000092712	NAMIDA	1521
2164	1400000000000077887	ゆみちゃん	1519
2165	400000000000051629	はとね	1509
2166	800000000000002738	ゆいっち	1501
2167	1200000000000028739	.@	1494
2168	700000000000003614	aki	1489
2169	1500000000000031181	lotte	1488
2170	900000000000096034	駒田P	1486
2171	800000000000050817	ととのえる	1466
2172	1500000000000081903	pocca	1454
2173	500000000000008629	tree_trunk	1451
2173	900000000000094814	もりっく・ジャスティス・カツヲ	1451
2175	1100000000000029296	ポン之介(無課金で真っ向勝負)	1440
2176	100000000000011289	よー	1416
2177	1500000000000022044	kei	1415
2178	74954	liveluck	1390
2179	1100000000000076602	pocket	1383
2180	900000000000026195	よしやす	1372
2181	200000000000043202	なの@単冠湾	1364
2182	700000000000031843	・ω｀・	1362
2183	500000000000017170	まつ	1347
2184	300000000000001798	かなん	1346
2185	900000000000086396	アトリ	1341
2186	1100000000000012973	ちゃば	1339
2187	300000000000092523	テイラミ	1338
2188	1500000000000086867	アニー	1336
2189	1200000000000038536	ロリ坂太郎	1301
2190	1000000000000008796	ヤマダ	1298
2191	2470	がるー	1297
2192	1300000000000010349	マチャ！	1296
2193	1100000000000085222	gechd	1292
2194	1100000000000052392	Kevin	1284
2195	1100000000000079322	フーガ	1280
2196	600000000000061158	サト	1278
2197	900000000000006039	Yooh1	1275
2198	96022	Player 1006288096	1264
2199	500000000000057201	もつに	1248
2200	1000000000000095950	よし	1243
2201	600000000000077863	nayu	1234
2202	400000000000076354	たすさん	1229
2203	100000000000055185	うさこ	1228
2204	100000000000080967	あるれうす	1218
2205	1200000000000091605	Player 1005702972	1212
2206	100000000000047031	ミュージック♪	1204
2206	700000000000000113	Sirataki	1204
2208	1100000000000005348	ぱぺっと	1203
2209	1200000000000059938	jimujon9	1202
2209	1300000000000025647	みいあ	1202
2211	1000000000000082619	モラッティ	1195
2212	1500000000000010141	パンダボアヌ	1188
2213	500000000000091218	ちびお	1184
2214	200000000000094869	はるまき	1170
2215	74958	畑中ゆう	1167
2216	1200000000000061799	FILO	1154
2217	1500000000000077774	Kis4T	1153
2218	400000000000082042	たらればん	1148
2218	800000000000086575	薫子	1148
2220	300000000000013147	こころ	1128
2221	300000000000000441	なな	1124
2222	1200000000000001806	Uターン	1113
2223	23401	中崎町	1112
2224	800000000000093462	ひびき	1110
2225	1200000000000047025	えりこべす	1107
2226	1000000000000023022	Togo	1104
2227	85230	ねりきり	1102
2228	700000000000055356	カクカ	1101
2229	1300000000000096762	Player 1006378221	1092
2230	800000000000087790	Player 1005521544	1090
2231	1000000000000077961	そろもん	1086
2232	400000000000047245	ボス･ノルン	1085
2233	93975	つるみん	1084
2234	82826	The Wizard Of Hoz	1072
2235	300000000000026189	フックー	1071
2236	700000000000083823	owlman	1065
2236	900000000000071002	るちや	1065
2238	1400000000000081517	ダリル	1056
2239	1300000000000049050	ホリ	1053
2240	200000000000003097	たっち	1045
2241	900000000000074548	おから	1044
2242	1200000000000051644	リムウサギ@リア多忙（－＿－；）	1041
2243	500000000000052903	エステル	1036
2243	1300000000000006460	みつ☆	1036
2245	100000000000055769	gut	1029
2246	900000000000071889	ごまふ	1025
2247	200000000000026987	マルマル	1022
2248	1300000000000088715	わんこちゃん	1020
2249	92053	かなりあ	1018
2250	400000000000044761	やん	1016
2251	3747	だば＠ﾀﾞ*'ヮ'ﾊﾞ＠般P	1004
2252	200000000000055151	蒼ゐ	982
2253	1300000000000052539	オリヒカ	980
2254	700000000000004298	うさこ@あずささんｽｷｰ☆	971
2255	500000000000084042	逢智	962
2256	700000000000002675	ゆん	958
2257	1100000000000001221	DIO	950
2258	1400000000000059160	アスカ	949
2259	300000000000095730	夕焼け	943
2260	800000000000052038	M20	938
2261	1100000000000083574	山ちゃん	928
2262	100000000000096359	Y	925
2263	700000000000037616	マサ	924
2264	700000000000056853	真	922
2264	1100000000000093237	wanis	922
2266	100000000000088307	友坂輝星	920
2267	1200000000000080254	煙鬼	909
2268	77180	eagle	904
2269	1300000000000085851	yakou	902
2270	800000000000081403	K.K	901
2271	800000000000032982	あちゃお*大体金～月､泊仕事｡	889
2272	1100000000000022657	ゆうの	881
2273	1300000000000053755	ヨル	875
2274	500000000000077415	すふれ	867
2275	1100000000000060676	奈櫻	866
2276	300000000000043780	まつ おふ	865
2277	1500000000000005875	FTH	864
2278	500000000000079544	あいる	863
2279	368	ぺろにゃん	860
2280	400000000000072961	ekomaru	854
2281	400000000000008952	殊乃	847
2281	900000000000005956	えのき	847
2283	600000000000034345	迷い犬	846
2283	1200000000000050091	あるつ	846
2283	1200000000000095421	ニボシ	846
2286	1000000000000076021	あいり	845
2287	1200000000000019189	わかばん	840
2288	500000000000006494	＠ＳＡＲＡ	833
2289	100000000000078349	yuti	832
2290	300000000000080819	ナオヤ	830
2291	100000000000030646	ホリデイ	821
2291	100000000000047097	しろみそP	821
2293	200000000000094407	まこち	816
2293	900000000000051227	聖薇	816
2293	900000000000083168	レイ	816
2296	33749	烏骨鶏	815
2297	900000000000079986	パラピー	812
2298	1400000000000047136	月姫:仲間の皆ゴメン超多忙の為イン激減！	810
2299	200000000000021089	ゾロ・リアマ	802
2299	1400000000000010442	さささ	802
2301	1000000000000004913	ミズ	799
2302	300000000000086989	しょんごー@枕カバー帝国	796
2303	1400000000000020193	柚貴リト/ｶﾞﾗｹｰ/無期限休暇中	795
2304	300000000000007626	ほぴお	791
2305	900000000000008174	jojo	785
2306	1300000000000027265	モジャ	784
2307	600000000000017486	みと	770
2308	400000000000011149	ラムネ	769
2309	600000000000074385	ぎしぎし	760
2310	900000000000012182	サナキ	755
2311	1200000000000094584	joshua	751
2312	600000000000096246	ぽん	746
2313	300000000000062635	BlueCrystal	743
2314	27181	寝太郎	741
2315	100000000000045009	PINKA	740
2316	400000000000096024	ロイ	732
2317	700000000000093637	anachro	722
2318	500000000000076276	はらぴん	718
2318	1200000000000004175	冬の神様	718
2320	1000000000000020952	ケイスン	717
2321	600000000000076983	ピノ	712
2321	1000000000000043684	カーテン	712
2323	100000000000016002	良P	707
2324	1000000000000010639	汐	702
2325	400000000000062255	ポリ田	694
2326	1300000000000087559	player1005238029	691
2327	1100000000000007240	せのひと@ミリフェス ス09b	676
2328	400000000000087624	るふ	670
2329	1200000000000029100	Ⅱ☆あやっち★no.Ⅳ	667
2330	900000000000044642	津宮	644
2331	700000000000052632	つな	640
2332	100000000000048045	よしみ	628
2333	1100000000000087522	皐月	624
2333	1400000000000096584	ユウ	624
2335	1400000000000077994	night0630	618
2336	500000000000094832	タツヤ	615
2336	1100000000000017391	快楽天BEAST	615
2338	1300000000000069535	‡凛瑠♪‡	614
2339	900000000000091809	アクマリア	607
2340	32282	DL	603
2341	700000000000005196	うるるん	602
2342	200000000000039070	亮輔	598
2343	1000000000000024454	akaha	595
2344	200000000000073936	ゆな	594
2345	200000000000002188	脳内114514才チルノ	590
2346	300000000000079648	気まぐれ	589
2347	1000000000000088084	ザ・ドミンゴ	588
2348	2248	しほみP	585
2349	1300000000000031736	えだ	583
2350	200000000000045866	くょち	582
2351	300000000000000195	HERO	573
2352	600000000000004831	M.T.H	572
2353	300000000000082438	ユベロベ	571
2354	74932	ひいろ【※無m(__)m】	570
2355	1000000000000009069	blue	565
2356	200000000000050978	ンゾバ	555
2357	1200000000000079617	Daisy Cheng	554
2358	1100000000000003531	リオン	552
2359	400000000000095778	胡蝶	547
2360	900000000000024402	あーる	544
2361	1100000000000032792	ほよよし	532
2362	1500000000000087347	えこ	530
2363	800000000000003322	わだち	529
2364	200000000000083980	えみった	524
2365	1200000000000090530	Player 1005610972	522
2366	500000000000034344	みこと	514
2367	400000000000049842	もやっしー	507
2368	700000000000081337	神霊Y.H.V.H.	495
2369	800000000000072981	fhai	493
2370	1500000000000002967	ていく	492
2371	200000000000007478	鋭壱	486
2372	800000000000044850	ただだー	480
2372	1400000000000080340	NBA13	480
2374	300000000000093730	静蠍ｰゼウト	479
2375	1200000000000087205	乾碧	465
2376	600000000000013855	dP	464
2376	800000000000050526	サトシ	464
2378	900000000000074032	karasi	460
2379	1300000000000077865	柿の種	451
2380	1200000000000000035	ずみ	448
2381	5512	みやひ	445
2382	500000000000085918	ハッセ	435
2383	700000000000013501	狂犬	425
2384	100000000000055110	ふかひれ	421
2385	600000000000088208	富竹ジロウ	420
2385	1300000000000011524	サニーボーイ	420
2387	400000000000014365	ねここ	418
2388	500000000000056588	武井ちゃん	417
2389	1100000000000057384	油	414
2390	700000000000095454	マガルギ	413
2391	1300000000000087897	なな	408
2392	1200000000000038290	ひっさん	407
2393	400000000000043462	ヘススナバス	406
2394	1200000000000075118	apple	401
2395	500000000000082517	は	395
2395	800000000000023109	ウオマサ	395
2397	100000000000005208	廃人	394
2398	300000000000096011	あさたろ	393
2399	900000000000058478	りょう	390
2399	1000000000000055264	ドルヂ	390
2401	800000000000001410	とらの	389
2401	800000000000036036	たこ	389
2403	36873	ゆう	384
2404	700000000000086960	Player 1005147495	381
2405	900000000000078932	kzy200214	375
2406	900000000000019405	藍佳	374
2407	200000000000087503	やまーだ	373
2408	800000000000061704	masayan	368
2409	600000000000044735	＊ツカサ＊	366
2410	400000000000013749	Lenn	352
2410	900000000000094757	Player 1006177833	352
2412	1400000000000085993	もっしょ	351
2413	500000000000094591	Player 1006061013	346
2414	600000000000055043	真也	345
2415	800000000000002448	ゴウ	341
2416	500000000000093519	のん	338
2417	1500000000000044934	プリン	335
2418	300000000000022689	うすくち	334
2418	1300000000000096724	A基地	334
2420	400000000000091566	あや	330
2421	500000000000002048	どぶろっち	327
2422	1400000000000094484	田中。	326
2423	200000000000074040	ハルサン	319
2424	100000000000078058	うら招待スルー	315
2425	400000000000007817	ぺこたむ	310
2426	1000000000000082265	アスベル	293
2427	400000000000090597	Player 1005607588	290
2428	500000000000080783	みおお	285
2428	1400000000000088251	ろはき	285
2430	100000000000082889	Re-Saki	284
2431	900000000000052344	マスラオ	279
2432	500000000000082845	アメキ	274
2433	200000000000052016	カマス	273
2433	500000000000048056	サエコ	273
2435	1400000000000065068	Player 1002081262	271
2436	700000000000020541	ガニヤ、桃色師団11番隊平社員	270
2437	1400000000000088772	ぴにゃ	263
2438	100000000000059060	ゆめ	259
2439	800000000000010047	gulahamu	256
2440	400000000000020025	こずみん	252
2440	1400000000000055796	美智	252
2442	200000000000062560	嘉神川エルト	251
2443	800000000000078042	Ryu	242
2444	600000000000038790	ストーム＠ガンスト勢[AB同盟]	235
2445	200000000000001782	ﾗｽﾃｨｰ･ﾏｯｹﾝｼﾞｰ	227
2446	300000000000000281	ヘカブ＠木下式恥ずかしアトミックドロップ道場	226
2447	500000000000008210	にうれ	225
2447	1000000000000008550	でって	225
2449	100000000000010107	ことば	200
2450	700000000000003945	伽乃	199
2451	800000000000086177	紅茶クッキー	193
2452	100000000000032410	NOA	192
2453	1500000000000096135	なずた	188
2454	800000000000055207	シアトルボーイ	176
2455	1100000000000035623	いか	172
2455	1100000000000096020	gunky	172
2457	1400000000000095554	gonz	166
2458	1300000000000080832	第三惑星地球	160
2459	100000000000051253	たがいしょう	156
2460	600000000000080157	鈴木 啓	154
2461	1200000000000078843	T	149
2462	400000000000091776	yoshi	147
2462	1300000000000055137	男大阪	147
2464	1000000000000079683	宵明星	146
2465	1000000000000085145	NAO	145
2466	4120	安納3号	144
2466	1200000000000012516	べーかわ	144
2466	1400000000000061920	タチバナ	144
2469	1200000000000056712	めぐる	141
2470	300000000000053576	しんちゃん	138
2471	900000000000081542	朔夜	137
2472	200000000000092316	コタツムリ	135
2473	200000000000085834	やよいおり	122
2473	400000000000091201	Player 1005650324	122
2475	700000000000091424	Player 1005618455	121
2476	1100000000000094755	does	120
2476	1400000000000080534	ゼファー	120
2478	500000000000091560	ぽにょのぱぱ	119
2479	800000000000094825	玲美☆那月LOVE	112
2480	1300000000000001224	シャオ	110
2481	1100000000000095557	まっちゃん	108
2482	56670	サム	104
2482	1000000000000094446	Player 1006035322	104
2484	200000000000096182	volt0322	103
2485	900000000000044961	ユウタ	102
2486	1500000000000087412	kosai	97
2487	96422	Player 1006378480	96
2488	1500000000000088990	まこと	95
2489	200000000000096661	Player 1006386930	94
2490	100000000000074380	のん	93
2491	200000000000093373	忠勝	90
2491	700000000000019554	シュリンプ	90
2493	300000000000095587	Player 1004842659	82
2494	87115	いち	81
2495	900000000000043168	haze	74
2496	100000000000004597	mysticcage	72
2496	100000000000030200	余裕の音だ、馬力が違いますよ	72
2496	900000000000036557	B7P	72
2496	1300000000000002697	市野	72
2496	1300000000000047437	まさしょう	72
2501	1300000000000052224	はや	61
2502	200000000000033708	リオ	57
2502	200000000000096686	goosyo	57
2502	1100000000000047007	もんちゃん	57
2502	1300000000000025989	こゆい	57
2506	1500000000000085382	らんさ	54
2507	700000000000096259	KSM	52
2507	1400000000000082253	かみきくみこ	52
2509	400000000000094377	Player 1006101492	49
2510	1200000000000000248	みそたそ	48
2511	300000000000081089	すぷらった	45
2511	300000000000093147	デルタ	45
2511	1400000000000012464	セガ	45
2514	1200000000000085124	燐	42
2514	1400000000000051548	れなたん☆	42
2516	500000000000000042	Crifff	40
2516	1300000000000096843	YUI	40
2518	900000000000023882	GE@R（高舘）	36
2518	1100000000000052625	くっさん	36
2520	200000000000096689	Player 1006398578	32
2521	600000000000074500	beeeater	30
2522	300000000000079967	Player 1004237139	29
2523	100000000000056696	せいいち	28
2524	200000000000095310	ぎぶあぷ	27
2525	300000000000041894	ＡＫＢ	26
2526	100000000000096373	Player 1006375233	25
2526	500000000000096435	Player 1006381205	25
2526	1500000000000095829	オンジ	25
2529	1100000000000095527	Player 1006259931	21
2530	96479	ミリデスM	17
2531	200000000000096243	Player 1006286850	16
2531	300000000000095987	おったい	16
2531	1000000000000085690	かくう	16
2534	1500000000000096237	sдЯamaЯoЙ(*≧∀≦*)☆	14
2534	1500000000000096283	Player 1006401951	14
2536	1000000000000084283	アッシュ	13
2537	600000000000096161	Player 701439478	11
2537	600000000000096211	Player 1004833942	11
2537	1500000000000092933	目黒P(決闘者)	11
2540	200000000000030026	ケダマイヌ	10
2540	800000000000095933	クロエ	10
2542	700000000000095362	Player 1006182247	9
2543	200000000000024681	そら	8
2544	200000000000096601	お爺	7
2544	900000000000041018	さな	7
2546	95249	Player 1006205536	6
2546	100000000000096375	ライア	6
2546	400000000000095971	Roy	6
2546	600000000000096207	Player 1006385302	6
2550	400000000000095989	モリモリフレ	3
2551	700000000000095214	ヌープ	2
2552	96499	ちるつ	1
2552	100000000000096466	Player 1006406337	1
2552	200000000000096650	RYM	1
2552	600000000000096216	たか	1
2552	700000000000096689	Player 1006386023	1
2552	900000000000096120	Player 1006405225	1
2552	1100000000000096052	Player 1006389851	1
2552	1300000000000096778	ＮＡＳ(ﾄﾞﾘﾅｲﾄﾚｰﾄﾞ強化中)	1
2552	1400000000000096636	Player 1006378654	1
2552	1400000000000096655	RanCelt	1
2552	1500000000000096276	松野ちい	1
