1	600000000000036118	20円	1015040
2	700000000000008736	のきあ	392526
3	1400000000000072320	おごそか	333335
4	1400000000000008157	キジマ	198580
5	500000000000044934	ざわし	194811
6	900000000000004470	クヴォッチ	186021
7	900000000000007196	ベネット	185375
8	600000000000058364	りんが～べる☆	170816
9	1400000000000085849	fourD	163538
10	100000000000007382	のり0111@	161064
11	200000000000002228	はるの	151854
12	1300000000000060519	ここな	147388
13	1400000000000001797	けーい	146843
14	700000000000098127	ケセラセラ	146106
15	400000000000009358	どらすけ	145745
16	300000000000013428	源蔵	140307
17	900000000000028001	レオ	138309
18	500000000000011416	さち＠アリス	134624
19	600000000000077878	よし	133322
20	1100000000000034715	akira95	131402
21	200000000000007128	りょうが	131381
22	1000000000000030947	T82@（千鶴さん全カード所持、EH埋め不要）	129908
23	800000000000043354	かすにち	126018
24	1400000000000023314	オオカナブン	124364
25	300000000000000497	加賀城	121261
26	13195	ぴこぷぅ	121151
27	28985	　HAMACHI	119372
28	1100000000000002386	しゃる	118229
29	1400000000000054736	YP	116829
30	600000000000014419	コンディ	113629
31	300000000000045269	ランク	111168
32	200000000000012503	ｔｍｋｎ＠同僚募集中	109285
33	1200000000000003396	月綺	108261
34	400000000000000035	すずき りょう	106145
35	1200000000000052509	イッル	102766
36	1500000000000051271	スラバス@名前と漢字が一致しない人	101207
37	200000000000079671	ネクター	100782
38	20855	ゴロー	99494
39	300000000000054482	ペプシしそ	97042
40	300000000000007514	投捨	96120
41	1500000000000050050	ﾘｮﾝﾔ	96040
42	1300000000000007415	かぐら	94789
43	62478	ジョンスミス	94495
44	1200000000000004514	てむ	94201
45	400000000000007340	狸猫	92545
46	600000000000010524	シロン	91879
47	1200000000000005421	ゆかり	91700
48	1000000000000079023	ユキ	91253
49	1100000000000018820	かわしゃん	89522
50	100000000000060921	non	86361
51	900000000000061824	しょうたま	86303
52	100000000000019362	角刈り雀	85520
53	600000000000001562	三剱　螢	83669
54	1100000000000061769	シャーベット	82893
55	100000000000012696	ボルヘッティ	81205
56	200000000000014461	ユウイチ	81167
57	700000000000011821	としぞ	80565
58	200000000000056925	ちばけん@ラウメン募集中!!	78456
59	1100000000000051752	ほほほほい	77672
60	1300000000000001207	いわし	77090
61	57296	K@buto	76919
62	700000000000052593	ニワリス	76799
63	100000000000034972	マッツ	76447
64	1200000000000075394	ひるげりょ	76428
65	100000000000024402	麦茶	75722
66	700000000000000072	イタチャイ	75717
67	1000000000000075113	bazooka	75710
68	500000000000007045	高町さん	74668
69	200000000000002923	うずら	74391
70	1000000000000063131	アファームド	74078
71	800000000000058687	ふじやん	73772
72	1300000000000086383	せつめ	73551
73	1100000000000061941	ティオ	73091
74	1200000000000080580	Sの字	72757
75	800000000000056413	こっちゃん@ＢMＤ相互埋希望	72606
76	1200000000000006006	福 (;´д｀)	72548
77	1500000000000053818	蜂が飛ぶ♪	71812
78	1100000000000011469	ダボ	71351
79	1100000000000016260	すぴ	71254
80	1100000000000008447	じゅん	71197
81	5401	ゆや	70466
82	1300000000000052945	Ctake	70311
83	700000000000056812	トノ	69624
84	97222	harunya	69189
85	100000000000041536	ポコ	68932
86	800000000000013158	ロボタ	68896
87	1000000000000074892	屋敷	68882
88	800000000000070796	minori	68338
89	500000000000072444	りう	67299
90	200000000000008027	つっちー@同僚募集中	67217
91	300000000000011789	あ～ちゃん	66945
92	300000000000034952	ぱ	66922
93	300000000000022696	コジ	66714
94	600000000000055464	TakumiPorange	66170
95	200000000000081749	冴	65703
96	1100000000000010135	セセリ	65427
97	1500000000000040126	イリス	64872
98	1200000000000029779	名前	64346
99	1300000000000038346	さくほ	63581
100	600000000000080806	トンタ	63202
101	400000000000001182	べるちぇ	62416
102	1300000000000084400	(ゝω・)	62406
103	800000000000051903	タピオカ大魔神@同僚募集	62209
104	800000000000071593	笹つき	62152
105	1300000000000024693	toy	61759
106	400000000000003198	みっくん@ζ*'ヮ')ζ＜日記に埋めリス♪	61375
107	700000000000058145	ハム蔵	61278
108	1100000000000094439	hiroyuko	61139
109	1500000000000001509	ＳＡＭＰ	60919
110	100000000000038155	とんとろ	60759
111	100000000000051234	ごまふいぬ（∪＾ω＾）	60594
112	400000000000024129	たから	60292
113	1200000000000027264	Sai 	59985
114	25886	アニキ++++	59662
115	900000000000048708	もみゆず	59494
116	1200000000000078325	colonel	58774
117	1200000000000020544	舞蹴若尊	58641
118	300000000000056092	nube	58396
119	900000000000059425	こワッパーＶ	58284
120	800000000000079180	drake	57939
121	900000000000020400	チェスター	57352
122	1400000000000030074	ソウドリ	57121
123	800000000000024902	たくさんどうぞP	56956
124	800000000000004149	しー	56839
125	700000000000087626	ササミ	56738
126	1300000000000010757	あおいろ	56257
127	1300000000000055725	勇者ponpon	56234
128	1200000000000080044	asagami	55869
129	1400000000000038226	キャタピー	55785
130	600000000000054929	サギリ	55523
131	1100000000000046490	雅	55328
132	1400000000000073994	やこー	55285
133	1400000000000056085	ゆっきー	55274
134	1300000000000023916	OKAζ*'ヮ')ζ＜道場休止中	54954
135	1200000000000006123	ぺこ	54429
136	300000000000012460	す～ぱ～おねえさん	54253
137	600000000000002953	Τ	54246
138	1100000000000041542	komkom	54187
139	600000000000051610	かじきまぐろ	54174
140	500000000000021931	真水	54124
141	400000000000019160	ルーシア	53541
142	800000000000052280	アスンソン	53382
143	300000000000077976	リリナ	53305
144	200000000000004332	ごま蜜団子	53243
145	300000000000078396	より	53238
146	900000000000051988	ml	52428
147	700000000000000935	スーパー	52357
148	500000000000081196	いーぐ	52356
149	1000000000000024537	ナノ	51799
150	1500000000000000223	desire	51720
151	1100000000000052777	あるまA	51353
152	1100000000000004509	しろぬこ	51275
153	200000000000013989	マグヌス中村	50919
154	1100000000000026874	ソラ	50594
155	1500000000000000898	yusaku	50370
156	800000000000023232	"あや　庭相互300で1還元お願い　4人今だ種還元0個(-""""-;)"	50220
157	100000000000040492	ジェジェなの	50159
158	600000000000000608	ミラン	50105
159	400000000000038380	ぱぱっと	50100
160	500000000000011978	がいりん	50015
161	1100000000000013973	afumai	49779
162	1400000000000029744	けいた	49771
163	52083	置物	49584
164	600000000000003042	川田	49403
165	700000000000001292	mimi	49335
166	300000000000008300	DEKi	49143
167	1300000000000005188	三郎	48936
168	1200000000000081900	おっさんﾍ( ＊´ｖ`＊ﾍ)))～	48842
169	700000000000002508	ゆーちゃん	48770
170	800000000000004865	さへー@殴って、どうじょう	48760
171	400000000000010058	namtop	48742
172	700000000000001160	いちろく	48644
173	1200000000000052295	ミミズク	48585
174	100000000000027439	Xeno	48539
175	1300000000000001835	プロ猿ファーゴル	48502
176	200000000000072665	わふー☆	47495
177	300000000000002346	スカル	47339
178	1100000000000074931	藤井konoよ	47236
179	1300000000000000753	コシ	46848
180	100000000000029511	みんみ	46764
181	400000000000024846	やま@Albert	46749
182	1500000000000056338	zin＠求)BMD亜・環埋め	46748
183	1300000000000015994	イナガキ@ ζ*'ヮ')ζの道場廃業中	46675
184	1500000000000041909	いずみ@	46668
185	1200000000000002850	リク	46473
186	500000000000021263	みさき	46380
187	600000000000076237	竈馬	45942
188	1000000000000058882	ハイバリー	45793
189	500000000000078850	tako ko	45758
190	7372	ちんたら	45654
191	1200000000000014028	くりっく	45510
192	27430	min	45451
193	800000000000053226	ニラ	45435
194	900000000000002719	キタロー＠	45409
195	600000000000000272	ぬん	45256
196	200000000000012750	まっころ	45146
197	300000000000047231	あみ☆	45137
198	1500000000000008706	しおっち	45117
199	4579	ねおち	45015
200	700000000000000380	kenbigriver	44995
201	600000000000051715	Tomoya	44980
202	1400000000000015579	ペヨンジュソ	44957
203	15441	tora	44910
204	700000000000060103	めた。@同僚募集中	44572
205	1500000000000000784	バルタンZ	44167
206	1100000000000057051	赤メガネ	44024
207	600000000000032077	エスプリ	43898
208	400000000000002568	だんぱれた	43890
209	1300000000000080818	ななめ	43884
210	1400000000000007013	zerozero	43778
211	700000000000010296	Mrtanaka	43758
212	1100000000000013735	コンペイトウ	43662
213	200000000000005078	紙スコップP	43219
214	1400000000000046567	ぽり	43214
215	500000000000004259	I'm sotaバー	43102
216	800000000000004950	ちびき	42985
217	800000000000093256	quark	42658
218	900000000000009362	悠翔	42654
219	1500000000000058057	カミンティヤ	42581
220	200000000000004606	爆散っ！BOM夕コス	42548
221	300000000000055813	Mon-Cala@永吉昴ｱｲﾄﾞﾙ式ｷｬｯﾁﾎﾞｰﾙ連盟	42521
222	1200000000000006240	むつみ	42454
223	6599	たぬき@金属	42314
224	1500000000000006780	えふけん	42265
225	1100000000000052022	petrov@BMDイベお疲れさまでした	41969
226	1300000000000077081	射手座王	41939
227	1000000000000028220	やみ	41912
228	1500000000000036121	えい	41880
229	1000000000000052360	なまねこ	41806
230	300000000000052384	龍牙	41748
231	300000000000020624	鋼呀	41729
232	700000000000083317	翁	41477
232	800000000000093142	フェニックス	41477
234	1400000000000051918	もくせい。	41071
235	1100000000000028578	しょ	41028
236	62382	人虎	40634
237	700000000000006419	epo	40580
238	1200000000000000976	ごんぞ	40491
239	1500000000000002416	よぅさん	40428
240	700000000000003922	ゴッゴル瀬尾	40368
241	1100000000000002393	dust	40274
242	300000000000027099	ぽに～侍	40233
243	200000000000063386	リリン	40110
244	400000000000000825	神崎	39949
245	1200000000000025616	smit	39808
246	200000000000063347	あるぅ	39600
247	1000000000000098007	ゆきゆき	39567
248	1500000000000060939	駿ちゃ@ときかげさん	39488
249	1200000000000004784	たんたかたん	39309
250	5200	kuma	39297
251	900000000000002859	ひびひび千母	39146
252	1400000000000003064	アニ	39139
253	900000000000000373	リット	38966
254	6021	モノラル	38890
255	200000000000097350	chirimen	38383
256	75657	ルーベラ	38314
257	100000000000007514	ヘンタイ脳みそ課金者プリン体増量中パイルドライバー(HNKPP)	38227
258	800000000000055621	あうふすとぅす	38106
259	300000000000003166	ｸﾙｰｶﾞｰ	38071
260	95887	瑞希ちゃんはかわいい！	37762
261	1000000000000004979	くろぶち	37604
262	300000000000096095	ルルshiba	37498
263	1300000000000079236	しんく	37445
264	200000000000006642	でんと	37365
265	1100000000000034348	悪徳組長うーさー	37309
266	400000000000061208	Mickan-ya	37257
267	900000000000001572	カズ	37173
268	80880	ふぁんとむ	37050
269	100000000000043322	グレープ	37034
270	1100000000000053323	が	36933
271	400000000000002075	さっく	36716
272	1200000000000009495	ら～めん派	36529
273	1300000000000085828	ニボ	36423
274	400000000000021217	サムライ	36395
275	900000000000000567	さななん	36393
276	74304	いいんちょさん	36388
277	800000000000061912	湯谷温泉	36344
278	400000000000076373	ver.38N	36277
279	1000000000000004132	真宵	36097
280	1300000000000054475	ソニお	35969
281	300000000000061741	どく	35885
282	1500000000000088269	釈迦堂	35782
283	300000000000054451	ながの	35589
284	1200000000000003409	るー	35313
285	400000000000002885	いっちゃん＠(ｏ・∇・ｏ)わっほ♪わっほ♪わっほっほ♪	35304
286	1500000000000061247	bbb	35202
287	1100000000000010823	さるまた	35055
288	1200000000000057049	stray bunny	34937
289	800000000000002573	へべれけ	34914
290	200000000000004442	つね	34839
291	1400000000000012398	冷菓	34590
292	1400000000000051293	ましろ	34335
293	500000000000046782	ぶちメガネ	34272
294	600000000000013400	ベンゼン	34264
295	300000000000025505	おたぢ	34250
296	700000000000073551	☆ 輝きの婿 小川A ☆	34067
297	500000000000004918	ななし	34000
298	1500000000000052004	羅針盤	33866
299	1300000000000025476	リコピン	33768
300	1400000000000009524	由々識	33758
301	1000000000000006953	う3ぅ@HNトレード中	33735
302	1300000000000025633	黒畑幽鬼@ULA予選走りきった	33628
303	100000000000092164	醤油	33598
304	800000000000002063	アロマカレー	33551
305	1200000000000038944	ネス	33515
306	1000000000000051024	どんぐり	33358
307	1100000000000033994	ななころ	33340
308	300000000000006103	まくわうり	33336
309	100000000000077978	タナポケ	33262
310	1149	aokiP23	32818
310	500000000000008957	jid-a-luck	32818
312	700000000000086089	てんぷら	32513
313	600000000000074192	geri	32450
314	500000000000041445	放浪P	32405
315	300000000000051431	ケイイチ@秒速1mで動く点P	32363
316	500000000000049116	しのひで！(SM)	32265
317	700000000000044125	ame393	32253
318	1400000000000007581	トグサ	32251
319	700000000000007699	べのむ	32191
320	500000000000051364	青犬	32089
321	500000000000082892	kanadeW	32084
322	5485	フィフ	32050
323	100000000000077753	マサ	31960
324	1100000000000026357	ありぽん	31775
325	200000000000001144	ざっきー	31527
326	1500000000000086901	M@SCON	31450
327	1200000000000081603	アラン	31274
328	300000000000049413	つぎゃわ	31242
329	100000000000000240	クロ	30907
330	1200000000000028530	蘭子	30891
331	600000000000019774	しど・ビシャス	30874
332	1100000000000004004	ストボン	30816
333	800000000000096138	むん	30759
334	30767	みけ	30736
335	3605	浜通	30709
336	600000000000085371	まーくん	30659
337	300000000000031511	やよクエ	30549
338	800000000000062327	ヒロミツ	30530
339	1400000000000000245	ふらじーる	30330
340	1200000000000094654	watari	30207
341	1000000000000001128	GOTTU	30172
342	1400000000000025692	エリ	30087
343	300000000000002306	クライン	30078
344	1200000000000074071	くげみのる	29856
345	1100000000000006041	けいよー	29848
346	1200000000000003487	ミフネ	29838
347	400000000000059315	ふたば	29832
348	200000000000000110	アジ	29816
349	600000000000074906	ブルクドルフ	29795
350	700000000000011310	にまめ	29789
351	400000000000053117	はんしん	29775
352	84594	はな	29741
353	1500000000000005702	Ｄ.ゆたか	29720
354	600000000000096344	はやて	29589
355	300000000000056973	こーぎー	29571
356	1100000000000031007	ハヤト	29561
357	900000000000027709	ナチフ	29511
358	1400000000000000441	マグス	29425
359	1500000000000085598	４(ヨン)	29298
360	1200000000000058640	魅和琵-干涸びたｶﾙﾋﾟｽ-	29181
361	1200000000000077426	灯夜	29169
362	800000000000040089	hibiki	29162
363	300000000000018739	にわの	29144
364	100000000000060891	三村マサカズ	29123
365	100000000000045722	幻剣	28983
366	1500000000000017494	ﾊｽﾌﾞﾚﾛー	28936
367	600000000000000705	咲来	28862
368	200000000000069370	飴くん	28835
369	1300000000000051859	nanakado	28813
370	1500000000000051348	るぴ	28811
371	600000000000077573	四季	28717
372	700000000000062947	ヤマ	28506
373	1400000000000008907	ぐれいと	28355
374	1200000000000009406	羽霧はるか	28338
375	100000000000008056	コノハ	28060
376	800000000000005468	ツクモ	27929
377	800000000000021848	あつを	27875
377	1500000000000085108	にょうそ	27875
379	1000000000000078091	ノワール	27791
380	400000000000002805	黒西瓜	27780
381	800000000000058803	トキ	27755
382	1000000000000051507	myon	27735
383	1500000000000010290	Blaze	27728
384	200000000000061283	あやりん	27711
385	600000000000090677	ご存じ最中	27699
386	1100000000000000402	うるう	27619
387	400000000000044824	助兵衛	27584
388	900000000000096955	マオーさん	27577
389	800000000000092921	ゲオルグ	27396
390	600000000000014076	TAKE	27391
391	1100000000000007263	みたまくら@ねら	27320
392	400000000000016046	くそむし	27294
393	85342	しのぶ＠速射特化	27147
394	1500000000000010099	Daichi	26994
395	700000000000035669	ロベルト	26988
396	1000000000000000016	ろう	26968
397	1400000000000020220	おぱんつぁー	26825
398	3061	Takehiro	26824
399	1100000000000077206	もく	26757
400	700000000000000722	でっく	26741
401	9203	血染めの羊	26731
402	900000000000046797	S.T	26628
403	100000000000025213	Boneless39	26543
404	1000000000000068892	ぶっぱ	26484
405	500000000000095247	こっこ＠（ま）こと	26449
406	800000000000031524	Guran	26325
407	1400000000000057688	しらす	26323
408	500000000000042142	Do-tei	26274
409	800000000000022144	BAMBOO	26262
410	700000000000041012	ki	26223
411	1300000000000052190	八塚	26211
412	1000000000000053733	さちこ◎	26143
412	1300000000000007557	まつば	26143
414	1200000000000006810	にけや	26039
415	1500000000000078319	AVENGER	26014
416	1400000000000093559	うまぽん	26009
417	400000000000038526	ろどすた	25984
418	600000000000053447	いくのん	25781
419	600000000000006942	ほろくさ	25779
420	100000000000022191	シノリュウ	25677
421	1100000000000037634	メリー（ストラビンスキー）	25630
422	200000000000016766	じゅうそうＰ	25626
423	200000000000078300	hoo	25612
424	800000000000027319	アッピー	25599
425	100000000000052122	おんじ	25543
426	900000000000057984	RTK	25340
427	1100000000000093889	ぱらいそ	25327
428	600000000000075145	和泉康太＠同僚募集中	25320
429	1300000000000075405	とも	25219
430	300000000000052940	弥木	25182
431	800000000000079417	霧崎	25125
432	1400000000000042007	D-HACHI	25055
433	1000000000000004012	ホーリー	25037
434	700000000000000576	ぼんじり	24898
435	100000000000003820	源	24850
436	400000000000071908	カープ彡(∧)(∧)	24841
437	300000000000020314	な王@バイク乗りP	24778
438	800000000000097743	たかし	24769
439	100000000000054426	うるる*ｶﾞﾙｼｮhh友さんに感謝です*	24583
440	700000000000003377	ぶやし！！	24572
441	1000000000000007341	チェルニー	24545
442	1100000000000035541	Taku	24501
443	400000000000080552	ゆきぺでぃあ	24409
444	800000000000003514	椽椽(たるきえん)P	24377
445	1100000000000050394	れみす@見習いおやぶん	24345
446	900000000000001714	バジリスク@	24334
447	100000000000001020	ふぃがろ	24260
448	1100000000000004620	頑張るマン	24250
449	1200000000000033933	Ambasa	24143
450	600000000000082324	kaniesun	24102
451	700000000000003402	ヤマリョウ	24063
452	1300000000000084130	アスタリスク	24028
453	1200000000000002749	いがたろう	23979
454	1300000000000047707	たくみ	23978
455	900000000000032927	炭酸水フォースをオビワン中おふ	23974
456	1200000000000002085	うどん	23945
457	1500000000000074038	帽子屋	23940
458	100000000000006045	マジカル	23928
459	1400000000000083098	poe	23786
460	700000000000017398	SAS	23773
461	500000000000055970	関拓	23771
462	100000000000056479	すたあ	23734
463	13914	ＮＡＳＳＡＮ	23718
464	1300000000000006572	Mei	23600
465	1400000000000003335	よっしー04	23540
466	300000000000026419	yoshiruka	23481
467	500000000000098074	メガネマン	23428
468	1100000000000057562	ゴート	23420
469	1100000000000015625	チャルト	23296
470	1100000000000050778	ホトくろ	23242
471	500000000000006014	KAI	23184
472	1300000000000004621	夜行性まよら十三	23175
473	700000000000032990	杜野	23116
474	1100000000000002443	ぷる	23106
475	500000000000015083	Koay	23067
476	400000000000094257	まっこい	22950
477	1500000000000081110	R.M@缶けりしよう	22863
478	1500000000000010756	もる	22801
479	800000000000031156	雷牙	22766
480	200000000000001291	ゆーあ	22739
481	600000000000085537	FFDY	22734
482	1200000000000016228	フリウリ主任	22713
483	1200000000000000587	ゴチボルト	22691
484	1000000000000003575	きちえもん♂@BMD茜ちゃんあります	22646
485	1100000000000004806	とん吉	22602
486	900000000000038837	yun	22555
487	500000000000091312	*みつぅん	22532
488	200000000000095436	NULLlu	22462
489	1000000000000021182	イッセー	22460
490	1200000000000018075	幹人	22426
491	200000000000001010	DCD	22310
492	800000000000005148	nakaie	22284
493	600000000000079790	sui-un	22260
494	600000000000004454	伊園	22183
495	1400000000000098393	ばっぱら	22093
496	75024	ソリ	22065
497	1500000000000001174	バスター	22019
498	1500000000000001901	藤宮	22010
499	1000000000000004665	Tomo	21945
500	1300000000000001031	サイズ	21926
501	1200000000000086178	まゆ＠緑雨	21924
502	500000000000006698	ナッシー二世	21910
503	800000000000008139	らぶぽん	21878
504	600000000000025672	高月神	21860
505	1300000000000066874	こまむー	21834
506	1100000000000000651	トキハラ	21750
507	900000000000053896	ティロフィナーレC	21691
508	300000000000082524	るる	21682
509	900000000000050741	クズ野郎	21602
510	81332	アルカード	21522
511	400000000000013931	ｼｭﾝｷ	21429
512	1100000000000080116	だれか	21411
513	1400000000000011055	強制開拓	21356
514	1200000000000079883	オリジン兄	21348
515	900000000000015409	yamaki	21336
516	900000000000008377	黒猫	21329
517	900000000000005490	智	21317
518	800000000000081326	Player 1004509112	21281
519	600000000000002745	涼崋	21280
520	800000000000001462	実況グループKFSIpoliceman(休止中)	21268
521	22006	可愛いひよこ	21255
522	1300000000000007887	きしょう	21217
523	400000000000010125	小町	21175
524	1200000000000034524	右側	21144
525	1100000000000001357	シノン	21086
526	1500000000000076666	Yuna	20946
527	300000000000008107	ぱんにー	20848
527	1100000000000028986	にんたそ	20848
529	1200000000000003788	Liar	20818
530	1100000000000027488	ひまわり	20772
531	400000000000031266	07@BMD同僚募集	20711
532	400000000000056935	トビア	20706
533	500000000000014022	ＥＶＥ	20596
534	1400000000000007584	Tamoto	20588
535	500000000000029311	ファイティング・レイ	20544
536	1400000000000032264	cholv	20534
537	1100000000000070982	ちくわ	20507
538	1000000000000003808	アーグラス	20479
539	800000000000015774	deith	20467
540	1200000000000014238	Tohura	20434
541	900000000000053501	jury	20308
542	500000000000050203	ユキヒロ	20306
543	700000000000040893	（鷄）	20285
544	1000000000000084279	不空	20196
545	600000000000000059	H@LL	20185
546	300000000000012867	ドアッチ	20152
547	1000000000000020319	BOGY	20089
548	900000000000084716	タカヒロ	20052
549	600000000000004200	竜党	19984
550	1200000000000004376	ちゃぶらー＠飴難民	19919
551	400000000000024037	kaz	19888
552	400000000000000449	前川	19856
553	500000000000051937	瞬＠美希＠翼＠蘭子Ｐ	19824
554	1200000000000000404	三世	19770
555	900000000000006795	エノ	19661
556	300000000000030261	えつお	19658
557	100000000000008376	鯨P	19637
558	700000000000004263	腰掛椅子	19627
559	38121	ヤキオレ	19567
560	1000000000000000071	魔光蟲ロンシャン	19540
561	66635	toni	19484
562	500000000000000042	Crifff	19459
563	100000000000008279	かん	19403
564	400000000000008048	熊五郎	19275
565	22264	霧	19185
566	100000000000007688	松丼	19144
567	1000000000000085680	さぼ10	19128
568	1000000000000030303	カメリア	19099
569	300000000000005718	BEGG(ﾍﾞｯｸﾞ)	19088
570	900000000000003894	お米券	19062
571	200000000000000017	サンド	18947
572	14459	戯5lo	18924
573	1500000000000066593	ルナ@環のおやぶん	18870
574	100000000000059890	じょむ	18816
574	1200000000000052175	おさゆくＧ	18816
576	800000000000029957	KEL	18729
577	100000000000013889	りゅう	18687
578	1400000000000004707	うな	18656
579	19111	たゆうら	18622
580	500000000000030736	まこぷー	18557
581	100000000000098353	allonia	18540
581	1300000000000038919	神楽坂こうしろう	18540
583	1200000000000000768	コルマ	18446
584	1500000000000000002	A M	18425
585	600000000000059605	まえの	18296
586	600000000000015220	シェリー＠ラウメン募集中	18113
587	400000000000008959	よしお	18104
588	800000000000000148	カキー	18095
589	400000000000050871	きよし	18024
590	1400000000000007268	LIAR	17996
590	1500000000000051848	す～	17996
592	400000000000007066	京都	17955
592	900000000000002035	チーズ	17955
594	200000000000051762	鈴丸	17934
595	900000000000031079	idea610	17891
596	600000000000010416	ぐるめっと～	17809
597	1100000000000073865	けだま	17762
598	1500000000000052501	ごっきー	17686
599	500000000000003462	まったり	17675
600	800000000000080388	乙哉	17669
601	500000000000000011	絃人＠みります道場	17652
602	1000000000000015910	二藍ニャガ	17577
603	600000000000012312	ブナしめじ	17574
604	1200000000000042015	透音	17565
605	800000000000054362	765P	17505
606	600000000000036929	essen	17484
607	300000000000053971	むうらん	17473
608	1100000000000046630	青空スライ厶（そらまるリリイベ当選しました♪）	17464
609	10663	朝夜	17460
610	700000000000077205	カテキン	17428
611	200000000000052523	はまち	17330
612	1000000000000084653	真日和	17318
613	1400000000000002062	イツキ	17301
614	400000000000033639	ボロンゴ	17254
615	300000000000078374	もみゆず２	17244
616	300000000000093896	mori	17178
617	1500000000000055275	番長	17170
618	68346	シン	17165
619	1400000000000082531	もちに	17137
620	400000000000052773	ユーユ	17117
621	1000000000000023148	秋司	17026
622	200000000000050425	16AK	16907
622	1300000000000087061	裏助	16907
624	1000000000000062205	ぺーち	16840
625	200000000000000492	HB2	16745
626	1100000000000012228	のんやま	16658
627	800000000000002715	KEG	16638
628	1100000000000012486	ニノ	16623
629	200000000000005782	か～ねるん	16622
630	1500000000000003815	祐駕楕諭吉	16487
631	1500000000000050039	岡崎汐＠BMD奈緒６位	16468
632	1300000000000092031	gimpo	16424
633	800000000000051970	ジョニー	16328
634	400000000000007919	はりおむ	16322
635	700000000000007263	へぼやまん	16223
636	1300000000000002568	んがむら	16200
637	600000000000077302	かず	16164
638	400000000000003403	ぼーやん	16159
639	1400000000000096058	MaroYakaZ	16133
640	800000000000093715	マリノ	16094
641	900000000000029396	you	16087
642	1300000000000003795	ほー	15964
643	700000000000082215	Kiku	15955
644	900000000000076135	U.M.	15878
645	700000000000009474	インティライミP＠盛岡公演来るまで隠居	15865
646	1400000000000074952	カガリ	15841
647	1000000000000050063	シキータ	15818
648	1000000000000056782	ナギ	15800
649	200000000000000812	【M】A.A*ｲﾍﾞ・ﾏｯﾀﾘﾓｰﾄﾞ*	15785
650	900000000000085776	ナウ	15774
651	200000000000085311	ろーす	15756
652	700000000000067127	Player 1002122919	15699
653	1400000000000053748	kevlar	15641
654	1500000000000083345	Roucool	15631
655	600000000000085455	むららん	15629
656	400000000000059701	ゆげちまる	15615
657	1200000000000083963	ニディー	15596
658	1300000000000051793	るた	15522
659	800000000000001018	Aqua	15508
660	1300000000000054485	タッキー	15444
661	400000000000000223	わりばしP	15434
662	1000000000000051740	マカク	15424
663	800000000000027508	青き炎の解放者 戦獅子P@VG好きの律子P	15385
664	700000000000025708	さいから★	15356
665	1200000000000015283	いけてないミザちゅわん	15351
666	800000000000052803	yanma@相互埋め可 BMD:美奈子、環 EEH:美奈子	15321
667	800000000000036682	長谷川P	15223
668	1100000000000094701	Lose	15138
669	800000000000087342	MOVE山田	15116
670	900000000000051456	ヘーイ	15070
671	1100000000000001819	ならまち	15027
672	100000000000002502	こづき	14988
673	400000000000014886	窮奇	14980
674	1000000000000043187	みくろ	14951
675	300000000000019637	sangakusan	14885
676	400000000000001329	テル	14877
677	1100000000000004574	エリア＠BMD相互埋め同僚募集（歩所持）	14875
678	700000000000010893	キーノ	14852
679	226	かみぶくろ	14850
680	74414	Barrelﾍ( ＊´ｖ`＊ﾍ)))	14756
681	300000000000025522	スパーキー	14717
682	1200000000000005396	シズぽん	14711
683	1400000000000053502	CaT	14710
684	1300000000000058454	ヒロポン	14693
685	900000000000038218	賢次郎	14660
686	900000000000085589	ヤギ	14636
687	1100000000000000248	さぶろー	14632
688	100000000000082019	ウダラッシュ	14622
689	400000000000064654	ぶれゐぶ	14621
690	300000000000010792	むらさめ	14576
691	700000000000001177	まがな	14530
692	400000000000012270	洗	14528
693	1200000000000051766	なまやけ	14522
694	1000000000000051027	つままれ	14472
695	16440	ちょこな	14454
696	300000000000096255	ジュン	14396
697	1400000000000063167	彩菜	14370
698	700000000000011820	社員	14366
699	50248	白蛇∽黒蛇-E	14360
700	300000000000002246	TAK	14320
701	1500000000000085859	いなばものおき	14319
702	400000000000007083	クロ	14292
703	700000000000016100	houchi	14265
704	1100000000000008607	ASTR	14212
705	800000000000080480	すばる	14185
706	1400000000000096210	SORN	14179
707	600000000000080601	近藤	14176
708	900000000000076303	ツバクロ	14175
709	500000000000004254	689ユーリ@メイメイ	14161
710	1200000000000074947	37P	14140
711	1400000000000079994	RVF	14133
712	1100000000000001520	おたま	14097
713	800000000000071107	ニカ	13986
714	400000000000038040	sparkler【ﾐﾘﾏｽ】HN・R交換募集	13904
715	300000000000001649	★星☆≡	13860
716	600000000000055142	黒月うさぎ	13795
717	1500000000000008980	GOTTWOZ	13772
718	1100000000000000690	しろぽっこ	13716
719	500000000000079019	不自由	13705
720	700000000000071701	ありか	13627
721	1200000000000046997	ランプキン	13595
722	500000000000083252	ちゃん	13587
723	400000000000004670	ひろひろ	13543
724	1000000000000010255	ロビン	13534
725	900000000000001108	Ko-1	13506
726	900000000000005228	ルージー	13504
727	100000000000015597	カドゥー	13500
728	1200000000000019032	ちぃ	13463
729	1000000000000004019	悪来	13430
730	700000000000000012	なま	13391
731	1200000000000047038	☆霞☆ラウメン募集中♪	13380
732	400000000000003250	しのじ	13375
733	1200000000000003017	そうび	13370
734	1400000000000004907	サンサン	13344
735	1000000000000001742	*youth-K*	13313
736	300000000000078401	ぽこてんＰ	13306
737	1300000000000094569	プロ野	13231
738	300000000000003202	mist	13230
739	100000000000077433	みぶうみ	13083
740	600000000000008308	けんぬ	13040
741	800000000000081426	バルキーP	13030
742	700000000000019996	Yellow	13020
743	1500000000000051734	うえし	12977
744	200000000000022342	もうだめ店長	12910
745	1200000000000085409	あるこん	12892
746	800000000000092836	ゆにす	12884
747	800000000000054171	まほまほ	12863
748	100000000000002916	ゴブリン	12852
749	800000000000045145	野菜	12850
750	900000000000003319	とらこ	12845
751	1500000000000025220	ＬＯ	12816
752	400000000000049548	ukita	12749
753	200000000000080192	hskz	12726
754	800000000000022775	よっしー	12713
755	900000000000009762	☆ｒｏｔ☆	12709
756	600000000000026422	ソーナンス【千早…すまない……私は…メンチローゾ(環P)だ】	12707
757	77954	OGR	12683
758	600000000000031546	revi	12667
759	600000000000056547	とし	12643
760	600000000000096466	フォイヤ	12637
761	200000000000037533	リングス２	12627
762	1500000000000028563	セルタP	12581
763	800000000000065044	Hiroshi	12571
764	900000000000043872	ks ドリギルメン募集中！	12564
765	1000000000000000361	さんだる@準備中	12539
766	600000000000029705	ヤス	12473
767	300000000000004141	雅・祥	12448
768	700000000000091206	とらのたまご	12434
769	800000000000038604	まっつん	12423
770	1000000000000006225	ブロP	12405
771	900000000000080656	アルタイル	12387
772	1400000000000023601	kj3	12382
773	1400000000000086037	したじき	12367
774	500000000000029556	ひなゆき	12364
775	300000000000008757	tara22	12330
776	1224	めたろ	12289
777	38197	ばった	12273
778	1100000000000094672	とーおか	12264
779	500000000000029572	marson	12263
780	100000000000002617	二階	12260
781	600000000000033334	灰洗屋	12223
782	60072	なむなむ	12165
783	1300000000000001938	いおん	12154
784	800000000000043797	しおん＠多忙 皆さんご協力ありがとうございます( ´ ▽ ` )ﾉ	12141
785	800000000000094169	BEALTZ	12138
786	700000000000087574	まや	12086
787	1200000000000003087	ヒロ☆	12049
788	800000000000005624	TOGO	12043
789	1000000000000025691	＼(圭 )＞	12037
789	1000000000000063207	Syogo	12037
791	1000000000000002493	脇汗魔神	11998
792	1500000000000010443	暇人破壊	11984
793	1200000000000016518	センス神	11964
794	400000000000054650	ミニパ	11920
795	1200000000000050590	ぜろすい★☆	11910
796	500000000000019747	mob_akg	11875
797	1400000000000060785	ぽぽろっか	11867
798	1100000000000001690	ますらお	11827
799	915	坊	11812
800	1400000000000064437	かしわ	11748
801	1300000000000023250	総務	11740
802	900000000000013783	ダルビッシュ有	11738
803	1100000000000008885	カトラン	11735
804	1300000000000009263	みのるＰ	11689
805	100000000000012026	朱稀	11679
805	1400000000000028716	あした	11679
807	93316	南北	11658
808	1400000000000081776	mpcarc	11647
809	600000000000008697	かたや	11615
810	600000000000080861	柚子ゆず	11591
811	700000000000005274	武神ゆうた	11581
812	500000000000076423	ぐっち	11561
813	900000000000086673	木偶	11536
814	600000000000007147	そらちく	11533
815	800000000000095341	ぺん	11518
816	1400000000000051912	kia	11499
817	1100000000000060826	はな	11480
818	700000000000008572	でんどろびうむ	11440
819	400000000000012093	min	11435
820	300000000000085673	かずなり	11409
821	300000000000003710	まりうす	11374
822	1200000000000000854	らき☆缶P	11341
823	800000000000071663	雷来	11313
824	700000000000048188	急降下爆撃隊	11301
825	1200000000000051084	はんぺん丸	11259
826	1300000000000001666	neylon	11244
827	97188	サクラナミ	11242
827	100000000000075323	ささもり	11242
829	400000000000087986	Player 1005525092	11212
830	1400000000000039833	シェラー	11204
831	200000000000024802	ふしあな	11201
832	700000000000004758	eri《アイマスのみ。マイペース》	11199
833	400000000000003028	ジュンヤ	11198
834	600000000000005779	ユキヒョウ	11173
835	500000000000019258	燕堂恵	11162
836	500000000000005179	うわばみ	11144
837	200000000000098459	リーノ	11138
838	1200000000000008186	よ～	11132
839	800000000000052030	ノリ	11126
840	400000000000002220	雪夢	11124
841	200000000000037487	カッセー	11123
842	1100000000000086209	ウミスズメ	11074
843	900000000000006335	にゃぐ	11073
844	100000000000045981	ケンケン	11016
845	300000000000076836	断空我	10998
846	4033	犬鷲羽	10995
847	500000000000041751	あとりん	10983
848	1500000000000036225	ζ隼丸ζ	10977
849	23445	明日香	10965
850	1400000000000055879	miami38	10959
851	1400000000000006781	のあ  	10928
852	1400000000000000135	婿固め	10887
853	1000000000000077003	四郎	10874
854	1500000000000000919	YNAKN	10853
855	100000000000081772	Seran	10829
856	1100000000000010930	スベスベマンジュウエビ	10813
857	700000000000096957	ワールドオブもこう♪	10806
858	100000000000075741	ラーマ	10789
859	900000000000004978	えぷ	10786
860	500000000000051762	ゴケ	10780
861	800000000000014945	田口山田	10764
862	1300000000000080244	ひでと	10763
863	300000000000035723	キク【ローゼン】	10761
864	1500000000000051364	りある	10757
865	700000000000028296	あははっー	10710
866	1000000000000004569	ミン	10704
867	53470	kobashonen	10677
868	700000000000032210	デコリン	10638
869	1100000000000098118	撃龍神	10592
870	41127	きりょうP	10591
871	900000000000003934	マエチョロ	10563
872	600000000000027056	マメッシ	10562
873	1200000000000075325	ババロア改二.5	10559
874	800000000000076827	ゆる～るP@隠居	10558
875	700000000000053476	キレイ	10557
876	800000000000053222	はなみ	10542
877	700000000000002243	クラファー	10496
878	1500000000000060699	artail	10455
879	100000000000004214	じょんすん	10447
880	500000000000002679	ちゃ素	10417
881	200000000000023246	マーサン	10404
882	200000000000053071	gp-0	10393
883	500000000000074469	ミズキング	10343
883	900000000000006978	ちゃあ	10343
885	1400000000000002598	あっき	10338
886	1100000000000000997	カザミ	10336
887	900000000000096061	美希最高!p	10314
888	800000000000004308	卓球	10276
889	1500000000000005504	迅雷	10273
890	100000000000057035	あき	10172
891	800000000000051668	きくぱすてる	10167
892	16862	卜途	10156
893	200000000000001135	大之輔P(しるこサンド)	10136
894	600000000000003054	minakami	10113
895	1200000000000006703	ねね	10080
896	300000000000052187	ロキ	10075
897	800000000000093257	ぜりー	10063
898	800000000000038672	B-LAST	10056
899	1300000000000098826	ナギ	10023
900	400000000000031242	まっ黒Da!	10021
901	600000000000098915	ぽてまよ	10017
902	1300000000000002392	春琴文学座	9993
903	1100000000000096638	夕里	9974
904	700000000000036558	紀柳	9940
905	1000000000000000864	しらたま	9924
906	1100000000000033681	テイーワィ	9892
907	400000000000086609	いぷしろん	9884
908	600000000000008954	マサマサ	9865
909	300000000000003906	椋	9864
910	700000000000054694	おとこむらた	9849
911	300000000000083854	てんぎらす	9820
912	1100000000000030445	CCC-AXE	9797
913	79674	みやなかはら	9794
913	500000000000003061	ディン	9794
915	100000000000061386	ukeyhero	9759
916	200000000000003184	きほいる	9748
917	1000000000000005910	はろはろ	9745
918	1000000000000057558	SEVEN	9741
919	1500000000000011468	タマモ‡∽∽‡	9724
920	1200000000000055439	五条烏丸	9717
921	800000000000016306	ナレイン☆	9688
922	1400000000000033525	つも	9634
923	1000000000000094449	Pot de crème	9623
924	300000000000051785	ふひと	9618
925	86668	ちひゃーP	9601
926	1100000000000022390	三原色	9599
927	1000000000000007870	高町なのは	9576
928	1300000000000097950	ナルサス	9565
929	400000000000008781	黒羊	9551
930	1400000000000061517	Crow-N	9550
931	1300000000000019416	星梨花～(☆∀☆)～	9537
932	900000000000001543	Tomo_Sayaendo	9513
932	900000000000029944	ゆたか	9513
934	1500000000000003880	こたつ	9500
935	100000000000039016	シノ	9490
936	1000000000000097696	おかゆ	9459
937	300000000000030151	ぬ～ん	9457
938	900000000000031664	ジェリー	9455
939	55398	かささ	9440
940	1000000000000004602	コースタン	9430
941	62206	優	9428
942	900000000000080526	ツナ缶	9426
943	700000000000068904	がるふ	9402
943	800000000000071886	ジャン	9402
945	54314	くろすけ	9390
946	700000000000002118	ススム	9373
947	1200000000000019739	璃紅♂	9370
948	400000000000009447	青井*ミキを養う為頑張って働きます(　・`ω・´)*	9342
949	100000000000009829	たかちぃ	9285
950	300000000000052320	晃平	9282
951	800000000000053303	シマコ戀	9187
952	1200000000000096829	おしか	9167
953	500000000000056765	宇宙機構	9148
954	1200000000000096717	アル	9146
955	1500000000000017087	クロスケ	9142
956	1100000000000073108	モレ	9141
957	900000000000003090	オカキ	9140
958	1200000000000094734	fumi	9136
959	800000000000092830	俊輔	9133
960	500000000000077350	ドナァ	9105
961	15456	とり	9090
962	1500000000000020377	気づいたら飛んでたかいしゃ	9083
963	200000000000086545	みにか	9079
964	1500000000000007356	いなみ	9059
965	500000000000002077	しんのまりも	9036
966	400000000000018304	Zande40	9029
967	300000000000076550	くそ軍師	9024
968	800000000000008061	ひで	9012
969	800000000000055869	ユイ	9001
970	1500000000000005710	招待はスルーしてほしいシマダ	8981
971	900000000000085666	ちさ(21)＠chisa21yフォロワー同僚募集中	8961
972	300000000000033205	おぎちか	8952
973	1300000000000009744	片那	8950
974	91990	海老ボクサー	8931
975	600000000000072227	ポーラーベアお仲間に大感謝	8916
976	300000000000027402	とっし→	8910
977	600000000000051668	しずよ	8897
978	300000000000038854	たけ	8894
979	1200000000000003933	yorodu	8880
980	1000000000000054250	もひ	8863
981	500000000000008601	よだれむし	8861
982	700000000000018290	ぐっっち	8860
983	700000000000029720	瑠華	8844
984	1300000000000074730	るい	8820
985	100000000000003042	Moca	8814
986	1000000000000037753	mitarashi421	8784
987	100000000000072518	こむすび	8778
988	1200000000000005650	くりむ【S.A.D】	8772
989	700000000000024028	ヒロ君	8766
990	400000000000010403	なおみ	8760
991	400000000000074103	るしふぁー	8743
992	1300000000000047057	雄夏	8723
993	700000000000046848	きょんしー	8716
994	700000000000005115	おとぎ	8710
995	1200000000000017491	とみー	8703
996	100000000000008355	とんぺー	8681
997	1400000000000074663	ギン	8676
998	500000000000097094	よっしー１	8643
999	1300000000000024660	ヒロアキ	8632
1000	700000000000002648	佑	8578
1001	1000000000000055600	ペソ	8571
1002	400000000000072889	ryoji	8563
1003	1200000000000089139	さかな	8532
1004	500000000000058191	きりん	8531
1005	400000000000045737	ruin	8523
1006	300000000000004366	ﾍﾞﾝｿﾞｳ改め汐宮栞(おっさん)	8519
1007	900000000000096805	えいと	8512
1008	400000000000053492	キャンDo	8505
1009	700000000000002420	yuk_k	8500
1010	500000000000050333	うるきっき	8498
1011	1000000000000004771	かすがしん	8497
1012	1400000000000035005	mochi	8488
1013	600000000000005971	datti505	8464
1014	1500000000000004577	Ｂダッシュ(*^-')b	8460
1015	1100000000000021098	発芽	8458
1016	1000000000000058780	も	8452
1017	1200000000000011980	いかさまおー	8450
1018	900000000000001081	片桐繰生	8443
1019	800000000000006236	ジャン	8437
1020	500000000000081133	スタプラ	8410
1021	100000000000068210	カン	8393
1022	400000000000046804	あかねぞら	8374
1023	500000000000037065	りくぺんぎん	8368
1024	500000000000008473	がくてん	8359
1025	800000000000075697	熱々おでん	8356
1026	1500000000000073876	おさ	8350
1027	100000000000052324	まーぼう＠ミリマス(^_^ゞジュリア推し	8346
1028	1300000000000051974	はなのきず	8329
1029	1000000000000006291	くまパク	8324
1030	400000000000076738	るきを	8314
1031	1300000000000037731	さらみ	8310
1032	100000000000000668	star	8307
1033	900000000000086620	玲衣也	8304
1034	1400000000000072243	ﾆｯｸ	8300
1035	1300000000000079628	ジョカ	8299
1036	200000000000000987	FID	8294
1037	1100000000000057810	｡+☆∫ё¡д☆+。	8253
1038	1200000000000032246	ミュー	8238
1039	400000000000010951	安藤ナツ	8197
1040	700000000000012479	たこら	8195
1041	200000000000041968	羽	8184
1042	200000000000002591	とっちゃん	8168
1043	1100000000000009650	レノン	8151
1044	600000000000013977	REN	8149
1045	1500000000000018233	?船長	8136
1046	700000000000054073	タツ	8106
1047	400000000000082474	h136cm 	8096
1048	700000000000085223	takaryou	8086
1049	400000000000096887	まちゃもきち	8072
1050	900000000000074699	いけりん	8037
1051	1200000000000002537	五月@同僚募集中	8034
1052	600000000000012769	ﾁﾋﾞいぬ	8029
1053	700000000000008566	夕張	8021
1054	800000000000003721	朱	8004
1055	1200000000000097754	ボルフォッグ	7994
1056	700000000000088640	CHAKi	7985
1057	1300000000000062229	jicca	7981
1058	1500000000000098017	あるごー	7980
1059	1000000000000054068	サンボル	7979
1060	800000000000035076	かごや	7971
1061	700000000000000966	ハードケース	7961
1062	3713	うつぼ兎（株）	7956
1063	1400000000000050964	西やん	7940
1064	800000000000009104	おっ	7915
1065	100000000000051642	しもん	7888
1066	800000000000019301	湯の華	7882
1067	200000000000097258	J9	7876
1068	56164	山手車掌	7846
1068	400000000000009884	御影	7846
1070	80506	どぅ	7834
1071	1400000000000007702	ライラ	7812
1072	1500000000000038844	まさしぃ	7794
1073	1400000000000006220	特命係	7775
1074	29342	のー	7772
1075	1300000000000091258	るりは	7756
1076	1200000000000002152	恭介	7740
1077	800000000000013215	雨沢なお	7727
1078	200000000000098375	たがねん	7697
1079	800000000000005135	みよ吉	7689
1080	600000000000023890	さくら	7685
1081	1100000000000034794	2199702v	7674
1082	1500000000000081484	tetuv1	7672
1083	200000000000037838	hemios	7652
1084	500000000000093326	山翁	7647
1085	1100000000000000944	近藤	7635
1086	1100000000000036278	ロビ	7631
1087	600000000000027640	hirooon2	7629
1088	1400000000000061760	山奥の谷底	7624
1089	300000000000001890	Cierny_Orol	7611
1090	1000000000000037462	零	7610
1091	1400000000000004829	ヌココ	7581
1092	700000000000050957	れっじゅ	7567
1093	1400000000000013776	紗凪きち	7561
1094	200000000000030597	紅	7540
1095	500000000000080678	anizya	7499
1096	1300000000000085979	M影	7492
1097	800000000000015317	しづー	7482
1098	1000000000000073990	Yatchan	7452
1099	1300000000000086372	ton-ton	7445
1100	1300000000000016059	なべ	7434
1101	700000000000004055	柳楽	7426
1102	700000000000001737	†JKING†	7422
1103	900000000000003638	コメット	7416
1104	600000000000096254	ヒラタツ	7414
1105	1400000000000081368	his@P	7410
1106	1000000000000046951	青紫蘇	7396
1107	500000000000039348	ぶー	7371
1107	900000000000059249	baion	7371
1109	100000000000030354	まこやん	7370
1110	1100000000000015009	やや	7366
1111	51319	ぽこ	7363
1112	800000000000093731	act	7346
1113	1200000000000061799	FILO	7300
1114	1100000000000046711	awayan	7299
1115	300000000000097744	あとらす	7296
1115	300000000000098339	あきすての	7296
1115	900000000000010488	うへの	7296
1118	1500000000000030323	チョコ	7290
1119	200000000000087404	takanori	7288
1120	500000000000000007	ho-mi	7250
1121	300000000000074164	クロエ	7244
1122	1443	もっさん@劣等生	7240
1123	1100000000000000171	パロ	7237
1123	1200000000000065367	しうい	7237
1125	100000000000050645	夢庵	7236
1126	1100000000000094006	リン	7226
1127	600000000000009020	シゲ	7224
1128	1400000000000057542	かろっぽいど(BMD相互埋募集	7223
1129	600000000000083879	たこよん	7211
1129	700000000000000638	じぇふ	7211
1131	1100000000000077883	虚弱な孔雀	7190
1132	700000000000009700	ゆぐざん	7183
1133	500000000000082241	さかまた	7178
1134	100000000000092104	ハルハラ	7172
1135	1115	あさちゃん@昴P	7170
1136	700000000000052696	せりざわ	7164
1137	300000000000007217	すけさぶ	7156
1138	300000000000008503	みつ@うみみSRアルバム埋募集	7152
1139	1000000000000020540	モカミルク	7150
1140	1300000000000007835	白玉兎	7145
1141	600000000000000971	冬夜	7140
1142	1200000000000091498	ブラックローズ	7137
1143	500000000000064759	まっすー	7098
1144	400000000000005129	烏骨鶏	7062
1145	1200000000000036446	†うめさん†	7038
1146	34438	TORI	7031
1147	700000000000051771	浅羽	7027
1148	700000000000017146	ミリペソ	7020
1149	1000000000000010333	kg	7018
1150	300000000000004828	むったん	7016
1151	900000000000004752	さむちょん	7009
1152	600000000000074768	水	7001
1153	600000000000028032	な	6998
1154	1500000000000035595	ecarlate	6995
1155	1000000000000009122	銀翼の鴉	6988
1156	1300000000000055019	レッド	6974
1157	1400000000000004615	キマリ	6956
1158	1200000000000001968	全部隹	6939
1159	500000000000001018	★	6932
1160	200000000000005455	ｼﾉﾌﾞ	6930
1160	800000000000001931	ミキミキ	6930
1162	1200000000000058642	コルド	6909
1163	200000000000007248	おさとも	6907
1164	1300000000000098616	まさお	6896
1165	1300000000000081217	あいおい	6879
1166	1200000000000081456	エステバン	6875
1167	1200000000000074090	Player 1002998876	6870
1168	400000000000011503	ネコロジー	6847
1169	200000000000009651	naota	6841
1170	1500000000000022054	ウォルター・ウルフ	6815
1171	700000000000055942	アマギ	6807
1172	1000000000000081262	あじゃぱー	6799
1173	1400000000000029563	こたつみかん	6789
1174	12624	ハイパー	6787
1175	400000000000023590	あっちゃん	6785
1176	1100000000000003349	トイレットペーパー	6768
1177	300000000000004381	ごんたくろう	6764
1178	1100000000000007299	Rhino	6757
1179	400000000000047158	大河	6752
1180	100000000000006878	Ｚａｎｋ	6748
1181	100000000000074897	おすし	6724
1181	800000000000096708	ぴぐろ	6724
1183	400000000000096876	Ben Yau	6721
1184	1200000000000083407	シトラス	6711
1185	1400000000000049261	沈黙の凡人	6702
1186	500000000000062369	bamboo12	6701
1187	600000000000050269	tako3	6687
1188	500000000000074480	kokaP	6641
1189	500000000000096329	きゃん	6639
1190	5333	アズマ	6622
1191	1100000000000004808	冥ＡＤ	6621
1192	200000000000093590	いまだ	6618
1193	3059	イインチョ	6602
1193	77929	ラル	6602
1195	1100000000000006417	もみじ	6584
1196	1100000000000093568	メシュー	6563
1197	400000000000004514	てあ	6555
1198	1000000000000098551	えとたま	6551
1199	200000000000045884	u-mibe	6540
1200	1200000000000067637	ルーティス	6533
1201	900000000000081597	ShiMa二郎	6526
1202	1000000000000094443	ささやんぽっぽこ	6525
1202	1300000000000037049	マイケル	6525
1204	400000000000013202	かもや@団【…in the city☆☆☆】	6524
1205	200000000000079080	タチ	6522
1206	1000000000000000281	ほむら	6519
1207	1100000000000080750	どら	6507
1208	1100000000000001207	シンタナ	6506
1208	1500000000000033793	くある	6506
1210	300000000000095988	ぶた	6501
1211	1500000000000002325	うひょこ＠天然モノ	6500
1212	1200000000000000881	ZAWELL	6496
1213	1000000000000000829	gin5x	6480
1214	1100000000000021205	CO@	6479
1215	1100000000000045789	N.Kranberry	6470
1216	1200000000000003345	芦屋虎之介	6445
1217	1300000000000062418	c103166	6430
1218	200000000000093587	ブー	6390
1219	300000000000059547	水飴	6375
1220	1300000000000001398	rasio(らしお)	6357
1221	300000000000026044	ToShi 	6342
1222	1200000000000074315	サコツ	6340
1223	900000000000050763	香流（かなれ）	6328
1224	1300000000000053138	なま	6310
1224	1400000000000095577	rihan	6310
1226	1400000000000007346	ヒロ	6309
1227	1100000000000020647	サメハダ	6299
1228	400000000000004395	涼水	6296
1229	1000000000000073621	エンパイア	6287
1230	200000000000023060	すいそ	6276
1231	1500000000000079552	True	6270
1232	900000000000002391	ぱぶろ	6224
1233	500000000000055707	soru	6221
1234	1100000000000085546	Player 1005037835	6219
1235	600000000000008554	キヌ	6215
1236	900000000000004209	前立腺	6204
1237	1400000000000099310	也	6203
1238	1000000000000014035	緒川える	6195
1239	5131	may star	6174
1240	100000000000046606	SH	6151
1241	400000000000091809	Angel Owl!	6131
1242	1400000000000054636	yanyan12	6128
1243	1000000000000061102	murakenzu	6126
1244	1000000000000054309	841@大神環道場	6107
1245	1000000000000053590	mongaikan	6088
1246	700000000000082505	ディン 千羽鶴(スマホに変更、苦戦中)	6076
1247	1300000000000052479	いろはにほへと	6069
1248	200000000000083023	ゆ～おか	6061
1249	900000000000000301	てっつ	6059
1250	1500000000000005836	シェルパ	6041
1251	1400000000000094670	ニヤじぃ	6028
1252	1100000000000051802	銘無し	6013
1252	1500000000000007242	リックン	6013
1254	700000000000014378	HIT-K	6008
1255	900000000000006418	らぷー太	6004
1256	1100000000000053253	ザラキーマ	5982
1257	800000000000000126	まかろに	5979
1257	800000000000034008	わんだー	5979
1259	1300000000000078075	kanata451	5970
1260	1100000000000050467	ヒゲ	5963
1261	800000000000010925	ジョニー	5957
1262	600000000000010332	れいな@EH相互HHP海美埋め募集。EH海美有り	5952
1262	900000000000092976	ちゅん	5952
1264	300000000000050773	koppi	5941
1265	500000000000007353	Wize	5922
1266	1300000000000082713	カワタ	5911
1267	1200000000000043248	時雨坂時	5902
1268	1400000000000049634	めーめー	5895
1269	1400000000000054186	レーリィ	5855
1270	1500000000000082868	からぽん	5834
1271	400000000000007043	くろこ。	5826
1272	1100000000000096187	アビ	5818
1273	500000000000096378	あっち	5807
1274	900000000000081488	ゆーすけ	5802
1275	43429	すけや	5799
1276	100000000000053797	怪傑ルサンチマン6世	5796
1277	800000000000018847	ホッシー	5782
1278	800000000000075282	まーしゃ	5781
1279	300000000000000702	がいと	5780
1280	1300000000000039699	るか	5775
1280	1400000000000047926	ちーたん	5775
1282	1100000000000051807	ちゃりんこ	5764
1283	200000000000093890	ねころん	5758
1284	1300000000000074721	ユライア	5750
1285	100000000000020892	宇影	5742
1286	21911	マコトン	5734
1286	500000000000096838	atzgr	5734
1288	94393	ラギヒ	5720
1289	400000000000049151	ギズモ	5718
1290	100000000000095024	コーヒー	5714
1291	1300000000000014573	荒井テル＠幕張両日現地参戦しますよ	5691
1292	500000000000094210	Player 1005999781	5650
1293	1200000000000001459	ぬへっほ	5649
1294	900000000000039785	トロン	5640
1295	6185	カツヒモビッチ(求HN.R真美、出他HN.R	5605
1296	100000000000000484	すず	5604
1297	1300000000000054513	あゆきゆき	5590
1298	900000000000003101	on99	5586
1299	200000000000015592	キム	5578
1299	600000000000004526	ttss3	5578
1301	500000000000028749	lush@おやぶん見習い	5553
1302	1000000000000014354	ひんじゃくん	5546
1303	100000000000001981	くさだんご	5545
1304	1100000000000000975	REVIN	5544
1305	1100000000000024516	yuu 	5537
1305	1300000000000002707	津花沙	5537
1307	1400000000000052519	charles	5526
1308	400000000000034844	しろー	5511
1309	1000000000000052625	はくろう	5499
1310	1000000000000003158	いかげる	5491
1311	1400000000000080983	ﾓﾘﾓﾘﾓ	5478
1312	1000000000000001764	regiosu	5476
1313	1500000000000022044	kei	5461
1314	400000000000015936	にこにこにー	5443
1315	200000000000006711	せーじ	5434
1316	80199	Player 1004207072	5424
1317	1300000000000087659	ガッツ	5419
1318	400000000000029081	オガ	5402
1319	1300000000000004754	うしろの	5360
1320	800000000000079593	urk	5354
1321	500000000000077167	オリガミ	5349
1322	400000000000075043	hot	5343
1323	100000000000022096	くりおね	5340
1324	500000000000049222	☆みっきー☆	5333
1325	24595	みるみる☆みるくたん	5323
1326	100000000000009421	からあげ大好き	5317
1327	1400000000000016249	アルタイル	5316
1328	1500000000000035805	リョウ	5312
1329	400000000000027714	エンジ	5299
1330	800000000000051266	ゆーき	5295
1331	1000000000000000047	ジョン・慎次郎	5284
1332	400000000000047337	きまのら	5278
1333	200000000000021201	レギル	5257
1334	200000000000076780	ろこもこ	5254
1335	400000000000080740	ludexintiao	5249
1336	100000000000024371	あゆあゆ	5220
1337	200000000000078093	☆ふらりん☆	5206
1338	100000000000052559	凜	5193
1339	1400000000000052684	オズ	5187
1340	100000000000006870	yui	5186
1340	600000000000010623	はさみ	5186
1340	600000000000061679	夏奈	5186
1343	1200000000000077269	トクロ	5177
1344	300000000000053033	よぞら	5145
1345	200000000000039471	RQ  	5142
1346	1100000000000056376	マスター・オブ・OZ	5136
1347	700000000000006680	【超高校級の】零崎化識【代替品】	5131
1348	1500000000000004649	けんと	5112
1349	100000000000030567	えどがわ	5110
1350	500000000000000920	アルビレオ	5098
1351	400000000000002871	ふーみん	5085
1352	100000000000013270	よしくん	5081
1353	800000000000009809	寿市屋	5061
1354	1200000000000006281	ハクア	5059
1355	1400000000000075295	しろっこ	5051
1356	200000000000015301	ピルクル	5027
1357	900000000000029451	モーム	5008
1358	800000000000035472	鉄丸	5006
1359	600000000000058351	葛葉	4997
1360	1500000000000032113	じょんじょる	4971
1361	700000000000011964	Free	4966
1362	400000000000006085	ヒトデP	4960
1363	800000000000070036	シオン	4958
1364	500000000000003925	Gorigan	4955
1365	600000000000049518	塩大福	4954
1366	900000000000002525	ピロスケ	4949
1367	200000000000093808	トモヤス	4930
1368	200000000000013423	牙龍王	4925
1369	400000000000000165	katze	4921
1370	400000000000056371	ＫーＧＯ	4920
1371	1400000000000085388	ＩＢ2012	4910
1372	500000000000085575	Tarintote	4903
1372	1000000000000003160	ＳＱＵＡＲＥ	4903
1374	900000000000010799	エートス	4892
1375	200000000000089151	lop	4888
1376	100000000000002386	かわとも	4886
1377	6787	ヨシノリ	4879
1378	1400000000000057768	まさお	4878
1379	1400000000000020144	痴又	4871
1380	1200000000000006904	べるぐ	4863
1381	1300000000000000659	やぎ@幼なじ美奈子	4862
1382	1500000000000027499	やんまゆ	4849
1383	1267	はしっと	4842
1384	500000000000008500	kudara	4839
1385	1400000000000039520	Yuki	4836
1386	200000000000008601	キロク	4829
1387	200000000000019837	kurou8105	4828
1388	8904	ようへい	4823
1389	400000000000051365	うみ	4815
1390	1100000000000003002	Besucher	4800
1390	1200000000000061708	ひうみん	4800
1392	100000000000028953	みつね	4797
1393	100000000000081910	かんくろう	4787
1394	1400000000000098362	Marca	4785
1395	1200000000000072385	けんいーた	4760
1396	300000000000025616	マッキー	4759
1397	1300000000000005042	なゆ	4753
1398	1200000000000094588	カサノバ	4746
1399	600000000000001988	garamlamasa	4739
1400	1100000000000072366	酒の路	4728
1401	6482	金太郎あめ	4711
1402	1300000000000028087	天王星	4702
1403	1400000000000045216	かきくくた	4697
1404	1200000000000074168	せきでん	4691
1405	500000000000080575	るぅー	4688
1406	1500000000000053587	Shinikenshi	4684
1407	1400000000000037476	ゆたか	4681
1408	200000000000024782	タマゴルビー	4674
1409	300000000000027999	レオ	4672
1410	1000000000000052064	ﾘﾁｬｰﾄﾞ@Σaaya	4663
1411	500000000000088192	Player 1005506757	4660
1412	200000000000082406	友沢	4638
1413	400000000000010736	た	4634
1413	900000000000077037	大和610	4634
1415	1200000000000068262	マル	4624
1416	400000000000057634	Guppy ko-suke	4621
1417	600000000000027730	はるか♪	4617
1418	400000000000060900	キング	4613
1419	700000000000000328	ぺの	4606
1420	300000000000024456	レオポン	4602
1421	700000000000099325	tom	4596
1422	800000000000028903	とーでん	4588
1423	800000000000042472	クロン	4579
1424	1100000000000060018	zaqty	4575
1425	200000000000004359	zen	4558
1426	800000000000005336	EIM	4555
1427	700000000000000480	安藤	4552
1428	79235	えびもと	4551
1429	900000000000076979	わんこ	4542
1430	900000000000000390	Ｍｒ．４	4531
1431	1400000000000005303	きゃべつ	4526
1432	1400000000000095266	蚊遣豚	4525
1433	200000000000059761	にっしー	4524
1434	400000000000086667	こよみ	4516
1435	200000000000049278	ｳﾞｨﾝｾﾝﾄ	4487
1435	700000000000002537	サボり	4487
1437	1400000000000029816	Ｍarron	4483
1438	600000000000057445	おかとじ	4482
1439	300000000000014556	バレイアーツ	4474
1440	600000000000002602	鳥谷瑠美	4466
1441	20492	ｶﾄﾚｱ	4460
1442	400000000000008822	とっきー	4458
1443	75400	ガロ【蒼き狼隊】	4441
1444	900000000000081416	コバヤン	4436
1445	100000000000000342	やなぎー	4432
1446	800000000000016349	ヨナシキ	4415
1447	100000000000000297	ロキP	4413
1448	60815	星奈＠胃袋ブラックホール	4408
1449	700000000000080143	P	4407
1450	500000000000029462	atera	4403
1451	400000000000093855	Player 1005991876	4389
1451	900000000000002133	マッキー	4389
1453	700000000000083508	ケンタッキー	4375
1454	1300000000000042278	まよこ	4374
1455	100000000000079436	柴田杜彦×	4370
1456	200000000000088757	ようかん	4361
1457	900000000000012459	うぃざ～ど	4356
1458	1100000000000051935	明舞	4351
1459	1300000000000001047	美影	4350
1460	700000000000004836	もも	4344
1460	1300000000000004940	Ken	4344
1462	1000000000000014310	para	4342
1463	1100000000000000365	いも。	4330
1464	700000000000080042	タガタメ	4323
1465	68579	Player 1002168384	4320
1466	1300000000000075632	鬼ちちいいね	4313
1467	800000000000055781	NT	4293
1468	500000000000002308	たち＠4thに向けて貯蓄よー(○・▽・○)	4287
1469	400000000000086364	やじ	4277
1470	700000000000004995	よのっぺ	4272
1470	700000000000098147	0316	4272
1472	300000000000052347	ドニファン	4258
1473	700000000000094643	ちょとふ	4235
1474	700000000000015754	kouya	4221
1475	500000000000047860	04	4212
1476	1000000000000003560	らるふぁ	4200
1477	1300000000000055110	ゆゆまる	4197
1478	800000000000006279	でーもす	4192
1479	900000000000012655	Anna	4176
1480	1413	GR.ばむお	4170
1481	1000000000000098699	Player 1007077786	4167
1482	700000000000085552	蛍石	4166
1483	700000000000000374	ぷにっしゅ@求）千早・風花・朋花様・可憐HN、出）HN各種	4143
1484	100000000000060438	モルダー	4141
1485	800000000000026197	マスミ	4140
1486	79528	みっぷる	4138
1487	300000000000085339	Mspiral	4135
1488	1500000000000001897	エイジャァ	4128
1489	600000000000067675	シグナレス	4125
1489	1500000000000032329	ちりげＰ	4125
1491	1000000000000010805	きょむ	4120
1492	1000000000000080860	millerdance 	4117
1493	1400000000000022912	よのえん	4114
1494	800000000000037448	starmine	4112
1495	200000000000081437	春城	4110
1495	500000000000004919	いけ	4110
1497	1100000000000009521	たぬき	4109
1498	1200000000000097233	i.c.e.9	4104
1499	100000000000085754	yasu	4081
1500	300000000000046252	JUNYAN	4078
1501	1100000000000010431	ヒカル	4069
1502	100000000000006245	やまと	4064
1503	97042	夏川椎菜さん単推し	4056
1504	400000000000062045	彗星弐拾七	4039
1505	200000000000061833	星花	4036
1506	1300000000000010327	チュウジ	4034
1507	800000000000054416	ディーサイル	4025
1508	700000000000072259	ヒロム	4015
1509	1200000000000008948	スキッピー	4008
1510	500000000000000786	ぽん	4005
1511	100000000000003231	伝助	3996
1511	800000000000005185	鯖ス	3996
1513	1300000000000069525	寝不足魔	3991
1514	500000000000052216	クロウ	3989
1515	1500000000000006165	maito	3983
1516	500000000000005261	Nyarlathotep	3975
1517	900000000000072907	でみを	3964
1518	800000000000083242	斑鳩	3960
1519	1000000000000098207	ナナシ	3956
1520	800000000000080672	ゴンドール	3949
1521	300000000000085610	はな	3946
1522	1000000000000093394	エティハルト	3941
1523	500000000000080658	Hexx	3928
1524	1000000000000004244	clover	3920
1525	600000000000093031	ヒロ0813	3907
1526	800000000000059740	8ー3ー	3905
1527	51007	ゆのすけ	3897
1528	700000000000010304	kawasonic	3888
1529	600000000000075281	サンタモニカ	3842
1530	1100000000000027178	バチカンＢＩＧ	3840
1531	300000000000004912	KAz	3836
1532	25601	七尾代行	3834
1532	200000000000082629	春風	3834
1534	600000000000096802	おいどん	3831
1535	300000000000085460	氷川翔	3828
1536	1000000000000074705	GanahaHibiki	3820
1537	1500000000000005315	ｱｫ	3816
1538	700000000000002563	kennp	3813
1539	700000000000096247	サワー	3811
1540	1400000000000060815	ｏｚｙ	3807
1541	1500000000000044692	なーさん	3802
1542	200000000000022139	はなぉ	3796
1543	900000000000011282	けんざぶろーちょっと釣りをお休みしますm(__)m	3788
1544	1500000000000006989	URIKI	3784
1545	1300000000000008389	lordcrimson	3778
1546	1200000000000012816	そば屋	3773
1547	1200000000000003255	jakalope	3770
1548	1000000000000006368	くー	3759
1549	800000000000076642	ダック	3754
1550	300000000000072225	ものぐさ	3753
1551	900000000000093569	さた	3751
1552	500000000000047865	シン	3749
1553	100000000000021625	alty221	3740
1554	8087	ぽん太	3738
1555	1500000000000004387	よっすぃ	3737
1556	300000000000095913	テル	3733
1557	1100000000000009960	おわりはじめ	3732
1558	53487	asts	3717
1559	86824	美琴	3710
1560	1100000000000088081	じぇくしょん	3704
1561	100000000000008828	やくもん	3703
1562	1200000000000050555	サンドリバー	3702
1563	200000000000080953	でこ	3701
1564	300000000000084955	前森数規	3699
1565	900000000000014980	ふぶき	3675
1566	300000000000096137	永毒輔	3664
1567	1300000000000076781	ロベルトうちの	3632
1568	600000000000005404	おかじん	3628
1569	200000000000097362	ぱち	3612
1570	1400000000000001410	天下りの神様	3604
1571	500000000000023962	寧々	3588
1572	1100000000000002789	ななぼた	3586
1573	800000000000098353	春野菜	3571
1574	600000000000006862	WYC@そらP	3568
1575	1100000000000000968	ひなみざわ	3565
1576	1000000000000068762	ko-1	3551
1577	800000000000057994	かとれあ＠4/16昴デビュー現地	3536
1578	200000000000081587	ツッキー	3510
1579	1500000000000087005	金時豆	3505
1580	1000000000000002988	noki	3498
1581	1100000000000000155	とみのP	3474
1582	700000000000001252	ジェット	3466
1583	500000000000003035	kazuki	3464
1584	1500000000000093101	skim	3460
1585	800000000000018656	山寺春	3434
1586	1100000000000098163	Player 1007040443	3425
1587	500000000000042893	イッセイ@喪中です。	3424
1588	400000000000096097	DD67	3412
1589	900000000000075528	ＡＬＴ	3411
1590	700000000000052315	クラナドP	3399
1591	1000000000000000721	おぱマ	3361
1592	30427	翡翠	3360
1593	900000000000015741	kikikimasaki	3353
1594	100000000000079503	K66	3344
1595	900000000000072691	トイ	3341
1596	400000000000041657	お野菜@ラウメン募集	3336
1597	1300000000000076293	もっと	3335
1598	300000000000097591	yuki	3317
1599	600000000000050321	タケサト	3314
1600	600000000000071918	いぬ	3305
1601	96773	たいたん	3297
1602	500000000000052903	エステル	3294
1603	500000000000078388	原口	3280
1604	1200000000000079354	じょー	3277
1605	16442	アルファーまん	3271
1606	1200000000000080387	モヤビー〆〆	3270
1607	900000000000075225	バンディエラ	3265
1608	1400000000000052388	てらひこ	3259
1609	900000000000079189	ヌヌーピー	3252
1610	900000000000093199	純情なトマト	3248
1611	500000000000082275	えす	3246
1612	900000000000039249	はる	3242
1613	100000000000074380	のん	3241
1613	700000000000000554	(・З･）=３	3241
1615	400000000000004252	カギナ	3238
1616	1500000000000000115	九重	3233
1617	300000000000056120	火咲P	3213
1617	800000000000041574	Locust	3213
1619	500000000000077427	らぽっぷ	3187
1620	1500000000000097452	スイスロール	3185
1621	1000000000000006925	キャッスル	3171
1622	1300000000000053181	えすえすえぬ	3169
1623	1100000000000069295	たけのこ	3168
1624	700000000000051311	聖ベルナルディー	3166
1625	1100000000000010479	ｸﾛｽﾛｰﾄﾞ	3154
1626	200000000000058327	ドロりん	3141
1627	1100000000000037415	ポップコーンの弟子	3136
1628	1300000000000000304	でん	3121
1629	1100000000000009778	kyou	3120
1630	700000000000056025	ジャクソン	3113
1631	200000000000030862	かとれあ	3110
1632	1500000000000078295	ワおん	3097
1633	100000000000022532	でんきスタンド	3096
1634	100000000000085473	千烏	3092
1635	300000000000048184	ユキポ	3079
1636	400000000000044248	はぐりん()	3078
1637	400000000000076991	おハロ～さん	3059
1638	400000000000086840	りゆ	3048
1638	600000000000087200	white-wave	3048
1640	1500000000000001153	tony105	3040
1641	600000000000003833	どどめ	3026
1642	1000000000000069688	にき	3021
1643	1100000000000036741	親分	3015
1644	1000000000000083731	ラグナル・ロズブロク	3014
1645	300000000000091200	asimo78	2982
1646	100000000000077272	risu820	2979
1647	1000000000000016062	ジュン	2969
1648	500000000000061045	ヒカリアン	2962
1649	1200000000000041828	しんとも	2956
1650	900000000000097897	beni	2954
1651	600000000000006476	loki	2950
1652	1400000000000026917	ねこポチ	2944
1653	1000000000000051715	えだまめ	2924
1654	800000000000068557	アイソン	2922
1655	700000000000006418	トシ	2915
1656	1200000000000050496	たなカツ	2911
1657	800000000000026142	純銀	2905
1658	1100000000000079811	Player 1002595163	2896
1659	900000000000026956	わ～や	2894
1660	200000000000061102	あるか	2892
1660	500000000000077732	あっくん	2892
1660	700000000000004194	早朝だいもす	2892
1663	34555	リオルグ	2891
1664	600000000000094743	ている	2890
1665	700000000000094621	KEITO	2884
1665	1000000000000009597	サイコショッカーP	2884
1667	800000000000049782	ぽぽんにゃんた	2880
1668	700000000000086612	不死の王	2876
1669	1100000000000035938	ねぎだく	2874
1669	1500000000000070624	シャラク。	2874
1671	200000000000001302	ばっくす	2871
1672	1200000000000055796	kanata	2869
1673	1200000000000058116	ひより川	2858
1673	1500000000000080261	レス	2858
1675	600000000000003493	ｽｶ	2854
1676	800000000000097121	さる	2843
1677	1000000000000026002	軍曹	2825
1678	1400000000000094269	あじくん-Bの③-	2818
1679	1100000000000004762	サビトマト	2811
1680	500000000000088419	ナリマサ	2802
1681	100000000000000859	まさきぺー(β版)	2797
1682	1400000000000007951	カナリア	2792
1683	500000000000015575	ヴァン	2791
1684	400000000000001311	タカＰ	2790
1685	600000000000051045	yac	2788
1686	400000000000071727	サイマワリ	2780
1687	100000000000027514	あ	2778
1688	300000000000007235	ゆきろん	2772
1688	1300000000000078879	うたねこむぎ	2772
1690	100000000000016600	みやいち	2770
1691	600000000000049007	みつ	2769
1692	1400000000000085858	P(otato)＠同僚募集中	2768
1693	700000000000098755	櫻魅	2754
1694	800000000000003254	ガルフストリーム笹本	2749
1695	1200000000000079254	クマノミ	2739
1696	77924	jiiko	2738
1697	1400000000000018125	たま	2728
1698	200000000000007850	如月天吏	2726
1698	300000000000008709	白ヤギ	2726
1700	85271	つっきぃ	2721
1700	700000000000000353	ちょぼた	2721
1702	900000000000002923	べむ	2720
1703	1100000000000051931	shindenj	2712
1704	100000000000000188	夕月	2706
1705	1300000000000096934	ガラヤカ	2704
1706	100000000000056871	かい	2700
1707	400000000000022350	まぁ	2689
1708	200000000000004467	ごん	2688
1709	700000000000098170	serits	2686
1710	800000000000005037	フェリックス	2675
1710	1500000000000013012	だるま	2675
1712	700000000000016713	かかかっか	2661
1712	1200000000000075316	急接近	2661
1714	700000000000096291	衛士	2654
1715	1300000000000074408	ぽそぽそ	2648
1716	200000000000004696	えすとりっひ	2646
1717	1000000000000080571	rai	2633
1718	300000000000002484	よっしーこと	2630
1719	1000000000000024591	tauras	2626
1720	100000000000000652	廃人	2617
1721	1400000000000082709	こころ	2605
1722	1500000000000097929	HEIGHT-8	2596
1723	1100000000000007290	10mo	2595
1724	800000000000007386	とくほ	2590
1725	900000000000001310	J	2588
1726	100000000000087829	ナオヤ	2583
1726	900000000000005889	†Shigeっち†(よみがえれ！火の国熊本!!)	2583
1728	600000000000060091	ふゆぼね	2581
1729	400000000000015137	楠虎	2579
1730	300000000000003959	タケちゃん	2562
1731	1500000000000025438	asa	2560
1732	800000000000093819	vice	2558
1733	400000000000096848	みきはら	2554
1734	1200000000000098015	誠紀	2552
1735	1500000000000050204	素敵な音色Ｐ：every?ing!３９公演千秋楽！木戸ちゃん、エリイちゃんに感謝	2550
1736	1000000000000080188	Kon	2542
1737	600000000000096405	エスカマリ	2510
1738	700000000000030468	NAP	2504
1739	400000000000003157	バラム	2502
1740	1200000000000005246	じわら	2500
1741	900000000000060489	マルス	2492
1742	500000000000072132	じゅすぽん	2487
1743	1400000000000086272	ふじみやん	2477
1744	1500000000000060573	セイン	2471
1745	1100000000000000418	遠心力	2469
1746	900000000000095635	キャシー	2457
1747	200000000000096867	もじゃ太郎	2453
1748	500000000000042978	ｱﾘｹﾞｰﾀｰ	2442
1748	1500000000000006330	hata8823	2442
1750	500000000000047117	シーゴ	2432
1751	200000000000000638	だーこー	2428
1751	300000000000015625	かっぱー	2428
1753	1300000000000051282	しゃむはに	2412
1754	300000000000026083	はる	2411
1755	29004	Joyful	2407
1756	1400000000000060896	オムレット	2393
1756	1500000000000096381	miki	2393
1758	1400000000000029681	命焔	2377
1759	500000000000091669	エンペラ	2368
1760	100000000000047496	きまきがみ	2362
1760	700000000000026726	ぱからん＠まいぺ～す(ノ゜ο゜)ノP4	2362
1762	1200000000000027342	仙堂	2360
1763	969	電波	2355
1764	60970	実蝶寺与太犬	2351
1765	1300000000000020549	しょ～ぢ	2350
1766	500000000000023041	ガンジーP	2342
1767	400000000000065102	アルト	2335
1768	200000000000004762	ひーつー～アラフォーにしてバカライバー	2331
1769	1200000000000039825	D-ZEL	2326
1770	1300000000000012331	橘p@春	2324
1771	700000000000003595	かわーの	2322
1772	200000000000004565	ひで☆焔龍♂☆	2312
1773	400000000000093185	Player 1005849188	2308
1774	10345	きさらづ	2301
1775	300000000000029316	シゲ	2299
1776	900000000000012202	松風嵐	2298
1776	1000000000000075888	柏	2298
1778	1400000000000021883	まっさん(ｽﾏﾎ)	2297
1779	1300000000000086873	マルシェ	2273
1780	57198	和人	2271
1781	300000000000093134	Syun	2269
1782	800000000000096464	NeMO	2268
1783	1000000000000025401	ちょっと小休止(T-D)	2263
1784	1400000000000039139	刃	2253
1785	400000000000075615	玖似	2235
1786	300000000000073075	uma	2222
1787	1100000000000014184	トオル	2221
1788	200000000000006628	つきみ	2219
1789	800000000000080836	翡翠	2217
1790	8711	Ｋ 	2215
1791	300000000000094664	ケイ	2212
1791	1500000000000001448	チョモランマ	2212
1793	1000000000000001312	まウサ	2205
1794	100000000000096446	Player 1006400769	2200
1795	100000000000021670	黄緑	2199
1796	100000000000057778	dai23456	2198
1797	500000000000036827	DIRGE27	2191
1798	200000000000034537	わっちん	2187
1799	1000000000000002367	やはり竹輪はなにかとまちがっている。	2184
1800	900000000000097854	ンジャメナ	2180
1801	300000000000047168	招待ガン無視してくださいm(__)m	2171
1802	900000000000097411	べーさん	2160
1803	300000000000061917	ひまにい@himany2525	2154
1804	51177	non	2152
1805	300000000000006415	月ヶ瀬＠BMDロコ埋め募集。貸し出せるの：海美麗花環	2151
1805	700000000000031910	ヤリイカ	2151
1805	1100000000000019018	些彩	2151
1808	500000000000024778	ふくべ	2148
1809	200000000000044558	ぱんだ☆ﾄﾞﾘ、全然ﾚｱpt貯らず！ｼﾞｭﾘｱｽ諦めた！(;￣ー￣A☆	2140
1810	800000000000004951	トーマス	2138
1810	800000000000026359	えもけん	2138
1810	1500000000000037669	チクワブ	2138
1813	500000000000002598	りだ	2129
1814	700000000000081365	ひなうぉ	2128
1815	200000000000097424	NG-5	2123
1816	34111	BLUE-BELL	2115
1816	1200000000000018850	コーリン	2115
1818	1000000000000085621	ピーなす	2112
1819	800000000000013427	コウノシン	2106
1820	400000000000061288	長門	2099
1821	100000000000055769	gut 	2094
1821	200000000000094870	ちろ	2094
1823	1500000000000086632	キベ	2083
1824	900000000000009429	ニャニャ	2080
1825	1000000000000056351	73	2076
1826	1500000000000060475	凛	2067
1827	800000000000085464	弱気	2060
1828	300000000000018217	ヒロゥ	2058
1829	1100000000000002728	咸斗	2037
1830	800000000000009363	ジョニーニー	2015
1831	600000000000074399	iku	2008
1832	100000000000061695	雷電	2003
1833	95242	Qoo	2002
1834	300000000000004293	すみすみ	1999
1834	1200000000000007781	ショーン	1999
1836	98827	早倉真奈	1995
1837	1000000000000023772	赤いきつね	1993
1838	500000000000097309	みるそに	1992
1839	800000000000083571	猛虎トラキチ	1991
1840	200000000000058942	めー	1986
1840	1000000000000026546	なう	1986
1842	1000000000000031349	蔡文姫	1980
1843	300000000000006665	robonoco	1979
1844	100000000000097896	ユウギリ	1974
1845	1100000000000077055	vol	1971
1846	700000000000085364	nob238	1969
1847	800000000000033886	よこやまなおき	1961
1848	1100000000000041115	かっち一	1960
1849	400000000000017220	ねじ	1958
1850	1400000000000099209	くろの	1956
1851	1000000000000010253	和彦	1949
1852	900000000000007245	rin	1946
1853	1100000000000011396	まっきー	1942
1854	1500000000000000221	ヤットP	1941
1855	100000000000077358	ほ	1938
1856	800000000000079860	ライト	1936
1857	800000000000098032	Player 1007060664	1932
1858	63027	KRAAN	1924
1859	1400000000000007154	ブララ	1919
1860	500000000000001409	モン卒業(  ￣ー￣)ノたっちゃん(￣。￣;)	1918
1860	600000000000079030	いつき	1918
1862	200000000000070578	shield	1914
1863	700000000000000990	ゆきね	1911
1864	100000000000042284	黒有	1910
1865	1400000000000003746	さむいなか	1904
1866	1000000000000029163	ああs	1901
1867	228	悖風	1900
1867	100000000000000248	じゃっく	1900
1867	1500000000000025700	ヴェネト	1900
1870	700000000000079466	ArKLupin	1898
1871	300000000000007080	キア.アイス	1893
1872	1400000000000002472	大吟醸	1892
1873	400000000000024437	日常	1891
1874	100000000000009601	麦茶	1885
1874	300000000000084083	水玉	1885
1876	1000000000000016738	与次郎モンスリープモード	1876
1877	1300000000000097415	ひろ	1867
1878	100000000000004609	ンドゥバ	1866
1879	700000000000006896	ハク	1864
1880	100000000000081648	マダオ カシム	1853
1881	1300000000000006055	マロース	1852
1882	1200000000000098088	とる	1845
1883	1300000000000080665	そでこ	1841
1884	500000000000077787	ヨbiH	1839
1885	100000000000080419	ミズシン	1836
1886	1400000000000007433	くるみ	1827
1887	8468	ラヴァード	1826
1888	600000000000081615	カイエン	1823
1889	100000000000097927	佐々木	1818
1889	500000000000003148	まこ	1818
1891	100000000000000564	カーズ	1815
1891	300000000000082136	ひつまぶし	1815
1893	900000000000059370	テバサキ	1810
1893	1500000000000082545	はなげ	1810
1895	400000000000051667	鈴	1806
1895	1200000000000039178	イッキ	1806
1897	4759	黒糖	1805
1898	700000000000004631	もてP	1803
1899	700000000000051007	wasyou	1802
1900	200000000000087286	kalra	1797
1901	1100000000000051911	秋月風鈴	1792
1902	300000000000096664	ハイツ	1791
1903	74079	ききょー	1790
1904	98444	TacTics	1786
1904	700000000000054278	つだぬん	1786
1906	1100000000000029786	空飛ぶ戦車	1783
1907	100000000000083376	べにじゃけ	1782
1907	1400000000000009431	CHONO	1782
1909	1400000000000099335	黝蝶	1780
1910	1300000000000097539	ローズヒッ	1776
1911	200000000000010483	ジューロ	1772
1912	1000000000000078039	dai3	1770
1913	600000000000032749	ｼｮｳくん	1759
1914	100000000000060971	KARASU	1758
1914	300000000000057825	奥田たみを	1758
1916	400000000000086285	Di	1750
1917	1100000000000097836	ここたこ	1748
1918	600000000000001215	tako＠貴音P	1739
1919	1300000000000002352	ロック	1736
1920	500000000000080760	マヤタ	1733
1921	1956	yugo	1732
1922	1200000000000062452	ジョージ	1729
1923	200000000000096086	光	1725
1924	800000000000030256	ていく	1724
1925	1100000000000017716	wen	1723
1926	1300000000000074481	河上小鉄	1720
1927	1000000000000005938	白の斑	1719
1928	5317	梢	1716
1929	100000000000079434	シルキー@同僚募集中	1713
1930	900000000000079956	なゆた	1712
1931	95002	カツラニス	1702
1932	100000000000045009	PINKA	1700
1932	400000000000001081	みーちょぺ	1700
1934	200000000000027391	五代雄介	1698
1935	1400000000000047778	セイ	1696
1936	400000000000023367	七瀬りん	1693
1937	1200000000000094647	辣油	1684
1938	700000000000096822	Fmk Tkys	1682
1939	7912	キゼオ【多忙によりin少なし】	1680
1940	1300000000000013899	由愛乃	1678
1941	700000000000082299	ファンテ	1676
1942	500000000000094832	タツヤ	1674
1943	300000000000017090	アイン	1670
1944	1000000000000029265	カノン	1668
1945	1500000000000023604	あやりんP	1665
1946	1500000000000054051	ジョンX	1663
1947	600000000000037872	トトメス	1661
1948	700000000000081079	Player 1004376967	1650
1949	1300000000000011066	柚斗	1649
1949	1500000000000055488	Ifiugogo	1649
1951	800000000000002586	Hide	1648
1952	39187	Shiwace	1647
1953	800000000000000033	*	1646
1954	800000000000037414	ろーば	1641
1955	1300000000000082963	モジャ子	1638
1956	600000000000025335	さなぎさん	1630
1957	400000000000081960	コカ・コーラ大臣@Nichola	1629
1958	1300000000000042606	タカタカ（喪中）（出）激招待メール （求）ギガスルー ケータイ復活	1625
1959	1400000000000037080	大熊猫	1616
1960	96332	つくし	1615
1961	100000000000096869	たつやん	1614
1962	500000000000098136	いい男	1612
1963	100000000000097865	カカオ	1604
1964	600000000000047444	★イオナ★ ヾ(≧∇≦)	1600
1964	1000000000000077049	さかとも	1600
1966	1000000000000008084	えぐぜ	1592
1967	600000000000003073	Iris	1587
1968	600000000000059832	exa003	1586
1969	800000000000080316	なみ	1580
1970	54735	Raimu	1577
1971	1200000000000019057	～～～	1572
1972	400000000000057083	にごー@春香は創造神	1571
1973	1000000000000003688	篁	1569
1974	300000000000004977	ショウ	1566
1975	17247	ひろっち	1563
1975	1500000000000002395	z6520	1563
1977	1100000000000000475	やらかし侍	1549
1978	42191	atem	1542
1979	300000000000076136	蒼雨	1527
1980	1100000000000036264	アユ	1521
1980	1500000000000006640	コバヤシ	1521
1982	1000000000000005882	MISAWA PT-27C	1519
1983	200000000000051421	すいそ	1518
1983	500000000000037247	チー	1518
1985	1300000000000094993	NZ	1516
1986	100000000000003640	しき	1514
1987	400000000000014239	ヤス	1511
1988	900000000000086351	R	1503
1989	1300000000000000228	ししとう	1501
1990	500000000000058759	さーもん	1500
1991	1300000000000011913	ころむし	1498
1992	1400000000000005314	だし	1492
1993	1100000000000051737	パナシ	1486
1994	300000000000007345	Mg (疲労度半端じゃないw)	1482
1995	100000000000002421	さくみず	1480
1996	100000000000014300	ﾜﾀﾙ	1479
1997	300000000000003385	すっきりぽん	1470
1997	1400000000000098630	Gyou	1470
1999	100000000000098039	ゲンキP	1458
2000	98772	甲鉄	1447
2001	700000000000092324	サブロク	1440
2002	700000000000095424	ぶり	1433
2003	500000000000005232	タムちゃん	1427
2004	900000000000082076	鈴木	1426
2005	1500000000000023503	ぽてち（あいえぬじぃP）	1425
2006	1400000000000024868	睦月	1422
2007	300000000000097765	霜葉	1421
2008	500000000000007162	もふっこ	1406
2009	300000000000006640	vdty	1404
2009	600000000000080142	けい	1404
2011	400000000000004112	おちょう	1401
2012	100000000000003437	はぴでい	1400
2013	1000000000000005961	こまち	1397
2014	100000000000096217	utumuki	1393
2014	800000000000029306	リリン♪	1393
2016	1200000000000058326	ケイスミス	1388
2017	400000000000018518	ｷﾘﾄ(蓮見圭)	1385
2018	1500000000000059343	ZEX	1376
2019	100000000000056699	＠ルビー＠	1367
2020	1500000000000085516	フィル	1362
2021	200000000000000151	Hegas	1359
2022	700000000000081105	ごまどうふ	1358
2023	400000000000095807	龍	1357
2024	1100000000000098031	すたーすくりーむ	1354
2025	98477	すず	1353
2025	800000000000018576	KINSAN	1353
2025	1500000000000050128	xia	1353
2028	700000000000006569	agetoh	1350
2028	700000000000080597	こうげんP	1350
2030	400000000000079014	Player 1004036388	1344
2031	600000000000004866	ヤマネコ	1342
2032	800000000000018499	しゅぐる②	1336
2033	1300000000000077928	麦	1334
2034	1300000000000005343	ZooCar=Night Worker	1331
2035	500000000000098307	ルルAゴールドDX	1330
2036	200000000000043202	なの@単冠湾	1322
2037	500000000000026582	しんどー	1306
2038	800000000000085293	しゅうへい	1304
2039	300000000000098674	緑犬	1301
2040	3624	マーク@貴音P	1300
2040	800000000000002878	occhan-L	1300
2040	1200000000000001806	Uターン	1300
2043	1200000000000002411	もきゅ（ゆーな）	1289
2044	1300000000000079629	hayabusa	1288
2045	1300000000000061993	珈琲	1287
2046	1500000000000082530	マーシュ	1284
2047	900000000000004923	せり	1283
2048	600000000000073183	ぱなきゃん	1281
2049	1300000000000052939	toshi072	1279
2050	75158	Kou	1274
2051	1200000000000022865	アキラせんぱい	1267
2052	400000000000096676	大型	1260
2053	900000000000000467	りらっ熊	1251
2054	600000000000005297	えすぺ＠流川市民	1242
2055	100000000000094158	いでかつ	1234
2056	1300000000000080447	山ハム	1233
2057	1500000000000055386	アイナシ	1228
2058	3705	超戦車	1227
2059	100000000000014881	稟/とらのすけ	1226
2060	700000000000098371	444	1224
2060	1200000000000012034	1610	1224
2062	700000000000095416	IOG	1222
2063	1100000000000041369	ヒュッケ	1219
2064	1200000000000007134	のうりん	1215
2065	500000000000001861	RINMAKI	1207
2066	800000000000080594	チャーリー	1201
2067	400000000000096303	たこわさ	1194
2068	1400000000000097500	ざわ	1184
2069	400000000000078546	優等生	1179
2069	800000000000083986	meke	1179
2071	98089	宝石箱	1178
2072	500000000000000915	樟葉藍那	1177
2073	800000000000060756	ウィリープロ	1172
2074	1200000000000001121	超音戦士	1170
2075	100000000000027189	チクリン	1168
2076	1200000000000078843	T	1167
2077	1200000000000077251	クボカス	1157
2078	300000000000061411	岩いわ	1154
2079	1200000000000024974	大道寺政繁	1153
2080	300000000000052714	にとりん	1151
2081	1500000000000035903	たけぽん	1147
2082	700000000000096772	いしだい	1146
2083	95256	ケンケン009	1143
2084	800000000000073480	GREE	1142
2085	1100000000000026511	倫理	1141
2086	700000000000023758	ザラ紙@環Ｐtheおやぶんぶん	1140
2087	1100000000000001137	コンちゃん	1139
2088	800000000000014210	けちょ	1131
2089	100000000000053434	三六	1130
2090	1500000000000006472	おけや	1122
2091	1500000000000014100	こまやん	1121
2092	1000000000000097896	☆輝きの向こう側へ☆はるちはP	1120
2093	400000000000098830	クライス	1108
2093	1300000000000001987	あれっくす	1108
2095	1000000000000080940	俊介	1095
2096	1052	ハンドラー	1092
2097	1200000000000072972	松本秀人	1091
2098	200000000000009655	ぴぴ	1083
2099	1400000000000011981	kip☆彡＠	1079
2100	400000000000029697	ボビー	1078
2100	1400000000000023016	楓	1078
2102	200000000000050359	もなな	1075
2103	100000000000076216	おいなり	1070
2104	600000000000096079	kukeko	1067
2105	19610	雪	1066
2106	1500000000000086648	Colon	1063
2107	1300000000000052725	神主あんぱん	1061
2108	100000000000022797	ゑび天	1060
2109	200000000000008872	シバニク	1057
2110	500000000000056987	AAA	1055
2111	100000000000037168	H22A	1050
2112	100000000000032107	堕落論	1047
2113	500000000000006975	takeudon	1045
2113	1500000000000049662	塩焼きそばマン	1045
2115	1100000000000056019	さいなん	1044
2115	1200000000000061052	二郎	1044
2117	1500000000000055259	はんきち	1041
2118	100000000000018426	せんた～	1040
2119	500000000000094592	Player 1006061333	1038
2119	600000000000002558	ひっき～	1038
2121	500000000000082058	あやややP	1037
2122	700000000000052121	ATT	1033
2123	23592	ねー	1030
2124	300000000000037274	いずみ	1028
2125	1000000000000051375	しげきっくす	1025
2126	98508	ナカノ	1019
2127	59241	ポンコツ	1018
2127	100000000000098815	うらじみー	1018
2129	400000000000085074	氷室	1016
2130	700000000000077619	はるみかん	1015
2131	1500000000000001903	ドラ	1012
2132	200000000000079096	ずみさん	1011
2133	1000000000000015318	トモ	1005
2134	1300000000000097812	tiptree	1004
2135	1400000000000094687	やえ	999
2136	1200000000000029572	ひろ	993
2137	1200000000000097617	希雷神	992
2138	400000000000006936	ロイテル	990
2139	1200000000000060608	鬼の洗濯板	989
2140	900000000000048555	らうる	987
2141	1200000000000011454	ユウ	986
2141	1500000000000031982	ひげくじら	986
2143	400000000000012342	【非課金宣言再発令！】まゆちん☆	985
2144	800000000000020355	のあのあ	984
2145	900000000000042253	やまに	975
2146	1300000000000013827	わんわん	971
2147	300000000000003469	トレイン	968
2148	1500000000000000166	シナクス	965
2149	100000000000051194	ふーちょ	962
2149	400000000000061871	釣りバカ	962
2149	600000000000002462	down_sea	962
2152	400000000000097765	アズ	960
2153	800000000000052216	ロナン	958
2153	1400000000000028910	ゆがはら.	958
2155	900000000000059885	ゆきぽん	957
2155	1400000000000098941	Player 1007127662	957
2157	1300000000000096365	Y'n	956
2158	800000000000003720	紅零～戦国大戦勢～	955
2159	1400000000000081371	だし	947
2160	1000000000000006175	ダイオウグソクムシ	944
2161	800000000000044850	ただだー	942
2162	800000000000052038	M20	939
2163	100000000000097803	シマト	935
2164	500000000000093315	十式	931
2165	400000000000073226	スヌーピー	925
2166	1200000000000094643	うぉっち	924
2167	900000000000003821	むこ	923
2167	1500000000000079662	アキラ	923
2169	400000000000033499	佐倉	922
2170	1000000000000098478	つばくろう(仮)	906
2171	600000000000098316	カザ	905
2172	500000000000052365	NA.SU-VI	902
2173	59330	ねおっぴ	899
2173	600000000000024874	あまあぴゃ	899
2175	1100000000000057236	うおたん	895
2176	1000000000000018375	ごっつぁん	894
2177	1300000000000010408	Kelvin	892
2178	300000000000009756	モリシー	887
2178	1200000000000013042	とーふや	887
2180	500000000000049546	夕弦	886
2180	1100000000000098406	白星	886
2182	1400000000000046526	kanata	882
2183	1300000000000061888	チハル	881
2184	700000000000092761	パチュリー	880
2185	1500000000000005600	せがひろ	877
2186	300000000000093598	ＴＯＣＡ	875
2187	500000000000096563	カズマ	874
2188	700000000000002834	バウム	873
2188	1300000000000021290	はねはね	873
2190	400000000000015364	ワタリガラス	870
2191	200000000000077233	雪花	868
2192	300000000000052088	すねいく(MZD)	867
2193	1000000000000042387	squash	865
2194	1400000000000069607	Sejou	864
2195	300000000000007349	むてこな	860
2195	500000000000039357	美優@旦那様は虹野明	860
2197	1000000000000093484	こうたん	859
2198	100000000000083397	タニム	858
2199	95072	アスパー	847
2199	900000000000002269	くらんぐ	847
2199	900000000000048017	タッキー	847
2202	300000000000008761	由女あに	846
2203	600000000000083096	セロリ	845
2204	1000000000000026508	エデン@青飴集め隊	840
2205	200000000000037507	GAZA'P	839
2206	1100000000000000766	零流	838
2207	800000000000096802	あーたこ丸	834
2208	2566	枠番連勝複式（南蛇井）	833
2208	900000000000002555	弥(AMANE)†招待ﾇﾙｰでm(__)m†体調不良はデフォ†	833
2210	600000000000096625	れいん	830
2211	500000000000027328	AOBAOKA	829
2212	1000000000000098182	smksyj	824
2213	94383	無゛	819
2214	300000000000094626	りあ	818
2215	1100000000000008291	ななな	816
2215	1200000000000052360	もよP	816
2217	79793	norix99	813
2218	600000000000004843	げん	811
2219	1200000000000096135	ぬぼら	809
2220	1500000000000006833	トガナ	807
2221	700000000000003618	マーサ	806
2221	900000000000097691	シャバ	806
2223	76289	あまね	804
2224	1400000000000092472	ゆくしー	800
2225	900000000000000382	しんさん	799
2226	1200000000000000148	こく	798
2227	1200000000000020538	ざわわんのお邪魔虫	796
2228	200000000000085843	ティック	793
2229	800000000000076386	hogehoge	792
2230	400000000000094673	そよ	789
2231	1400000000000042282	シャドー★ラクシュミ	788
2232	1300000000000054045	アシラギ	786
2233	1000000000000074485	津楽	781
2234	86704	Harukata04	779
2234	900000000000004528	フォトン	779
2236	200000000000019167	スッスル	778
2237	800000000000027497	紫桜	772
2238	800000000000094799	水輝	769
2239	600000000000003275	あつたや	765
2240	800000000000074065	芝犬P	762
2240	1200000000000053318	呼弥門	762
2242	1000000000000061220	鍔止め	761
2243	1200000000000095871	羽生	760
2243	1200000000000097918	哉兎	760
2245	1000000000000087100	sakita-4	759
2246	700000000000015931	一二三六五	758
2247	32282	DL	757
2247	200000000000076502	しんたる	757
2247	1500000000000050345	ピアね	757
2250	1500000000000086697	一平ちゃん	756
2251	1500000000000010043	コッカー	755
2252	800000000000098184	モノステラ	754
2253	600000000000015455	葵	752
2254	37627	カムラのみ	749
2254	600000000000098253	コタロウ	749
2256	1500000000000097406	ハル	738
2257	200000000000097665	ジュリ院長	737
2258	300000000000082438	ユベロベ	732
2259	1500000000000072409	rabit	731
2260	1300000000000097782	なつれ	729
2261	1400000000000006741	ずんこ	728
2262	100000000000014221	キョンシー	722
2263	100000000000004157	はち	713
2264	300000000000096781	sakisaki	712
2265	800000000000005207	けいゆう ※ひびたまわっほい	710
2266	700000000000021634	Ｌｉａ	709
2267	200000000000051132	とまとう	705
2268	1000000000000079457	みんちょ。	702
2269	500000000000097231	ゆりか	699
2269	700000000000016051	ROSBETH	699
2271	600000000000094830	J	698
2271	1000000000000066433	のり	698
2273	100000000000004652	radiomaster	697
2274	100000000000061831	ジャンカルロ	696
2275	300000000000039059	雨音	695
2275	800000000000038472	羽打ち日本代表	695
2277	700000000000075845	わじ	692
2278	700000000000004598	すばる	691
2279	1200000000000010598	涼ちん	687
2280	500000000000006960	ガナス	684
2280	900000000000033341	くれの82	684
2282	1400000000000007613	ケロル	683
2283	1500000000000031803	ユメ	681
2284	300000000000000142	ロロ	678
2284	300000000000075832	Dr.酒舟	678
2286	1400000000000000679	ONI	675
2287	1200000000000003164	かしおり	674
2288	86845	とも	673
2289	1400000000000058892	バニラ	672
2290	300000000000006694	直弼∵天空の城〈絆〉∵天元突破∵	669
2291	200000000000009937	四騎幻十郎	667
2291	200000000000033903	やす	667
2293	600000000000029786	ピロシ	666
2293	1500000000000013805	あらた	666
2295	1400000000000002382	蒼谷 うも	665
2295	1400000000000009979	まさお	665
2297	1100000000000059830	カナード	658
2298	1400000000000097865	もちヅキ@出戻り	657
2299	1000000000000008110	123P	656
2300	700000000000051757	双魂	654
2300	1000000000000074760	マック	654
2302	300000000000082068	れ	653
2303	1100000000000027549	ウンバボウッハッハー	652
2304	800000000000002805	ﾀﾞﾝｸﾝ	650
2305	100000000000003829	つばくろ	649
2306	100000000000046309	45shiki	645
2306	1300000000000086835	WPS	645
2308	200000000000003325	ポチョムキ	641
2308	1100000000000060674	もち	641
2310	500000000000032610	はるち	640
2311	1100000000000092382	ﾀﾞｲﾅﾏｲﾄ桓3漆黒	639
2312	1500000000000056129	くりす	638
2313	900000000000087704	GN姉上	627
2314	1000000000000011253	リューシ	626
2315	1000000000000083000	はおちー	623
2316	1000000000000000319	キール	617
2317	97708	せがた346	615
2317	900000000000040364	未來@秋山優花里殿なり? あんこうチームでPGです	615
2319	99014	Player 1007181920	611
2320	400000000000097783	GGG	610
2321	700000000000050959	とつげき	607
2321	1100000000000096882	春兎	607
2321	1400000000000096983	みったん	607
2324	200000000000082325	たいが	605
2325	1300000000000087140	まかろん	601
2326	200000000000001812	なんと	599
2327	1400000000000080875	ハッチ	596
2328	1400000000000004859	イタイひと	593
2329	600000000000061090	マクー空間	590
2330	1300000000000004500	まくらかばー	588
2330	1400000000000093621	FUS3	588
2332	400000000000012248	てるく	584
2333	400000000000024503	縄引き	583
2334	100000000000000379	MajiAngel	581
2334	1300000000000099464	Player 1007236525	581
2336	1200000000000008300	ナナメ	580
2336	1300000000000094683	おにゃんこぽん	580
2338	1000000000000005425	恭也	577
2339	1300000000000082248	＼＞ω＜	576
2340	1200000000000012526	タスク	575
2341	1000000000000001351	F澤	574
2342	1100000000000098542	ひなた	571
2342	1200000000000022335	OQE-3	571
2344	1400000000000080871	ナナ	570
2345	500000000000021829	ＹＵＫＫＩ	564
2345	1300000000000055949	あきら	564
2345	1400000000000083921	R-No^2	564
2348	1200000000000068902	じゃんき	562
2349	1200000000000095650	しろごま	560
2350	1000000000000005190	ちぇしゃ	559
2351	1100000000000092833	きなこ	553
2352	1000000000000063143	くろしお	545
2352	1100000000000060836	晃	545
2354	700000000000095244	白原杏	542
2355	1100000000000022265	ぐっすり	539
2356	800000000000075311	ひびスパ	533
2357	100000000000099109	フジヲ	527
2358	400000000000054827	tury123123	524
2359	800000000000062432	au	523
2360	500000000000056606	ブロッサム	520
2360	800000000000098196	ゴッチ	520
2360	1500000000000058105	天才もどき	520
2363	200000000000065749	のあにー	517
2364	700000000000029395	はちすか	514
2365	8920	ゆゆゆゆ	512
2366	1400000000000080252	Player 1004161694	510
2367	100000000000096833	ヒロ	508
2368	100000000000018583	日高仁志	505
2369	1400000000000023608	みも	504
2370	600000000000005905	ナヅキング	503
2370	1100000000000003189	詩形	503
2372	10982	＄6（ロルド）	499
2373	600000000000018811	緑沢暁	498
2373	600000000000097808	泡星	498
2375	800000000000080238	もりたろ	495
2376	1300000000000095336	でるたま	493
2377	500000000000049950	＠ふー	492
2377	500000000000094309	gchgdj	492
2379	200000000000075982	我那廃	486
2380	700000000000003410	ルクセン	485
2381	97448	められるP	483
2381	800000000000055660	太陽とすっぽん	483
2383	1000000000000004416	あんばさ～	481
2384	400000000000074366	ゆりえむ	479
2385	600000000000055445	おっさん	477
2385	1200000000000015187	あなご	477
2387	700000000000008488	Rainy	476
2388	1300000000000099462	河合アメリ	475
2389	400000000000097840	ragingheart945	468
2389	1200000000000090530	Player 1005610972	468
2391	600000000000077244	ゼロ	467
2392	700000000000013747	ていおー	465
2393	1000000000000050857	（　農）	464
2394	100000000000008492	Wak	462
2395	1200000000000092731	せんじょ	461
2396	100000000000086922	はらぬー	460
2397	500000000000084933	thyme	455
2398	1100000000000060378	仁	454
2399	1200000000000094652	cysteine	452
2400	1300000000000016969	オレンジ【要請×空○】	450
2401	1000000000000002690	さっちゅん*ｶﾞﾝﾀﾞﾑﾏｲｽﾀｰ*	440
2402	1500000000000093106	ピコハン	439
2403	1100000000000080299	ヨン	437
2404	1400000000000065068	Player 1002081262	428
2405	1500000000000000759	ダイヤ	425
2406	600000000000084253	まぁ～ちゃん	421
2407	700000000000051123	やさわ	420
2407	800000000000032077	グレイソン	420
2409	600000000000011473	タク	416
2410	500000000000052647	nosono	415
2411	100000000000085719	ぽとす	414
2412	500000000000074915	さくら	411
2413	700000000000004017	將	410
2413	1000000000000097259	potti	410
2413	1300000000000075332	セピア	410
2416	300000000000000979	Pセプター	405
2417	100000000000010003	猿野猿太	404
2417	100000000000086557	かりんとう	404
2417	400000000000020144	南国	404
2420	1000000000000058743	花椿	402
2420	1200000000000003523	クルス	402
2422	592	france	401
2422	42329	とんこ2Trie	401
2424	1000000000000002686	スギタカ☆流星☆	399
2425	800000000000098643	澄花	395
2426	1000000000000045021	とも☆彡スマホも体調も不調…コメ無ごめんなさい(ﾉ_･｡)	394
2427	100000000000095941	はるやまたかゆきのすけ	393
2427	800000000000027364	フウコ	393
2429	400000000000004765	KONN	390
2429	400000000000078512	レシア	390
2431	600000000000021293	フェロナ	387
2431	1100000000000091158	ねこ	387
2433	1400000000000082626	サーナー	385
2434	1400000000000051281	黒の油性ペン	380
2435	800000000000016105	yeb	378
2436	900000000000084030	球磨川	377
2437	1000000000000059447	とらどら	375
2437	1100000000000020756	ふぅさん	375
2439	400000000000049819	銀紙	373
2440	15787	シロカラス	370
2441	1000000000000007494	さんた	364
2442	300000000000003559	タイレル	363
2443	700000000000094908	ほくめん	362
2443	800000000000084561	くろっしゅ	362
2445	400000000000000517	しょう	361
2445	400000000000079578	ドンキーコング	361
2447	1200000000000032784	温川 八朗太	358
2448	500000000000050070	ムギ介	353
2449	1400000000000085446	ボンボン	352
2450	900000000000044645	ケン	350
2451	1300000000000083484	束瀬十七	349
2452	1100000000000018139	sasasyu	346
2453	1300000000000026785	ともち@求)HN茜、環、育	344
2454	1200000000000000355	がいこ	340
2455	1100000000000098483	Player 1007131835	336
2456	400000000000000147	ヒコ	334
2457	100000000000035504	あおおか	332
2458	1300000000000028958	うみんつ	328
2458	1300000000000095647	まめがにゃあ	328
2460	800000000000053616	八咫烏	320
2460	1100000000000084341	かすP	320
2462	500000000000006094	馬超	317
2463	700000000000054823	ファルド	315
2464	100000000000098802	よっこん	314
2464	1200000000000050805	ゆう	314
2466	200000000000096955	美鷹	310
2467	600000000000081586	なべ	309
2468	700000000000001244	アナゴン量産型 最近何時になく自由人	306
2469	200000000000062308	アマスク	304
2469	400000000000034328	みぃ～	304
2469	1200000000000030558	アルコイリス	304
2472	400000000000097250	ガラスのメンタル	299
2473	1100000000000085690	Urara	298
2474	1300000000000056237	おとなし	295
2475	1300000000000000207	ライフラー	294
2476	54470	シュンヤ	290
2477	800000000000011139	テーさん	288
2478	86108	佐藤	286
2478	200000000000004435	バウアー	286
2478	500000000000001091	ﾕｷｻﾞｸﾗ	286
2478	800000000000027414	ショシ	286
2482	800000000000005056	anonymous	285
2482	1400000000000094650	やぶこ	285
2484	1500000000000095093	梅ちゃん	284
2485	1100000000000073711	コンチョフ	283
2486	400000000000098570	lxdascc	282
2486	900000000000020786	Orange	282
2488	700000000000003133	コタツ侍＝課金道、始めます！	280
2488	800000000000012388	パサラン	280
2490	900000000000075610	りよ	279
2491	1200000000000008236	Kai	278
2492	700000000000008008	karo	277
2493	1200000000000059575	八神デルタ《ギルメン募集中》	276
2494	400000000000024743	新『アラタ』	273
2495	300000000000006739	瑠璃 招待メール無視して下さい	271
2496	800000000000097272	リック	267
2497	600000000000002610	ｶｲ	266
2498	1100000000000036767	ゆめみん	263
2499	800000000000015332	彼岸花	262
2500	1300000000000096991	レイ	260
2501	1200000000000000640	ああああ	255
2502	700000000000045619	たくりん	254
2503	600000000000032997	花澄	253
2504	200000000000058965	ななとら	251
2505	1400000000000023785	十夜	248
2506	500000000000054482	ヘリウム	247
2506	1200000000000097490	ふぁい	247
2506	1400000000000017537	★しゅう☆	247
2506	1500000000000008790	ふーた	247
2510	200000000000001891	るるじぇ	246
2511	1000000000000098441	コザクラ	243
2512	200000000000001619	ラキ	239
2513	1000000000000026005	こなー	237
2514	100000000000076531	レッサー	233
2515	400000000000023431	くーろ	232
2516	1200000000000015824	ターボ	230
2517	1200000000000047370	ブレイブ	227
2517	1200000000000078469	魔スターP	227
2519	700000000000000592	まりだき	226
2520	500000000000098491	BC	225
2520	1200000000000098286	青	225
2522	700000000000096540	Player 1006342775	216
2523	300000000000098503	だがち	215
2524	1300000000000085195	スカズ	213
2525	709	いとしき	210
2525	500000000000099151	くりぷー	210
2527	900000000000051723	いよかん	209
2528	100000000000051521	たぶ	207
2528	1000000000000001798	絵梨奈	207
2528	1000000000000025498	なおのなおる	207
2531	500000000000009878	ﾁｮﾌ	205
2531	1300000000000083643	風舞	205
2533	100000000000080347	ベンさん	204
2534	500000000000057057	kimashie235	200
2535	200000000000098170	にゃんにゃん	199
2535	300000000000097042	なおきち	199
2535	700000000000099197	龍巳	199
2538	1400000000000098725	Player 1007066014	197
2539	500000000000057380	サボテン	196
2539	1400000000000068812	蔭川	196
2541	39383	ネオカダ	195
2542	1200000000000006559	ぼちぼち。つっちぃ。	194
2543	52404	三つ巴	193
2544	200000000000096982	むっく	192
2545	900000000000098327	カロリン	191
2546	500000000000096410	ナッティー	189
2547	600000000000078661	さくさく	186
2548	1300000000000094979	ココアはやっぱり森永	185
2549	300000000000003807	mayamaya	182
2550	500000000000010002	アキラ	181
2550	1100000000000083261	野々市P	181
2550	1500000000000064915	テディ	181
2553	700000000000077518	ふぃね	180
2554	800000000000001730	そうめい	179
2555	200000000000072898	ひだまり	178
2555	800000000000048016	蒼月  要請▲空○	178
2557	400000000000010029	だいすらぁ~	176
2558	1200000000000035472	バトラ	171
2559	200000000000081191	katumi	167
2560	700000000000009494	saxblue	166
2560	1100000000000079344	ヒロ	166
2562	98909	だほん	163
2563	100000000000001867	ろっくP	162
2563	300000000000015842	ニシシ (クジ友募集中・招待メール無視してくさい！)	162
2565	100000000000037001	Can	161
2565	800000000000075390	ちゅん	161
2567	700000000000072484	零門戦	159
2568	200000000000045866	くょち	157
2569	1000000000000099170	イニーナ	156
2570	1100000000000094246	わたA.I.E.N	155
2571	600000000000005353	サフィール	154
2571	1000000000000099194	zyamtea	154
2571	1100000000000098363	コレクト	154
2574	500000000000099156	コウ	153
2574	600000000000080536	ファイ	153
2576	500000000000051148	八神紗樹	148
2577	900000000000096912	tea	147
2577	1000000000000013691	紅芋タルト	147
2579	98755	りっか	146
2580	100000000000099082	ryu	144
2580	700000000000087018	ちどり	144
2582	300000000000098248	FuzzyLop*｡	143
2583	98172	エリス	141
2584	1200000000000097762	マジすか学園	136
2585	1000000000000098526	k	135
2586	100000000000096834	taka	132
2587	500000000000076591	ふしき	131
2587	1400000000000097799	南極の覇王	131
2589	200000000000071534	イマッキー	130
2589	400000000000041500	ゆもみ(・с・)	130
2591	800000000000094655	日向の餓鬼	129
2592	5283	wasin215	128
2593	100000000000022097	あかいろ	127
2594	1200000000000098186	みえちゃん	125
2595	200000000000087167	風鳴	123
2595	1100000000000025426	やさな	123
2595	1300000000000099120	ヨミ	123
2598	1500000000000040149	GW	120
2599	100000000000023703	よー	117
2600	1100000000000098232	Player 1007060219	116
2600	1200000000000079099	半藏門	116
2600	1200000000000098382	モモの水道水	116
2603	900000000000011128	cheeeen	115
2604	1000000000000098065	にみや	114
2604	1100000000000098849	みづき	114
2604	1200000000000077819	理穗	114
2607	7675	けんさん	112
2607	200000000000057192	ぬャギ	112
2607	500000000000065709	黒糖大五郎	112
2607	600000000000055122	爆発士=サン	112
2607	700000000000070045	しーとも	112
2607	1200000000000098685	取得できませんでした	112
2613	100000000000099147	檸檬	109
2614	400000000000050663	かける	108
2614	700000000000098822	Player 1007066791	108
2614	800000000000017306	ひっしぃ	108
2614	800000000000098480	tr006	108
2618	400000000000094895	豚ちき	105
2618	700000000000000120	かずぴー	105
2620	98159	茂ﾏﾙﾎﾞﾛ	103
2621	800000000000066550	現代の音楽	102
2622	77151	ごまだんご	100
2623	300000000000050250	マゼンタ	97
2623	1500000000000082653	きざる	97
2625	700000000000097558	ケモッサ	95
2626	100000000000084918	Player 1004897361	92
2627	1200000000000077093	フクロウ	91
2627	1200000000000086700	いぷーのしっぽ	91
2627	1500000000000085067	やぶねこ	91
2630	800000000000020462	つばさ	90
2631	400000000000097904	カカシ	88
2631	500000000000006983	積乱雲的乱舞	88
2633	400000000000055593	ポグレ	85
2634	800000000000006919	鷹の爪	83
2635	100000000000087112	ヘヤング	82
2635	500000000000096851	バターしょうゆ	82
2637	1000000000000045736	海美騎士@アイマス熱中	81
2637	1300000000000014575	まるこはん	81
2639	500000000000029830	クックン	80
2639	600000000000028346	ゆうみな	80
2639	700000000000077562	ナマコプロ	80
2642	300000000000057794	朱里(ミリマスにて活動中)	77
2642	900000000000032869	Ｔ０Ｔ泣き面に８	77
2644	100000000000045835	tiandyypo	76
2644	1300000000000097951	Player 1006731453	76
2646	500000000000054535	vege	75
2646	800000000000028098	安心院 鐸玻	75
2648	300000000000049606	蒼衣	74
2648	900000000000086492	あき	74
2650	1400000000000097149	シリ	72
2651	900000000000051998	あいす	70
2652	1100000000000061258	Keis	67
2653	2423	ｾｲﾒｲ	62
2654	1400000000000000592	ヴぁるく	59
2654	1500000000000006664	スライダー道場	59
2656	100000000000099095	とうま	58
2657	800000000000005411	えいと	57
2657	1000000000000077731	キラキラ系	57
2659	300000000000000028	とりにく	56
2659	500000000000004244	マルコポーロ	56
2659	1400000000000034791	ハルベルト	56
2662	200000000000059247	ジョン	55
2663	200000000000036898	ＹＮ	54
2663	1400000000000029210	ミッチ－	54
2665	1000000000000099215	Player 1007245946	53
2666	300000000000032006	158DG	52
2666	600000000000092990	k.s	52
2666	1200000000000096053	しおこ	52
2669	700000000000097892	Ferum_auxilia	50
2669	1200000000000098282	ガム	50
2669	1500000000000061549	ml	50
2672	300000000000008244	らー	48
2673	1300000000000000357	あやし	45
2674	900000000000054041	フェイト	44
2675	99163	Player 1007224672	43
2676	400000000000098730	どんぐり	42
2677	200000000000017567	ひで	41
2678	1000000000000075007	YoU	40
2679	1000000000000038255	鷹津	38
2680	400000000000052861	たむ	37
2681	500000000000099106	イルミネート	36
2681	1500000000000011923	ステップ	36
2683	1200000000000098630	Player 1007219212	35
2683	1400000000000091259	Player 1005609886	35
2683	1500000000000097321	カナリア（MH4に夢中です）	35
2686	1400000000000059595	いち	33
2687	24028	e-prophet(いーぷろP)@ミリオン3rd幕張初日	32
2687	200000000000097656	たしとそす	32
2689	900000000000073439	12さい	31
2689	900000000000098757	KNJN	31
2691	100000000000071990	日暮薬局	30
2691	700000000000005236	しろまき	30
2691	800000000000005216	x香瑩x	30
2691	1200000000000009862	独身愛妻家	30
2695	1000000000000099165	Player 1007223498	29
2695	1400000000000082529	Player 1004605086	29
2697	900000000000015949	翔華	28
2698	85080	15	27
2698	400000000000098643	Player 1007186484	27
2700	500000000000096447	ろっく	26
2701	600000000000000024	ゆ	25
2701	1400000000000098008	Player 1006846942	25
2703	200000000000079061	maidoman	24
2703	200000000000098508	Player 1006984402	24
2703	300000000000003233	Ｇ・Ｂ	24
2703	1000000000000097876	Player 1006857338	24
2707	800000000000023398	プッキー	23
2708	1100000000000057887	きなた	22
2709	800000000000016178	れいちぇる	21
2710	500000000000097767	はるひれ	20
2711	1000000000000096612	rill	19
2712	200000000000098701	ぼたん	18
2712	500000000000074499	Bee8	18
2712	1100000000000098890	朱鷺	18
2712	1500000000000004776	シトロン	18
2716	100000000000042201	(‘o‘)ノ	17
2717	400000000000098176	もい	16
2717	500000000000021259	とおる*亜美道場	16
2717	700000000000061248	たいちゃん	16
2720	900000000000096170	zonda	15
2720	1200000000000052375	りーな	15
2720	1300000000000091664	mind	15
2720	1400000000000050801	ヴォルグ	15
2724	400000000000030090	スーシー	14
2724	400000000000098395	Player 1007096148	14
2724	500000000000074472	ISO	14
2724	1300000000000052286	うさろー	14
2724	1500000000000003964	Charlotte	14
2729	1000000000000098816	たなぎ	13
2729	1100000000000098813	Player 1007230763	13
2729	1200000000000051821	ほっけ	13
2732	87372	Gretel	12
2733	600000000000050207	つぼみ	11
2733	600000000000061963	ぱならいす	11
2733	600000000000076540	リリルル	11
2733	1000000000000068301	ねーね	11
2733	1200000000000052767	すみ	11
2733	1300000000000088707	KEN	11
2733	1400000000000002615	ダイキチ	11
2740	37594	梅69	10
2740	100000000000097598	任天堂の倒し方	10
2740	500000000000006494	＠ＳＡＲＡ	10
2740	500000000000099098	Player 1007238133	10
2740	800000000000096014	ウリヤーン	10
2740	1000000000000005478	ライセン	10
2746	60560	Kamishilo	9
2746	400000000000098823	Player 1007241076	9
2746	500000000000001989	cruzkruz	9
2746	500000000000003019	片桐SO	9
2746	1000000000000013032	まー君	9
2746	1200000000000018951	さき(｡･ω･｡)SSS国フォ参戦！	9
2746	1400000000000003228	ふっくん	9
2746	1500000000000007929	ココアード	9
2754	79820	ごんごん	8
2754	700000000000099049	田原未沙	8
2754	900000000000058123	Taka	8
2754	1000000000000061917	知恵たん	8
2758	100000000000007170	ＲＰＤ１７	7
2758	100000000000095806	マコト	7
2758	600000000000058647	めろろーん	7
2758	700000000000094229	Player 1005966007	7
2758	1000000000000039341	フォルテ	7
2763	3667	怠惰の下位吸血鬼リツ	6
2763	200000000000016006	タイヤキ太郎	6
2763	200000000000099347	まめ	6
2763	300000000000055019	Pinkバン	6
2763	300000000000098739	Player 1007244547	6
2763	600000000000014381	トリコ	6
2763	600000000000096384	maru Hani	6
2763	700000000000082906	柚子	6
2763	800000000000098637	取得できませんでした	6
2763	1000000000000001535	エフシド	6
2763	1000000000000004227	jarvis	6
2763	1300000000000009495	単福(勘違い)	6
2763	1300000000000099449	rintamaru7	6
2763	1400000000000078813	天衣	6
2763	1500000000000099013	Player 1007253279	6
2778	400000000000073996	ライライ	5
2778	500000000000077308	ずみこう	5
2778	800000000000036426	袢纏	5
2778	1000000000000027056	ライル	5
2778	1200000000000086773	ミッキー	5
2778	1400000000000080992	玲羅P	5
2778	1500000000000007317	理緒	5
2778	1500000000000085088	SHIGI	5
2786	9862	ミルキー。。。。。	4
2786	300000000000018130	永瀬	4
2786	500000000000024963	りょう	4
2786	500000000000088257	南十字	4
2786	1200000000000004495	序新井	4
2786	1200000000000043579	朋余＊ 6月もﾉﾝﾋﾞﾘです　[Maru B]	4
2786	1300000000000095426	ポラリス	4
2786	1300000000000098407	ひろっち	4
2786	1300000000000098760	Player 1007028861	4
2795	200000000000096555	インスペクター	3
2795	200000000000099358	Player 1007242338	3
2795	400000000000097245	tooo	3
2795	400000000000098634	Player 1007184484	3
2795	600000000000098932	Player 1007245446	3
2795	800000000000002667	ユウキ＠凍天うめえ	3
2795	800000000000097997	梅林	3
2795	800000000000098632	取得できませんでした	3
2795	1000000000000097801	Player 1006819658	3
2795	1000000000000098657	Player 1007071978	3
2805	1000000000000098193	Player 1006958730	2
2805	1100000000000007630	めし	2
2805	1100000000000050186	夜月空汰ж傍観者ж ±等比数列±0にならない	2
2805	1300000000000096751	ローチ	2
2805	1400000000000009058	ささ	2
2805	1500000000000097402	Player 1006712239	2
2811	21338	カツ丼P	1
2811	100000000000006092	美凜	1
2811	200000000000008571	hagis1968	1
2811	500000000000097555	renri	1
2811	700000000000004043	笹蒲	1
2811	900000000000087980	kabu-	1
2811	1100000000000001531	雷鳥	1
2811	1300000000000005622	ワフー	1
2811	1300000000000006979	芥子	1
2811	1300000000000074311	トム	1
