1	1400000000000052867	2代目隊長	1591840
2	400000000000034238	そら	1285415
3	1100000000000056498	ともぼ	1264698
4	300000000000029396	わさびあいす	937606
5	400000000000062797	ロンロン@同僚募集中	924058
6	1100000000000001984	Alice Carroll	913975
7	600000000000005228	ヤマ	891088
8	100000000000029949	すみれ	847972
9	700000000000020029	シャル@アルバム埋め募集中	833935
10	400000000000000143	こんにゃく	827112
11	1500000000000081010	バッキィ	825006
12	400000000000003301	カボ	817280
13	5838	イブキ	779443
14	1400000000000094687	やえ	777820
15	100000000000035325	院長先生	776283
16	800000000000012251	はい	772543
17	100000000000026432	わんわん	741848
18	1500000000000087310	barley	733837
19	200000000000007752	han	730994
20	100000000000011857	康一	723670
21	1200000000000001384	taku-o	683733
22	600000000000009385	さかも	678372
23	1300000000000006806	にゅあ	652393
24	900000000000014142	金(金目鯛39っち)	650594
25	900000000000052125	くんつじ	634585
26	200000000000086794	ダメヨシ	627494
27	1000000000000016738	与次郎	589326
28	700000000000082064	れいあ	587478
29	1400000000000032428	胡苺	513473
30	57023	えんすけ	513072
31	400000000000007066	京都	474235
32	100000000000002992	COM（ヒゲ）	457597
33	100000000000091281	石地蔵のお雪	456169
34	16402	五月晴れ	454731
35	1500000000000027454	懐中時計	443247
36	100000000000008078	[天捷星]なか○し	440397
37	300000000000085748	ささむ	406755
38	1000000000000000418	たけ	400609
39	1000000000000022436	ふえひこ	343694
40	1500000000000074564	K氏	318075
41	1100000000000008327	八武ゆとり	318027
42	300000000000078601	リュウ	307138
43	800000000000008623	イバラキ	292536
44	1400000000000077647	さわけん	281455
45	400000000000000239	ビタミン	279261
46	1000000000000025184	うなぎん	277705
47	500000000000031268	ツバサ	275365
48	700000000000082299	ファンテ	265578
49	5177	ビンティP	265098
50	500000000000007213	ポケモンマスターサワーP	255166
51	1100000000000092914	yakuo	250292
52	1400000000000094541	おだやかちゃん	247900
53	1400000000000004986	モココ	246792
54	700000000000052715	teralympic	245991
55	100000000000072201	tarou tanaka	243125
56	100000000000054392	オンオン	241992
57	400000000000077887	しゃれあむ@やっぱり杏奈はかわいいよ！	228939
58	700000000000055925	ヘラクロ	228884
59	800000000000002211	ねこだ	227697
60	900000000000041340	ゆっこ	207954
61	1300000000000088059	アドリ	189463
62	1500000000000017494	ﾊｽﾌﾞﾚﾛー	187992
63	400000000000003876	tkm@デレステ/WLW勢	179390
64	200000000000097424	NG-5	176062
65	1500000000000040254	みゆう	175990
66	800000000000000353	しろしき	175900
67	1400000000000063377	mi	175303
68	900000000000017313	バラヤン	170867
69	1500000000000030798	たっく	170447
70	400000000000077106	とろ	169364
71	1500000000000001806	ゆーきでぃしぃ	168965
72	1000000000000092150	オマル	162080
73	300000000000004832	司牡丹	161002
74	1500000000000041980	しまムウ	158739
75	800000000000076605	シシマイ	144419
76	1200000000000021712	らっぷ	143299
77	1000000000000053502	ほく千代	143218
78	900000000000026536	ラシエル	141513
79	600000000000051194	comcom	141198
80	600000000000000487	ペルンゴ	139911
81	500000000000052343	悠里(冷凍中	137277
82	63020	たう	136201
83	100000000000046766	なみP	135837
84	1000000000000063131	アファームド	132527
85	700000000000001515	ofuromask	131399
86	400000000000049548	ukita	131054
87	400000000000055322	ete	131034
88	1000000000000011393	eg	130867
89	1200000000000098785	りんりんりんご	126320
90	900000000000085776	ナウ	125872
91	196	しゃるるP	122764
92	300000000000077384	あらん	122534
93	900000000000001190	すかわら	121673
94	1400000000000008157	キジマ	121548
95	700000000000046758	まっそん	121159
96	900000000000091091	Shimoneko11	120554
97	800000000000077686	hiro1135	120507
98	500000000000011717	ももぞの（ちなヤク）	120243
99	500000000000019767	M2	120071
100	500000000000046930	あまりちゃん	117113
101	1000000000000098207	ナナシ	116800
102	800000000000001653	デビエル	116398
103	300000000000028529	びぞん	116000
104	1400000000000052600	金色のアイツ	115456
105	300000000000018739	にわの	114723
106	1300000000000015460	大家	112700
107	1000000000000005841	ホッパー	112192
108	1400000000000067755	sokamura	112047
109	300000000000096117	はたは	110625
110	100000000000061185	ピンフドラ1	110058
111	200000000000050987	るせりあ	107476
112	300000000000004141	雅・祥	107243
113	1100000000000027783	ねーさま!(マカ	107048
114	300000000000021590	アース	106796
115	300000000000012068	涼月＠瑞希P（元：篠宮）	105042
116	1400000000000022535	ﾊﾘｳｯﾄﾞｻﾞ供子	104473
117	7482	さらだ	104221
118	800000000000096251	尾道	102141
119	300000000000047834	†刹那†	102007
120	500000000000098327	らいぶ	101066
121	1100000000000008170	ひとりボート	100895
122	300000000000073940	jack	100619
123	500000000000054910	きっしー@765歌劇場	99495
124	13195	ぴこぷぅ	99224
125	1000000000000007150	543	98445
126	800000000000001318	ノノ	98270
127	1000000000000033685	のぐ	97516
128	1200000000000006616	たけぽん	97074
129	600000000000007331	やまだ屋	96255
130	14065	ひふみ	95997
131	300000000000023667	たかたん	95336
132	1100000000000002718	doing	94873
133	400000000000001896	ホームズ☆	93794
134	1000000000000056006	らくだん	93358
135	900000000000020708	シソぶー	93108
136	1100000000000076692	ヒメブレン	92875
137	1200000000000046997	ランプキン	92771
138	700000000000000287	カラテ	92666
139	1500000000000014424	fa_	92443
140	1200000000000055296	オクマチ	90554
141	400000000000052729	どん	90418
142	200000000000056793	うっつんつん	90338
143	1000000000000032023	DANN	90279
144	1500000000000000921	ろくがつ	88411
145	100000000000052383	えちる	88348
146	200000000000022139	はなぉ	88062
147	1400000000000056616	弱いサカナ♪	86859
148	455	キリン	86332
149	1300000000000004774	gicovico	86269
150	1500000000000004967	ファントム	86117
151	100000000000045475	tak.	86061
152	500000000000003214	まっつー	85907
153	100000000000012054	諏訪藻	85878
154	800000000000051043	シーエル	85495
155	1352	ササナカ	83526
156	1100000000000012626	ふにゅう	83128
157	400000000000021439	シオン	83114
158	200000000000002730	㈲TOM	83028
159	428	クアル	81694
160	1400000000000016147	なみつき	81632
161	1100000000000050339	マオー	81546
162	600000000000086791	もっきー	80765
163	300000000000002279	和	80685
164	1500000000000086444	zoome	80303
165	200000000000098272	シドウP	79950
166	400000000000001371	ロジット	79812
167	1500000000000005134	東山イーストマウンテン　伊万莉まりあ魂	79662
168	600000000000000340	みず縞カイマン@ULA美也アリ	79641
169	1200000000000086700	いぷーのしっぽ	79555
170	800000000000051878	ケース	79380
171	100000000000009422	なま	79346
172	1000000000000054591	はらし	78682
173	1500000000000060553	フランツ	78611
174	1300000000000032980	くしょうP	78110
175	1200000000000057335	子豚Koishi瞳@(^_^)4TH SSA両日	77894
176	300000000000007514	投捨	77690
177	1400000000000094269	あじくん	77301
178	44349	カネヤン	77000
179	1200000000000005817	あまみず葉月	76991
180	1100000000000000928	AGP	76134
181	1200000000000056355	よっしーP	75253
182	53556	ふぁりす@当方初日と二日目交換ください！	75124
183	700000000000046480	エリザベス	75078
184	1200000000000009689	とこま	74717
185	300000000000098323	yjoyjo	74713
186	600000000000051794	くると	74503
187	1500000000000036617	jerious	74470
188	500000000000014250	快姫	74381
189	800000000000001090	由縁	74322
190	100000000000096045	ヒルデガルド	74234
191	900000000000003531	NBSK	74053
192	32336	トモ	73715
193	400000000000011074	しずか	73605
194	400000000000020042	お賽銭箱ちょうだい！！	73158
195	800000000000086524	白さゆ	72992
196	800000000000050672	おにぎり	72972
197	1500000000000099562	Kiop	72642
198	1100000000000051776	ドラ(どーら)	72625
199	500000000000001782	ほしいあんず	72244
200	100000000000022940	KAI-KUN	71478
201	57922	葵	70754
202	300000000000000175	クマンパ	70745
203	100000000000078055	ハネ	70522
204	800000000000085428	koda_p	70492
205	1200000000000075864	スピオツ	70423
206	1200000000000012180	マジカル太郎	70084
207	700000000000024091	こうよく	70062
208	600000000000091057	とし	69627
209	1200000000000052360	もよP	69333
210	1000000000000074398	えっくす	69279
211	5539	碧流	69076
212	500000000000087402	大空寺	68794
213	500000000000054232	ムネオP	68773
214	1000000000000060511	ぷ～	68225
215	1000000000000052727	海乃凪紗	68151
216	1500000000000079279	ashisu2	68150
217	400000000000002922	グレータ	68033
218	100000000000060891	三村マサカズ	67858
219	16440	ちょこな	67797
220	600000000000004089	プロデューサー	67520
221	100000000000009468	うげー	67455
222	1000000000000000361	さんだる@準備中	67303
223	1000000000000082875	eternal@P	67194
224	1300000000000080217	氏輝	67183
225	600000000000002886	レノファあすと	66860
226	900000000000076310	水獺P@星梨花担当	66823
227	800000000000007111	瓜太	66771
228	500000000000046726	tomi5829	66682
229	1100000000000041542	komkom	66615
230	700000000000096825	koko	66441
231	1200000000000006830	とら	66410
232	62382	人虎	66156
233	1300000000000016327	まぐろ	66093
234	100000000000086710	ポリエステル	65968
235	200000000000003842	超こんた	65904
236	800000000000031466	て～とく先生＠朋花ラウンジメンバー募集中！	65892
237	200000000000050694	天鋼	65679
238	800000000000076149	Ellie	65496
239	1300000000000074943	ののか	65421
240	1100000000000007451	ひろっち	65411
241	300000000000010864	八積@BMD麗花	65294
242	59510	viper	64921
243	1200000000000023227	Rarity	64880
244	15456	とり	64759
245	900000000000007004	BAR!	64652
246	1500000000000001389	じゃりん	64618
247	600000000000029426	メルカ	64569
248	100000000000001063	ﾄｯﾁｰ	64566
249	300000000000022991	クロ	64401
250	1400000000000093559	うまぽん	64305
251	500000000000052424	おたまのルウ	63992
252	900000000000036699	うにょらー	63834
253	1000000000000094395	病葉	63594
254	500000000000091637	かな	63208
255	400000000000073056	たらい	62996
256	1100000000000003921	ゲスマイル	62421
257	1200000000000029471	よんけ	62354
258	1300000000000077581	P	62351
259	800000000000014050	春日未来の焼畑農業	62236
260	85974	そこ	61997
261	1100000000000055308	けーらん	61933
262	500000000000005814	ｴﾐﾔ	61897
263	1300000000000084199	ハヤブサ	61760
264	500000000000008536	shorter	61740
265	900000000000085563	なむしゃん	61534
266	1000000000000021112	１けん	61458
267	1300000000000097415	ひろ	60965
268	600000000000047725	ゆず	60712
269	1100000000000052595	カチ	60503
270	400000000000072256	UMA	60449
271	42716	キレイなジャイアン(笑)	60323
272	800000000000001338	ピュアホイップ	60204
273	800000000000086453	A.K.ダイソン	60145
274	1500000000000084431	こいこい	60047
275	1200000000000073938	芹	60032
276	92168	アンテプリマ	59889
277	1300000000000009846	石本 昌一	59186
278	200000000000057145	パウダー	58913
279	1500000000000096504	ぷるおる	58478
280	1500000000000050392	なゆ	58240
281	300000000000052958	ぶたかず	58139
282	4215	セージ	58084
283	700000000000003739	みよし	58082
284	100000000000031757	キヨコ	57751
285	1500000000000038925	クロッカス	57562
286	1200000000000014008	はたはた	57556
287	1000000000000004177	アデリー	57066
288	100000000000054881	ご当地ガンダム	56831
289	700000000000083260	yk	56537
290	700000000000053053	Hina	56491
291	1300000000000087061	裏助	56312
292	100000000000072926	アカギ	56214
293	800000000000012053	ひゃっこ	55915
294	600000000000008954	マサマサ	55860
295	1200000000000037805	やすぱつ	55750
296	1100000000000045025	chacyobi	55685
297	1300000000000037537	光子	55635
298	800000000000092862	するめいか	55628
299	600000000000061961	kinoko9	55517
300	1300000000000000051	ちゅうsan	55384
301	900000000000033392	じゅん	55371
302	300000000000001076	たく	55266
303	300000000000081285	桔梗	55211
304	200000000000032790	Ｍ氏	55201
305	100000000000009152	ドラゴン社長	54968
306	1500000000000093420	gretapo	54930
307	700000000000029816	ますよし	54900
308	800000000000011499	Ch@rlotte	54793
309	1300000000000052190	八塚	54468
310	1300000000000000753	コシ	54270
311	49807	さっさ【】	54201
312	100000000000074927	いそらん	54187
313	200000000000098126	X-FILE6	54161
314	800000000000080219	Charome	54160
315	300000000000055810	ゆいな	54144
316	1500000000000080460	テレス	54064
317	1400000000000001016	にゃいぺーす	54035
318	1000000000000025691	まな板	53901
319	1400000000000003530	しき	53900
320	1100000000000050171	creuz	53576
321	800000000000001838	ﾓﾅ	53474
322	1000000000000069250	焼きもも	53453
323	1200000000000002200	カズゲーマー LV1	53431
324	300000000000084955	前森数規	53387
325	200000000000069554	たなか	53369
326	300000000000096132	homari	53327
327	1100000000000049044	ゼロゼロエー	53079
328	1500000000000071693	ｵﾑﾗｲｽ	52890
329	1400000000000027267	請真	52788
330	1300000000000056384	さとこ	52746
331	200000000000057275	水餅	52601
332	700000000000037547	くりーん	52517
333	300000000000010761	とろゾー	52478
334	700000000000079998	あはら	52244
335	700000000000051155	kotya	52205
336	700000000000032815	山電	52204
337	1200000000000021167	たもり	52157
338	1000000000000084379	ロック	52032
339	1400000000000096151	まつもとさん	51874
340	1400000000000000386	みかん	51826
341	1100000000000047071	ヒデック	51643
342	5474	vipper	51541
343	900000000000004728	ruley	51389
344	800000000000004948	オカディー	51382
345	400000000000001973	MとM	51329
346	200000000000086831	デルター	51319
347	1500000000000002734	八神ハヤテ	51312
348	500000000000049322	リヴ	51284
349	1100000000000049646	敏葉	51099
350	1500000000000099549	B	51096
351	77972	かずき	50705
352	100000000000086690	てん	50553
353	800000000000022105	ろあぁく	50482
354	800000000000096138	むん	50455
355	400000000000056468	hida	50331
356	300000000000061709	hoiho	50278
357	500000000000079954	ここのえーさく@BMD相互埋め希望	50204
358	1200000000000021059	ユウ	50070
359	1100000000000097269	yuIna	49963
360	500000000000051096	U-DY	49667
361	100000000000010607	レイジ	49531
362	1300000000000056061	アズサ@メソタニア勢	49223
363	53751	あるふぁ	48889
364	1100000000000085021	moyashi1111	48857
365	1000000000000085499	ゆきち	48798
366	500000000000062927	白玉	48656
367	1200000000000000018	姉崎	48644
368	400000000000074691	さとち	48617
369	1100000000000021943	てぃん	48578
370	800000000000000257	ぷりまぽあ	48548
371	800000000000082004	ktcal	48521
372	800000000000055873	ネフ	48489
373	1500000000000091666	米山	48301
374	1000000000000004639	まちりこ	48232
375	800000000000009990	楠桜	48157
376	85426	ふる	48100
377	1400000000000046895	59式	48097
378	200000000000099909	ひろ	48061
379	200000000000081221	にゃんたP	47920
380	600000000000060877	JJ	47863
381	1000000000000074519	コイメ	47834
382	1300000000000085979	M影	47748
383	300000000000100597	たかし	47726
384	34835	コジロー	47537
385	1200000000000053841	ＳＵＮＮＹさん	47269
386	200000000000000288	緋羽みうな	47239
387	200000000000062292	くちぐろ	47106
388	400000000000061208	Mickan-ya	47067
389	1200000000000032989	氷＊アバコン参加中	46300
390	500000000000081984	湶綉 朔姫	46187
391	700000000000022251	ＭＨ	46133
392	1000000000000047274	まい	46130
393	1200000000000085903	コヨーテ	46116
394	400000000000022505	眼鏡卿	45915
395	200000000000082827	kawajo	45832
396	1000000000000077426	竜巻	45583
397	600000000000006535	のこ波	45342
398	100000000000055881	春菊オトリ	45198
399	700000000000039471	なお@同僚ちょっと募集してまーす	44941
400	1400000000000051152	みずうみ	44935
401	1100000000000023376	やんだ	44925
402	700000000000019996	Yellow	44818
403	300000000000005123	113	44790
404	300000000000005344	postmail	44710
405	86211	落葉宿	44424
405	900000000000005005	りどれー	44424
407	1200000000000019811	やまだ	44149
408	400000000000003599	やのP	44119
409	100000000000001995	ヨシキP@春香は最高だ！はるかわいい！！！！！	44081
410	900000000000080182	Yukon	44031
411	800000000000034503	Warta	43925
412	1000000000000002357	ゆぼ@愛美世代	43749
413	800000000000013517	syun	43575
414	98310	オオサンショウウオ	43230
415	100000000000058968	ひびびぴー	43047
416	400000000000004956	ライト	42946
417	800000000000080738	れたすた	42722
418	700000000000097191	Plmokn	42700
419	200000000000026068	リエグ	42620
420	800000000000034300	胃痛	42617
421	1200000000000000350	みやの	42577
422	300000000000019291	化野元	42545
423	500000000000098307	ルルAゴールドDX	42515
424	1000000000000010337	職安マン	42488
425	600000000000000511	立花	42481
426	100000000000003471	しん	42260
427	1100000000000075080	あけ太	42192
428	23214	ゆら	42072
429	800000000000051574	はしゅ	41915
430	1000000000000043493	ゆゆさま～	41747
431	1500000000000060786	mansa	41733
432	100000000000097959	Exiaan	41713
433	100000000000054598	明星弐号	41558
434	800000000000086254	allejo	41551
435	1000000000000070071	ひらこ	41389
436	900000000000081488	ゆーすけ	41341
437	1000000000000081050	シロ	41311
438	200000000000061044	ATOKIA	41193
439	1200000000000002002	魅姫 / 鶴来 民子 「ホビロン！」	41015
440	1000000000000001536	しゃりしゃり	40822
441	300000000000021970	もろか	40810
442	61666	夕凪	40797
443	1000000000000070195	すぴ	40786
444	1300000000000003264	でば	40773
445	1300000000000080678	ハリボテ	40320
446	1300000000000030097	tor	40315
447	4033	犬鷲	40147
448	1400000000000003675	うっう～	40099
449	600000000000002330	バリカタ	40024
450	1200000000000000173	むぅさん	39928
451	1400000000000002833	173	39585
452	800000000000084900	たんそ	39487
453	200000000000014500	ばっきゃろー	39461
454	800000000000057994	かとれあP	39434
455	600000000000032201	アペオシカ	39224
456	600000000000005720	テツ	39199
457	1300000000000075695	Easy	39135
458	1200000000000002767	ちん	39041
459	400000000000021792	イズモ	39029
460	1300000000000004610	sasame	39024
461	100000000000062968	ターミナル	38961
462	300000000000085179	クロエレナ	38794
463	1000000000000025013	タカチキ	38740
464	86845	とも	38496
465	100000000000077284	サプリメント	38493
466	900000000000001022	マーフィ	38487
467	100000000000062271	つきのかける	38228
468	600000000000061571	16回切りが出来そうな人	37983
469	500000000000021789	翁	37787
470	300000000000000069	にく日記	37782
471	1400000000000053838	ハヤブサ	37777
472	800000000000052126	T.TIM	37686
473	400000000000086667	こよみ	37581
474	1200000000000009966	IYANARD 要請△	37548
475	1200000000000053226	*	37437
476	700000000000004978	kawanokou	37406
477	1200000000000019296	motoka	37387
478	700000000000003411	":;"",',"",,"",',,"",,'';:巛"	37379
478	800000000000008621	有得	37379
480	1200000000000029212	そう	37343
481	300000000000032600	AZ	37136
482	1500000000000100797	真実の赤	37126
483	1200000000000099200	蟹沢きぬ	37047
484	1000000000000050548	ゆーできぅむ	37042
485	200000000000043286	ひづき	36717
486	500000000000003925	Gorigan	36692
487	1500000000000023902	みやっちP	36649
488	100000000000001327	えんじん	36637
489	500000000000023858	かなぶん	36619
490	200000000000097046	万字丸	36587
491	500000000000004906	どーじさん	36465
492	600000000000053309	無銘のゴウラム	36344
493	700000000000052634	ツキヨミ@ねねね	36335
494	500000000000060313	パール	36313
495	500000000000075905	摩耗	36299
496	1208	butsumori	36283
497	900000000000019429	海豚	36192
498	500000000000042969	オジャ	36142
499	51320	k	36128
500	1100000000000018212	ごん	35958
501	1200000000000050567	jivvy	35939
502	700000000000040888	menta	35883
503	700000000000001026	プギャー	35814
504	700000000000010150	etamasko	35802
505	300000000000081870	多摩ひより	35784
506	100000000000095941	はるやまたかゆきのすけ	35705
507	1200000000000003450	tomo	35676
508	700000000000074249	こたこた	35503
509	39187	Shiwace	35497
510	900000000000074683	ketty578	35493
511	700000000000085927	ファマス	35310
512	100000000000098014	オレオレ	35280
513	1500000000000097907	ryafu	35223
514	300000000000078557	鰻とタラバガニ	35189
515	1300000000000081413	南郷	35173
516	1400000000000040466	Barack Obama	35129
517	700000000000062283	抹迷助	35073
518	100000000000037676	咲也	35020
519	500000000000031983	くある	34824
520	1500000000000059670	けーP	34555
521	95787	アロース	34534
522	100000000000077753	マサ	34533
523	1200000000000096799	ろくゆめ	34444
524	1200000000000074542	ボー ・ブランツェ	34241
525	900000000000005109	バービィー	34209
526	79528	みっぷる	34123
527	700000000000000698	t	34048
528	700000000000099862	たくどん2000	33962
529	1000000000000048031	コアラのマーチ	33933
530	200000000000085962	ぴら	33903
531	800000000000002324	タク	33898
532	300000000000015352	赤オーブ	33810
533	96950	8ocean	33777
534	200000000000047086	Rさん	33753
535	1100000000000001810	夏海あきら	33729
536	600000000000051801	†-桜姫-†	33679
537	1400000000000007584	Tamoto	33531
538	400000000000075674	クエ	33457
539	700000000000037912	んじょも	33314
540	400000000000085411	はりー	33277
541	1500000000000020953	P2P	33215
542	400000000000010693	ランタロ	33173
543	600000000000003534	えふゅる	33172
544	300000000000004261	かめ	33060
545	100000000000082225	sakaz21	32958
546	1300000000000002005	れんふ	32857
547	1300000000000059121	kei	32856
548	200000000000083476	ふじ	32853
549	100000000000032214	ニック	32783
550	1100000000000013789	とみみつしょう	32769
551	500000000000021985	さいか	32712
552	1300000000000082587	モッチー	32658
553	400000000000002488	みにゅP@同僚募集中	32493
554	800000000000002184	Twinkle	32397
555	1400000000000035005	mochi	32352
556	400000000000062103	えるちの	32216
557	100000000000096069	こん絶	32200
558	100000000000008627	プリムラ	32180
559	1100000000000001182	まめ	32162
560	200000000000008452	Angol	32128
561	1200000000000052234	コショウP	32010
562	76398	原ゆかり	31929
563	200000000000000930	てんしろ	31916
564	200000000000006005	どらわん	31797
565	500000000000050989	もやし祭り	31720
566	500000000000008473	がくてん	31712
567	1200000000000059492	まりり	31602
568	400000000000002097	ぞら	31597
568	1400000000000044497	bl@cky	31597
570	100000000000006558	スペ	31578
571	500000000000011270	あいうえお	31575
572	500000000000082102	おれき	31563
573	1300000000000071912	セイト	31561
574	1200000000000086309	あさみー	31507
575	500000000000075390	タカグリ	31477
576	900000000000031079	idea610	31438
577	400000000000017521	平沢ヒラリー	31316
578	600000000000085312	轟ブラックモア	31299
579	600000000000001755	水雪	31264
580	1300000000000001674	だるく♪	31136
581	1100000000000006889	fneet	31057
582	1000000000000051617	cocoa	31008
583	1000000000000061664	枝	30960
584	500000000000046823	きむ	30848
585	500000000000002009	G-01s	30816
586	400000000000004140	さんく	30773
587	600000000000074665	tairamune	30728
588	300000000000027213	みつ林檎	30528
589	1500000000000056638	Ｒｉｎ	30422
590	800000000000002027	ひの	30406
591	300000000000046860	geo	30313
592	1000000000000034679	ノリス	30247
593	100000000000013988	まっこー	30192
594	50464	ユーストマ	30162
595	900000000000096544	とるみす	30075
596	1000000000000003760	ハァハァ	30072
597	600000000000084915	しゅんぴ	30069
598	300000000000076136	蒼雨	29995
599	1400000000000094569	しま	29968
600	200000000000085834	ToMoP	29895
601	1500000000000001059	ﾄﾞﾛﾝ	29861
602	1100000000000058434	けいそ	29846
603	1000000000000100696	コドモダマシ	29784
604	500000000000004205	あすなろ	29778
605	800000000000000163	せいぱんだ	29645
606	500000000000074414	おかっち	29591
607	500000000000029006	※みつ	29564
608	500000000000099106	イルミネート	29520
609	1400000000000054034	スツーカ	29466
610	500000000000002100	そさま	29400
611	93343	レイ	29362
612	1000000000000049110	虎壱	29258
613	400000000000007287	三楽斎	28978
614	1000000000000085722	もちもちきなこ餅P	28954
615	700000000000053361	チョロミ	28862
616	300000000000028883	YOS	28784
617	1000000000000097616	黒鷺	28752
618	1780	ゆりおーさか	28672
619	700000000000001197	§黒雪姫§	28656
620	200000000000015671	BLUE	28644
621	300000000000078500	Pat	28629
622	500000000000054252	あすみP	28610
623	1400000000000027229	ちぢみ	28517
624	1000000000000019902	カナタ	28470
625	500000000000094283	kyo	28450
625	600000000000011826	ぽんちゃん	28450
627	100000000000004744	みぐ	28404
628	100000000000030646	ホリデイ	28326
629	500000000000000269	レミぽっぽ	28224
630	200000000000060179	ichi@同僚募集中	28016
631	300000000000003692	摂理の変え手	27966
632	1200000000000016953	けい	27903
633	700000000000098147	0316	27846
634	59193	阿新	27778
635	800000000000022927	ゆきぽ57	27769
636	900000000000084920	カズキング	27709
637	1300000000000052421	ポンピン	27683
638	300000000000003102	クロノス(iphone)	27560
639	500000000000073853	アサ	27421
640	900000000000002440	当真恭介	27320
641	1200000000000062083	サラ	27298
642	200000000000019743	ユルル	27288
643	800000000000018747	湯沢銀紋	27253
644	600000000000082104	にっよ	27223
645	100000000000055165	ktt	27203
646	300000000000035739	うちゅうそら001	27059
647	900000000000096896	ヒルネビト	27053
648	1400000000000043289	J	27022
649	300000000000046253	じとね	26992
650	100000000000095407	ココ	26953
651	600000000000004567	piro☆入学したよ☆	26930
652	900000000000076303	ツバクロ	26866
653	200000000000062308	アマスク	26768
654	400000000000000050	Sei	26744
655	1300000000000086883	松ぼっくり	26736
656	600000000000096866	よっしー	26668
657	300000000000085168	Kisarasan	26612
658	1400000000000000352	めたいぬ	26605
659	300000000000003608	るりょう	26583
660	58693	郷のくまもん	26560
661	1400000000000026239	きゅーぶ	26551
662	100000000000085301	GTHM	26543
663	900000000000050441	ミルクティー	26468
664	900000000000000335	ラティーシャ	26375
665	1400000000000052872	みね	26346
666	1000000000000003292	アイドル下克上	26341
667	900000000000062487	みっちー	26312
668	800000000000039076	わいけー	26311
669	1500000000000000573	Earl	26280
670	1200000000000003340	くろみつ	26275
671	1500000000000078295	ワおん	26208
672	1100000000000090875	桜子mk5	26202
673	79793	norix99	26082
674	1200000000000056860	希緑	26080
675	600000000000034128	ただの	26074
676	1400000000000029385	あまん	26065
677	600000000000094930	ばる	25975
678	1100000000000020816	ロストジョーカー	25941
679	900000000000004540	絹糸	25920
680	1300000000000000937	おおた	25857
681	100000000000006520	影山 瞬	25792
682	800000000000021919	紅めがね	25789
683	1200000000000055968	ドミノ	25753
684	200000000000003861	佑 -task- 豺華広報担当	25718
685	1300000000000003337	マシュマロ	25637
686	1400000000000024381	あんだーそん	25611
687	1500000000000005136	釉	25607
688	500000000000057089	ヤスザワ	25605
689	100000000000030519	マサ！？	25551
690	300000000000092690	しゅんす	25452
691	400000000000049568	しろくまお	25410
692	300000000000060542	requiem	25361
693	900000000000082411	Presto	25280
694	1000000000000097230	デュラ	25275
695	1300000000000100009	レバちん	25227
696	700000000000024348	ルル(´・ω｀)	25200
697	600000000000097681	うずら次郎丸	25184
698	900000000000001105	鏡	25165
699	1000000000000059359	りんこ	25103
700	300000000000034952	ぱ	25061
701	900000000000006418	らぷー太	25053
702	700000000000055942	アマギ	25038
703	1100000000000000178	さかえと	25034
704	700000000000053321	2倍ｷｬﾝﾍﾟｰﾝに敗北したSSR	24864
705	1200000000000081651	さくさく	24788
706	73420	dante	24777
707	600000000000010524	シロン	24657
708	1400000000000000037	にものP	24654
709	200000000000097207	CHUMIO	24652
710	700000000000004325	alex	24585
711	500000000000096229	なぎ	24570
712	700000000000098737	ヨッシー４	24529
712	900000000000000020	心木	24529
714	62455	ごしゅＰさま	24512
715	1400000000000074713	koharu09	24470
716	1000000000000052297	しの	24426
717	600000000000086561	Yu-ki	24266
718	900000000000046985	ひよこ丸	24191
719	1300000000000022512	アラタ	24178
720	100000000000016248	H@L	24050
721	300000000000015312	りょう	24038
722	400000000000095529	リョウ	23987
723	500000000000029525	道化師	23939
724	200000000000020808	歌音P	23913
725	100000000000020224	モルガ	23896
726	1000000000000006127	まやや	23895
727	500000000000001878	九陣	23865
728	100000000000100359	楓はんぺん	23843
729	300000000000061741	どく	23826
729	500000000000024163	ダイバザール	23826
731	200000000000009669	Bar	23779
732	700000000000092324	サブロク	23747
733	800000000000077487	か	23718
734	400000000000001296	rikky	23661
735	1200000000000037115	あんず	23647
736	700000000000004297	おれーす	23598
737	500000000000077963	ぼメ	23569
738	700000000000078910	シロル	23554
739	900000000000097275	ちゃんしょう	23546
740	600000000000097708	A2B	23495
741	1000000000000085621	ピーなす	23491
742	1200000000000083108	ウルケルＰ	23417
743	1400000000000013651	make1192	23351
744	1000000000000004474	スコッチ	23313
745	10246	みなせ	23280
746	3417	miyuki	23269
747	500000000000022728	OOPS	23254
748	200000000000000097	オグリ	23230
749	600000000000074906	ブルクドルフ	23207
750	1500000000000037791	あきぽん	23184
751	400000000000072584	ryohasu	23175
752	100000000000004988	k-dash	23092
753	1300000000000067284	テイオウ	23065
754	500000000000097524	kwan cheuk wang	23045
755	600000000000045808	9646	22978
756	200000000000078397	角の丸いまな板	22923
757	1400000000000053828	fair	22917
758	83948	ケン	22845
759	1100000000000000053	さくら	22816
760	1200000000000053085	信州小僧	22770
761	1500000000000007832	あき	22761
762	500000000000000993	のわ	22757
763	6097	九鬼紋白	22738
764	1000000000000080421	ダッちゃん	22692
765	1000000000000056101	poison	22677
766	100000000000007020	ねこま	22655
767	1200000000000073936	メロス	22629
768	78078	snow@ngel	22584
769	400000000000081143	リポビタン	22582
770	500000000000086046	庄屋	22470
771	700000000000098336	ちりう	22404
772	200000000000080041	newgreen	22370
773	200000000000032037	ジンクスj	22350
774	500000000000009307	Kuro@Yosukek	22339
775	1400000000000075084	ぬふしふ	22291
776	9187	つきゆP	22223
777	900000000000015319	モッツァン＠もーら	22200
778	900000000000081981	ゆぅ～でぃ～	22197
779	500000000000006157	89	22152
780	100000000000009833	なやんす	22148
781	1400000000000004557	律々島	22079
782	1100000000000005138	sische	22046
783	1300000000000061805	ナオ	22016
784	500000000000094994	しーな	21972
785	900000000000001034	ぽむぽむ	21947
786	400000000000011260	なまけもの(招待スルー	21911
787	1400000000000094616	noribean28	21902
788	1100000000000030445	CCC-AXE	21870
789	1400000000000100100	daidude85	21836
790	600000000000029678	いもけんぴ	21831
791	500000000000051148	八神紗樹	21818
792	700000000000053548	line	21787
793	100000000000099482	____	21724
794	1000000000000085836	見斬り	21703
795	700000000000100959	広瀬真也	21678
796	800000000000097998	i	21675
797	400000000000005129	烏骨鶏	21660
798	900000000000022986	いわし	21642
799	100000000000012053	oox18999	21621
800	1400000000000015762	ダイ	21620
801	600000000000015515	ショパン	21600
802	800000000000007534	豆腐	21418
803	900000000000059885	ゆきぽん	21412
804	6564	紗耶	21406
805	54073	すずらん	21357
806	1200000000000020763	甘夏	21339
807	99920	さくや	21336
808	1300000000000082437	SASUKE	21327
809	100000000000050634	rezi	21198
810	600000000000006434	喜助	21187
811	1100000000000007394	龍鹿	21156
812	800000000000003201	ワッシー	21096
813	600000000000051510	おかじゅん	21084
814	900000000000003497	フィッシュ	21024
815	100000000000097450	るぷ	20969
816	1300000000000081904	出雲	20968
817	1300000000000097075	ヒロシ	20894
818	1500000000000001897	エイジャァ	20871
818	1500000000000036361	Ｏ！Ｗ	20871
820	800000000000087618	しーや	20865
821	1100000000000003266	はらぽん	20851
822	1100000000000010699	すりー	20717
823	1300000000000003719	ショウチャン	20662
824	1200000000000008482	ヒッサー	20643
825	800000000000037056	POPOPO	20636
826	1300000000000005726	ショウギ	20574
827	100000000000003642	あまんじゃ	20516
828	500000000000003124	うのしょう	20485
829	200000000000079380	syomy	20450
830	12272	きみかげ	20446
831	800000000000007033	しゅれん	20440
832	1400000000000051000	ガガギゴ	20408
833	300000000000099424	ケイト	20377
834	1500000000000005504	迅雷	20317
835	1400000000000062739	おけとれす	20315
836	900000000000056562	Pepelon	20240
837	300000000000081080	朋	20209
838	700000000000029676	グレートsatlliteさんDX〈スマホ移行〉	20193
839	1300000000000057295	ビーム	20175
840	100000000000087004	イエローピッグ	20147
841	1200000000000062225	星柚	20115
842	1500000000000023604	あやりんP@琴葉法被企画中	20084
843	600000000000024658	ごんべえ	20083
844	800000000000006876	アッキー	20049
845	400000000000084925	サークルン	20048
846	400000000000098498	にっけ	19997
847	200000000000011825	あに@相互埋め同僚募集	19988
848	97648	マグロの丸焼き	19905
849	500000000000001861	RINMAKI	19900
850	1100000000000044038	みがわり	19751
851	1500000000000000984	こう	19695
852	500000000000096401	フレッシュレモン	19687
853	300000000000039136	Mamagon	19627
854	1100000000000001893	シャル	19625
855	1500000000000094079	渓	19587
856	200000000000001023	みっちー	19569
857	1200000000000098446	ともさと	19568
858	200000000000018407	なはと	19488
859	100123	chocozou	19481
860	900000000000026735	たかは神	19400
861	1200000000000099040	JHE EN	19375
862	300000000000059547	水飴	19336
863	500000000000003835	美薇弥	19323
864	700000000000050847	rat	19270
865	900000000000012903	ギャブ	19238
866	700000000000008199	shchshch	19204
867	900000000000007325	ガガンボ	19188
868	300000000000002683	紫奈（しな）	19182
869	1300000000000007887	きしょう	19125
870	300000000000100370	みるはうすと	19113
871	1400000000000004537	ゆかお　	19090
872	600000000000011251	にぃにP	19084
873	1000000000000002567	いな	19067
874	82200	不運と踊っちまった男	19054
875	1000000000000081369	まつ◎	19025
876	5648	しんぱ	18968
877	1300000000000096918	単四電池	18965
878	1300000000000001230	ハイペリア	18947
879	200000000000043086	おかず【まったり(*´-`)】	18945
880	800000000000073786	きよ	18934
881	300000000000046987	銀さん	18927
882	1200000000000020776	毅	18912
883	1300000000000055766	ヒダカックン	18897
883	1500000000000099543	のり	18897
885	400000000000009314	ウェザー	18885
886	900000000000011456	まきば	18850
887	300000000000076965	けーじ	18812
888	1000000000000074498	あああああ	18711
889	300000000000077153	ニーチェ	18681
890	1200000000000049331	マリンカリン	18678
891	300000000000026405	すがるこ	18625
892	1400000000000097322	ひろo・∇・o年下なんてダメですか？彼氏候補にどうですか？ももちゃんのことが好き	18609
893	1300000000000062510	零	18591
894	1000000000000079490	マッハ	18567
895	900000000000096188	千の字	18539
896	200000000000000197	鎌倉釜山	18502
897	800000000000017399	ゆう	18500
898	300000000000000341	的丸	18496
899	1300000000000091019	vn23517	18453
900	1400000000000001089	リングドラ	18396
901	1100000000000075255	ちゅん	18357
902	500000000000004711	ＧＡＴＥ	18352
902	1400000000000086037	したじき	18352
904	1200000000000003345	芦屋虎之介	18322
905	1100000000000031884	臥瑠獅唖	18293
906	900000000000000780	しんご	18288
907	800000000000080777	クロムP	18280
908	800000000000016101	やすべえ<釣り･ｸﾘ･ﾊｺﾆﾜﾎﾞﾁX2中>	18250
909	1300000000000015362	On_a_oK	18241
910	100000000000074101	遠山悠夏	18210
911	100000000000025957	すむすむ	18131
912	900000000000044546	はづきち	18103
913	700000000000062730	No.6	18101
914	56963	きょう	18073
915	200000000000079080	タチ	18028
916	100000000000030344	パッツ	18020
917	1400000000000051116	管理人	18009
918	200000000000012665	many	17996
919	400000000000000274	ちょめ	17961
920	300000000000049112	イエッタ	17952
921	200000000000050827	ありと	17951
922	400000000000000535	ヤマジン	17945
923	900000000000095787	ひろき	17926
924	1200000000000035081	マッハ	17914
925	600000000000003272	ウニョラ～	17894
926	700000000000002547	俺P	17868
927	56629	イタナン	17842
928	1100000000000092377	Ysbm	17829
929	700000000000011732	おはじき	17820
930	15552	ヤツフサ	17810
931	45835	すりつり	17808
932	800000000000000871	くれ	17807
933	700000000000020428	咲夜	17790
934	1500000000000060573	セイン	17784
935	800000000000018284	ホルスの眼o(^▽^)o	17760
936	400000000000095717	成り行き	17740
937	800000000000015746	ゆんヽ／	17734
938	700000000000005824	ZILOW	17680
939	1400000000000021502	Q-P	17679
940	800000000000008119	川-.川	17661
941	1300000000000054689	generex	17616
942	400000000000093245	ユウ	17591
943	1500000000000080396	まんさん	17556
944	800000000000005387	いおっちゃん	17520
945	1100000000000080700	mizuishi	17497
946	1100000000000001788	†ARIA†	17488
947	1100000000000026357	ありぽん	17456
948	1300000000000061964	Toshi☆	17446
949	700000000000098091	ゆるゆる皇帝	17442
949	1300000000000022523	まあち	17442
951	100000000000068210	カン	17429
952	1000000000000009529	SUGURU	17376
953	200000000000073556	bidder	17353
954	1400000000000014289	Ccliys	17273
955	1500000000000091344	9books	17253
956	200000000000004861	あたたん	17235
957	800000000000094875	ともかん	17170
958	600000000000077348	GSDF	17161
959	300000000000098354	かまぼこ	17157
960	800000000000008151	ドナルド脱臼	17142
961	1500000000000056540	キョウ	17122
962	300000000000007162	ﾊﾞﾃｨｽﾄｩｰﾀ	17119
963	1300000000000031983	みっさわ	17102
964	85368	モリキミ	17070
965	400000000000091912	kdst	17056
966	300000000000057996	ssf	17052
966	400000000000043109	ちゃとら	17052
968	300000000000079699	1000	17021
969	700000000000052227	yuma-08	17017
970	700000000000002941	だいじろう	16954
971	1100000000000035541	Taku	16946
972	1200000000000096135	DoKuPe	16918
973	600000000000093972	こしゃけ	16911
974	200000000000099483	kawasemi_mk-2	16905
975	100000000000023265	牛乳に相談だ	16881
976	800000000000077051	ノゴロー	16859
977	1400000000000036424	ゴールドEX	16788
978	1100000000000096638	夕里	16780
979	700000000000096259	KSM	16750
980	1000000000000029815	クメン	16727
981	800000000000075511	つぴお	16716
982	1300000000000093644	kazami	16655
983	1200000000000050456	Long	16626
984	500000000000070895	アイム	16532
985	800000000000024899	ハナサン	16500
986	1000000000000030551	トーテムポール	16478
987	300000000000003118	minamo	16441
988	700000000000021872	ゼファー	16390
989	600000000000078564	eizn	16376
990	1000000000000004827	ユンケル	16347
991	1300000000000033403	雪ノ狐	16320
992	600000000000058117	卵豆腐	16315
993	100354	Lunar★	16301
994	6705	モノクロベア	16300
995	300000000000011408	はとりぶ	16283
996	100000000000061260	チヨダ	16267
997	500000000000092152	ジクロロ	16245
998	100000000000077763	JBK	16238
999	400000000000024437	日常	16226
1000	100000000000006363	める	16212
1001	800000000000070036	シオン	16171
1002	1500000000000005005	ヒロシ	16169
1003	800000000000002941	モカ	16162
1003	800000000000085293	しゅうへい	16162
1005	1200000000000096766	カツ	16126
1006	1500000000000005148	あき	16064
1007	200000000000000638	だーこー	16058
1008	700000000000018886	HOPE	16053
1009	80477	あろちゃん	16040
1010	700000000000058205	桐生	16000
1011	1400000000000054724	TaiM@S（氷璃P）	15985
1012	900000000000000626	プラチナ	15934
1013	700000000000085917	折敷	15913
1014	1000000000000082329	さしゃ	15905
1015	1500000000000044248	かーくん	15903
1016	900000000000080895	アイル	15864
1017	1100000000000054335	snow*	15772
1018	700000000000032547	藤間	15765
1019	500000000000001764	あんず	15762
1020	200000000000097218	北大路花火	15709
1021	700000000000075900	爆発コーンP	15698
1022	200000000000075759	九十九	15690
1023	300000000000004689	ゆきとん	15588
1024	1100000000000010362	カブレーラ	15579
1025	1100000000000038754	クルクルス	15536
1026	96555	らる	15520
1027	400000000000001290	ﾕｰﾀｽ SprouT	15487
1028	1400000000000019884	くろさよなら蛍	15485
1029	200000000000011603	yas0806	15447
1030	1100000000000053911	灰島	15430
1031	600000000000098322	ヨッシー５	15414
1032	1500000000000083749	大和	15408
1033	300000000000081975	あかはら	15394
1034	1500000000000093338	リブリブ	15381
1035	700000000000061765	narutara	15379
1036	600000000000021383	まこさと	15370
1037	1000000000000007469	リーフ	15360
1038	600000000000080431	たまめ	15350
1039	900000000000073287	ペクチ	15313
1040	600000000000031148	しんたいかさ	15300
1040	1300000000000006010	まてぃーに	15300
1042	400000000000004186	のぶ	15252
1043	400000000000046370	モコナ	15244
1044	500000000000007461	AIMﾏﾝ	15228
1045	900000000000035880	クヌリン	15224
1046	800000000000061192	りばっぢ	15168
1047	29354	金さん	15142
1048	1100000000000000418	遠心力	15104
1049	1300000000000009744	片那	15004
1050	700000000000000646	白鴉	14983
1051	500000000000049950	＠ふー	14968
1052	1200000000000070538	ですおせち	14946
1053	400000000000031252	四階堂	14931
1054	93329	ともくん	14924
1055	700000000000096182	ネクサス系統	14896
1056	4547	アツシ	14791
1057	200000000000028238	ミアネス	14784
1058	200000000000099765	カイ・ウィザード	14781
1059	4707	タクトP	14780
1060	5814	レオン リアル多忙中(泣)	14763
1061	1500000000000098058	由稀	14749
1062	1300000000000062172	ポカリすエッ戸	14724
1063	1400000000000005303	きゃべつ	14710
1064	900000000000000080	出雲桜	14670
1065	80618	でんびー	14637
1066	1100000000000004868	麩菓子	14625
1067	700000000000050140	ガスm@s	14601
1068	800000000000032216	つくよし	14574
1069	600000000000005744	Aqua Regia	14559
1070	400000000000020826	ましゃき	14518
1071	600000000000022832	げんげん	14450
1072	1300000000000091152	雅雪	14433
1073	500000000000001430	kakao	14413
1074	500000000000098437	甘鯛	14406
1075	1300000000000007373	よっか	14381
1076	600000000000007866	熊さん	14380
1077	900000000000097226	ししだ	14379
1078	600000000000005301	たかち	14366
1079	1400000000000082622	あくえす	14355
1080	51057	だいこん	14309
1081	800000000000076102	うぃに	14303
1082	700000000000096962	もんたん	14301
1083	1100000000000050818	ちゃば	14252
1084	200000000000100182	namazu	14248
1085	200000000000001358	ノノノ	14203
1086	200000000000009494	暗黒ノルドツンデレ@厨二病	14193
1087	100000000000100302	かみこと	14172
1087	1200000000000000259	こばると	14172
1089	3849	西岡Ｐ＠求)Vo属性R　出)他属性R	14125
1090	1100000000000050047	spinte	14122
1091	100000000000085531	ラスティ	14059
1092	800000000000004738	あきぞう	13979
1093	100000000000006261	かいわれ	13977
1094	200000000000005146	LIAR	13952
1095	900000000000002133	マッキー	13924
1096	1400000000000004695	JACK	13920
1097	200000000000034537	わっちん	13874
1098	1000000000000054638	じんましん	13870
1099	1300000000000046167	ぐっさん	13858
1100	600000000000074062	やきとり	13844
1101	1200000000000097088	トンチキ	13823
1102	1200000000000097361	ぽんすけ	13785
1103	100000000000057390	屋久潮	13766
1104	1100000000000045576	jim	13761
1105	600000000000079030	いつき	13749
1106	61629	ほっちゃん	13741
1107	700000000000075813	ノト	13720
1108	7430	ゆた	13681
1109	400000000000020180	ベアベア	13665
1110	28130	真夢	13651
1111	21911	マコトン	13645
1112	500000000000069010	*Rio*	13601
1113	400000000000099173	AkiAkira	13573
1114	700000000000025578	カンサイサオ	13556
1115	700000000000053880	VOID	13555
1116	1100000000000001205	ソランP@ありがとう仙台	13509
1117	900000000000029646	葵	13504
1118	500000000000019436	カズユキ	13496
1119	36220	びあーど	13453
1120	700000000000051766	きょうぱん	13439
1121	1500000000000062195	nakamrro	13414
1122	39628	lyrica	13392
1123	800000000000014955	sakusaku	13362
1124	900000000000050952	つかさ	13360
1125	500000000000033143	ムンクさん	13335
1126	1400000000000004570	ゴクツブシ	13320
1127	800000000000054949	SKY	13288
1128	700000000000100391	キャップ	13264
1129	300000000000047857	黒田銭蔵(ピザブラック代表取締役)	13248
1130	900000000000015974	かに	13231
1131	800000000000003813	ﾋｷﾆｰﾄ	13226
1132	600000000000049815	stein	13205
1133	700000000000000288	莉緒	13186
1134	1400000000000002752	セデス	13170
1135	1000000000000016122	∵マサ※流m(_ _)m	13168
1136	101450	honey	13144
1137	600000000000049622	expo	13137
1138	1200000000000004249	かもねぎ	13121
1139	1300000000000099187	葵	13052
1140	1300000000000098454	バーボン	13043
1141	1500000000000005313	はると	13033
1142	600000000000095760	さんぱち	13025
1143	800000000000078596	ないん	13004
1144	1100000000000003761	稲妻の螺旋	12906
1145	700000000000020077	もりわき	12860
1146	900000000000079523	司悠	12858
1146	1300000000000026613	たけし	12858
1148	1100000000000053116	ヤマト  アバコン参加中！	12844
1149	800000000000078031	Ren	12835
1150	200000000000075247	frm24241	12818
1151	1000000000000000582	ｳﾂﾐﾝ	12761
1152	600000000000057445	おかとじ	12734
1153	100000000000000208	もばげい	12733
1154	900000000000097516	kou	12718
1155	1300000000000027830	CMY	12696
1156	300000000000086890	めがろどん	12688
1157	1300000000000061395	utk153	12655
1158	900000000000046513	ツバサ10	12643
1159	50969	こばこばこば	12642
1160	200000000000031080	ajwajw	12628
1161	1300000000000014433	デンター	12619
1162	300000000000024780	はる	12617
1163	300000000000014556	バレイアーツ	12582
1164	900000000000082419	ネギー太	12568
1165	1300000000000007155	カピバラ	12566
1166	1100000000000010641	ゆん	12527
1167	700000000000035509	4649tatuki	12520
1168	1200000000000003455	ふーと	12514
1169	300000000000097956	おっP	12482
1170	800000000000058740	なおトン	12480
1171	700000000000026585	ｹﾝｹﾝ()	12477
1172	100000000000036557	ana(アナ)	12429
1173	900000000000000266	桶P	12428
1174	1000000000000057304	シグ	12420
1175	300000000000050801	みぃ	12407
1176	1500000000000078520	ぷちとまと	12392
1177	1300000000000025182	masanori	12372
1178	800000000000013590	はん	12364
1179	300000000000078396	しゃうおっとぃずぁーう	12320
1180	200000000000087803	ハイパーＫ（ｱﾊﾞ女装中）	12300
1180	1200000000000080999	Drugsan	12300
1182	600000000000099041	じゅーだす	12284
1183	1200000000000081257	Hikaru	12276
1184	700000000000082319	ガンキャノン	12270
1185	400000000000035913	nero＠	12259
1186	1400000000000004698	はっしー０８４	12246
1187	300000000000033393	けも	12234
1187	1400000000000026688	逆矢	12234
1189	1000000000000003596	イチ	12227
1190	100000000000038777	かちわり山	12205
1191	500000000000005647	まさむねP	12199
1192	1500000000000098256	マリーダさん	12183
1193	400000000000039017	エスカル	12166
1194	500000000000028389	クマ	12163
1195	1100000000000079498	ふぉくす	12157
1196	500000000000099109	金烏	12152
1197	1200000000000029707	ひろ	12112
1198	800000000000011125	ラブライカ	12096
1199	1500000000000006684	コウスケ	12092
1200	1000000000000007438	ゆきぽん	12063
1201	700000000000001278	よしださん	12050
1202	300000000000099897	おかか	12049
1203	1300000000000074481	河上小鉄	12045
1204	61866	びーん	12001
1205	500000000000076089	ぶる3	11990
1206	600000000000096254	ヒラタツ	11987
1207	300000000000052160	ver.1000	11954
1208	300000000000013094	イザディ	11952
1209	1300000000000003783	ふみ	11929
1210	100000000000011604	だねこ	11914
1211	500000000000047117	シーゴ	11891
1212	1300000000000096919	グラル	11883
1213	1400000000000081121	Nao-mix	11870
1214	300000000000094863	Steven	11865
1215	77093	のんたん	11858
1216	100000000000035953	なこちゃん	11826
1217	1400000000000042146	綾香206	11824
1218	200000000000056023	我愛羅ちゃん♪	11814
1219	200000000000098234	Tatsuya Sadoi	11807
1220	600000000000099494	ぴかじゅヴ	11800
1221	700000000000021059	須玖煮	11799
1222	500000000000000093	しづしづ	11796
1223	100000000000096723	花咲舞	11792
1224	300000000000026516	あさやん	11718
1225	1500000000000019628	Lan@らんと読みます	11715
1226	1000000000000076193	Player 1003308698	11697
1227	1000000000000001485	ろっきぃ~	11679
1228	500000000000007032	むしかご	11648
1229	1200000000000083682	シンゴ	11645
1230	300000000000007131	イサム	11547
1231	600000000000047104	猫島犬右衛門	11500
1232	100000000000100792	いっぺぇ	11496
1233	1300000000000098316	SORASHI	11475
1234	800000000000086788	われもこう	11473
1235	100000000000056612	tjdwns97	11462
1236	96495	ソフテニマン	11445
1237	1300000000000085854	ふじさん	11416
1238	200000000000030210	ookamisan	11414
1238	500000000000085862	雛菊@㍉4th2.3日目	11414
1240	765	dex＠(求HN,R律子	11403
1241	400000000000013202	かもや@【喪中】	11384
1242	1300000000000004115	めろん A	11334
1243	700000000000098094	たけくら	11320
1243	1000000000000020546	ごう	11320
1245	900000000000003106	かもめ	11298
1246	900000000000078981	妄想＠デストロイヤァ！	11259
1247	800000000000003670	ぽち。	11253
1248	700000000000081365	ひなうぉ	11217
1249	300000000000001527	英修	11214
1250	1400000000000003559	カド	11210
1251	1500000000000051583	花友禅 箱庭お休み中!!(≧∇≦)	11206
1252	1300000000000008389	lordcrimson	11196
1252	1500000000000036844	世界の生たぬき	11196
1254	100000000000001407	由宇	11156
1255	1400000000000002998	スズラン♪	11140
1256	1000000000000023772	赤いきつね	11133
1257	800000000000003071	水羽	11053
1258	900000000000091622	ぷっちん	11048
1259	1100000000000012283	秋路	11037
1260	700000000000060928	六本木オーガ	11005
1261	500000000000005314	みやっち	11004
1262	500000000000086745	たらこ	11002
1263	700000000000001788	やまぬら	10997
1264	200000000000056385	みみこ	10976
1265	93286	長月	10970
1266	600000000000006701	ゆうま	10960
1267	500000000000054294	にえ	10944
1268	1100000000000049903	makoto	10908
1269	1300000000000074959	ランゴン	10901
1270	600000000000022308	ちば	10899
1271	1200000000000056240	てんやわんや	10875
1272	900000000000042652	たけし	10854
1273	1000000000000039252	ライト	10823
1274	1500000000000093427	きゆー	10804
1275	1500000000000009453	アカ	10735
1276	800000000000022221	下克上	10719
1277	800000000000055987	眞下	10707
1278	1300000000000022110	ヴィータ	10701
1279	1500000000000097263	REMI＊	10696
1280	800000000000055781	NT	10695
1281	200000000000044558	ぱんだ☆ﾄﾞﾘ、仲間募集中！(o^－^o)☆	10693
1282	1200000000000071448	ゲルマン忍者	10687
1283	200000000000001010	DCD	10678
1284	100000000000008376	鯨P	10656
1285	800000000000045005	翔吾	10640
1286	500000000000009055	しっぽ@BMD相互	10628
1287	300000000000001565	小間川 東次郎	10615
1288	300000000000085049	ビビッド	10612
1289	85233	cco	10544
1290	1100000000000000651	トキハラ	10542
1291	100000000000042468	アマノ	10533
1292	800000000000002141	ちびぬこ	10527
1293	29649	じぇらーど	10515
1294	1500000000000077915	ヤナヤナ	10512
1295	22360	TARO	10496
1296	100000000000010871	ルイン	10492
1297	700000000000013343	リリカル	10491
1298	400000000000051257	HIRONORI	10472
1299	1200000000000093866	こうの	10468
1300	1100000000000093526	アルト	10456
1301	300000000000041650	あっさむ@HN交換同僚募集	10448
1302	700000000000016067	なっと	10386
1303	1500000000000052138	クマノミ	10362
1304	300000000000000829	Earthia	10348
1305	1500000000000056680	あらあら	10335
1306	800000000000004063	まっさん	10329
1307	700000000000005773	ファラ	10310
1308	500000000000005407	こっぺり	10236
1309	93535	虚鉄	10232
1310	55586	ちつむふ	10224
1311	900000000000086396	アトリ	10184
1312	13116	たけし	10124
1313	600000000000083879	たこよん	10080
1314	500000000000049126	ゆー	10078
1315	500000000000032767	パイロ	10036
1316	500000000000053356	あいこ	10028
1317	700000000000030518	のり	9997
1318	100000000000100304	おT	9986
1319	1500000000000020234	オーズ	9981
1320	43690	ＭＡＲＩＭＯ	9954
1321	1300000000000100193	辛口パセリ	9944
1322	800000000000087597	りほ	9913
1323	100000000000008229	やん	9905
1324	800000000000038622	lokipao	9878
1325	1200000000000011717	ピースケ	9864
1326	1500000000000086497	yakareta	9838
1327	900000000000092948	アウェイ	9832
1328	500000000000061490	ブチギレ金剛	9783
1329	1400000000000080222	竜田	9782
1330	100000000000098145	ドゴザガゾ	9768
1331	300000000000060813	さとでゅー	9751
1332	800000000000073978	マリモスペシャル	9745
1333	1000000000000054378	黒いマカロニ	9720
1334	100000000000061253	Caim	9709
1335	1100000000000098270	Suido	9702
1336	1500000000000003468	タロウ	9694
1337	1500000000000015990	ちった	9688
1338	400000000000009127	ほう	9680
1339	1500000000000003466	頑張るぎん	9678
1340	1300000000000058692	ジェりすP	9656
1341	900000000000012088	よね	9647
1342	1000000000000004691	タンカー	9630
1343	1300000000000055724	れいん	9625
1344	1200000000000013867	茜音色	9615
1345	1500000000000051690	Bee	9608
1346	700000000000042189	ミウラ	9588
1347	1200000000000022865	アキラせんぱい	9576
1348	77862	なおなお	9574
1348	100000000000088002	美少年	9574
1350	1200000000000026953	ぐっち～	9570
1351	300000000000056459	八汰烏	9562
1352	1400000000000004334	アル	9546
1353	1500000000000080072	あまた	9540
1354	60842	シン	9536
1355	400000000000100200	Mｱｷ	9522
1356	600000000000025024	因幡	9512
1357	100000000000020847	河童	9511
1358	1100000000000005912	きりんさん	9499
1359	500000000000034702	ヒロミ	9493
1360	1100000000000025545	たんけェ	9474
1361	75114	さそり座	9462
1362	700000000000000330	じた	9454
1363	1400000000000051476	真太郎	9452
1364	1300000000000001830	ライデン	9435
1365	2478	デデデ	9432
1366	900000000000093266	SGR	9394
1367	1200000000000093011	無道まりも	9389
1368	200000000000015348	くま５６	9388
1369	1500000000000081484	tetuv1	9381
1370	100000000000087112	ヘヤング	9352
1371	400000000000058275	ゴリットソン	9340
1372	800000000000085285	teruma	9337
1373	100000000000015366	Тоёсики	9320
1374	1400000000000076669	もなりあ	9280
1375	300000000000002508	オス	9275
1376	6964	ちーちゃん	9269
1377	500000000000006001	幹也@ラウメン募集	9195
1378	1200000000000052057	Rex	9190
1379	1100000000000061670	わかめ	9188
1380	1500000000000055666	AJ	9174
1381	17709	△ぬっくん 乙※相互割愛よろしく(-人-;)参戦&お誘いありがと～(^o^)/	9154
1382	900000000000008238	くったり	9150
1383	200000000000029572	まーむー	9143
1384	100000000000081771	オレオ＠新人プロデューサー	9126
1385	1200000000000015072	フジウルクォイグムンズハー	9120
1385	1300000000000015488	家具屋さん	9120
1387	400000000000017579	￡クオ・クルス￡	9116
1388	1300000000000001084	そらとび	9108
1389	100000000000055323	水瀬べるん	9088
1390	400000000000009004	しょう	9060
1390	1300000000000094683	おにゃんこぽん	9060
1392	1200000000000008786	きたきつね	9035
1393	1300000000000046051	鍋奉行	9020
1394	1100000000000081666	あずきち	8992
1395	1000000000000020808	ちゃう	8988
1395	1100000000000094209	known	8988
1397	1400000000000006213	応龍@ドリ仲間募集中	8965
1398	1000000000000002504	リビドー７	8952
1399	100000000000098085	monoriss0415	8946
1400	100000000000003627	ゆっぷー＠yuu_pooh_mlms	8931
1401	400000000000001387	くたろ	8921
1402	200000000000058372	ハル	8902
1403	100000000000097096	mizuki	8901
1404	700000000000081550	エリンギ	8891
1405	300000000000056833	キーストーン	8854
1406	1000000000000081119	bisaim	8852
1407	900000000000008665	ヤンデレ	8797
1408	1500000000000055638	k	8780
1409	1100000000000030841	やっつけ丸	8769
1410	1500000000000053404	ヨシキックス	8756
1411	400000000000098967	スカイ	8750
1412	900000000000095818	とーる	8748
1413	1100000000000057388	sa	8738
1414	200000000000013423	牙龍王	8736
1415	400000000000082144	Anna2010	8734
1415	1100000000000008687	のぃはら	8734
1417	900000000000011114	ほうでん	8715
1418	22264	霧	8693
1419	1500000000000094844	Mawile	8679
1420	1300000000000080930	ポルポル	8646
1421	800000000000006441	ＫＥＩ	8637
1422	400000000000000825	神崎	8600
1423	76533	あかし	8590
1424	300000000000021657	相談P	8567
1425	200000000000100749	ラボR	8565
1426	1200000000000005877	しょうゆ@流川市民	8543
1427	1500000000000004649	けんと	8514
1428	11851	ironfish	8488
1429	600000000000004107	をか	8448
1429	600000000000086286	たけお	8448
1431	1200000000000053004	ヤス/@＼	8440
1432	1400000000000029328	サイダー	8407
1433	1100000000000004912	moaishi	8391
1434	600000000000001764	さとる	8369
1435	300000000000005313	じ	8361
1436	700000000000031102	*よしよっちい*	8355
1437	800000000000032077	グレイソン	8307
1438	1400000000000087729	ぴよこ	8261
1439	700000000000039159	☆りいな☆	8260
1440	1100000000000003525	小松	8219
1441	300000000000002976	ベルP@らぁめん女神道場	8184
1442	800000000000097670	sdoka	8181
1443	700000000000032523	アンチェリー	8179
1444	900000000000062688	アルファ	8176
1445	400000000000096217	マァァァァック	8151
1446	1300000000000100091	753	8127
1447	100000000000000302	ユッザーP	8126
1448	100000000000059326	katakataka	8097
1449	100000000000004820	すさぞ	8090
1450	1500000000000003715	とも	8052
1451	500000000000058852	陽介	8039
1452	96100	まっふー	8010
1453	700000000000021006	ニックネーム	8001
1454	1500000000000050772	ビヤーキー	7996
1455	1500000000000085186	exippei	7977
1456	61667	LinKs	7953
1457	500000000000030975	ターホーン	7924
1458	800000000000003429	まみむめ	7920
1459	300000000000052043	そーよし	7910
1460	1500000000000006424	n@o	7908
1461	400000000000061728	ソウ	7885
1462	1200000000000006464	サガ	7879
1463	1300000000000022658	ウルフ	7876
1464	27703	くりちゃん	7864
1465	1400000000000008778	つむじまき	7860
1466	600000000000018720	ドキンちゃん☆	7858
1467	800000000000009989	けー	7824
1468	1100000000000003459	なべお	7818
1469	500000000000097703	セシール	7795
1470	200000000000069559	千歳山近未来	7772
1471	400000000000001120	ひこの	7767
1472	800000000000052824	雪のセ	7752
1473	500000000000073977	すもも	7748
1474	600000000000009339	ユーシー@スマホ	7747
1475	1300000000000075903	Seung Jae Lee	7742
1476	1300000000000008044	フリーダム	7730
1477	900000000000038830	clan.Key	7723
1478	1400000000000097500	ざわ	7690
1479	100000000000038982	あっか＊	7677
1480	500000000000023044	ダイノ	7673
1481	1200000000000002626	こう	7650
1482	200000000000075220	イアン	7646
1483	800000000000039799	まっすー	7641
1484	200000000000023410	チロ	7640
1485	700000000000029957	下愚のばぱる	7628
1486	800000000000086087	楽聖	7599
1487	600000000000005605	モモ	7575
1488	400000000000075041	てとら	7549
1489	1400000000000101362	Ｒ１	7477
1490	1100000000000000523	シンP	7476
1491	900000000000052091	nos	7461
1492	1400000000000025067	ゆぇ	7436
1493	900000000000009794	さとし☆闇	7421
1494	1100000000000070270	カサタク	7392
1495	100000000000098315	Kei	7377
1496	1500000000000006384	キク	7371
1497	800000000000097575	ワッター	7364
1498	1300000000000016846	ｴﾙﾒｽ	7348
1499	1400000000000058873	ﾟ*イーグル*ﾟｱﾊﾞｺﾝ♀投票お願いします♪	7333
1500	1000000000000001860	ぽんこつ	7311
1501	900000000000096733	Player 1006527401	7306
1502	600000000000058668	駆汐	7297
1503	900000000000000380	すずしろ	7276
1504	1000000000000026945	unany	7230
1505	700000000000000120	かずぴー	7222
1506	1400000000000005314	だし	7218
1507	200000000000005730	METEOR〔P〕	7215
1508	1200000000000000811	こやゼロ	7213
1509	1400000000000100607	んさとーか	7190
1510	600000000000004576	サーディ	7187
1511	200000000000036750	はくたか	7174
1512	1200000000000024268	くろ	7168
1513	1500000000000060660	ぴの	7160
1514	16940	シゲ	7146
1515	700000000000006975	やっすー	7084
1516	600000000000037190	ktktktre	7082
1517	100000000000001675	saku	7069
1518	600000000000051288	Masa	7064
1518	1300000000000000407	Lycia	7064
1520	400000000000027714	エンジ	7062
1521	1000000000000000378	三郎	7061
1522	300000000000047137	むっき	7058
1523	900000000000077757	さとピー	7056
1524	300000000000085776	なつ	7055
1525	700000000000086031	サト	7054
1526	1500000000000041751	ハリオ	7051
1527	100000000000012345	☆クロネコのジジ	7028
1528	300000000000056162	サネモチ	7026
1529	100000000000100021	nubilum	7025
1530	56058	アルバトロス	7020
1531	800000000000050715	みずせ	7016
1532	700000000000005760	げっと	7007
1533	600000000000022711	エルカー	7002
1534	500000000000080097	あじおし	6985
1535	600000000000098123	よもぎ	6960
1536	1000000000000098160	なごなご	6953
1537	800000000000016727	葉水	6952
1538	700000000000035561	ゆちゃ	6945
1539	2821	ジュネス	6942
1540	300000000000002257	オカヒラ	6916
1541	200000000000074352	ふぃーるど	6860
1542	1000000000000029365	ろーじな	6859
1543	1400000000000003622	とき@高山ちゃんとお姫ちん収集	6858
1544	900000000000079892	ameshita	6852
1545	300000000000040415	はと	6840
1546	92975	神八	6834
1547	56587	海斗	6828
1548	1100000000000052989	ちんた	6820
1549	800000000000010694	ピピン板橋	6818
1550	600000000000017660	ルリ	6814
1551	500000000000019747	mob_akg	6798
1552	900000000000062858	どんぐり	6797
1553	100000000000100281	AnnaP	6789
1554	1400000000000001112	いーらい	6786
1555	95343	クロガネ	6781
1556	400000000000008827	よこやん。	6776
1557	100000000000007383	りゅーりゅ	6769
1557	400000000000038024	たま	6769
1559	600000000000026089	カツオ	6768
1560	300000000000075943	レミア・シロ	6764
1561	800000000000099583	いる@同僚さん募集中	6761
1562	200000000000018054	Hikkosi	6759
1563	1400000000000030305	みそそ	6744
1564	1300000000000003772	ころ	6735
1565	700000000000056914	沢田	6724
1566	1200000000000071262	タテ	6708
1567	100000000000010242	桃夜	6676
1568	400000000000000006	煉瓦	6675
1569	900000000000017355	iko	6633
1570	700000000000100488	ぬちょやん	6629
1571	1300000000000101335	Kosmos	6610
1572	1300000000000025448	敬告	6600
1573	500000000000081078	ZAWA	6599
1574	1000000000000000740	フブキ	6597
1575	1500000000000002953	ho	6539
1576	1500000000000080249	モンブラン	6521
1577	400000000000061217	藻	6501
1578	1100000000000024364	†ＪＡＭ†	6464
1579	400000000000072972	ローラン	6461
1579	1400000000000075295	しろっこ	6461
1581	400000000000046949	焔星	6446
1582	1400000000000044296	ふぇい	6435
1583	1400000000000043221	pikoton	6428
1584	400000000000085183	ばぶるす	6419
1585	53487	asts	6399
1586	1200000000000038358	愛敬P	6396
1587	300000000000043603	kia【】	6392
1588	300000000000099341	paveknedved_11	6381
1589	600000000000073637	はすちょん	6371
1590	1000000000000025401	ちょっと小休止(T-D)	6367
1591	1400000000000008459	あおはる	6352
1592	800000000000099144	ワホ	6322
1593	1300000000000032416	tom	6319
1594	98506	風神	6317
1595	1100000000000003751	ネモ	6306
1596	600000000000078250	豆腐おじさん	6301
1597	800000000000003940	ジョン	6281
1598	1200000000000087912	長ネギとぬこ	6273
1599	1200000000000005203	田仲	6272
1600	1100000000000002210	双葉	6264
1601	1500000000000015821	Idatsumako	6260
1602	1300000000000046955	昆布森	6251
1603	600000000000005994	ロバ男　ミリマス	6250
1604	1100000000000070989	みっちん	6245
1605	700000000000053595	kazu093	6231
1606	1100000000000005550	いなやま	6229
1607	1000000000000002034	Oggy	6223
1608	1200000000000099448	Mira	6212
1609	500000000000051083	虎姫＠奮闘中	6208
1610	400000000000045811	たくとく	6201
1610	800000000000021407	フィーニクス	6201
1612	800000000000085932	ゆう	6193
1613	300000000000025760	もよ	6179
1614	1500000000000003470	シカノ	6176
1615	500000000000078062	すみすみ	6168
1616	600000000000044680	Muteki_Link	6166
1617	300000000000048107	ﾂﾗﾇｲ	6165
1618	800000000000003919	thrower	6153
1619	700000000000057240	花町健	6150
1620	600000000000098466	qwerty	6131
1621	800000000000046075	なな	6125
1622	1400000000000020954	よっけ	6100
1623	1100000000000095330	みやこ	6097
1624	1400000000000009804	きち	6090
1625	400000000000003157	バラム	6083
1626	1200000000000051048	清那	6080
1627	300000000000002655	torotoro	6078
1628	600000000000074632	c15idm0h1iu8t2xwy340	6069
1629	1100000000000007237	じゃじゅじぇ	6065
1630	1100000000000061386	尊氏	6058
1631	200000000000029019	匍	6048
1632	101243	黒兎亭	6040
1633	1500000000000059322	コロンボ	6019
1634	700000000000100566	orange	6008
1635	1400000000000006316	まいこはんマギカ	5997
1636	300000000000028403	ぽんぬ	5975
1637	200000000000002318	タカトシ	5963
1637	200000000000004786	ネクスト	5963
1639	1300000000000082563	いかたこ	5958
1640	1500000000000015589	葦野	5947
1641	800000000000037220	すがっぴ	5939
1642	100000000000046545	美華	5928
1643	100000000000053121	レンたん	5922
1644	100000000000074424	バッキー	5919
1645	1400000000000098957	冰	5918
1646	700000000000032355	ゆうひ[ご協力ありがとうございます]	5917
1647	200000000000085954	yts	5908
1647	1500000000000020342	志馬磁郎	5908
1649	900000000000081796	ねるねるねるね(ねるねP)	5902
1650	400000000000002685	なまもの	5889
1651	600000000000077028	れいろん	5882
1652	1300000000000007389	ばびるし	5879
1653	100000000000100046	マアナ	5865
1654	47073	21	5861
1655	200000000000007166	あーちゃん	5859
1656	800000000000027979	トウヤ	5838
1656	1400000000000077551	ななさん	5838
1658	900000000000051938	ぷらてゐ	5821
1659	300000000000093066	如月拓実	5814
1660	1200000000000077433	もかはら	5804
1661	400000000000064648	Suzuka	5783
1662	100000000000014516	かがみ07	5775
1663	44341	2分前	5772
1663	800000000000026371	しじみ	5772
1665	400000000000091284	ひで	5771
1666	1300000000000014095	ヒロキ	5761
1667	900000000000021909	むらむらきむら	5760
1668	900000000000094126	ポン酢P	5758
1669	900000000000097979	caramel	5744
1670	1500000000000099100	愛増project	5740
1671	500000000000004589	六曜	5733
1672	900000000000014871	民間人	5727
1673	1000000000000004771	かすがしん	5724
1674	1400000000000088373	さとみつ	5722
1675	100000000000072530	しゅく	5714
1676	1100000000000030462	りく	5687
1677	1000000000000013792	たろった	5684
1678	1300000000000022716	shaw	5671
1679	200000000000093410	だんな	5664
1680	400000000000009925	マイザミ	5656
1681	1000000000000030472	hanbee	5652
1682	5317	梢	5646
1682	800000000000005357	ジュニア	5646
1684	1000000000000000780	たけりってぃ	5624
1685	1000000000000054250	もひ	5618
1686	600000000000099804	ちえたん	5610
1687	200000000000082679	きんくま	5608
1688	200000000000004762	ひーつー～アラフォーにしてバカライバー	5602
1689	1500000000000003438	キリオ	5600
1690	1400000000000080801	アセラ	5589
1691	800000000000002818	けんけん	5578
1692	300000000000013733	トッド	5544
1693	1000000000000022218	ヒロポン	5540
1694	400000000000004512	ノア@カルナバルベリルP	5535
1695	500000000000082830	tn	5522
1696	900000000000000893	nakaatsu	5520
1697	100000000000006236	観鳥	5518
1697	500000000000101093	☆☆原村和☆☆	5518
1699	700000000000008528	ハク83	5512
1700	300000000000079141	ishimoty	5506
1701	500000000000001953	ダウランド	5505
1701	500000000000006521	ZeroK	5505
1703	800000000000097451	リッツ	5497
1704	300000000000003556	Nao.	5490
1704	1100000000000004762	サビトマト	5490
1706	1500000000000093279	あんずおぢさん	5482
1707	400000000000074306	SkyBlue	5474
1708	1100000000000036594	ELIE	5472
1709	1300000000000098427	Ｙ	5460
1710	1300000000000072507	あまず	5458
1711	700000000000037598	ぽめ	5453
1712	1000000000000083258	ポンタ	5424
1713	700000000000037503	さく	5418
1714	200000000000051998	かざみあきら	5416
1715	800000000000001118	巴 まみる	5412
1716	1300000000000058891	たまき	5406
1717	300000000000079615	tetsu	5401
1718	1500000000000002951	×あふぅ†紅魔郷†	5400
1719	700000000000081079	Player 1004376967	5391
1720	1400000000000043533	ReiL	5351
1721	1400000000000098416	about	5346
1722	700000000000017212	アバコンヨロシクネェ！(^-^)◆ミツ◆	5341
1723	600000000000008340	T	5327
1724	50942	ストラトス	5306
1725	700000000000089277	ゆるーん	5281
1726	800000000000097239	大鍋	5260
1727	58531	としお	5243
1728	1000000000000022467	くまごろう	5222
1729	300000000000079187	笹	5221
1730	1300000000000055780	ピエ郎	5216
1731	700000000000003766	もりまる	5198
1732	600000000000074949	kasane	5181
1733	1100000000000076720	オムレツ	5177
1734	1200000000000009258	しるはね	5169
1735	1000000000000077903	空野	5158
1736	300000000000007920	フッキー	5154
1737	900000000000085070	リョーマ	5152
1738	1000000000000048413	雪卍	5148
1739	1000000000000091938	黒猫	5146
1740	300000000000012867	ドアッチ	5134
1741	800000000000096293	双瓜	5131
1742	500000000000046723	青いツバサ	5127
1743	800000000000097356	JU87_D	5126
1744	1200000000000096465	ゆうき	5119
1745	1100000000000082326	spiral	5112
1746	1100000000000096836	観月	5107
1747	400000000000010841	まほりく	5095
1748	1400000000000042420	なたね油	5078
1749	600000000000080279	ヒッキー	5069
1750	200000000000011232	フォース	5061
1751	900000000000021788	さっちん＠こしみず	5056
1752	1100000000000009681	汰民	5047
1753	1200000000000079972	ツナサンダー	5043
1754	1500000000000044686	サダオカ	5042
1755	800000000000045198	TKM	5026
1756	900000000000072484	hj	5013
1756	1000000000000073601	なべ	5013
1758	1200000000000085684	KARASU	5012
1759	400000000000057634	Guppy ko-suke	5003
1760	1200000000000084942	なめ	5002
1761	1500000000000032097	たみー	5001
1762	300000000000080403	ユウキ	4989
1763	300000000000074641	Ｐナッツ	4986
1764	1200000000000010873	嶌田	4973
1765	900000000000006950	ゆづき	4970
1766	1100000000000071093	ゆめ@☆	4965
1767	1500000000000073987	さら	4926
1768	1400000000000080871	なにゃもん	4914
1769	1400000000000002502	ヒロ	4907
1770	85316	kaz	4899
1771	300000000000009756	モリシー	4893
1772	400000000000007445	ノダ	4887
1773	45214	へいぼーん	4873
1774	1400000000000050798	roku	4870
1775	1100000000000010971	舞櫻	4842
1776	1400000000000005096	絶白夜	4830
1777	1400000000000000908	シーナ	4820
1778	300000000000068816	Tak Shing Wong	4814
1779	700000000000101439	えりか	4811
1780	700000000000016051	ROSBETH	4803
1781	400000000000024573	えり	4801
1782	5086	ミヤビ	4767
1782	500000000000030591	西	4767
1784	1300000000000019239	かわらけ	4730
1785	93200	ごまお	4725
1786	500000000000062319	はち	4695
1787	1000000000000097138	tkp	4694
1788	800000000000100440	kem	4690
1789	200000000000074335	ミナギ	4677
1790	800000000000100316	その辺の猫	4675
1791	200000000000075140	みそしー	4656
1792	300000000000076836	断空我	4650
1793	200000000000100913	ライビルP	4641
1794	700000000000036209	ユキ	4640
1795	400000000000051558	nkrsia	4633
1796	800000000000062098	大熊ねこ	4629
1797	1300000000000056315	鈴木安寿	4626
1798	900000000000011282	けんざぶろーちょっと釣りをお休みしますm(__)m	4621
1799	1000000000000051710	567	4615
1800	1400000000000084967	玖杜	4614
1801	1300000000000077087	めんま	4610
1802	700000000000098170	serits	4607
1803	83857	むつきち	4600
1804	800000000000011237	(´-｀)	4598
1805	100000000000101377	千	4596
1806	900000000000042965	あちょるん	4593
1807	900000000000048017	タッキー	4591
1808	200000000000094861	ばーやん	4589
1809	400000000000053492	キャンDo	4579
1810	400000000000008273	シャチ丸	4578
1811	1310	ACRO	4576
1812	900000000000000390	Ｍｒ．４	4574
1813	500000000000097982	えくれあP	4562
1814	600000000000020125	konoxsetsu	4557
1815	400000000000019471	霜月七歌	4535
1816	500000000000095100	玲華	4534
1817	700000000000004030	あんぱん	4530
1818	1200000000000083611	真赤	4521
1819	600000000000001388	たく	4512
1820	700000000000051007	wasyou	4510
1820	1500000000000025438	asa	4510
1822	300000000000003177	aki(秋はまだか)	4500
1823	1200000000000010317	河原	4496
1824	700000000000056398	みかげ	4481
1825	800000000000042472	クロン	4469
1825	1100000000000094672	とーおか	4469
1827	300000000000044662	まるさん	4459
1828	800000000000007133	奇策士@七転びっぱなし(>_<)	4425
1829	1400000000000058893	キヨハル	4422
1830	2607	ポコ	4420
1831	400000000000034122	Soap	4385
1832	800000000000005655	なー	4374
1833	400000000000075180	ちずらぷ	4356
1833	1100000000000009274	オト(白虎パンツ)	4356
1835	1000000000000052064	ﾘﾁｬｰﾄﾞ@Σaaya	4328
1836	500000000000077986	ザジ	4319
1837	100000000000046714	酢橘	4317
1838	400000000000100721	さくら	4314
1839	1200000000000093779	みん	4309
1840	200000000000002565	tau	4302
1841	1200000000000094693	ウィズ	4284
1842	400000000000031910	たー	4260
1843	300000000000061867	supakani	4258
1844	300000000000097926	水島一純	4236
1845	800000000000085319	みみりん	4218
1846	1200000000000076169	カリオペ	4197
1847	300000000000081745	クーニャ	4190
1848	800000000000022671	台	4156
1849	200000000000005163	まさ	4153
1850	1100000000000002458	ハセリ	4146
1851	500000000000002501	筋肉	4144
1852	100000000000051538	修理	4125
1852	900000000000097688	もちもち町長	4125
1854	900000000000000331	締切	4112
1855	300000000000039569	孤瓶	4098
1856	1100000000000099369	デザリング	4094
1857	1100000000000008293	にな	4083
1858	800000000000015963	ニヤ	4071
1859	800000000000037414	ろーば	4059
1860	1300000000000014648	∠( 'ω')／	4056
1861	654	wtnb	4037
1862	300000000000096781	sakisaki	4018
1863	800000000000075293	ナイロンフェルト	4014
1864	900000000000062707	yas	4011
1865	900000000000003319	とらこ	4010
1865	1300000000000003262	wawatata	4010
1867	500000000000058770	あせろら	4008
1868	600000000000002200	さくせす	3999
1869	2441	kimi	3996
1870	300000000000092944	シュート	3994
1871	700000000000018290	ぐっっち	3985
1872	800000000000077052	八橋	3968
1873	1300000000000101249	蒼純	3955
1874	1100000000000001075	ミノリ	3936
1875	400000000000086457	健一郎	3931
1875	1300000000000081499	もくはむ	3931
1877	900000000000004875	あさとん	3924
1878	10363	らくいち	3915
1879	700000000000052121	ATT	3908
1880	49342	なかりん	3900
1881	1400000000000000203	スカイリンクス	3879
1882	400000000000047337	きまのら	3876
1882	600000000000006146	VESPER	3876
1884	200000000000085843	ティック	3872
1885	1400000000000083134	ひのん	3859
1886	700000000000092188	yst	3848
1887	1100000000000002728	咸斗	3839
1888	99572	ヴぁん	3834
1889	300000000000044057	かずき	3826
1890	1000000000000101263	林恆育	3816
1891	800000000000098775	Fryght21A	3814
1892	800000000000008362	そーなのかー	3812
1893	1400000000000054850	1046	3796
1894	400000000000020616	ＲＹＯ	3794
1894	700000000000008769	laboneet	3794
1894	1000000000000041680	スカイ	3794
1897	1400000000000052775	モーリー	3773
1898	1000000000000077609	Qちゃん	3763
1899	300000000000022567	唯我独尊  ( v^-゜)	3750
1900	500000000000098646	ソラマメ	3746
1901	700000000000013542	めい子	3738
1902	300000000000057665	佐	3732
1903	1300000000000091548	笹	3730
1904	1300000000000061825	ホルモン	3728
1905	700000000000001965	ワイルドカリス	3718
1906	300000000000053242	エル	3710
1907	1000000000000080188	Kon	3689
1908	1400000000000082118	八重桜	3680
1909	100000000000053374	DPN	3677
1910	500000000000001790	ひでよし	3671
1911	3001	ながし	3655
1911	49821	かぼたん	3655
1911	1200000000000100449	シオン	3655
1914	600000000000002984	もちごめ*114 %	3651
1915	300000000000029316	シゲ	3644
1916	1500000000000078696	モントーヤ	3640
1917	300000000000080950	オルト	3637
1918	800000000000097475	たなしん	3636
1919	200000000000008161	てぃる	3632
1920	1200000000000083294	恵美ｽﾞｲ(? ˘ω˘ )?ｽﾞｲ	3627
1921	600000000000085912	ホワイト	3615
1922	900000000000027624	maha	3614
1923	1300000000000011678	なつな	3610
1924	200000000000003513	ユタカ	3600
1924	1300000000000079479	kuronaka	3600
1926	1300000000000083089	レナユー	3595
1927	1000000000000028018	じゅまん	3594
1928	200000000000077809	ロイ	3587
1929	1100000000000097565	hanasakimai	3586
1930	600000000000010527	サーロン	3584
1930	1400000000000019520	こうくん	3584
1932	1200000000000009515	火村夕	3575
1933	1708	ﾔﾝﾁｬﾏﾝ♂料理に目覚めた。アルバム見てね	3568
1934	1000000000000094443	ささやんぽっぽこ	3559
1935	98293	アイマス最高	3555
1936	200000000000036632	ぼーろ	3546
1937	800000000000085464	弱気	3537
1938	600000000000000492	ﾏｷｼ	3534
1939	1300000000000004814	やすりん	3522
1940	200000000000074688	Σ(ﾟДﾟﾉ)ﾉ	3519
1941	800000000000098077	まっちゃん	3504
1942	400000000000015064	san	3501
1943	1000000000000005515	祐貴	3474
1944	400000000000009932	P	3470
1945	101349	のし	3466
1946	200000000000011663	コスモ	3464
1947	700000000000024675	上崎@レアリズ	3454
1947	1000000000000043253	白炎	3454
1949	18	反転世界P@朧月夜	3450
1950	400000000000074341	ちょろの	3449
1951	52712	どらい	3441
1951	1300000000000011913	ころむし	3441
1951	1400000000000047508	ウミヒト	3441
1954	500000000000098458	みけ	3429
1955	1000000000000004913	ミズ	3419
1956	600000000000001234	NOT DiGITAL	3404
1957	1100000000000002797	役立たずここに眠る	3398
1958	1100000000000002651	かぷり	3396
1959	1300000000000005254	まさ	3393
1960	600000000000052922	yuri	3390
1961	400000000000041120	イフリータ	3388
1962	1500000000000049079	sasataku	3387
1963	1400000000000042710	輿水	3378
1964	1400000000000036935	ウルトラチルノ2	3366
1965	400000000000094943	いがいが	3365
1966	200000000000042985	あさぱん！	3361
1967	900000000000063487	さいか＠真ちゃんﾌｧｲｯ	3360
1968	400000000000085074	氷室	3353
1969	500000000000001167	春野葱	3350
1970	900000000000028960	アーチャー	3340
1971	1000000000000023831	もいら	3333
1972	300000000000050852	タバスコ	3326
1973	1100000000000050386	涼	3320
1974	1100000000000100330	a	3309
1975	800000000000000598	dic	3308
1976	1500000000000060407	風桐 楓	3305
1977	1500000000000050734	よしさ～ん♪	3298
1978	600000000000056496	刻々帝@杏奈応援するよ！	3285
1979	77543	ユーク	3280
1979	1000000000000101168	10KE	3280
1981	900000000000078664	雨宮 天	3270
1982	800000000000080558	のらのこ	3260
1983	500000000000018497	niyairu	3255
1983	1400000000000001304	啓	3255
1985	1300000000000000207	ライフラー	3240
1985	1300000000000052588	まっは	3240
1985	1500000000000083014	桐生 銀弥	3240
1988	1100000000000094202	はやぶさ	3230
1989	800000000000097035	Player 1006701864	3225
1989	1100000000000085512	ゲルマン忍者	3225
1991	800000000000058872	ツッｼｰ	3190
1992	700000000000032261	Lunarian	3185
1993	300000000000053645	ライガー	3171
1994	700000000000050235	うこん	3157
1995	900000000000084889	土佐鰹	3150
1995	1300000000000020582	しえる	3150
1997	100000000000024256	ハネナシバチ	3145
1998	1400000000000101049	べにしょーが	3144
1999	300000000000015197	でゅお	3143
2000	96290	ミランダ	3141
2001	900000000000019842	ファイン	3136
2002	1200000000000052375	りーな	3132
2003	200000000000001302	ばっくす	3118
2004	1100000000000079999	テマ	3110
2005	1400000000000032436	ひたぎエンド	3100
2006	1400000000000001419	ぱぷわ	3090
2007	800000000000052138	みしく	3077
2008	400000000000008572	天むす	3067
2009	900000000000010886	ゆぐ	3059
2010	300000000000097474	ジッロ	3056
2011	1000000000000001565	シエラ	3049
2012	800000000000099511	うずらP	3042
2013	1300000000000051800	ゼロ	3040
2014	100000000000027684	リュウ	3035
2015	54097	RYU	3030
2016	600000000000013105	ｽｹ	3029
2017	1000000000000058621	つゆおも	3021
2018	400000000000027015	グレイフェンリル	3014
2019	800000000000074290	やきいも	3012
2020	500000000000072132	じゅすぽん	3009
2021	400000000000097990	byorori	3006
2022	1400000000000098993	ふた	3001
2023	700000000000091445	イナバP	2996
2024	1400000000000081368	his@P	2990
2025	1400000000000075272	ヘルリウム	2976
2026	500000000000091669	エンペラ	2963
2027	200000000000093857	bystander	2962
2028	1100000000000032790	白☆	2944
2029	1200000000000085734	ぴくるす	2941
2030	500000000000094209	やわらかん	2933
2031	800000000000008392	こえま	2925
2032	300000000000000370	ねこごろん	2924
2033	1400000000000023224	てらけん♪	2922
2034	200000000000055708	まみ◆アバターはお察し案件(θωθ)	2918
2035	700000000000100186	日本酒	2913
2036	1200000000000034434	しおん	2905
2037	200000000000073936	ゆな	2899
2038	300000000000053590	海運ポートレート	2896
2039	1500000000000052659	山田	2894
2040	600000000000082677	ハニーシ	2891
2041	1300000000000001521	みやっち	2883
2042	700000000000017385	ワリオ	2880
2042	800000000000002586	Hide	2880
2042	1100000000000007290	10mo	2880
2045	1400000000000010983	秋さなか	2873
2046	1200000000000030304	Flak18	2868
2047	1300000000000099725	閃光の舞姫エネ	2856
2048	300000000000026189	フックー	2855
2049	400000000000062166	sizuo	2849
2050	1400000000000003727	ガイ	2847
2051	1200000000000039825	DJ OZMA	2839
2052	1500000000000000423	すのぅ	2837
2053	500000000000011211	ゴーズ	2836
2054	300000000000021143	ナハト	2830
2055	400000000000098730	どんぐり	2828
2056	1000000000000023802	ミハナ×▲	2814
2057	100000000000096446	フォクス	2803
2058	1500000000000027772	ビート☆スター	2800
2059	200000000000086161	ぱせり	2786
2060	200000000000001521	ドラキー	2784
2061	1100000000000027962	シン	2778
2062	1300000000000100674	墓石	2750
2063	100000000000056246	あたま	2746
2064	700000000000061133	マタタビ王	2745
2065	500000000000055614	鳩子	2742
2066	700000000000004344	黒太陽@Wてつを	2732
2067	500000000000005520	キミ	2724
2068	1000000000000044673	みや （師走だ～～）	2722
2069	300000000000007473	お腹痛い	2715
2070	1100000000000027651	おはらんど	2710
2071	400000000000060900	キング	2696
2072	1400000000000024751	まこ	2694
2073	700000000000056166	ユージィ	2680
2074	800000000000009363	ジョニーニー	2666
2075	81398	セイファー	2665
2076	1000000000000036924	らいと	2661
2077	1100000000000019650	みらい	2655
2078	900000000000080599	コワモネ	2653
2078	900000000000096334	ナッキー	2653
2080	1400000000000010601	アカネコ	2639
2081	57330	Igaluk	2634
2081	100000000000098100	ストロング	2634
2083	73979	南	2632
2083	400000000000097054	レーヴェ	2632
2085	93276	じゃみろん	2620
2085	1000000000000030519	マキジ	2620
2087	1300000000000098502	ヨッコー	2596
2088	500000000000029556	ひなゆき	2589
2089	400000000000041733	クリアランス	2579
2090	400000000000003661	ひとめぼれ	2573
2091	300000000000073568	セイ	2571
2092	700000000000007854	もやし	2565
2092	1100000000000050669	びた一文	2565
2094	200000000000073061	紫苑	2555
2095	700000000000094457	ぱげ	2532
2095	1500000000000005836	シェルパ	2532
2097	101125	ヌータ	2523
2098	400000000000023367	七瀬りん	2520
2099	100000000000030088	tomo	2517
2100	300000000000001336	ワカバ	2508
2101	1200000000000013042	とーふや	2493
2102	1400000000000038717	湧波	2492
2103	100000000000058551	椎名	2489
2104	1300000000000099711	れきぃ	2470
2105	400000000000001420	ヨシノ	2452
2105	1100000000000050882	リコ	2452
2107	1100000000000057548	あすなろ	2438
2108	900000000000066744	葉	2430
2109	100000000000020230	Broms	2425
2109	400000000000000538	スーパーオホーツク	2425
2111	300000000000090229	晴れ晴れ	2418
2112	1500000000000085197	さささぎさん	2412
2113	1200000000000097457	るんや	2408
2114	300000000000094847	葡萄	2395
2114	700000000000056627	村人	2395
2116	500000000000027183	ろうど	2389
2117	1300000000000099378	ぺむぺむ	2374
2118	1400000000000052146	（ﾟーﾟ）	2373
2118	1400000000000087062	みっちん♪	2373
2120	100000000000020492	桃箱侍@カルタちゃんと凜々蝶ちゃんのおやつ	2370
2121	100000000000025200	Sinra	2366
2122	300000000000074112	窒化イオン	2362
2122	1200000000000039757	万年睡眠不足	2362
2124	800000000000060989	えーき	2361
2125	400000000000051717	ブン	2353
2126	700000000000025790	マスター	2352
2127	95135	カヅキ	2346
2127	1500000000000098085	小沼んさやさや	2346
2129	200000000000096490	りすりす	2338
2130	1500000000000004111	ｱﾌﾟﾘｺｯﾄ	2328
2131	400000000000075872	タイム	2318
2132	400000000000022915	鼻唄【要請×】	2315
2132	700000000000093637	anachro	2315
2134	300000000000053232	446	2312
2135	1500000000000083177	もず之助	2288
2136	1000000000000073094	空蝉	2285
2137	900000000000000441	幸＠ゲームのみ出現	2283
2138	8449	マクロン	2280
2138	1500000000000096941	sacri	2280
2140	700000000000038870	イオン	2275
2141	1100000000000011237	咲夜	2274
2142	400000000000028544	ハツヤ	2261
2143	1000000000000012654	KOT	2260
2144	1400000000000072526	ひらいしん	2254
2145	500000000000008125	アニキ	2247
2146	500000000000049165	ザッキー	2243
2147	1200000000000000142	nagasu	2223
2148	900000000000038171	jiro	2218
2149	500000000000029736	ぷり夫	2208
2149	700000000000098936	ヒイロ	2208
2151	300000000000078967	アカグマ	2206
2152	1000000000000101261	Player 1008309546	2202
2153	100000000000056949	Kyoro	2201
2154	600000000000082609	ligaleon	2193
2155	700000000000079761	はちみつ	2190
2156	1300000000000050428	ベゲタミン次郎	2175
2157	26152	ケンズィ	2173
2158	100000000000034232	草野葉月	2172
2159	800000000000100547	マーツ	2170
2160	1300000000000013032	蛤	2169
2161	300000000000096131	もろこし丸	2168
2162	2059	〆	2160
2162	300000000000050944	yoru	2160
2162	1100000000000013052	ぐるぐる	2160
2165	39213	驚きを隠せない!!!!	2157
2166	100000000000030567	えどがわ	2142
2167	1000000000000003754	咲	2141
2168	500000000000062349	nabemi	2140
2169	86599	たん	2139
2170	300000000000016113	gusl119	2136
2171	1400000000000101214	バヤシ	2133
2172	1200000000000081579	straydog46	2127
2173	300000000000080544	ものさし	2124
2173	800000000000061823	碧りんご	2124
2173	1400000000000001741	悠	2124
2176	1300000000000101148	もり	2123
2177	1000000000000100685	Player 1008089002	2122
2178	1100000000000061047	ぴーたそ	2110
2179	1400000000000097182	塩缶	2106
2180	300000000000000240	sc29	2105
2181	100000000000004188	hidexel	2104
2182	1400000000000073996	いわやじ	2100
2183	500000000000036443	ぽんけん	2091
2184	1200000000000025421	テイルず	2090
2185	100000000000055247	ze	2085
2186	500000000000095347	遍く雨音	2080
2187	1100000000000006184	サトケン	2079
2188	1100000000000036448	hornet174	2064
2189	800000000000048852	トワイライト	2060
2190	700000000000032388	木雲楓	2056
2191	700000000000100857	ふたつばし	2054
2192	100000000000094969	おはた	2047
2193	1200000000000002704	睡眠不足男	2042
2194	1500000000000026575	tester	2035
2195	400000000000100920	かくして	2034
2196	1500000000000050960	なっしゅ	2031
2197	600000000000041714	拳剛	2030
2198	100000000000069530	瑞穂	2023
2199	71496	まろ	2022
2200	1500000000000010443	暇人破壊	2014
2201	1300000000000006416	n@ka	2010
2202	1000000000000050333	うにゅうううううう	2009
2203	1500000000000058515	うし	1999
2204	500000000000059029	ワンエイティー	1998
2204	1000000000000095297	山中ヤング	1998
2206	100000000000076950	缶けり	1980
2207	400000000000076732	ヤマチャン	1970
2208	900000000000000300	せいや	1960
2209	1000000000000002079	atamun1003	1956
2210	800000000000094785	えのみ	1947
2211	500000000000037811	梨亜	1945
2212	300000000000093904	FMラジオ	1942
2213	300000000000073655	うきまぃん	1939
2214	1500000000000076713	いー	1935
2215	1500000000000045112	ぱと	1932
2216	1400000000000093584	みえこ	1930
2217	100000000000034525	ミリリン	1922
2218	1300000000000052826	れいん	1921
2219	800000000000100724	KQ☆ウィング1号(電波男)	1915
2220	1681	イスト216	1911
2221	700000000000100479	太郎	1904
2222	600000000000056649	マサキ	1897
2223	1000000000000093401	jimnocky	1894
2224	800000000000068557	アイソン	1888
2225	1500000000000082530	マーシュ	1882
2226	1200000000000080976	茶茶	1881
2227	900000000000100174	あ	1873
2228	700000000000094441	らむりん	1864
2229	600000000000059827	大	1856
2230	300000000000079326	さくらん坊	1848
2231	400000000000000300	アンドリウ	1847
2232	600000000000024874	あまあぴゃ	1846
2233	500000000000058106	ぶろんこ	1839
2234	1100000000000077206	もく	1830
2235	1500000000000005055	debo	1824
2236	600000000000075544	カズシ	1819
2237	76974	あたりめ	1815
2237	1500000000000025240	にゃんちゅう	1815
2239	1000000000000053336	魂魄 妖夢	1814
2240	77448	あくせ	1806
2241	800000000000092716	マロンマート	1802
2241	1400000000000032765	†Frozen Night†	1802
2243	700000000000088542	あかさび	1800
2243	1200000000000011685	よっしー04	1800
2245	1200000000000019020	ブチャラティ	1789
2246	100000000000062872	ゆっきー	1788
2247	500000000000058759	さーもん	1776
2248	1500000000000052155	百式	1770
2249	700000000000051358	なめこ	1766
2250	400000000000058704	DangerousDBZ	1762
2251	200000000000000789	KEIKAN	1754
2252	300000000000010661	あろんぐ	1726
2253	200000000000007833	えぁ	1720
2254	700000000000000158	みるき～	1716
2255	600000000000010992	ちくわ	1714
2256	400000000000003620	kowa	1704
2257	1500000000000080312	かーとん☆	1703
2258	400000000000101131	あお	1695
2259	100000000000098817	みやよし	1686
2259	1300000000000001977	あんまく	1686
2261	97544	きむたい	1682
2262	1200000000000060608	鬼の洗濯板	1672
2263	500000000000099238	もんたえ	1662
2263	1200000000000058671	珀	1662
2265	500000000000085137	takotako	1658
2266	800000000000060756	ウィリープロ	1648
2267	82443	おまえ	1644
2268	200000000000097578	なつめ	1637
2269	1300000000000101377	峰月	1636
2270	400000000000051065	mgt@しばし多忙	1632
2271	1500000000000099217	Player 1007338031	1631
2272	1300000000000000644	なばと	1622
2273	1500000000000097884	シマティ	1620
2274	100000000000100249	しゅんしゅん	1617
2275	1300000000000038498	ＵＴ	1614
2276	100000000000002136	クロノッチ	1612
2277	1500000000000058340	jussim	1609
2278	1000000000000045021	とも☆低迷中(OдO`) 無言ごめんね(‥;)	1608
2279	300000000000097986	なな*83	1607
2280	1000000000000082265	アスベル	1598
2281	400000000000091616	ふるとん	1590
2281	1000000000000000035	PIYO	1590
2283	1300000000000007890	シロ	1578
2284	500000000000004168	ギー太	1569
2285	300000000000099257	aramasi.R	1563
2286	1500000000000072117	せんP	1562
2287	1300000000000057299	しも	1559
2288	1400000000000076086	ゆえ	1557
2289	600000000000051307	ビビアン	1555
2290	1500000000000030968	笛吹	1553
2291	1200000000000003153	SASAMI	1550
2292	200000000000061325	キャンプ地とする	1544
2293	500000000000050830	のわの	1526
2294	100000000000101049	参寺	1518
2295	1000000000000000188	ばうあー	1513
2296	1300000000000001345	マコロン	1503
2297	500000000000000661	ラスカルオスカル	1502
2298	800000000000060494	比翼の鳥	1482
2299	1200000000000084988	マリノ	1478
2300	88279	酢さん太郎	1472
2301	94238	よーろー	1462
2302	100000000000079520	ロア	1461
2303	800000000000035472	鉄丸	1459
2304	600000000000099901	あい	1458
2305	900000000000036717	auge	1456
2306	400000000000008928	こっとん	1451
2307	500000000000054054	中の人	1450
2308	400000000000015223	真織	1440
2308	1500000000000099969	poyopoyo	1440
2310	1100000000000097857	林檎．	1435
2311	300000000000020205	Tsumi	1432
2312	1100000000000099089	オレンジリバー	1430
2312	1300000000000096770	にんじんもやし	1430
2314	1400000000000069529	おたぺん	1425
2315	73654	ラングドッシャリ	1424
2316	300000000000000055	あーる	1420
2317	100000000000082404	みち	1407
2318	900000000000012087	撮りあき	1400
2319	1400000000000082781	琥珀	1395
2320	100000000000003829	つばくろ	1388
2321	600000000000100953	meguya	1385
2322	1000000000000033781	さかなパワー	1380
2323	55365	P	1369
2324	1100000000000097887	h_sugee	1365
2325	300000000000099061	twolaps	1362
2326	79686	家庭型カトリーヌ	1355
2327	600000000000061345	とも	1352
2328	73951	かつ丼	1350
2329	21355	あ～す	1341
2330	77227	ゆーは	1337
2331	400000000000022687	デルソル	1336
2332	600000000000033350	COPA	1328
2333	76199	ビスマルチョ	1314
2333	1500000000000009672	勇者	1314
2335	400000000000057916	ひかりぃ	1312
2336	1000000000000068646	いしゅ	1307
2337	800000000000060901	ましろ	1294
2338	1000000000000092835	SAYAKA	1290
2339	99443	テオト	1280
2339	400000000000061871	釣りバカ	1280
2341	100000000000051475	迷い猫	1278
2342	200000000000086199	ぶるぎぃ	1277
2343	200000000000002931	nemoji1	1262
2344	600000000000101226	Jake	1260
2344	900000000000010488	うへの	1260
2346	800000000000035812	ツッチ	1256
2346	1300000000000057482	くさの	1256
2348	200000000000083044	ななせ	1255
2349	1100000000000026414	モゲタ	1250
2350	1000000000000098179	かつきい	1248
2351	1000000000000086941	ssato	1241
2352	900000000000000999	偽典ワキサリスGXーのんびり復帰ー	1234
2353	1000000000000007456	雪見川	1232
2354	600000000000099459	Lika	1228
2355	1000000000000022340	モリスケ	1218
2356	1000000000000012071	ひろP	1198
2357	400000000000099734	みや	1194
2358	600000000000035392	ナベ	1190
2359	1400000000000099553	よーせー	1185
2360	100000000000038867	きゃるてぃ	1176
2361	1200000000000100648	Player 1008287692	1163
2362	1300000000000069631	ゆう	1158
2363	100000000000046895	もにこ	1154
2364	500000000000085902	うなど	1150
2365	900000000000073725	マリソン	1148
2365	1200000000000089897	ﾙﾅ・ﾊｰﾄﾏﾝ☆ｱﾊﾞｺﾝ投票お願いしま～す。	1148
2367	1500000000000000030	るーかす	1147
2368	900000000000008368	臙梅	1146
2369	600000000000053807	dsk	1144
2370	1200000000000028782	コウキ	1124
2371	700000000000101779	ぱーちゅある	1109
2372	200000000000021783	わっしょい	1098
2373	200000000000049859	トゥルスケ	1097
2374	500000000000056085	sunbeam	1093
2375	100000000000037168	H22A	1092
2375	1100000000000079608	yunjo	1092
2377	100000000000054038	トリプルデイP	1091
2378	100000000000044469	たゆこ	1090
2378	500000000000101025	シニェク	1090
2380	600000000000029247	めんとりあん	1082
2381	10293	あとむ	1080
2381	500000000000006094	馬超	1080
2381	500000000000062369	bamboo12	1080
2381	1100000000000096830	浅野 翔哉	1080
2381	1200000000000081014	葉菜	1080
2381	1400000000000050600	アイドルオタク	1080
2387	500000000000051601	ハク	1078
2388	1100000000000081322	智和	1077
2389	87020	きゃほ	1076
2390	1300000000000003589	gatoh10	1070
2391	1000000000000000136	あるかーど	1067
2392	1100000000000060129	虎吉｛裏ﾁｹ、残1m(__)m}	1064
2392	1300000000000098904	ブラボー	1064
2394	300000000000078434	ゴブリン	1063
2395	700000000000004786	はぷこ	1062
2396	1000000000000100370	アイメイP	1055
2397	100000000000013720	ﾛｺｴﾈﾐｰP	1042
2398	800000000000000015	ますじ	1040
2399	900000000000078053	もちょ	1021
2400	100000000000095977	大毛	1015
2400	1200000000000011454	ユウ	1015
2402	1300000000000013827	わんわん	1012
2403	1300000000000000228	ししとう	1009
2404	1000000000000025021	いなか	1008
2405	1200000000000080633	ツバサＦ	1005
2406	400000000000099532	Ｉｓｏ	1002
2407	1400000000000022174	コウ	1000
2408	1300000000000100302	ういはる	996
2409	900000000000094630	トワ	988
2410	600000000000006328	[二重螺旋(ﾈｶﾞﾃｨﾌﾞｲﾝｽﾄｰﾙ)]美乃ヴ	987
2411	600000000000064245	ぺち	981
2411	1200000000000001806	Uターン	981
2413	97641	ゆみ	980
2414	1400000000000088399	ぺし	977
2415	1500000000000054976	サイク	975
2416	1500000000000101140	なぬ	969
2417	400000000000054047	キシリッシュ	967
2418	700000000000001544	圭	963
2419	700000000000052393	秀(しゅう)	953
2420	1500000000000101365	正井 大輔	949
2421	900000000000096841	Player 1006567673	940
2422	800000000000008408	たくが	939
2423	1300000000000062600	モチ田モチ子	938
2424	200000000000101592	M2:Dec	937
2425	1300000000000087026	sinc	935
2425	1400000000000069607	Sejou	935
2427	500000000000032654	タン-タン	934
2428	1400000000000009735	たらすぱ	931
2429	1500000000000002090	Kyoju	924
2430	1400000000000013959	ふーちょ	920
2431	1400000000000073393	masaya	912
2432	300000000000088954	カルピス	909
2433	1400000000000003834	すばらしき新世界	905
2434	900000000000026186	rina	904
2435	1000000000000097481	wa wawa	902
2436	300000000000060018	奏音	901
2437	400000000000054518	spitz	896
2438	800000000000047222	storch	894
2439	300000000000096461	あみ	890
2439	400000000000075615	玖似	890
2441	400000000000085830	少しN氏	886
2442	900000000000092283	おさち	879
2443	900000000000003214	zzzubrowka	875
2444	1100000000000019451	かみにん	874
2445	1500000000000055647	チョッパー	870
2446	1100000000000011321	はじ	867
2447	700000000000100346	千夜	866
2448	600000000000010330	春響	862
2448	1400000000000038297	天狗の隠れ蓑	862
2450	500000000000025447	ゆきふじ	859
2451	500000000000087368	いを	852
2452	100000000000049385	胡桃	851
2453	900000000000097411	べーさん	850
2454	600000000000100941	タマトス	848
2455	200000000000009117	アリカ@とにかく美希が好き	844
2455	1100000000000006757	たかのぶ	844
2457	200000000000074383	エルザム(ﾉｰﾏﾙ+)	843
2457	700000000000051759	トニー	843
2459	700000000000014496	shina	840
2460	900000000000100872	三船	839
2461	300000000000100883	じまさん	837
2462	900000000000015741	kikikimasaki	835
2463	800000000000025022	てっちゃん	833
2464	1000000000000068865	朱鳥	830
2465	900000000000097211	水京	828
2466	500000000000101302	氷雨	824
2467	100000000000100790	三船	822
2468	1400000000000096622	こみち	820
2469	100000000000076831	っぽ	817
2469	200000000000067268	key	817
2469	300000000000081788	はいさい	817
2472	1500000000000079741	タイチ	815
2473	700000000000022587	かっちゃん	812
2474	400000000000001340	悠斗	810
2474	800000000000000100	SETUNA@Kei-type	810
2476	900000000000036501	ぐみゅ	807
2477	9104	百々	803
2477	300000000000003959	タケちゃん	803
2477	500000000000097496	アユム	803
2480	700000000000101354	Player 1008240967	799
2481	1000000000000042630	空色うさぎ♪	794
2482	400000000000101001	保住	793
2483	600000000000082093	ぴよすけ	792
2484	1100000000000075452	まめたろう	791
2485	1200000000000027595	koikaze	788
2486	1000000000000098901	akomi	781
2487	600000000000018998	こうに	780
2488	800000000000079282	うめっしゅ	775
2489	300000000000066209	まろんちゃん	760
2490	101331	シラクサ	757
2491	800000000000002697	悠醍★	753
2491	1000000000000048132	ウルルン	753
2493	100000000000035504	あおおか	752
2494	200000000000001665	なあ	748
2495	800000000000096020	patorikku714	744
2496	1500000000000015578	せらむ	743
2497	700000000000099229	葉蓮P	741
2498	800000000000100137	むっくる。	728
2498	900000000000098535	ペン三	728
2500	400000000000046229	時雨	727
2500	1200000000000054921	兄者	727
2502	900000000000004629	笹	725
2502	900000000000100157	砂利家	725
2504	1100000000000076565	催眠	720
2505	800000000000100672	地雷＠静岡	716
2506	100000000000056609	えも	709
2507	100000000000101235	宴会ぶちょー	708
2508	400000000000081931	宮ちゃん	693
2508	1500000000000096766	ジョニー	693
2510	1300000000000082548	アンダーデスクP	687
2510	1400000000000025692	エリ	687
2512	100000000000086013	ダーヤマ	686
2513	500000000000055484	かね	675
2514	1300000000000101189	きら	674
2515	500000000000034344	みこと	664
2515	1100000000000036138	逢ちゃん	664
2515	1200000000000009934	ねこのしろ	664
2518	400000000000097726	ムスコス	663
2519	1100000000000060414	梨花	661
2519	1400000000000065068	Player 1002081262	661
2521	200000000000059583	アクア	660
2522	500000000000053550	ウマさん	659
2523	900000000000100926	ぎゃん	645
2524	300000000000080475	森永	644
2525	900000000000100600	mina-777	640
2526	1400000000000023482	ぼんくら	639
2527	91292	ひまわりの代理投票中:レタス	638
2528	700000000000100194	step	637
2529	700000000000007526	ネリー	636
2530	500000000000029830	クックン	629
2530	900000000000098947	cocoa^ω^	629
2532	1400000000000018916	幻	628
2533	300000000000018773	clown	625
2533	600000000000100338	たま	625
2535	700000000000080837	なべさん	622
2536	400000000000050663	かける	621
2537	700000000000023389	灯	620
2538	1000000000000074073	ウーやん	612
2539	700000000000101540	かつ	611
2540	1000000000000027747	ﾖｯｼｰ	609
2541	1500000000000088296	宇治松千夜	600
2542	400000000000072594	チヒロ	596
2543	1100000000000007061	KZM	594
2544	1100000000000035623	いか	584
2545	200000000000097351	ゆかるん	580
2546	1400000000000000582	しのーる	575
2547	800000000000072834	めだか	572
2548	1100000000000058596	たなしゅう	569
2548	1300000000000006563	はいご	569
2550	300000000000081557	くろちゃー	568
2551	400000000000099464	IKU	567
2551	400000000000101027	Freedom645	567
2553	1300000000000098276	haru-813	561
2554	93759	ぬかづけライト	554
2555	600000000000101195	かまぴー	552
2556	100000000000003317	DJぴかそ	551
2557	99295	ゲペルニッチ	550
2558	700000000000022218	ぷほるす	542
2559	900000000000098103	ふらんすは明日の希望なり	528
2560	1200000000000037102	けぃたぃ刑事	527
2561	1300000000000101826	カイ	525
2562	1000000000000005107	ぱぴ	518
2563	257	あきら	517
2564	400000000000101101	Player 1007767940	515
2565	1500000000000101123	yakei54	510
2566	300000000000100761	ぴくろ	503
2567	1400000000000053351	とうふ	500
2568	100000000000097722	弥沙	494
2569	1300000000000047443	クルーエル	492
2570	200000000000099680	社会人	486
2571	200000000000101674	(o・∇・o)	484
2572	300000000000075297	ASN	481
2573	400000000000098998	Player 1007308708	480
2573	1500000000000095023	どすこい	480
2575	900000000000015868	千影	478
2576	700000000000000513	結弦	474
2577	24437	ミミカ	473
2577	1200000000000055760	井草イクセ	473
2579	1500000000000094155	sugiko	472
2580	600000000000036708	かつきん	468
2580	900000000000078997	マスク	468
2580	1400000000000101627	取得できませんでした	468
2583	700000000000097834	紫音	465
2584	200000000000039070	亮輔	461
2585	1200000000000099257	ぐっち	455
2586	200000000000100715	seibuzuki	451
2587	400000000000001636	ぽんぽん	450
2588	1300000000000100710	朋花閣下	447
2589	1400000000000051735	紅暉	446
2590	1400000000000101152	pri0932	443
2591	1500000000000045900	澤P	436
2592	800000000000037841	ことり	434
2593	300000000000100873	Player 1008321859	431
2594	5737	ベルモット	424
2595	200000000000099982	ふろりだ	420
2595	200000000000099984	銀河旋風ブライガー	420
2597	200000000000100192	クロ@朋花P	416
2598	1200000000000100661	呉	411
2599	700000000000007797	kokozou	410
2600	200000000000037036	かいしゃむ	406
2600	1100000000000100272	Player 1008044011	406
2602	30224	ちゃー	404
2602	1500000000000097161	ざくろ	404
2604	100000000000028090	きだきち	401
2605	200000000000096955	美鷹	400
2606	100000000000097968	るぅ	399
2606	200000000000099985	NHH	399
2608	300000000000096504	ラビ	393
2608	600000000000020751	Saya	393
2610	1500000000000060422	ルネ	388
2611	5249	ろーそーんー	380
2612	600000000000091446	てる	375
2612	1400000000000094692	クラウド	375
2614	500000000000041355	怪盗Wooo	374
2615	800000000000076386	hogehoge	369
2616	300000000000024469	Shari	368
2617	900000000000072051	まっち	364
2618	900000000000100201	舟子	363
2619	600000000000030250	tmng00	360
2619	800000000000082822	ミートン	360
2619	900000000000072912	慶野	360
2619	1300000000000083672	あきにぃ	360
2619	1500000000000010370	新しいフォルダ	360
2624	1500000000000098893	ルイルイ	359
2625	800000000000082937	ダイ	357
2626	1200000000000006337	どーら	355
2627	400000000000051974	りゅう	350
2627	1200000000000092774	nns	350
2629	900000000000051866	ミストの達人	347
2630	1400000000000078577	gyugyu123	345
2631	1400000000000101240	∞ERI∞《☆ROCKON☆》	341
2632	300000000000002059	kazu24	336
2632	1200000000000026428	論者	336
2634	400000000000098393	星人	335
2635	1300000000000096728	機械仮面獣ゴート	332
2636	1300000000000091247	yuiba	330
2636	1300000000000100432	zemisong	330
2638	1500000000000004221	いちこ	325
2639	300000000000097991	ヒロ	324
2640	200000000000099347	まめ	322
2641	1200000000000009930	オプーナー	315
2642	1100000000000056120	AKHR	312
2643	300000000000080956	フルショー	309
2644	101470	ななき	308
2645	200000000000097056	椿祈	306
2646	900000000000079567	ソーダ	301
2647	200000000000099573	ヒツギ	294
2648	1100000000000042501	しん	292
2649	100000000000042770	rexs	289
2649	900000000000074424	みけ	289
2651	1300000000000093847	しほ	281
2652	700000000000080427	ゆう	276
2653	700000000000006234	ちびヌコ@みーたん	275
2653	800000000000007115	アキ	275
2653	900000000000029784	めち@るん	275
2656	800000000000100504	Player 1008260200	268
2657	200000000000062801	aiko	267
2658	100000000000046826	カズトモ	264
2659	500000000000016344	シャルル･メル･キス	260
2659	1500000000000098351	じゃす	260
2661	900000000000075595	アキ	256
2662	1000000000000097232	まさお	255
2663	400000000000075835	フォレスト	250
2663	900000000000098472	花225	250
2663	1300000000000086934	星崎時羅	250
2666	300000000000049785	藤川	245
2667	100000000000099351	おろしにんにく	242
2668	200000000000100280	7192	239
2669	1300000000000051777	トリトリ	230
2670	200000000000034311	すずもん	229
2670	800000000000100833	べにしょうが	229
2670	1200000000000100940	皆城	229
2673	100000000000101363	モストデンジャラス	227
2673	500000000000056834	ダイコン	227
2673	900000000000032455	ゆーちゃん	227
2676	1400000000000097250	いがP	223
2677	1500000000000098813	ぽんりゅー	221
2678	300000000000097111	Player 1006708483	214
2678	800000000000026060	雪兎 【美龍麗・絆】協力ありがとうございます。	214
2680	1100000000000087711	byobjo	213
2681	1300000000000077609	ノエル	211
2682	200000000000101734	取得できませんでした	201
2682	600000000000000601	藍藍	201
2684	1300000000000081353	文萌	197
2685	200000000000086330	Hrd	196
2686	400000000000100711	Player 1008229988	194
2687	700000000000003626	あじゅ	188
2687	900000000000098920	砂袋	188
2689	400000000000100033	em0905	186
2690	300000000000096513	トルフィン	185
2691	100000000000045211	Life	183
2692	100000000000101236	河村のんのん	182
2693	500000000000101440	しろみ	181
2694	1300000000000079863	鉞	180
2695	300000000000062362	たっちゃんP	177
2696	1100000000000101114	取得できませんでした	175
2697	101053	ミニスタ	173
2698	300000000000099737	11月13日	172
2699	700000000000099965	Player 1007489911	170
2700	1100000000000041228	せるげい	160
2700	1300000000000056795	もてぃ( 'ω'	160
2702	1000000000000101480	取得できませんでした	159
2703	1300000000000049407	太栗　旬	157
2704	20277	ししょう	156
2704	200000000000000454	わるた	156
2704	200000000000001138	Lucifer1109	156
2704	200000000000003165	エドワード	156
2704	300000000000097294	はむやま	156
2704	500000000000000170	秘立蛇女子学園筆頭株主 せもぽぬめ	156
2704	700000000000002312	あずはる	156
2711	1000000000000101461	Xjapan	154
2711	1400000000000022572	タツ	154
2713	1100000000000098586	那由他	152
2714	1400000000000006656	Yuuki	151
2715	100000000000053591	reirena	149
2716	300000000000100061	avidelk	147
2717	100295	ピクロス	146
2718	500000000000085320	ひろ	144
2718	1500000000000100478	おばけナイター	144
2720	1000000000000015411	マクサス	143
2721	200000000000005859	みりん＠日高里菜ちゃん…	137
2721	1100000000000098895	おやびんﾀｿ	137
2723	400000000000047867	サヨナラ	133
2724	800000000000100814	SINK	132
2725	100000000000050477	彼方	130
2726	700000000000079038	ぶーしゃん	128
2726	1100000000000045528	原田	128
2728	400000000000003431	口内炎	127
2729	300000000000099762	ふろっく	123
2729	900000000000056855	ゆな	123
2731	300000000000010180	スズキ＠BMD昴⇔他ﾄﾚ募集	120
2731	700000000000098849	大毛2號	120
2733	1500000000000099758	holly wizard	119
2734	1400000000000073210	KAZZ○	114
2735	800000000000100831	ナンナンですか	113
2735	1200000000000045476	うろん	113
2737	300000000000100457	りんごやろう	110
2738	400000000000096774	ラピス	107
2739	600000000000100214	ちくわ	104
2739	1400000000000095392	らいと	104
2741	1100000000000101059	直系の怒鬼	100
2742	700000000000056121	雀	98
2742	1400000000000100854	ぴよ	98
2744	400000000000092519	はっちゃん	96
2745	1100000000000073533	ryu	94
2746	200000000000076027	ドクペ	92
2747	100000000000097542	Koikomas	90
2747	1200000000000096898	たなみたらし	90
2749	1300000000000101600	???	89
2750	700000000000101728	しっきー	88
2750	900000000000045672	せつな	88
2752	1300000000000101469	Player 1008276093	86
2753	500000000000101179	妹尾大輔	83
2754	500000000000024778	ふくべ	80
2754	800000000000099210	hide_yoshi	80
2754	1400000000000101473	せりの	80
2757	500000000000004407	ＭＡＳ	78
2758	300000000000049049	ミッケン	76
2758	1500000000000100004	エンビ	76
2760	1300000000000100160	碓氷美樹	75
2761	900000000000086335	える	72
2761	1300000000000060685	ダンディー	72
2763	700000000000070045	しーとも	66
2764	600000000000018028	なかむら提督	61
2764	900000000000031565	樹神	61
2766	600000000000072338	わら	60
2766	900000000000101004	shota0608	60
2766	1000000000000101155	ねだん	60
2766	1300000000000015535	コテツ	60
2770	400000000000006817	Ertai	59
2770	900000000000101065	Player 1008400905	59
2772	300000000000099911	Player 1007854691	57
2773	300000000000101050	山	53
2773	400000000000101203	とろ	53
2773	1300000000000007615	ケイちゃん	53
2776	800000000000042886	masuda456	52
2776	800000000000080126	モエ	52
2776	1100000000000000388	ジャイアン	52
2776	1200000000000001196	yaya	52
2776	1300000000000004152	ナツ	52
2776	1300000000000046598	久乃	52
2776	1300000000000053612	NOM	52
2783	200000000000027358	ろっしフミ	50
2784	500000000000101371	取得できませんでした	49
2785	500000000000096089	可奈	48
2785	600000000000003131	ヒラヨウ†ﾅﾘ:倉須高遠†【俺妹同盟】	48
2785	700000000000101733	ニッキ	48
2788	900000000000081120	tos	47
2789	1200000000000100893	もやし	39
2789	1400000000000092457	SER8710	39
2791	200000000000101513	ユリヤ	38
2791	1000000000000003589	湿気猫	38
2791	1400000000000101211	Player 1008234910	38
2794	700000000000016251	いなさん	36
2795	1000000000000099705	流木玉石	35
2796	300000000000096819	のーと	34
2797	500000000000101276	コウ	33
2798	100000000000003726	Ken	32
2798	1300000000000097058	あさり	32
2800	400000000000059724	ファンキーベア☆☆☆お仲間に感謝(コメ無しでゴメンなさい)	31
2801	200000000000101790	andy	30
2801	500000000000101129	kounann	30
2801	700000000000101281	Player 1008206391	30
2804	800000000000083046	GREENLAND	29
2804	1000000000000040577	やあ	29
2806	800000000000093799	果糖	27
2807	3064	神威	26
2807	54102	やっすん･*･:≡(　ε:)	26
2807	800000000000051951	*まゅ*	26
2810	53436	うどん	25
2811	400000000000100597	高鷹	24
2811	1200000000000022735	やなぎさわ たつのり	24
2813	200000000000089549	ENUP	22
2813	1000000000000100581	璃玖斗	22
2815	1000000000000101524	Player 1008400922	18
2816	800000000000100928	月猫	17
2816	1200000000000051250	ネコ	17
2818	1100000000000101209	Player 1008398427	15
2818	1200000000000097552	みやの	15
2818	1400000000000101477	なしママ	15
2821	400000000000088081	まるちゃん	13
2821	1100000000000101184	たね	13
2823	100000000000052223	京紫@天空騎士団団員	12
2823	900000000000101031	リカ	12
2823	1100000000000101136	absolutednine	12
2826	1300000000000099215	いざわ	10
2827	100000000000101289	Player 1008356081	9
2827	300000000000101029	マック	9
2827	500000000000095032	Player 1006136725	9
2827	600000000000101245	イカフライ	9
2827	700000000000016365	ケイン	9
2827	900000000000101058	Player 1008398073	9
2827	1000000000000100901	ベッカム仲間、お友達のみんな有り難う(*^^*)	9
2827	1200000000000002740	Hugh	9
2827	1300000000000101697	ぼっくん	9
2836	1400000000000101570	daskdl	8
2837	700000000000018008	エイトベアー	7
2838	100864	嘘喰い	6
2838	900000000000100838	Player 1008327033	6
2838	1200000000000042472	ソラ	6
2838	1200000000000096216	きゃみ	6
2838	1300000000000101707	みみあ	6
2838	1400000000000097921	angurushot	6
2844	800000000000100855	543534	5
2844	1000000000000005879	たまちゃん	5
2844	1200000000000098395	lijianfei1992166	5
2844	1400000000000101638	索姆拉	5
2844	1400000000000101678	カナ	5
2849	200000000000101730	取得できませんでした	4
2849	200000000000101753	つるちゃん	4
2849	300000000000099431	リョウ	4
2849	300000000000101026	nonepentayl	4
2849	900000000000100965	取得できませんでした	4
2849	1200000000000055911	タツヤ	4
2855	100000000000101092	ラーティス	3
2855	100000000000101242	ナカジエモン	3
2855	100000000000101353	Player 1008377681	3
2855	100000000000101417	Player 1008404865	3
2855	300000000000100460	やまだ	3
2855	300000000000100765	アルテト	3
2855	400000000000095716	EAGLE	3
2855	400000000000100242	レイヴン	3
2855	400000000000101175	Player 1007528356	3
2855	500000000000101373	Player 1008381461	3
2855	600000000000017967	Fuzz †移籍中† [裏ﾁｹ無しですm(__)m]	3
2855	700000000000020318	こーぢ	3
2855	700000000000101592	Player 1008321351	3
2855	800000000000099246	Kamiya	3
2855	800000000000100891	Player 1008385016	3
2855	900000000000044881	hinoka	3
2855	1100000000000048002	派地基地	3
2855	1100000000000100903	Player 1008296683	3
2855	1100000000000100977	くまちゃん	3
2855	1200000000000100955	yyrshiqi	3
2855	1200000000000101030	Player 1008408108	3
2855	1300000000000062792	モッチ	3
2855	1300000000000101159	らいむ∵	3
2855	1400000000000073369	〈恋〉★大衆食堂★フィネガンズ（usj）	3
2855	1400000000000093920	Player 1005920142	3
2855	1400000000000101669	Player 1008384910	3
2881	400000000000023270	グレン	2
2881	900000000000101083	jkl	2
2881	1500000000000101410	yyrershisan	2
2884	400000000000101074	trimethylene	1
2884	500000000000101319	yyrshisan	1
2884	1300000000000099274	なお	1
2884	1400000000000059658	なっちゃん   暫くin減	1
2884	1400000000000101715	Player 1008406222	1
2884	1500000000000082604	ｷﾞﾃﾞｵﾝ	1
