1	1200000000000000367	ライシン	1275772
2	900000000000009834	エティ	1150020
3	9506	ぽこん	1117467
4	1100000000000021850	無限いぬ	1057551
5	1200000000000002575	リリウムP	953418
6	1500000000000001153	tony105	946610
7	400000000000001977	naonao	917821
8	600000000000000853	K	901510
9	1400000000000004538	リュウ	894234
10	300000000000053068	anonymous	874576
11	400000000000026208	うに	862495
12	1400000000000094687	やえ	838745
13	800000000000024190	しり☆うす	795354
14	400000000000053814	YOUZI	783874
15	1400000000000011336	さぁもん	779046
16	1500000000000025052	なかやん	765297
17	300000000000004005	teyari	733142
18	700000000000084843	ぐっとくる.com	721069
19	1000000000000072794	ふみづき	698497
20	600000000000009385	さかも	678372
21	900000000000014142	金(金目鯛39っち)	669832
22	1400000000000056384	金子EX	652893
23	900000000000002306	アクシス	628314
24	700000000000015590	かず	625531
25	100725	あおき	624804
26	900000000000052125	くんつじ	590996
27	1000000000000083543	Pyxis好き夫	584369
28	200000000000005078	紙スコップP	503047
29	800000000000000353	しろしき	485237
30	300000000000061576	う茶	458836
31	100000000000005494	けやき	442168
32	1200000000000000629	草薙 八雲	437526
33	900000000000015118	しゅ	432657
34	1000000000000003926	ひしゃく	425528
35	1300000000000025291	シャオ	414625
36	700000000000010367	きいち＠同僚募集中	369556
37	400000000000010058	namtop	367977
38	1200000000000074109	はら	335090
39	10769	くうこ	323335
40	500000000000011416	さち＠アリス	319299
41	500000000000033959	ありょさん	318256
42	400000000000037471	コウヘイ	318049
43	600000000000078187	ジョン	313444
44	1300000000000005709	らどちょう	299332
45	200000000000084604	ホッジス	290296
46	1500000000000051271	スラバス	279375
47	400000000000007314	アヴリル	277362
48	1200000000000076074	tollon	274267
49	1200000000000037459	黒須	270262
50	600000000000045411	くらげ	267388
51	800000000000022775	よっしー	257200
52	600000000000045964	らいとにんぐ	248495
53	700000000000055515	和田 光司	230568
54	1300000000000013238	たかこ	226501
55	600000000000002069	Leaf46	215560
56	1300000000000001015	疾颯	210551
57	200000000000027830	a23a1438	209650
58	400000000000019471	霜月七歌	188955
59	200000000000042689	ドリァ	184284
60	500000000000072904	まいも	180225
61	300000000000027796	くま???????	179540
62	700000000000028036	くろまさん	174167
63	400000000000020042	お賽銭箱ちょうだい！！	173655
64	500000000000003559	い	173486
65	1500000000000099562	Kiop	171911
66	900000000000074028	にゃんちゅう	171091
67	500000000000050894	パンク	163216
68	1400000000000067692	player	162433
69	1400000000000052066	atm012	158011
70	1000000000000001944	萩原フヒ歩	154431
71	1100000000000042032	ゴージャスしぶりん	152202
72	400000000000003550	J.C	152148
73	400000000000060506	フライン	141931
74	200000000000063347	あるぅ	141596
75	300000000000012566	さる おふ	140749
76	1400000000000053503	くるま	139142
77	1100000000000015894	きりしま	138692
78	1000000000000023136	膝小僧鍛錬	137021
79	1100000000000009481	ネット詐欺乙	136801
80	400000000000005584	半水	134967
81	300000000000045611	てっしー	132807
82	1500000000000019160	リッター	130144
83	100000000000051234	ごまふ@厚いシャツほしい	129998
84	400000000000052323	ミリ＠踏み台P/1FA	127282
85	800000000000033166	エスプーマ	124596
86	800000000000036602	Yn	122659
87	900000000000001190	すかわら	121673
88	1780	ゆりおーさか	121121
89	1200000000000010974	ていたむ	119131
90	500000000000003773	KD	118625
91	1400000000000095578	たっつん	118356
92	29035	ティズ	116942
93	1000000000000001922	こうたろ	116595
94	900000000000092995	とんけ	116079
95	600000000000054127	泉希	114429
96	800000000000015033	きいち	114295
97	1100000000000052595	カチ	113375
98	700000000000055356	カクカ	113368
99	900000000000033792	cha!＠ULA埋出:紗	112636
100	1200000000000007751	ツバメや	110677
101	600000000000013400	ベンゼン	110447
102	1100000000000008049	TIJA	110330
103	900000000000033066	おぶりん	109718
104	300000000000005500	ラッシュ	108866
105	600000000000079670	霊葉	108268
106	300000000000022991	クロ	107959
107	200000000000054657	そい	105701
108	400000000000014880	モスト	104264
109	400000000000086667	こよみ	103113
110	1400000000000085989	エータ	102861
111	600000000000096884	やきりんご	102763
112	900000000000058042	伴田野	102256
113	1100000000000000019	あとら	102245
114	1400000000000093064	タゴサク	101295
115	1400000000000097098	くろ	101082
116	1100000000000008170	ひとりボート	100895
117	1500000000000051804	サニブー	99981
118	1400000000000049492	静	99518
119	200000000000077999	茶畑	99452
120	900000000000096009	ハロッド	99070
121	1300000000000043232	由乃(よしの)	98372
122	1300000000000024733	アリサ	98287
123	400000000000082189	ラッシュ	97016
124	400000000000003346	リヨ	94993
125	1100000000000004299	駄円型	94974
126	1200000000000001692	ちょろん	94782
127	300000000000057586	TT	93906
128	800000000000006710	ゾノ	93565
129	1000000000000050816	トム	93383
130	1200000000000004200	緑茶	93084
131	500000000000004969	空使い＠ﾌﾟﾛﾌにﾗｳﾝｼﾞ情報/千鶴全所持	92723
132	1400000000000000966	桃咲	91786
133	500000000000081859	はっくしょん8801	91624
134	1300000000000080255	りく	90294
135	98394	Kare	89437
136	900000000000020708	シソぶー	88708
137	1400000000000003477	背番号9	88689
138	200000000000055362	リリウム	88534
139	100000000000052383	えちる	88348
140	1200000000000050825	れいんさん	88250
141	1000000000000007726	フーＰ	88064
142	500000000000060946	ぎゃくおし	86702
143	1400000000000057262	たむ	85008
144	500000000000051979	とらん	84967
145	100000000000097279	bud	84678
146	1100000000000006347	稲妻将軍	84292
147	100000000000093900	スヴェン	83417
148	300000000000050533	らみふね	83089
149	1200000000000023227	Rarity	83080
150	900000000000093913	おんちゃ	82835
151	300000000000061923	スニケット	82574
152	300000000000001990	MRN	82456
153	100000000000007190	ピロリ	82223
154	1300000000000074665	鶴巻	81606
155	600000000000004063	水無月@HHP+ルージュ8枚千鶴道場(お休みですわ)	81316
156	300000000000060011	asobinatj	81076
157	200000000000097414	ハマー	79920
158	1200000000000086700	いぷーのしっぽ	79555
159	1200000000000086403	せきぐち＠ちはミュ2017参加予定	79515
160	500000000000035829	ガルシア	79413
161	1300000000000005188	三郎	78608
162	800000000000073486	molybdenum1701	78111
163	1100000000000027699	batu	77496
164	1400000000000047809	三畳	77466
165	600000000000033334	灰洗屋	76193
166	100000000000001535	セッタ	76121
167	600000000000054228	よっち	75017
168	400000000000030643	みみみ	74257
169	200000000000003739	りんね	74080
170	600000000000011987	たかくら	72913
171	700000000000012121	concentration	72390
172	100000000000017097	つるちゃん♪未達相互優先☆票残5?履歴より伺います～<(_ _)>	72187
173	100000000000006471	March	72145
174	400000000000008226	もじゃぴん君	71619
175	800000000000021664	ima	71508
176	1300000000000098678	サチェル	70830
177	1286	☆くらぴ☆	70755
178	300000000000000175	クマンパ	70745
179	1200000000000000710	アイアン・嫉妬・マスク	70515
180	700000000000006728	とりあえづ	70426
181	200000000000022713	あずき@BMD美奈子あり（日記に埋めリス）	70316
182	700000000000084124	風森	70285
183	400000000000033911	阪神	69943
184	600000000000091057	とし	69627
185	1300000000000069878	ハシバ	69308
186	300000000000003166	ｸﾙｰｶﾞｰ	69205
187	13195	ぴこぷぅ	69006
188	1200000000000016945	はとばねぇ	69001
189	100000000000074105	夕葉【葡萄:10/18 11:35全植替済】	68324
190	1300000000000004990	Mischbrot	68261
191	200000000000010748	U	67795
192	100000000000026669	かかお。	67400
193	95937	のぶまし	67399
194	700000000000001460	oらz	67180
195	400000000000085063	メンタツ	67053
196	600000000000000901	くあんた	66878
197	1500000000000008706	しおっち	66359
198	1300000000000000508	ふれあ	66319
199	200000000000019207	ときちゃん	66286
200	1400000000000006139	hayate	66159
201	1100000000000060170	いなみ	66040
202	700000000000039471	なお@同僚ちょっと募集してまーす	65951
203	400000000000051331	ストラト	65698
204	1500000000000083536	鳩ぽっぽ	65313
205	300000000000010864	八積@BMD麗花	65294
206	200000000000080325	Cetus	64825
207	600000000000028144	あおい	64817
208	100000000000007279	どすたん☆	64387
209	700000000000053066	クサリヘビ	64097
210	300000000000002168	hn273	64029
211	81245	マイロー	63845
212	1100000000000016069	asada_n	62878
213	700000000000082010	grow?	62781
214	400000000000044739	あゆすて	62209
215	100000000000037557	Isabelle	61877
216	200000000000012022	とてとて	61495
217	900000000000051638	ダイセン	60846
218	1400000000000093559	うまぽん	60778
219	700000000000074545	じゃんじゃか	60562
220	700000000000029004	おのて	60501
221	1000000000000028443	MEGANE!	60471
222	1200000000000057447	安田牛乳	60310
223	100000000000005880	すせり	60257
224	200000000000080844	ふぁいん	59721
225	1300000000000012636	けろぅたん	59669
226	1000000000000004132	真宵	59586
227	1100000000000008567	泡盛(ry	59397
228	50765	いのりん	59227
229	700000000000042322	あいさ	59130
230	1200000000000000795	まつ	59119
231	200000000000004435	バウアー	58739
232	1100000000000004017	ブルックリン	58527
233	900000000000024451	かぐらんらん	58156
234	600000000000051708	usui@ニャンター生活	57963
235	500000000000009816	のきP	57216
236	1500000000000034694	ざわわ@紅蒼黄	57099
237	1200000000000078214	日常	57073
238	500000000000000131	kanata	56534
239	1100000000000015180	ぽろろっか	56500
240	800000000000079180	drake	56380
241	1200000000000049642	あかつきP	56148
242	900000000000087218	みさきち	55921
243	400000000000023219	懲りないトモ	55742
244	1000000000000056296	ちーづる	55729
245	1000000000000081336	exhaust	55707
246	80914	未来完了	55091
247	100000000000020665	チェン爺	55081
248	47598	moshi.ku	55038
249	300000000000096007	ロココ	54800
250	400000000000075700	タダキチ	54462
251	300000000000055607	ピッタリ	54345
252	200000000000082406	友沢	53919
253	800000000000081853	Tonnura	53660
254	800000000000077487	か	53657
254	1200000000000020104	りょ	53657
256	700000000000052524	あう＠輝きのこっち側	53414
257	100000000000014747	ペタジーニ	53187
258	600000000000085271	ヴァーユ	52901
259	300000000000010761	とろゾー	52478
260	1300000000000082217	ツルギ	52303
261	1100000000000054052	ジロー	52297
262	700000000000001244	アナゴン量産型 量産型をナメるな!!	52280
263	700000000000079998	あはら	52244
264	100000000000007774	asagi	52046
265	200000000000004925	ノグチ	51957
266	1500000000000085859	いなばものおき	51926
267	1308	雅ぁ：	51807
268	200000000000059331	にき	51492
269	500000000000006769	ａｒｉ	51474
270	1300000000000096606	テルル	51331
271	1200000000000009689	とこま	51315
272	1500000000000002734	八神ハヤテ	51312
273	900000000000033509	ノン	51292
274	1300000000000034662	ぎんじ	51194
275	1200000000000022251	たけたか	51072
276	600000000000004154	なーな	50816
277	1300000000000042758	ＷＲＩＮＥ	50602
278	1100000000000000651	トキハラ	50558
279	500000000000051255	きるび	50508
279	1100000000000027178	バチカンＢＩＧ	50508
281	1400000000000036403	さなだ虫	50334
282	1200000000000000495	エディ	50254
283	438	コリドー	50181
284	1000000000000004368	DA★マン	49884
285	200000000000077989	Ｚ	49867
286	800000000000093256	quark	49803
287	800000000000001256	きりつネＬ	49595
288	16440	ちょこな	49581
289	1200000000000032402	良和	49510
290	200000000000003412	ゆりしゃん	49468
291	1300000000000087061	裏助	49405
292	600000000000021547	D＝フロスト零	49303
293	99805	楓月薇舫(cream)	48870
294	1000000000000008579	こっぺもん	48720
295	700000000000075495	チャパ	48246
296	1200000000000052758	ぺこm	48187
297	800000000000009990	楠桜	48157
298	400000000000033639	ボロンゴ	48055
299	1200000000000015242	koubai@同僚募集中	48003
300	1400000000000021845	Aセット	47997
301	700000000000005105	おひつ	47871
302	1300000000000015013	かざはな＊	47831
303	800000000000096138	むん	47781
304	600000000000004758	ゆり	47775
305	100000000000027439	Xeno	47732
306	1200000000000034331	ぷりーぬ	47628
307	100000000000012308	箒クリニック	47596
308	700000000000004371	( 0M0)	47532
309	1500000000000029914	～はる～	47474
310	1300000000000047354	バン	47301
311	800000000000096115	黒い秋	47093
312	300000000000048009	シモヤマン@同僚募集中	47088
313	800000000000080388	乙哉	47079
314	400000000000056452	ささくす	46934
315	600000000000092995	リトル	46924
316	600000000000030151	Sporogum	46782
317	300000000000062101	ローバー	46730
318	1400000000000035243	りつ	46687
319	300000000000011589	木戸	46564
320	900000000000008188	八五郎	46475
321	200000000000052868	くに	46353
322	300000000000096132	homari	46297
323	1500000000000002215	ショッカーライダー	46217
324	9847	ライトニング	46180
325	1300000000000007567	ぴのこらた	46156
326	1100000000000079977	みったん	46100
327	700000000000031414	scope	46014
328	1000000000000082106	野菜ジュース@765PM,両日	45972
329	100000000000003568	chankyn	45901
330	400000000000074190	金田雷	45891
331	500000000000055230	しょくしゅ	45774
332	600000000000060877	JJ	45643
333	1300000000000094991	長屋王	45625
334	1300000000000073095	Whitetear	45623
335	1300000000000010372	まどかっか	45569
336	1200000000000006339	なかむー	45454
337	1200000000000048833	るるは	45354
338	1100000000000024420	おしょー	45247
339	400000000000003198	みっくん@ζ*'ヮ')ζうっうー！	45017
340	100000000000079065	どーん	45006
341	1100000000000002460	try	44963
342	100000000000045494	ヒッキー	44889
343	900000000000056614	はちのす	44572
344	300000000000098323	yjoyjo	44526
345	57022	ヨウタカ	44522
346	47222	ヒューズ	44521
347	200000000000096671	kenta77	44297
348	300000000000057843	utosa	44265
349	500000000000019918	かぐら	44205
350	200000000000006005	どらわん	44199
351	600000000000000437	kaimu	43993
352	1000000000000018683	闇呑	43331
353	100000000000061853	ざわ	43312
354	500000000000024342	はてなん	43273
355	1200000000000002046	nanosan9	43151
356	1400000000000067755	sokamura	43144
357	1000000000000075888	柏	43137
358	200000000000066441	REX Telefon！	43070
359	300000000000047387	スノーフレーク	43029
360	800000000000006236	ジャン	42995
361	1300000000000011192	dmas	42965
362	1200000000000086309	あさみー	42891
363	400000000000011074	しずか	42817
364	200000000000002999	くぐい	42632
365	1200000000000024643	さんじお	42616
366	400000000000000320	mad	42456
367	1000000000000020976	くるるる	42427
368	900000000000011896	モザイク	42164
369	16402	五月晴れ	42111
370	900000000000098472	花225	42098
371	300000000000006103	まくわうり	42054
372	500000000000052284	ぴむす	41811
373	1500000000000000218	よっこん	41659
374	1500000000000077442	GaheWu	41644
375	300000000000076550	くそ軍師	41516
376	700000000000011821	としぞ	41398
377	1000000000000057114	スタップ細胞	41224
378	1300000000000096843	VIVID	41162
379	1300000000000004671	葵紅＠ラウメン募集中	41144
380	200000000000062140	鼻血が出た。	41099
381	100000000000049570	はる	41095
382	400000000000010120	DEKKER	40851
383	1300000000000094901	リシア	40846
384	300000000000081912	20thboys	40834
385	900000000000073662	もじもじ君	40833
386	1200000000000007272	フォーシーム	40668
387	1500000000000000816	ムム	40283
388	1200000000000058944	樹希	39934
389	900000000000046347	檜本P	39908
390	900000000000000266	桶P	39629
391	23310	ありす	39394
392	300000000000005123	113	39367
393	500000000000099803	レイ	38933
394	1200000000000053557	トイタンボ	38836
395	600000000000019774	しど・ビシャス	38825
396	1100000000000026152	みか	38753
397	5196	タクミ	38741
398	29285	猫田専務	38440
399	700000000000056309	あすぱら	38304
400	700000000000082936	イブ	37913
401	900000000000096687	信天翁	37881
402	800000000000029957	KEL	37688
403	200000000000055357	そうちゃん	37660
404	1400000000000093775	クリス	37579
405	1300000000000003596	ケケワン	37350
406	300000000000021365	ひなももんぬ	37224
407	700000000000044963	ナオ	37211
408	400000000000021917	ダイ	36738
409	500000000000002562	伽羅	36680
410	100000000000038147	きょー	36656
411	800000000000012130	たなごん	36638
412	900000000000084431	サバ＠翼P	36392
413	500000000000075905	摩耗	36299
414	500000000000080955	andryk	36148
415	1500000000000039177	カジュ	36064
416	561	いち/二見＠なおなおかわいい	36033
417	200000000000011356	白蓮華教会	35982
418	22418	ラクラス＠言葉は不要か	35958
419	1200000000000012800	おむこ	35880
420	1300000000000059134	ユズリハ	35855
421	1000000000000055501	キサラギ	35810
422	500000000000004518	ゴンザレス	35658
423	11916	リナキロ is GOD	35636
424	1100000000000027243	駄菓子屋	35568
425	700000000000085927	ファマス	35310
426	400000000000017521	平沢ヒラリー	35308
427	700000000000062283	抹迷助	35073
428	700000000000082299	ファンテ	35050
429	400000000000010174	ハル	34969
430	1100000000000004086	ティー	34925
431	1000000000000005154	きよまろP@道場やってます	34924
432	100000000000032185	ムギ	34872
433	400000000000051886	かぼちゃいちごちゃい	34825
434	5539	碧流	34817
435	1000000000000013421	蛇骨亭毒蝮	34798
436	800000000000049088	きょや	34731
437	600000000000046900	うみぶた	34612
438	200000000000010243	Nogy	34588
439	95787	アロース	34534
440	100000000000077753	マサ	34533
441	1000000000000096187	柊	34213
442	8074	メバル	34120
443	300000000000096174	ちさ	34001
444	200000000000000759	かお	33924
445	200000000000009658	タケ	33913
446	700000000000035691	ノキさん	33705
447	1200000000000056369	組千代	33683
448	1500000000000003442	しろん	33532
449	100000000000075026	maukumana	33505
450	7603	Sherry	33442
451	1200000000000098955	じゃがいも太郎	33386
452	200000000000020210	タカユキP	33378
453	32197	イチ	33371
454	100000000000052638	ryuka17	33338
455	200000000000096985	Morika	33314
456	1400000000000003830	見さん	33125
457	1400000000000036299	カルノフ	33011
458	500000000000010696	KEI	32840
459	1300000000000052946	つきかげ	32785
460	51319	ぽこ	32740
461	300000000000061146	鈴木（仮）	32736
462	100000000000009181	るう	32714
463	1100000000000031388	うれとお	32687
464	700000000000054233	らむ	32574
465	900000000000082323	アリス１９	32573
466	1100000000000085542	式	32559
467	1500000000000011790	chiguhagu	32424
468	1100000000000095988	ゼロ	32303
469	500000000000005423	ペエ★	32096
470	1000000000000055600	ペソ	32010
471	400000000000053546	黒巫女	31996
472	900000000000076034	ゆと	31910
473	400000000000002341	ま(日記に所有リスト)	31878
474	200000000000001144	ざっきーさん@がんばらない	31757
475	300000000000053242	エル	31730
476	1300000000000006979	芥子	31708
477	900000000000023986	湊 和海	31682
478	700000000000054821	karagea	31640
479	700000000000032150	よこだ	31603
480	800000000000080788	setsuna	31523
481	900000000000037659	みっし	31440
482	1400000000000014289	Ccliys	31433
483	800000000000010884	くわマン☆二世	31432
484	1300000000000005325	すけとうだら	31427
485	800000000000075282	まーしゃ	31260
486	1200000000000035968	りょう	31200
487	3210	せいか	31074
488	1500000000000011720	のほほん	30996
489	1100000000000007246	しーどる	30946
490	52103	kana	30943
491	1200000000000007761	セール	30892
492	1200000000000049047	BOBJONSON	30832
493	900000000000015481	いに	30815
494	1300000000000011130	黒ウーロン茶	30789
495	400000000000004140	さんく	30773
496	1200000000000005051	Ｐ(ﾈﾑ・ｿｰﾔ)	30662
497	400000000000007764	阿蘇山	30604
498	1300000000000087659	ガッツ	30394
499	300000000000060542	requiem	30335
500	300000000000061741	どく	30283
501	300000000000062019	tease	30263
502	900000000000013337	e_m_e_m	30205
503	1100000000000097560	てん	30171
504	200000000000003175	ダイム	30087
505	1400000000000100229	TAP	30075
506	100000000000097107	ねゆふぇ	30026
507	100000000000008810	お斜面★おぜうさまのおねぎ	30021
508	800000000000022105	ろあぁく	30020
509	300000000000000890	さとみつ	29981
510	1200000000000052284	けー	29884
511	700000000000000895	黒野	29862
512	400000000000024129	たから	29856
513	1500000000000002711	番長	29820
514	500000000000061595	moririn	29746
515	1200000000000055087	白雪	29745
516	900000000000026956	わ～や	29708
517	1500000000000016560	mura0929	29688
518	1200000000000074733	ダイ	29600
519	800000000000004150	036	29598
520	500000000000074414	おかっち	29591
521	700000000000084427	アス	29531
522	900000000000082060	コウキ	29481
523	1100000000000008869	トモ	29424
524	1500000000000075536	いいなり	29355
525	900000000000019823	key	29333
526	1500000000000053950	worzel(4646)	29321
527	1400000000000006896	グラスワンダー	29313
528	700000000000015723	赤白	29252
529	1100000000000000264	ボブ？	29199
530	800000000000005135	みよ吉	29135
531	1200000000000054329	NACS	29123
532	800000000000003151	ぷるふ	29088
533	800000000000006966	サツマゐモ	29008
534	1400000000000028716	あした	28996
535	1500000000000065143	太田あき	28944
536	1100000000000086362	スロウス	28933
537	1100000000000076605	のいん	28690
538	600000000000040308	やまやまたん	28620
539	500000000000074649	ドーミエ	28616
540	100000000000075741	ラーマ	28593
541	400000000000011707	ネメシア	28571
542	800000000000027773	松前緒花	28472
543	600000000000028020	智さん†L∞P†	28416
544	1300000000000002502	ふるむーん	28363
545	1300000000000081656	わかたか	28294
546	800000000000000674	みかたそ	28117
547	600000000000006926	gakuhi	28096
548	300000000000030957	じゅわ	28078
549	1200000000000096378	リキ	28033
550	600000000000011505	BACKMAGIC	27944
551	900000000000060833	さくらの	27935
552	1000000000000069250	焼きもも	27881
553	900000000000016582	アクアα	27860
554	1100000000000073911	Xross-fade	27617
555	1300000000000003013	パエリア	27575
556	1400000000000044835	ちゃちゃちゃ倶楽部	27522
557	1000000000000002016	wkch	27452
558	1000000000000011917	小須田	27407
559	1100000000000006612	あぐり	27389
560	1500000000000001938	かわでん	27373
561	900000000000000109	こうちゃ	27231
562	1500000000000058589	Leteena	27220
563	800000000000100148	くみちゃん	27136
564	1400000000000043289	J	27022
565	800000000000083821	lilac	26960
566	100000000000050553	柏青	26622
567	900000000000010227	イッシ	26452
568	1400000000000094683	両頭蛇【生肉興業:越後番所】解珍	26439
569	900000000000051182	黒猫	26385
570	500000000000074182	ユキ	26360
571	1400000000000052872	みね	26346
572	700000000000003357	coconutsmilk	26194
573	200000000000044875	ジャイロ	26154
574	700000000000004758	eri《アイマスのみ。マイペース》	26037
575	46365	シシトP	26000
576	1200000000000028528	ﾊﾟﾗｼｭｰﾄ部隊	25892
577	900000000000003417	ほー	25883
578	200000000000009382	れそなんす	25813
579	1400000000000081289	ヒノ	25790
580	900000000000007004	BAR!	25740
581	1200000000000023308	イソップ	25688
582	700000000000012479	たこら	25591
583	1100000000000084756	エンレキ	25572
584	1200000000000097682	muscat	25530
585	700000000000019485	頌也	25512
586	13557	anapo17	25487
587	700000000000009047	ナオ-7031	25486
588	1400000000000012398	冷菓	25480
589	300000000000074112	窒化イオン	25457
590	96399	はらよわ	25444
591	1200000000000085317	しお太	25435
592	1000000000000000559	noise	25376
593	1300000000000061952	REBECCA	25252
594	400000000000053906	ヨッシー８８	25179
595	900000000000001105	鏡	25165
596	500000000000077167	オリガミ	25143
597	1500000000000028768	ジョー	25133
598	1100000000000000151	マサ黄	25131
599	500000000000000732	one	25128
600	400000000000006263	雲雀	25096
601	100000000000013147	ちょめすけ	25064
602	200000000000000257	FUL	25050
603	1000000000000058733	fabre	25013
604	200000000000016379	うさ	25005
605	75657	ルーベラ	24948
606	700000000000052849	ｓｈｕｄｅｃ	24927
607	800000000000011185	貝殻	24913
608	600000000000035392	ナベ	24857
609	300000000000002060	ウサ	24803
610	1400000000000082183	泡盛*JJ*△	24751
611	1100000000000052625	くっさん	24722
612	900000000000002080	スタム	24624
613	1000000000000019065	トシ	24569
614	700000000000046430	トーア	24544
615	400000000000003439	ya-mi	24488
616	1500000000000097190	よっしー２	24405
617	1300000000000051051	ネモフィラ	24321
618	800000000000055781	NT	24320
619	1100000000000024577	あうあう	24204
620	600000000000078365	ドルべ	24148
621	700000000000047470	京丸	24129
622	500000000000003466	とも@アイマス同僚募集中	24128
623	96876	セレブの紳士	24125
624	800000000000100476	くろかこ@風花さんP	24116
625	100000000000016248	H@L	24050
626	300000000000021970	もろか	23922
627	600000000000012020	ともとも	23850
628	1200000000000055071	Qururu	23819
629	200000000000009669	Bar	23779
630	500000000000080575	るぅー	23722
631	300000000000006624	ちかちか	23716
632	1400000000000009336	ガキー	23681
633	200000000000004787	サトシ？	23570
634	1500000000000006989	URIKI	23544
635	800000000000000686	もちりん	23492
636	600000000000005808	冬峰	23414
637	500000000000000269	レミぽっぽ	23391
638	300000000000052161	nkmt	23382
639	1000000000000077609	Qちゃん	23336
640	900000000000002381	うちわ	23205
641	700000000000095416	IOG	23184
642	1200000000000021318	エイヤ	23127
643	800000000000003639	PKDICK	23125
644	400000000000022633	夜天の騎士~汝、恐れることなかれ　私がいる~	23040
645	400000000000059986	lipton	23000
646	800000000000072605	南東	22931
647	1100000000000056615	CC	22858
648	1100000000000037919	おおとり	22750
649	6737	コバフト	22734
650	1000000000000088493	unknown	22620
651	900000000000078664	雨宮 天	22553
652	800000000000057876	もりソー	22500
653	700000000000004186	アカマ	22484
654	900000000000077199	蟹55712	22439
655	1300000000000050913	リプリ	22380
656	200000000000052378	赤ネコ	22231
657	800000000000052142	しましまP＠まこりんアルバム埋め協力お願いします！	22089
658	44349	カネヤン	22011
659	1000000000000093645	よし	21976
660	200000000000054505	かかお	21856
661	400000000000027292	しばねこ	21738
662	600000000000081294	草稿	21709
663	600000000000000367	ここあ	21572
664	300000000000048904	だみ	21464
665	1200000000000079155	れんびん	21394
666	54073	すずらん	21357
667	1200000000000037718	アルノ	21352
668	600000000000039474	風来	21346
669	500000000000096747	crazycomets	21302
670	300000000000001821	黒雪先輩	21296
671	1300000000000000159	kanimata	21257
672	1400000000000079486	ハー吉	21096
673	200000000000043410	ざわもり	21051
674	1200000000000080081	乳酸菌	20955
675	62298	きゃべつ	20942
676	200000000000003513	ユタカ	20775
677	38060	ユウ	20746
678	100000000000080483	はれ	20733
679	600000000000001173	るるんてっと	20712
680	1200000000000081322	桜花	20709
681	1200000000000057188	只乃鳥丸	20693
682	200000000000076030	みよ	20688
683	1100000000000045789	N.Kranberry	20622
684	1300000000000005726	ショウギ	20574
685	100000000000077433	みぶうみ	20530
686	800000000000077622	潤海	20504
687	500000000000078425	khelpa	20486
688	1400000000000081368	his@P	20478
689	1500000000000019231	吹雪	20436
690	1300000000000088059	アドリ	20392
691	1300000000000002244	星月@招待気にしないで下さい	20280
692	1300000000000058146	サガン	20259
693	700000000000075893	azzz	20253
694	600000000000057492	herojei	20202
695	1100000000000031913	七罪	20170
696	1500000000000085550	Eros	20142
697	500000000000014068	ポニ萌え	20133
698	1300000000000082448	MTM	20055
699	1300000000000009732	ひろす	20030
700	1300000000000005243	けむっそ	20008
701	1200000000000090839	おちゃづけ	19914
702	700000000000055925	ヘラクロ	19910
703	1200000000000004032	ガクヤン	19844
704	1000000000000024343	こめ	19774
705	700000000000054539	ＤＡＩ	19765
706	500000000000062369	bamboo12	19760
707	1400000000000081104	こばまる	19754
708	1100000000000044038	みがわり	19751
709	1400000000000075992	Player 1003242126	19740
710	700000000000004322	ＤＳＵＫＥ	19703
711	300000000000002764	たばっち	19690
712	500000000000030270	アマネ	19611
713	1300000000000011678	なつな	19602
714	1400000000000078165	Tenkai	19597
715	62034	存在感のないしずく	19560
716	200000000000018407	なはと	19488
717	200000000000001187	ぜろしゅん	19464
718	600000000000095116	Siren	19455
719	400000000000003193	ゆう（ゆご。）	19409
720	700000000000020021	慈刀	19400
721	1100000000000000178	さかえと	19360
722	100000000000097073	倫理君	19305
723	10293	あとむ	19264
724	500000000000003925	Gorigan	19246
725	95072	アスパー	19225
726	100000000000097285	まんげつ	19198
727	1000000000000005961	こまち	19188
728	500000000000059674	ぷろい	19176
729	200000000000081191	katsumi	19136
730	1500000000000010614	超ヤサイ人	19000
731	100000000000017706	レミ(シャルロット)	18985
732	1500000000000075131	のの(蓮)	18958
733	1500000000000001983	タンタン	18949
734	1300000000000001230	ハイペリア	18947
735	400000000000086609	いぷしろん	18945
736	700000000000000234	ウタチカ	18752
737	1000000000000085129	ゆきまさ	18720
738	600000000000013239	ピロ	18708
739	1500000000000001080	にくまん	18648
740	1400000000000033357	ゆう	18639
741	400000000000055420	m0t0k1	18615
742	300000000000012638	こはく	18515
743	200000000000000197	鎌倉釜山	18502
744	800000000000040089	hibiki	18483
745	1100000000000069295	たけのこ	18475
746	800000000000008518	もりひと	18436
747	700000000000062730	No.6	18408
748	1400000000000025692	エリ	18398
749	300000000000057399	藤やん	18392
750	900000000000087762	まっぴー	18237
751	100000000000003216	ﾌﾞﾗｯｸﾎｰｸ@協力感謝です(^ω^)	18216
752	500000000000081078	ZAWA	18206
753	100000000000002563	月影白兎	18133
754	900000000000044546	はづきち	18103
755	700000000000083311	JUN N	18099
756	400000000000006621	なみうさ	18098
757	200000000000001789	ﾋﾛﾋﾟｰ@in率低め?	17982
758	600000000000014452	ゆう	17950
759	100000000000044215	ジャーニー【要△】	17876
760	1200000000000058263	カニナ	17842
761	800000000000038679	七尾	17783
762	200000000000005343	かな	17746
762	1500000000000044662	きょん	17746
764	400000000000053761	白玉	17646
765	1300000000000091349	やなあ	17612
766	400000000000000684	雪ん娘	17555
767	500000000000023255	九十九	17553
768	100000000000009604	ヲレンジ	17509
769	500000000000036827	DIRGE27	17478
770	900000000000015816	八つ橋	17437
771	1100000000000072088	チャッピー	17398
772	400000000000097320	ロム	17388
773	1300000000000002347	カヤ	17290
773	1400000000000004021	ちぃ	17290
775	1100000000000059282	mr906	17279
776	500000000000074469	ミズキング	17201
777	1200000000000015187	あなご	17178
778	1500000000000096221	マドラー	17104
779	100000000000001020	ふぃがろ@同僚募集中トレ同僚歓迎！詳しくはマイページへ→	17053
780	1300000000000079555	ペンギン親分	17047
781	700000000000052227	yuma-08	17017
782	400000000000052042	神宮寺コゴロー	16925
783	1000000000000037670	ryoryo2	16908
784	500000000000025807	HAGAREN	16800
785	400000000000002875	ヶ折る	16780
786	1000000000000002988	noki	16695
787	1200000000000004218	おいもさん	16631
787	1300000000000092460	なべねこ	16631
789	800000000000009231	柳キイチ＠ちづひなP	16611
790	100000000000079520	ロア	16602
791	1300000000000007080	kobun11g	16600
792	1500000000000044633	ずにまっさ	16485
793	700000000000072351	ﾆﾉﾏｴ ﾊｼﾞﾒ	16478
794	1400000000000012905	エトセトラ	16411
795	500000000000058852	陽介	16409
796	400000000000005155	ジーニアス	16275
797	100000000000004541	かおちゃん	16200
798	1200000000000044868	すやＧ-Aqours	16159
799	800000000000034080	マキノ	16145
800	1500000000000044829	エリス	16140
801	700000000000085696	5013	16090
802	1100000000000043100	ベラヒア	16074
803	1100000000000000418	遠心力	16046
804	200000000000029288	ストラーダ	16044
805	500000000000005940	カッミ	16015
806	700000000000083805	カレンデュラ	15966
807	52712	どらい	15951
808	100000000000004632	ミスてぃらみす	15948
808	600000000000037624	サンゴ	15948
810	600000000000051348	りとな	15905
811	1000000000000085291	しあら	15882
812	900000000000080895	アイル	15864
813	100000000000001593	パン太郎	15862
814	300000000000062375	newcts	15846
815	700000000000061765	narutara	15763
816	1000000000000097510	時雨☆	15750
817	1200000000000071448	ゲルマン忍者	15694
818	200000000000098509	しのぶ	15669
819	200000000000000930	てんしろ	15659
820	200000000000099450	Rozu	15658
821	500000000000010441	ひさつき	15432
822	300000000000002803	としあき	15377
823	200000000000001852	牙王	15376
824	1100000000000011277	かわ氏	15343
825	600000000000031148	しんたいかさ	15300
826	1200000000000010113	もにょん	15264
826	1300000000000013087	蒼緋	15264
828	600000000000023477	一番くじ男	15200
829	800000000000020765	ちぅちぅ	15174
830	1000000000000073958	jeter2	15136
831	900000000000046530	鷹瀬秋也	15134
832	1400000000000031553	こう	15080
833	500000000000003148	いこたろう	15018
834	1500000000000062021	よしあき	15013
835	1100000000000051481	ナオヤ	15004
835	1300000000000009744	片那	15004
837	400000000000038061	spawnfoxy	14845
838	1000000000000008161	ちゃちゃちゃ	14803
839	500000000000010305	Roli	14800
840	4547	アツシ	14791
841	1100000000000098270	Suido	14788
842	100000000000001675	saku	14778
843	900000000000038132	kei	14752
844	1500000000000080462	りの	14734
845	800000000000011671	マックの１５倍	14669
846	200000000000085834	ToMoP	14665
847	1400000000000072159	puniyan	14646
848	1100000000000003525	小松	14580
849	1500000000000060124	Carmen	14520
850	400000000000100106	クシカツ	14464
851	1200000000000001988	‡ヒイロ‡	14429
852	700000000000075682	ユウ	14397
853	1100000000000036138	逢ちゃん	14380
854	300000000000093518	祐介	14378
855	600000000000038053	伊坂蒼 しばらく休漁	14370
856	76853	conquest	14343
857	1500000000000006723	meteor	14329
858	700000000000085822	じゅん	14301
859	900000000000006211	なおきち	14281
860	100000000000037676	咲也	14235
861	517	羊	14197
862	1400000000000011301	しのぐ	14186
863	300000000000079221	KiKiP	14145
864	500000000000000091	ＴＡＮＹ	14084
865	1200000000000001499	五月雨	14063
866	200000000000039817	ソード	14014
867	900000000000055639	しうす	13988
868	900000000000051147	ドヤP	13982
869	300000000000098011	十四松	13965
870	1000000000000000173	草々	13938
871	900000000000037464	カツキ	13917
872	1200000000000053004	ヤス/@＼	13885
873	200000000000093808	トモヤス	13870
874	1100000000000045576	jim	13761
875	900000000000004933	タムローン	13700
876	1500000000000052051	しんじ	13627
877	1000000000000052345	朝影	13620
878	700000000000071408	アルマーたん	13583
879	500000000000097216	やどん	13526
880	1500000000000007106	佳人薄命	13482
881	1000000000000010255	ロビン	13414
882	300000000000099388	ほるほりゅう	13409
883	400000000000002871	ふーみん	13385
884	500000000000005263	飯田橋	13335
885	1100000000000021681	ニモ	13290
886	1300000000000075695	Easy	13265
887	700000000000096822	Fmk Tkys	13260
888	1000000000000050333	うにゅうううううう	13246
889	400000000000004068	こあさ	13245
890	800000000000003813	ﾋｷﾆｰﾄ	13226
891	800000000000002200	☆きりりん☆	13224
892	73675	sTar	13210
893	800000000000080620	さも	13204
894	800000000000089329	うぃんぐ	13202
895	1100000000000029251	狛犬	13177
896	100000000000020836	シュウ	13156
897	300000000000004985	お気楽@秋月道場	13151
898	200000000000000848	小宇宙	13104
898	600000000000032740	ももざえもん	13104
900	400000000000003266	アルイー	13092
900	1000000000000054535	納豆	13092
902	1300000000000076781	ロベルトうちの	13074
903	500000000000057027	風船moyashi	13072
904	900000000000096853	黒目	13051
905	1400000000000005303	きゃべつ	13029
906	800000000000086234	miz §越狂會§	13016
907	500000000000006337	MANA	12994
908	800000000000037220	すがっぴ	12955
909	300000000000100558	xieyiqq111	12954
910	1100000000000003761	稲妻の螺旋	12906
911	800000000000000502	masa	12895
912	500000000000016142	まっこ	12886
913	1200000000000062083	サラ	12859
914	300000000000003469	トレイン	12846
915	300000000000050495	スサマー	12816
916	100000000000080806	Aucuba	12784
917	100000000000085301	GTHM	12774
918	1200000000000078045	MOZKU	12753
919	900000000000097516	kou	12718
920	100000000000008355	とんぺー	12699
921	400000000000078723	マシュマロうどん	12692
922	300000000000055312	明日も5時起きか?	12690
923	22264	霧	12689
924	500000000000098050	うに	12683
925	1000000000000035455	yukanan	12657
926	600000000000079790	sui-un	12650
927	400000000000002139	火冬	12640
928	1200000000000009859	ソウマ	12635
929	62799	チャーハン	12616
930	200000000000028643	yuyu	12600
931	900000000000048947	クレオ	12563
932	200000000000024867	矢車草	12551
933	1400000000000097776	aki_hoiyan	12510
934	101004	ユキタロウ	12479
935	1100000000000022657	ゆうの	12457
936	1000000000000083587	がお	12432
937	800000000000080377	ヤスヤス	12420
938	600000000000034277	ぱぁしあす	12419
939	600000000000059832	exa003	12411
940	400000000000055921	遊日	12408
941	700000000000006452	GichyuP	12405
942	1100000000000000314	TMR2301	12404
943	700000000000000966	ハードケース	12372
944	800000000000092996	HB懸賞	12360
945	1000000000000003861	マキィーテP	12351
946	200000000000051006	黒野	12336
947	200000000000087803	ハイパーＫ（ｱﾊﾞ女装中）	12300
948	900000000000096802	sora	12276
948	1000000000000001350	ピカテツ	12276
950	200000000000045234	ｓｏｌａ	12240
951	700000000000002386	kuro	12217
952	700000000000077087	taka	12148
953	1300000000000086804	ヒロガタ	12120
954	600000000000002841	チャリポン	12042
955	1500000000000001558	はろ	12026
956	800000000000098983	kwei	12022
957	100000000000052941	aerozawa	11996
958	200000000000053896	くろろん	11982
959	300000000000019945	alK	11970
960	700000000000051819	ハラカツ	11949
961	900000000000050886	かみえ	11920
962	700000000000056166	ユージィ	11844
963	1400000000000042146	綾香206	11824
964	1200000000000024268	くろ	11791
965	800000000000098775	Fryght21A	11777
966	28002	十万石	11742
967	200000000000022355	えりりん♪埋め同僚募集中☆	11720
968	400000000000099372	アネモネ	11704
969	200000000000082629	春風	11696
970	1400000000000032428	胡苺	11674
971	800000000000076745	みょ～ん	11673
972	1400000000000042987	ユイ	11665
973	1400000000000097500	ざわ	11651
974	900000000000099281	sakuraos	11583
975	900000000000045386	ZZ ZZZ	11575
975	1000000000000005541	いけ	11575
977	200000000000062557	ほたる	11544
978	1400000000000082531	もちに	11536
979	1400000000000082622	あくえす	11524
980	500000000000024707	なかた	11490
981	1400000000000037097	ハルメ	11456
982	300000000000002799	minami	11449
982	600000000000061030	ワタハ	11449
984	700000000000008572	でんどろびうむ	11440
985	100000000000020126	りょう	11409
986	400000000000013202	かもや@【喪中】	11384
987	1400000000000072992	Haruka	11382
988	1100000000000022131	飛廉	11360
989	200000000000097368	gon	11352
989	1200000000000008948	スキッピー	11352
991	400000000000051938	まりかちゃん	11293
992	600000000000006862	WYC@そらP	11282
993	900000000000051385	ふ～た	11280
994	400000000000027043	ダルク	11252
994	400000000000052116	すいむ	11252
996	200000000000098375	たがねん	11228
997	300000000000096009	のざらし	11191
998	1500000000000000418	ＴＡＫ	11164
999	1400000000000086826	にしかわ	11141
1000	1300000000000010487	かずさ	11096
1001	400000000000059648	やまけん	11039
1002	400000000000074033	ふぉする	11023
1003	1100000000000010479	ｸﾛｽﾛｰﾄﾞ	11010
1004	700000000000001788	やまぬら	10997
1005	1000000000000100037	じゅんぺい	10985
1006	6813	MSY425	10976
1007	600000000000026904	マコト	10972
1008	300000000000010063	竜影	10948
1009	1000000000000086689	キュベレ	10918
1010	1100000000000049903	makoto	10908
1011	300000000000006235	芙蓉楓	10904
1012	886	が～	10882
1013	1500000000000000376	平	10816
1014	1500000000000093427	きゆー	10804
1015	500000000000075484	aki	10780
1016	1500000000000051756	にいやん	10778
1017	200000000000003880	エンペ	10765
1018	500000000000004067	キツカワ	10751
1019	700000000000060103	めた。@同僚募集中	10723
1020	800000000000022221	下克上	10719
1021	700000000000098305	ふぇぇｸﾞﾘｸﾞﾘ《獏羅天》	10712
1022	1200000000000015234	しあ	10698
1023	200000000000044558	ぱんだ☆ﾄﾞﾘ、仲間募集中！(o^－^o)☆	10693
1024	400000000000096129	かとれあ	10686
1025	100000000000008376	鯨P	10656
1026	1200000000000015375	ケー	10607
1027	400000000000027364	たまご	10604
1028	900000000000085356	きょーすけ	10600
1029	1300000000000099821	えこりん	10585
1030	800000000000079635	オガクズ	10552
1031	400000000000000943	蟹玉	10523
1032	1100000000000013448	伽羅	10491
1033	1500000000000080261	レス	10475
1034	400000000000034697	キノ	10408
1035	1400000000000070630	ベホマズン	10362
1036	1500000000000005355	ツバサ	10361
1037	100000000000051642	しもん	10332
1038	800000000000002244	クリプトス	10320
1039	500000000000009207	もりそば	10291
1040	1200000000000020319	hino	10262
1041	200000000000003147	Ｔ―ＲＥＸ	10246
1042	200000000000006371	black-knight	10237
1043	600000000000002981	あにじゃ	10228
1044	500000000000007631	坪倉凛	10137
1045	1000000000000023772	赤いきつね	10122
1046	700000000000080607	奏P	10085
1047	600000000000083879	たこよん	10080
1048	900000000000004261	ナマゴミ	10053
1049	1200000000000008786	きたきつね	10049
1050	200000000000086110	夏月	10047
1051	200000000000049694	ガロナックス	10025
1052	800000000000004782	ラズロ	9998
1053	600000000000093092	SID	9996
1054	900000000000008238	くったり	9986
1055	300000000000058136	かず♂ ｱﾊﾞｺﾝよろしくね	9948
1056	300000000000013304	BOBO	9944
1057	500000000000051364	青犬	9935
1058	700000000000051700	ヒロアキ	9933
1059	1000000000000007685	シュウィーツ	9929
1060	800000000000003712	ＦＸで有り金全部溶かした顔	9888
1061	1100000000000076055	かわいそうまさん	9857
1062	300000000000007235	ゆきろん	9852
1063	4250	たびりす	9843
1064	600000000000079701	ニュー	9744
1065	1500000000000035246	ユーザン	9724
1066	100000000000008229	やん	9718
1067	1500000000000074125	tosh_p	9703
1068	1000000000000023288	キムﾍ( ＊´ｖ`＊ﾍ)))～	9695
1069	1200000000000027590	じゅん	9694
1070	300000000000005650	藤堂	9687
1071	700000000000093723	中まぐろ	9636
1072	400000000000000942	abing	9625
1073	400000000000085620	haso@GREE	9618
1074	1000000000000013580	おでこat70要請x寝ますそして仕事	9590
1075	400000000000001311	タカＰ	9588
1076	400000000000097189	こたつ蜜柑	9577
1077	900000000000055105	しん	9520
1078	1400000000000080292	桜冬	9480
1079	1500000000000047053	ドラ猫	9443
1080	800000000000073004	てっちゅう	9435
1081	1000000000000091556	よしひろ	9422
1082	700000000000016679	コニー	9420
1083	34021	YOU	9419
1084	1500000000000006406	優月Ｐ	9407
1085	200000000000015348	くま５６	9388
1086	300000000000071726	7ka/ナナカ	9386
1087	1400000000000098918	緑の奥様	9360
1088	97795	未熟なファイター	9323
1089	100000000000015366	Тоёсики	9320
1090	400000000000095698	てぃーてとら	9309
1091	900000000000051499	こーはい	9308
1092	300000000000019291	化野元	9306
1093	81467	Gyuri	9301
1094	900000000000010877	cyber-next	9284
1095	700000000000095403	からなし	9223
1096	200000000000007166	あーちゃん	9200
1097	200000000000017567	ひで	9184
1098	100000000000002877	オハ	9138
1099	1300000000000015488	家具屋さん	9120
1100	500000000000050156	ごっつ親方	9075
1101	1400000000000030042	ﾑﾘｹﾞｰ	9066
1102	1100000000000000374	真っ白しろすけ	9053
1103	1500000000000055638	k	9045
1104	1400000000000055642	まろん	9038
1105	1500000000000099904	はまじ	9015
1106	1100000000000073223	ひらち	9000
1107	800000000000004657	兎乃	8986
1108	900000000000017355	iko	8983
1109	96713	Satie	8959
1110	1300000000000075687	ぺ	8932
1111	1300000000000000478	pixy	8925
1112	400000000000100769	カサブラ	8918
1113	1000000000000055659	hisui	8913
1114	1500000000000085639	川合	8912
1115	200000000000058372	ハル	8902
1116	1400000000000080910	こけ	8892
1117	1000000000000010456	wkdlfh1	8880
1118	600000000000099546	ino	8871
1119	1400000000000006117	尾てい骨	8811
1120	1300000000000072859	まるさんかく	8809
1121	400000000000055901	はがき	8801
1122	200000000000009960	227	8795
1123	75163	成月	8794
1124	600000000000082677	ハニーシ	8788
1125	200000000000074383	エルザム(ﾉｰﾏﾙ+)	8763
1126	800000000000015774	deith	8720
1127	1200000000000084193	Hosi	8714
1128	600000000000025843	シキ	8702
1129	1300000000000051891	yggdrasill	8668
1130	1200000000000055485	じい	8640
1131	1000000000000051375	しげきっくす	8635
1132	600000000000091261	ぜぶら	8631
1133	400000000000051520	マイトガイ	8592
1134	1000000000000056194	Hibiki	8562
1135	300000000000003721	Pen	8550
1136	24820	手巻きですし	8545
1137	800000000000014054	ﾛｼﾞｬｰ	8520
1138	1500000000000002258	春日高男	8519
1139	11851	ironfish	8488
1140	700000000000056167	らぎ	8472
1141	1500000000000033780	司書P	8469
1142	800000000000072086	S-カヲル	8460
1143	1400000000000096404	林芳樹	8443
1144	1200000000000099040	JHE EN	8433
1145	1500000000000086522	HANLINE	8432
1146	1300000000000022915	ケント	8418
1147	200000000000079631	かた	8394
1148	300000000000006675	クドリャフカP☆彡	8390
1149	500000000000007162	もふっこ	8341
1150	700000000000100194	step	8338
1151	97258	京介	8336
1152	500000000000000706	ヒルト	8295
1153	400000000000000006	煉瓦	8294
1154	1300000000000059121	kei	8263
1155	1300000000000008018	ファスフィー	8255
1156	300000000000094791	らじか	8245
1157	900000000000098562	Player 1007181625	8240
1158	1000000000000003461	灰色ぴかちゅう	8228
1159	1200000000000075829	てぃけぽん	8226
1160	1100000000000025230	たま(招待スルーしてください(｡-人-｡))	8178
1161	200000000000003017	kar3	8173
1162	1300000000000028943	みち	8172
1163	1500000000000046845	TAKAJ	8170
1164	1300000000000043654	しゅりね	8162
1165	300000000000010555	わたチャン♪	8144
1166	1100000000000010462	tasa	8141
1167	1100000000000095709	m	8135
1168	300000000000003485	kyunpo	8134
1169	80421	式．七夜	8129
1170	1100000000000003815	カイト	8113
1171	700000000000076706	てりやきごりら	8105
1172	800000000000097065	Player 1006711688	8086
1173	27047	ポリアカ	8073
1174	1000000000000098134	カミンスキー	8059
1175	100000000000007442	ナナ	8029
1176	1100000000000060018	zaqty	8022
1177	800000000000025138	ジョルノ	8016
1178	600000000000019478	ワーク	8008
1178	900000000000054067	しずかん	8008
1180	1200000000000022666	たっつあん	7990
1181	400000000000096524	コウタ	7988
1182	800000000000078556	カスコ	7985
1183	700000000000070045	しーとも	7968
1184	800000000000097273	たむまさ	7952
1185	800000000000095392	白藤	7929
1186	800000000000096773	美吹	7918
1187	1300000000000002945	ABOS@自然隊少将	7916
1188	300000000000052043	そーよし	7910
1189	700000000000010205	ほくろ	7885
1190	400000000000076701	秋目涼	7865
1191	400000000000001915	奄空	7840
1192	700000000000001786	一雫	7830
1192	1400000000000002746	ウサギ	7830
1194	1500000000000001117	もちもち＋	7824
1195	700000000000036209	ユキ	7812
1196	1300000000000082989	こんにゃく	7781
1197	900000000000092484	ホロ	7776
1198	1000000000000057249	G	7761
1199	1300000000000075903	Seung Jae Lee	7742
1200	600000000000081615	カイエン	7710
1200	1200000000000073870	キザハシ	7710
1202	200000000000078397	角の丸いまな板	7704
1203	1300000000000055666	さとう	7701
1204	1000000000000075167	ぬがー	7687
1205	700000000000049774	QED	7670
1206	200000000000031795	マックス	7632
1206	500000000000026899	Takajin	7632
1208	700000000000029957	下愚のばぱる	7628
1209	600000000000097830	ひよこ大魔王	7620
1210	39628	lyrica	7602
1211	200000000000036673	史@浜風P	7578
1212	1000000000000004391	kix	7569
1213	1000000000000086935	どばどば	7564
1214	1000000000000029590	☆+゜左之助 +☆″	7559
1215	400000000000003754	いいだっち	7513
1216	500000000000098424	xemnas	7460
1217	200000000000074531	がなみるは	7438
1218	1400000000000019884	くろさよなら蛍	7434
1219	300000000000009664	ドロッセル	7428
1220	1400000000000021931	オオハラ	7426
1221	200000000000012450	しゃゆ	7425
1221	1400000000000076197	くまp	7425
1223	1200000000000026647	ＴＷＲ００２	7406
1224	1500000000000097306	二階堂紅丸と神楽千鶴、合わせて二階堂千鶴	7404
1225	600000000000048872	alice3567	7364
1226	200000000000052036	DAIKI	7363
1227	500000000000093268	ヴァル	7354
1228	700000000000013343	リリカル	7348
1228	1300000000000016846	ｴﾙﾒｽ	7348
1230	400000000000099388	たしゅく	7331
1231	100000000000004188	hidexel	7329
1232	1500000000000005076	よごれ！	7310
1233	500000000000019747	mob_akg	7308
1234	700000000000096828	小学生メイド沢志保	7303
1235	1000000000000004295	へのい	7288
1236	700000000000025688	ぞう	7282
1237	200000000000059742	Inufuku66	7281
1238	1300000000000022686	アフロヘア	7245
1239	1300000000000004449	皆威	7200
1240	1400000000000021883	まっさん(ｽﾏﾎ)	7182
1241	700000000000004024	ナビエスト	7176
1242	300000000000052123	メティア	7140
1243	1000000000000085145	NAO	7110
1244	1500000000000035574	はぬ	7091
1245	1000000000000072250	IPenter	7090
1246	700000000000006975	やっすー	7084
1247	400000000000098730	どんぐり	7076
1248	19010	ちよすけ@たかまこP	7069
1249	200000000000050801	ついおぃ	7056
1250	1400000000000012018	とも	7042
1251	100000000000046545	美華	7029
1252	56058	アルバトロス	7020
1253	1200000000000087395	ガイヂ2	7018
1254	600000000000022711	エルカー	7002
1255	900000000000007921	神崎P	6995
1256	1500000000000055211	love_hurri	6989
1257	94010	流星	6985
1258	1100000000000002294	ナギ	6965
1259	700000000000003307	周防 尊	6955
1260	300000000000008429	トマボー	6954
1261	200000000000100726	けいけい	6949
1262	700000000000097714	chikuden	6931
1263	600000000000076283	くろ	6910
1264	1500000000000001897	エイジャァ	6870
1265	5932	まいける	6861
1266	800000000000015963	ニヤ	6854
1267	1000000000000009788	ゴック	6846
1268	400000000000091695	ビスモマイ	6840
1269	1500000000000096865	平ナギ助	6837
1270	300000000000002655	torotoro	6828
1271	500000000000002048	どぶろっち	6821
1272	1000000000000059149	まいなす	6811
1273	500000000000004520	コーギー	6808
1274	300000000000040588	三月	6805
1275	100000000000007383	りゅーりゅ	6769
1276	500000000000064728	K	6733
1277	1300000000000100009	レバちん	6731
1278	1100000000000051369	れむ	6716
1279	1100000000000095530	タケノコ	6702
1280	500000000000008035	きょう	6700
1281	1100000000000005675	アールー	6698
1282	800000000000061510	しょっぴー	6627
1283	700000000000002268	只見サトシ	6614
1284	100000000000006642	電人Q	6588
1285	600000000000024635	いぽい	6577
1286	1000000000000058019	皇帝	6569
1287	400000000000005895	Kei-kei39	6563
1288	700000000000082569	ユウキlv5	6545
1289	900000000000028001	レオ	6543
1290	28210	†セフィリア†	6536
1291	1300000000000002609	ミィ☆ありがとぉ☆感謝ですo(^▽^)o	6534
1292	600000000000000156	ぼっくる	6533
1293	600000000000093004	Grenade NA	6529
1293	1300000000000061953	Udon	6529
1295	1300000000000015888	Takapikata	6522
1296	1500000000000080249	モンブラン	6521
1297	1400000000000001246	しらたまこ	6517
1298	800000000000055797	ハタマム	6456
1299	1500000000000055675	じゅん	6444
1300	300000000000011175	わあげん	6416
1301	800000000000071822	PumpkinP	6413
1302	400000000000001290	ﾕｰﾀｽ SprouT	6384
1303	200000000000015667	グレート・カト	6376
1304	200000000000000471	国連	6342
1305	67698	あかまほうつかい	6328
1305	1300000000000013827	わんわん	6328
1307	97544	きむたい	6326
1308	800000000000026359	えも元帥	6318
1309	700000000000099378	かとっち	6303
1310	200000000000039430	ソッセジ	6294
1311	1400000000000051281	黒の油性ペン	6275
1312	1200000000000005203	田仲	6272
1313	1200000000000001328	こアみ	6256
1314	400000000000098967	スカイ	6251
1315	1500000000000100309	信長	6242
1316	41992	DEADMAN	6230
1317	1000000000000055794	やすひら	6212
1318	500000000000051083	虎姫＠奮闘中	6208
1319	1000000000000099300	Dra	6176
1320	400000000000077052	Azetry	6165
1321	1300000000000044305	HyperORCA★	6164
1322	200000000000004364	のりぴ	6151
1323	200000000000009064	月森	6150
1324	1300000000000015132	みお	6149
1325	400000000000005418	めかふ	6132
1326	1500000000000082868	からぽん	6114
1327	200000000000101592	M2:Dec	6103
1328	1000000000000068301	ねーね	6098
1329	1500000000000038844	まさしぃ	6069
1330	1300000000000002170	堅あげP	6014
1331	600000000000035614	アン@イシイみき	6013
1332	700000000000007049	芋長	6008
1333	1500000000000027362	エンペラー	5984
1334	1400000000000041270	乙女plug in実装してくれ（招待無視してください）。	5977
1335	200000000000001455	うさぎ部長	5975
1336	1100000000000006857	カツ	5944
1337	1100000000000080175	ルイス￥	5913
1338	100000000000054511	♪羽風しずく♪イクスシス仮の姿（笑）	5888
1339	11086	カミンスキー	5875
1340	100000000000011646	PON克	5873
1341	600000000000003789	トム	5865
1342	800000000000035319	えふぃー	5862
1343	100000000000100446	抹茶	5860
1344	800000000000028903	とーでん	5852
1345	1400000000000077551	ななさん	5838
1346	700000000000016741	夏維	5820
1347	500000000000000560	グらん	5810
1348	1100000000000095474	根っこ	5800
1349	300000000000098994	かび	5798
1349	1300000000000099725	閃光の舞姫エネ	5798
1351	500000000000081984	湶綉 朔姫	5778
1352	1400000000000002527	Suzutsuki-D-S/涼月	5774
1353	5516	そわか	5766
1354	1200000000000009528	チェックマン	5760
1355	1000000000000005895	ブライトレッド	5740
1356	600000000000030663	新郷 京　お宝プレゼント感謝m(_ _)m	5735
1357	700000000000012472	＼（^ｏ^）／	5731
1358	200000000000007302	ベム星Ｐ	5722
1359	300000000000009398	トキノ	5712
1360	80082	羽南	5706
1361	700000000000084077	アホ毛	5705
1362	1000000000000097138	tkp	5644
1363	1200000000000056519	神千楓P	5628
1364	17413	たけこV2	5620
1365	100000000000000440	たかにゃ†ひまわり†ヴァイスガチ勢	5614
1366	100000000000027189	チクリン	5578
1367	800000000000005062	がなＣ	5576
1368	1300000000000046803	ゼルア	5574
1369	900000000000040364	オッドボール三等軍曹(未來) 似てないﾅﾘをやってる者	5567
1370	300000000000013733	トッド	5544
1371	1000000000000022218	ヒロポン	5540
1372	800000000000002227	やまぶき＠同僚募集中	5533
1373	300000000000094523	umecook	5531
1374	1300000000000019714	kaya	5481
1375	200000000000000767	タケチ	5473
1376	1100000000000036594	ELIE	5472
1377	1100000000000095330	みやこ	5464
1377	1300000000000094016	ロベルト	5464
1379	1300000000000080244	ひでと	5458
1380	400000000000004618	モモ	5450
1381	1100000000000098196	よっしー６	5445
1382	600000000000003275	あつたや	5432
1383	100000000000000204	ザック	5423
1384	200000000000000013	なのですP	5411
1385	800000000000080896	Player 1004461224	5400
1385	900000000000046045	ひろさん	5400
1387	5742	Masi69	5387
1388	1100000000000000364	きのこ	5368
1389	1000000000000015156	ひさぎ	5336
1390	500000000000097238	2arrows	5319
1391	100000000000005102	うんち	5316
1391	1000000000000097325	ハルラン	5316
1391	1500000000000013918	モルディヴ	5316
1394	300000000000052080	綿屋	5314
1395	900000000000096733	Player 1006527401	5285
1396	400000000000086723	iris	5280
1397	300000000000042236	379	5277
1398	1500000000000003727	SOUL	5272
1399	600000000000000065	まはとま	5268
1400	400000000000005508	アフター	5262
1401	400000000000032461	エアロード	5256
1402	1100000000000020509	たけむに	5244
1403	1300000000000096365	Y'n	5233
1403	1400000000000003552	どんでん	5233
1405	300000000000007978	ノッピー	5225
1406	100000000000099118	リドリー	5223
1407	1300000000000055780	ピエ郎	5216
1408	100000000000096388	ぐう畜チック	5210
1409	1100000000000020647	サメハダ	5181
1410	1100000000000076720	オムレツ	5177
1411	500000000000072539	1002	5176
1412	300000000000057715	Mutehead	5160
1413	300000000000052473	セグウェイ	5155
1414	1300000000000086372	ton-ton	5153
1415	600000000000011305	梅雨	5142
1416	400000000000021839	DELF	5131
1417	100000000000085119	socha	5113
1418	913	cosign	5110
1419	1200000000000048817	朱鷺	5108
1420	1200000000000003556	ギップル	5102
1421	100000000000053112	RFM	5100
1422	1000000000000005878	莉乃 (in率低下)	5089
1423	1300000000000099568	Player 1007268349	5054
1424	1200000000000003255	jakalope	5048
1425	1500000000000073318	だーまえ	5037
1426	900000000000091094	Player 1005636297	5033
1427	500000000000101393	GuMiko	5019
1428	1100000000000002651	かぷり	5016
1429	400000000000091716	えもん	5005
1430	300000000000024717	シンゴ	4992
1431	900000000000011282	けんざぶろーちょっと釣りをお休みしますm(__)m	4990
1432	300000000000080403	ユウキ	4989
1433	300000000000034144	チャカ	4988
1434	600000000000018823	ちふみ	4984
1434	1200000000000012486	ゆきゆき	4984
1436	300000000000076836	断空我	4968
1437	400000000000027007	ひでっちFC	4956
1438	900000000000096337	うめうめこ	4952
1439	300000000000100636	穀物	4940
1440	400000000000039471	ｒｉｔａ	4936
1441	300000000000100919	のぶ	4898
1442	6410	四世村正	4886
1442	1500000000000100601	すみす	4886
1444	200000000000003184	きほいる	4875
1445	200000000000003540	べっち	4861
1446	13177	noriben	4856
1447	200000000000077681	悠	4849
1448	100000000000009409	まっこい	4844
1449	1100000000000010971	舞櫻	4842
1450	1400000000000008662	はちぽち＋	4840
1451	800000000000001171	datte～ｲｨﾔｧｯｯﾌｫｵｫｫｵｫｳｩ～	4815
1452	1000000000000098219	傀儡	4814
1453	1400000000000007126	クラウィス	4791
1454	1000000000000052320	ひょーえ。	4777
1455	400000000000049548	ukita	4766
1456	200000000000043269	毒茶	4761
1457	1300000000000010553	ひつじ	4749
1458	500000000000097847	トウヤ	4747
1459	300000000000008200	放浪人	4741
1460	700000000000050554	yu	4695
1461	700000000000099570	EXIT(えぐじっと)	4687
1462	1500000000000025240	にゃんちゅう	4684
1463	1400000000000046683	beezlegrub	4683
1464	1100000000000026909	Hical	4666
1465	700000000000057388	yu:ki	4664
1466	400000000000048224	かず	4653
1467	1300000000000022716	shaw	4609
1468	1200000000000033081	れた	4601
1469	83857	むつきち	4600
1470	1200000000000052219	木更	4594
1471	400000000000002136	ほっちょ	4585
1472	39850	枝河	4578
1473	400000000000100359	Regin	4575
1474	1500000000000017087	クロスケ	4571
1475	1000000000000082265	アスベル	4554
1476	900000000000079154	なまこ	4552
1477	1100000000000096276	皇疾風	4548
1478	1200000000000021823	なお	4542
1479	81617	ゼロ	4541
1480	1200000000000083611	真赤	4521
1481	200000000000012006	ペタ	4500
1482	1500000000000083014	桐生 銀弥	4495
1483	1100000000000094813	しめさば	4489
1484	1200000000000006905	ぼふP	4487
1485	300000000000096222	爽	4478
1486	1000000000000020546	ごう	4472
1487	1200000000000003688	マッツ	4450
1488	1300000000000037049	マイケル	4445
1489	1100000000000099539	リョウタP	4428
1490	500000000000004135	SUPER GT∞R	4408
1491	400000000000045235	華音(カノン)	4406
1492	200000000000079594	mark	4389
1493	1500000000000010274	みずこな	4374
1494	600000000000001388	たく	4356
1495	1200000000000099736	スリカータ	4344
1496	200000000000032540	仮面ライダー884号	4342
1497	1400000000000007702	ライラ	4340
1498	1400000000000095266	蚊遣豚	4329
1499	600000000000027730	はるか♪	4305
1500	1300000000000093637	まるごとレタス	4286
1501	1200000000000100518	Player 1008236972	4283
1502	300000000000044175	ひろ＊	4277
1503	600000000000049006	ハチ	4271
1504	300000000000085155	蛇道楽	4269
1505	87240	ダジワン	4255
1506	300000000000029494	みっちー	4252
1506	1300000000000061993	珈琲	4252
1508	700000000000096373	Player 1006313943	4237
1509	700000000000092129	Player 1005673735	4221
1510	1200000000000045995	ゆうか	4205
1511	1400000000000026813	K.Matsu	4196
1512	200000000000010793	雲鯨	4177
1513	400000000000005022	だむどむ	4159
1514	100000000000075219	はやす	4158
1514	800000000000006160	雪女の氷麗	4158
1516	51694	meets	4135
1517	1000000000000004353	dameganex	4122
1518	800000000000097239	大鍋	4121
1519	800000000000100227	そのか	4120
1520	400000000000080462	樋塚	4073
1521	500000000000098053	久瀬	4072
1522	1300000000000014648	∠( 'ω')／	4056
1522	1300000000000028214	こじ	4056
1524	700000000000004683	YAS♪	4046
1525	1300000000000013155	缶切り	4044
1526	1000000000000014139	宴枕	4020
1527	500000000000058770	あせろら	4008
1528	500000000000019310	ファイア	3990
1529	400000000000098249	とかげ	3987
1530	100000000000012026	朱稀	3960
1530	100000000000054040	真冬	3960
1532	300000000000085179	クロエレナ	3958
1532	1500000000000077003	じょんそん	3958
1534	400000000000086457	健一郎	3931
1535	300000000000094678	jmmy1114	3920
1536	1300000000000076726	しーな	3887
1537	1100000000000042095	HERO　祝天翔竿解放!お仲間さんに感謝です！	3879
1538	600000000000052922	yuri	3866
1539	400000000000082824	seno	3864
1539	1200000000000100510	単細胞生物	3864
1539	1300000000000095357	a3930032	3864
1542	100000000000014550	ﾃﾞｸｽ_皆に感謝、マイペースです〈仕事多忙〉	3850
1543	1400000000000011638	直人	3848
1544	1100000000000037221	hiro	3840
1545	700000000000094439	タンスの隣に	3834
1546	1500000000000009115	NT-R	3823
1547	1500000000000054815	ひなた	3808
1548	600000000000073965	ソラ	3806
1549	400000000000020616	ＲＹＯ	3794
1549	700000000000008769	laboneet	3794
1551	400000000000074763	河邑	3770
1552	47884	アドルフィ	3769
1553	1000000000000033942	ログイン	3759
1554	1300000000000001330	N二階堂ちゃん道場	3752
1555	700000000000053964	ヒロ	3746
1556	900000000000099724	103	3741
1557	300000000000081878	Player 1004610851	3725
1558	1400000000000002472	大吟醸	3722
1559	1400000000000079648	leoding	3700
1560	1000000000000080188	Kon	3689
1561	800000000000098750	築山	3688
1562	400000000000085781	Dかんたー	3684
1563	1200000000000028121	U.N.オーエン	3682
1564	200000000000076000	てん	3660
1565	1100000000000050437	ドクP@BMDお疲れ様でした！	3652
1566	1000000000000010076	アフタースクーるっきー	3636
1566	1300000000000007309	ひおーぐう	3636
1568	1300000000000050466	名人【関東木村式】	3633
1569	900000000000047064	ツバキ	3632
1570	900000000000010488	うへの	3626
1571	1200000000000075781	サニー	3615
1572	800000000000081679	ひんその弟	3612
1573	1200000000000012816	そば屋	3610
1574	700000000000004495	楠木@BMD相互埋め募集(出まつり美也)	3603
1575	900000000000007715	ダイ	3600
1576	1000000000000003596	イチ	3595
1577	1000000000000028018	じゅまん	3594
1578	700000000000012816	ロックスたー	3592
1579	600000000000010527	サーロン	3584
1579	1300000000000002693	Eit	3584
1581	1200000000000056938	フランチェスカ	3581
1582	300000000000045970	しろくも	3564
1582	600000000000036753	ｍａｏ	3564
1584	1300000000000097504	Dr.コトー	3545
1585	300000000000008764	ヨシケイ	3542
1586	700000000000056971	JEGAN	3532
1587	1500000000000025438	asa	3530
1588	400000000000051084	マナティ	3529
1589	1300000000000100583	だいだら	3524
1590	1500000000000024098	ぶてぃ	3518
1591	1000000000000075433	jazu1980	3516
1592	700000000000085054	ばんちょ	3509
1593	1300000000000005504	おぎＰ	3500
1594	600000000000032223	ロード	3493
1595	96634	WoLF	3487
1596	700000000000011652	Durango	3480
1597	200000000000001302	ばっくす	3465
1598	700000000000016365	ケイン	3462
1599	700000000000016587	龍虎	3458
1600	1500000000000058619	パンナコッタ	3456
1601	900000000000017130	ﾅﾏﾗ(+_+)ﾀﾎﾞｳ? ♪ﾈｺｳｻｷﾞ	3437
1602	1200000000000007259	蒼耶∞	3423
1603	1400000000000076603	電信柱	3420
1604	1000000000000023715	こだぬきっど	3400
1605	1400000000000045216	かきくくた	3396
1606	600000000000097534	アクト	3395
1607	400000000000005648	タク	3388
1608	700000000000096062	Ukyo 女装ちぅ	3385
1608	800000000000026060	雪兎 【美龍麗・絆】協力ありがとうございます。	3385
1610	1500000000000000221	ヤットP	3383
1611	1400000000000004570	ゴクツブシ	3376
1612	100000000000038556	かず	3374
1613	1500000000000002090	Kyoju	3373
1614	700000000000021627	アキラ	3368
1615	101	ジェイ	3361
1616	1500000000000096454	pola	3360
1617	300000000000006717	カイムサ	3353
1618	600000000000006108	びーる	3349
1619	1100000000000096279	ミリ娘	3348
1620	1500000000000100337	のりぞう	3345
1621	1200000000000054868	しのーじ	3336
1622	1100000000000078219	なぎ	3320
1623	1000000000000004913	ミズ	3317
1624	800000000000095937	キドニー	3307
1625	100000000000030567	えどがわ	3304
1626	300000000000007460	雪花	3295
1627	1300000000000007389	ばびるし	3292
1628	600000000000053013	snow	3290
1629	500000000000028284	副作用	3283
1630	400000000000002491	kenken1	3276
1630	700000000000080913	ただあき	3276
1632	500000000000005084	あさくらさん	3255
1633	400000000000062216	朔弥	3240
1633	700000000000061990	がもり	3240
1635	400000000000050286	aqua0331	3232
1636	600000000000057632	よし	3225
1637	1000000000000052741	三千代	3215
1638	800000000000008097	クロム	3204
1639	1500000000000000880	ザキザキ	3203
1640	1000000000000045021	とも☆低迷中(OдO`) 無言ごめんね(‥;)	3194
1641	94238	よーろー	3193
1641	1500000000000101031	NEBARI	3193
1643	700000000000032355	ゆうひ[ご協力ありがとうございます]	3192
1644	1300000000000011953	タックン	3186
1645	1300000000000095402	ナギサ	3180
1646	300000000000096014	ぷらせぼ	3179
1647	400000000000100158	Ferro	3177
1648	1000000000000000834	Yasami	3156
1649	61920	タムゥ	3150
1649	900000000000084889	土佐鰹	3150
1651	600000000000051475	たれ耳白兎	3148
1652	1300000000000076914	zzz	3147
1653	800000000000042472	クロン	3140
1654	19966	a	3136
1655	900000000000050134	カイバーン	3133
1656	600000000000098304	アオキ	3131
1657	1300000000000075891	みむ	3130
1658	1100000000000098313	mar。	3129
1659	500000000000091669	エンペラ	3122
1660	100000000000085703	おとむ	3118
1661	100000000000024256	ハネナシバチ	3115
1662	700000000000050627	カリス	3110
1663	1400000000000006220	特命係	3108
1664	1200000000000094767	Player 1006206156	3107
1665	100000000000099112	ありしあ	3096
1666	900000000000053375	humi	3092
1667	1100000000000007263	みたまくら@ねら（修行中）	3085
1668	1000000000000006021	にこ	3079
1669	1300000000000028958	うみんつ	3067
1670	1500000000000083749	大和	3063
1671	400000000000028945	カプル	3059
1672	300000000000097474	ジッロ	3056
1673	1100000000000029021	cortex-A9	3048
1674	800000000000080790	アキサト	3035
1675	200000000000018252	manbo	3027
1676	900000000000092872	かえる*冬眠中*ｺﾒ無しｽﾐﾏｾﾝ	3009
1677	400000000000055726	さら	3008
1678	600000000000098227	キング	2999
1679	1500000000000010470	燈穂	2987
1680	100000000000014403	古賀佐之助	2985
1681	200000000000001665	なあ	2976
1682	200000000000093857	bystander	2962
1682	400000000000028640	bereugoseu	2962
1684	500000000000100756	蝉松	2957
1685	700000000000057502	シュウカ@マイペースP	2956
1686	700000000000013428	ポチ	2940
1687	500000000000094209	やわらかん	2933
1688	300000000000066209	まろんちゃん	2892
1689	300000000000055542	R団＠愛と真実の悪を貫くラブリ(ry	2890
1690	100000000000011893	ふくろう	2880
1690	500000000000096564	太田浩司	2880
1690	1100000000000007290	10mo	2880
1693	500000000000006157	89	2869
1694	1200000000000030304	Flak18	2868
1695	1300000000000011524	サニーボーイ	2863
1696	300000000000026189	フックー	2855
1697	1200000000000097233	i.c.e.9	2837
1698	300000000000021143	ナハト	2830
1699	800000000000029961	エンカー	2814
1700	1000000000000082530	タコス	2801
1701	200000000000087299	さこのま	2795
1702	1300000000000062996	きー	2785
1703	200000000000001521	ドラキー	2784
1704	1200000000000100499	白湯P	2780
1705	700000000000027807	Kondo☆	2776
1705	1400000000000006520	わこ	2776
1707	200000000000003852	ＴＩＧＥＲ	2773
1708	1300000000000014573	荒井テル＠小鳥さん愛してる	2766
1709	700000000000054178	VARIS	2724
1710	1100000000000003925	惇	2721
1711	1400000000000101597	ピニャエル	2720
1712	1000000000000097895	あろんあるふぁ	2702
1713	100000000000047509	くらら	2685
1714	300000000000099104	くま	2675
1715	700000000000022319	∞さくら∞	2674
1716	1300000000000063324	ジャン	2673
1717	700000000000084898	鈴蘭	2666
1718	300000000000002324	ー	2662
1719	1500000000000005836	シェルパ	2655
1720	100000000000006995	こめかる	2649
1721	700000000000075754	麻	2646
1722	1400000000000084289	マキロン	2640
1723	1100000000000100881	色紙	2639
1724	1200000000000005438	キクリン	2624
1725	1000000000000030519	マキジ	2620
1726	500000000000016604	シオン	2604
1727	400000000000078518	榛	2602
1728	600000000000050718	キミツ	2594
1729	300000000000007491	アクセル	2587
1730	400000000000041733	クリアランス	2579
1731	1000000000000027892	篁	2550
1732	1300000000000045057	りらっくま	2548
1733	1100000000000101187	さいね	2540
1734	200000000000001778	にふにふ	2528
1735	1100000000000003552	【AIR KING】ToHi【滝沢】	2517
1736	900000000000045255	ラッキー	2503
1737	700000000000019609	生薑湯	2501
1738	700000000000003766	もりまる	2496
1739	1200000000000096063	シュン	2494
1740	1200000000000013042	とーふや	2493
1741	1000000000000096953	マイヤー	2492
1742	1400000000000098907	ダンナー	2477
1743	1100000000000021378	ましひろ。役立たずでスンマセン。	2472
1744	1200000000000003017	そうび	2466
1744	1500000000000080309	樹市	2466
1744	1500000000000101010	TaTaRa	2466
1747	100000000000019305	イムニティ	2450
1748	1300000000000032388	ゆん	2449
1749	101330	Player 1008327920	2437
1750	700000000000098368	タッチャン	2435
1751	100000000000006878	Ｚａｎｋ	2420
1752	600000000000096405	エスカマリ	2409
1753	85334	小兎	2400
1753	400000000000004174	にぎりこぶし	2400
1755	400000000000046886	ワラキア	2387
1756	200000000000056379	ねこ	2384
1757	300000000000085135	サイネリア	2379
1758	1300000000000038919	神楽坂こうしろう	2371
1758	1400000000000000798	あずさ5号	2371
1758	1500000000000099586	じまみあす	2371
1761	100000000000003612	サニー	2368
1762	1300000000000057063	ジュニア	2360
1763	800000000000077051	ノゴロー	2355
1764	95135	カヅキ	2346
1765	47777	p@Pa	2340
1766	400000000000009249	ぺこち	2313
1767	300000000000053232	446	2312
1768	1200000000000010653	ちょこりんご	2308
1769	100000000000002732	たにゃとす	2290
1769	1100000000000044610	petit-mint@最近リアルが忙しい orz...	2290
1771	1200000000000036948	lihime	2276
1772	1400000000000001462	トモ	2265
1773	500000000000000389	でっど	2247
1774	6068	てつ	2242
1775	200000000000018950	渡守	2214
1776	500000000000029736	ぷり夫	2208
1777	1400000000000077824	とときん	2205
1778	97649	くずてつ	2193
1779	47619	Ｄｏｌｌ	2191
1780	200000000000052523	はまち	2189
1781	100000000000015180	リョウヤ	2181
1782	300000000000091200	asimo78	2168
1783	1200000000000086259	なおのすけ	2163
1784	300000000000051649	KⅡ＠	2159
1785	1000000000000003924	特になし	2158
1786	98532	スピアー	2154
1787	600000000000098123	よもぎ	2140
1788	86599	たん	2139
1789	500000000000043130	GJMTPW	2134
1790	500000000000077415	すふれ	2122
1791	1200000000000023960	平　秋紘	2115
1792	1400000000000097182	塩缶	2106
1793	1300000000000100761	はせ	2101
1794	39905	alone	2100
1795	400000000000010736	た	2060
1796	600000000000034545	ひろ野武士☆[布団]ョД`*)☆	2057
1797	100000000000096378	蒼月	2040
1798	1200000000000056956	霧雨店長	2032
1799	800000000000006780	きぬがさ▼	2027
1800	800000000000008455	シャック	1998
1801	1500000000000046531	自由（）	1995
1802	1500000000000098781	うんすけ	1974
1803	300000000000000238	カエル	1964
1804	1400000000000016066	レンドル	1953
1805	600000000000101117	Player 1008334262	1952
1805	1200000000000009248	こうが	1952
1807	1000000000000086794	もっつ	1950
1808	800000000000033196	みやこ	1949
1809	1200000000000062452	ジョージ	1948
1810	1500000000000100825	テト	1944
1811	96584	plus	1940
1812	800000000000004549	ぬっこ	1930
1813	400000000000101131	あお	1917
1814	500000000000082284	ピクルス	1902
1815	300000000000030261	えつお	1896
1815	600000000000059827	大	1896
1817	2315	蜆120%	1890
1818	800000000000068557	アイソン	1888
1819	1300000000000004499	まんじゅう	1885
1820	1200000000000080976	茶茶	1881
1821	1300000000000080396	次郎ちゃん	1877
1822	100000000000041379	コタ	1873
1823	500000000000074480	kokaP	1864
1824	1400000000000055368	雪丸	1856
1825	44209	ＰＯＫＯＴＥＮＧ	1855
1826	500000000000100658	〇やん	1848
1827	500000000000026374	むじな	1843
1828	1000000000000004430	たんこぶ	1834
1829	400000000000086285	Di	1831
1830	700000000000015931	お米	1830
1831	600000000000000973	まさあき	1828
1832	1200000000000051084	はんぺん丸	1827
1833	1500000000000005055	debo	1824
1834	1000000000000000560	覚醒春香	1802
1835	46791	にこれっと	1788
1835	400000000000006992	エビナ	1788
1837	1400000000000000358	ゲキタ	1782
1838	1100000000000007648	４号艇	1767
1839	400000000000058704	DangerousDBZ	1762
1839	1500000000000061536	みゆう	1762
1841	900000000000081796	ねるねるねるね(ねるねP)	1759
1842	9707	えふに	1752
1842	100000000000082382	ルグ~ぺ	1752
1844	100000000000001437	ﾄﾖ	1740
1845	900000000000026652	門番	1738
1846	1500000000000038925	クロッカス	1735
1847	700000000000000158	みるき～	1716
1847	900000000000000999	偽典ワキサリスGXーのんびり復帰ー	1716
1847	1100000000000096785	ヤマック	1716
1850	500000000000021522	ロードカレン	1713
1851	1100000000000060836	晃	1708
1852	99809	ししょー	1704
1853	1400000000000024114	ユーリ	1693
1854	1300000000000001977	あんまく	1686
1855	800000000000003322	わだち	1677
1856	200000000000074016	ねねちゃんちー@サンシャイナー	1667
1857	300000000000032562	天城龍慶	1665
1858	1300000000000037731	さらみ	1662
1859	1200000000000094734	fumi	1654
1860	1000000000000053940	@なかしこ	1647
1861	82443	おまえ	1644
1862	700000000000010304	kawasonic	1633
1863	1300000000000000644	なばと	1622
1864	1300000000000005736	まあくん	1620
1865	900000000000086396	アトリ	1614
1865	1500000000000016355	みんご222	1614
1867	600000000000004675	黒瀬	1609
1868	300000000000050652	ティルブル	1606
1869	900000000000037133	ぬしおか	1595
1870	1200000000000050816	セフィラ	1594
1871	100000000000011651	ゆきまる	1592
1872	800000000000086087	楽聖	1581
1873	300000000000058161	まみこ革命δ(゛=゛δ)	1559
1874	500000000000054565	ラギ@	1551
1875	1000000000000087628	野立香織   Rest in peace...	1545
1876	400000000000080237	tokobie	1535
1877	1000000000000101136	Player 1008274394	1533
1878	200000000000004688	古手	1529
1879	100000000000101245	ハッピースケ	1523
1879	600000000000025592	デンキウナギ	1523
1881	1000000000000010813	ATX	1520
1881	1500000000000086855	こみや	1520
1883	100000000000101049	参寺	1518
1884	100000000000071745	美山	1514
1884	900000000000015030	TMG	1514
1886	600000000000082093	ぴよすけ	1512
1887	39213	驚きを隠せない!!!!	1509
1888	400000000000000233	Ni	1493
1888	1100000000000032790	白☆	1493
1890	300000000000004541	ハル	1488
1890	500000000000062210	193	1488
1892	1300000000000000256	まこ	1466
1893	1500000000000072177	すぎし	1465
1894	200000000000009061	ぐっじょぶ	1462
1895	600000000000099901	あい	1458
1896	6729	ダニ	1455
1896	500000000000097972	suu	1455
1898	700000000000015352	ボルボロス	1452
1899	600000000000097450	めがみ	1448
1900	600000000000013369	藤	1442
1901	1300000000000096770	にんじんもやし	1430
1902	1300000000000047865	ユーテー	1429
1903	400000000000093245	ユウ	1425
1904	1300000000000101816	さくら	1409
1905	600000000000002216	miporin77[がんばろう熊本・大分]	1401
1906	300000000000100873	Player 1008321859	1379
1907	700000000000086927	総則と各論	1375
1908	200000000000039604	スティーブ	1374
1909	900000000000076993	うつほ	1373
1910	700000000000003425	何残	1348
1911	900000000000080599	コワモネ	1339
1912	400000000000022687	デルソル	1336
1913	700000000000003595	かわーの	1334
1914	400000000000037155	萩原 雪歩	1330
1915	1200000000000001795	ミケ	1323
1916	1500000000000045910	79010103	1320
1917	2561	いいぼう	1311
1918	1000000000000095360	Player 1006221546	1296
1919	200000000000078431	のり	1295
1920	500000000000032654	タン-タン	1292
1921	900000000000100406	梨茶	1275
1921	1000000000000081490	ポチ	1275
1923	100000000000032214	ニック	1274
1924	200000000000002931	nemoji1	1262
1925	97973	Player 1006898960	1256
1926	900000000000100606	ねこはる	1255
1927	1300000000000079999	サウンドウェーブ	1250
1928	100000000000083426	イヌカレー	1241
1929	1000000000000101070	ザ・リバプール	1239
1930	1000000000000022068	紀斗	1227
1931	400000000000003729	土御門刹那	1224
1932	1000000000000026257	ｴﾛﾛ軍曹  仕事多忙(*_*)	1218
1933	1000000000000008550	でって	1212
1934	500000000000099574	ハンジ	1189
1935	200000000000024845	ふ	1187
1936	1500000000000054125	はいだ	1173
1937	1300000000000096203	シャマル	1172
1938	700000000000012543	メグー	1171
1938	1300000000000050111	ノマサ	1171
1940	300000000000006250	タツミ	1166
1941	900000000000097226	ししだ	1156
1942	1400000000000037266	ほ？	1150
1943	1100000000000096931	みりＯＮ	1144
1944	100000000000008571	ザーボン	1140
1945	500000000000101039	サンデー	1129
1946	100000000000080854	bonafides	1125
1947	500000000000100022	iou	1123
1948	600000000000048862	マサムネ	1105
1949	600000000000085392	もぐすけじ	1103
1950	1000000000000096324	くら＠同僚募集中	1102
1951	500000000000001478	トリハス	1099
1952	200000000000049859	トゥルスケ	1097
1953	100000000000096661	やよかず	1095
1953	700000000000094441	らむりん	1095
1953	800000000000006550	ビーグル	1095
1956	1100000000000000811	快盗レトルト	1093
1957	1100000000000075182	MONTA@望月道場☆	1090
1958	1400000000000062282	カムチェ	1088
1959	1500000000000080310	サンジ	1087
1960	1400000000000075574	hatoniesawoagen	1086
1961	600000000000029247	めんとりあん	1082
1962	700000000000077160	あひる	1080
1962	1200000000000016953	けい	1080
1962	1400000000000000954	ゾルダー	1080
1965	900000000000087989	マツ	1076
1966	1400000000000101362	Ｒ１	1074
1967	400000000000027714	エンジ	1058
1968	101466	☆†てんちゃん†☆	1057
1969	800000000000024037	レイスト	1054
1970	75253	noname	1050
1970	500000000000055763	しおんはるひこ＠大空蛮児胃之伍拾伍番	1050
1972	600000000000050638	ひろろんsh	1043
1973	500000000000002342	もか	1040
1973	600000000000062018	板尾	1040
1975	700000000000058461	ゆうぼう	1039
1976	1000000000000051740	マカク	1033
1977	1200000000000011006	ゆー・Dada	1031
1978	5962	やるせない上田	1026
1979	600000000000061571	16回切りが出来そうな人	1024
1980	1500000000000096931	オウジュ	1018
1981	900000000000073916	オーレオリン	1008
1982	100000000000003130	ちま	1007
1983	300000000000099771	ラルド	1006
1983	1100000000000004121	じゃぱん	1006
1985	800000000000007642	PYU作	1004
1986	300000000000097928	バレ	999
1987	1000000000000001542	takefour@スケアクロウP	988
1988	1200000000000094541	間宮	985
1989	400000000000099786	さち	982
1990	200000000000000498	あーる	981
1991	300000000000049222	がちゃ	975
1992	200000000000011144	あすとらながん	973
1993	1200000000000002085	うどん	970
1994	1500000000000001599	あきら	960
1994	1500000000000097369	わか	960
1996	1200000000000090044	銀河	956
1997	900000000000003682	もっちぃ	953
1998	200000000000000519	のんちゃん	950
1999	1200000000000097916	よう	942
2000	101442	やち	929
2000	200000000000002780	みうる（アルモニカP）	929
2002	400000000000096235	やさこ  多忙	924
2003	900000000000038171	jiro	920
2004	1200000000000053761	Shige	914
2005	200000000000001633	浮雪	913
2006	200000000000033055	GAN-Q_2	906
2007	100000000000055769	gut	905
2007	1400000000000003834	すばらしき新世界	905
2009	1200000000000005202	tostossot	904
2010	1500000000000000928	ゆうちん	899
2011	400000000000054518	spitz	896
2012	100000000000062361	wac	892
2013	300000000000096461	あみ	890
2014	1100000000000004286	ユーリカ	889
2015	700000000000009920	NAVY	877
2015	1100000000000022163	神宮寺	877
2017	900000000000003214	zzzubrowka	875
2017	1100000000000033468	ネシンバラ	875
2019	1100000000000011321	はじ	867
2020	200000000000003548	tow-mas	855
2021	1200000000000001806	Uターン	849
2022	1300000000000002420	厳暁	840
2023	700000000000052393	秀(しゅう)	833
2023	800000000000025022	てっちゃん	833
2025	400000000000076820	ぼーるぺん	830
2026	1000000000000085626	にしゆ	827
2027	800000000000000099	Lips	826
2028	1300000000000053293	チョビ(手乗り)	825
2029	100000000000100790	三船	822
2030	800000000000005336	EIM	820
2031	100000000000004116	PRO.S	809
2031	1200000000000027595	koikaze	809
2033	800000000000078804	リョウ	807
2034	1400000000000101433	ありんこ	803
2035	20473	山猿改	795
2036	300000000000003959	タケちゃん	787
2037	600000000000099932	境界性	784
2038	700000000000008350	onc212	770
2038	1400000000000081179	ムク	770
2040	700000000000101317	ひこさん	762
2041	100000000000042770	rexs	756
2042	400000000000006844	しず(ﾊﾃﾅｯﾁＫ)＠名古屋	751
2043	600000000000100745	bandersna06	750
2043	700000000000040888	menta	750
2043	1500000000000070387	さゆき	750
2046	700000000000037017	雄大фやっぱり福浦はカッコイイ！	744
2047	1500000000000007695	のぶりん	735
2048	200000000000096490	りすりす	731
2049	400000000000003812	アカギ	730
2050	67763	ゆうこ	720
2051	500000000000046684	ぽめこ	710
2052	100000000000100712	ケイイチ	702
2053	100000000000086013	ダーヤマ	686
2054	1100000000000075160	ｺﾘﾙ★RS:風邪ひいた…(´ρ`)	682
2055	100000000000097927	佐々木	676
2055	1300000000000101667	熊猫	676
2057	900000000000095899	アサナマラ	667
2058	100000000000073917	なむる	661
2059	200000000000097117	Dt	658
2060	1300000000000097553	Player 1006570877	656
2061	1100000000000100354	かるの	651
2062	800000000000099768	フカノ	648
2063	400000000000067533	すずね	647
2064	1400000000000065068	Player 1002081262	641
2065	900000000000059885	ゆきぽん	630
2066	600000000000061954	ちた	628
2067	100000000000011046	Mok-take	625
2067	800000000000004994	ホリデイ	625
2069	1100000000000004552	スコール	624
2070	300000000000096239	鷹匠	620
2071	1300000000000041440	なみえ	612
2072	200000000000050587	詠	609
2073	500000000000085320	ひろ	603
2074	1993	ゆう	595
2075	200000000000096555	インスペクター	590
2076	1200000000000042072	藤	589
2077	1000000000000045369	坂阿花田	587
2078	200000000000097921	Player 1006813058	586
2079	1300000000000080665	そでこ	584
2080	600000000000077732	みっち	582
2081	800000000000029325	Snow Rabbit	576
2082	1000000000000099453	utatamin	573
2083	300000000000081557	くろちゃー	568
2083	900000000000100531	かみかみかー	568
2085	1400000000000100526	nini	558
2086	100000000000085479	従者	553
2087	100000000000098757	七夏	552
2088	99295	ゲペルニッチ	550
2088	1300000000000067883	いずみ	550
2090	700000000000093572	ミチ。	549
2091	900000000000100156	Player 1008024441	542
2092	300000000000019097	でっくん	534
2092	1500000000000008822	あるぴー	534
2092	1500000000000097133	Masaya Ono	534
2095	100000000000007427	猫ＭＫ-Ⅱ	531
2095	1400000000000056051	花華無	531
2097	600000000000079034	うっどべるー3	528
2098	1200000000000037102	けぃたぃ刑事	527
2099	300000000000003394	イーター	525
2100	100000000000093550	ぶらん	524
2101	800000000000054673	やま	522
2102	400000000000073996	ライライ	514
2103	100000000000082889	Re-Saki	506
2104	600000000000097231	れてえ	504
2105	1000000000000088166	もち	499
2106	200000000000051852	かわはらなお	496
2107	200000000000034701	くたくた	495
2108	1000000000000027523	シン	493
2109	1200000000000078402	アッタロス	489
2110	200000000000098893	バートン	485
2110	400000000000086918	赤椿	485
2112	400000000000020720	FYDEM	482
2112	1000000000000003169	かとる(ぺん)＠同僚募集中	482
2114	700000000000043147	ｲｶﾞﾎﾟﾝ	480
2114	1300000000000086964	アルセ	480
2116	200000000000056338	ももんがぁ	478
2116	900000000000004045	エメグリ	478
2116	900000000000015868	千影	478
2119	200000000000098624	神崎美月許さない	476
2120	400000000000011097	ひよこ	475
2121	300000000000100281	Player 1008086147	474
2122	1500000000000094155	sugiko	472
2123	200000000000080573	みしろ	471
2124	600000000000061277	オックン	468
2124	1000000000000004569	ミン	468
2126	1400000000000101623	手作りの武道館	462
2127	900000000000027662	ひろ	461
2128	1500000000000088137	お爺さん	460
2129	1100000000000020048	Haruchiha	444
2130	100000000000097184	Onion	442
2131	1500000000000085231	ゼン	432
2132	1300000000000101741	Player 1008356829	431
2133	100000000000001485	ナツP	428
2134	100000000000096018	ユッキー	426
2135	100000000000012807	しょうりん	423
2136	900000000000098535	ペン三	419
2137	1400000000000006449	イッサ	414
2138	600000000000098410	natti0721	413
2139	1300000000000028087	天王星	394
2140	700000000000006234	ちびヌコ@みーたん	382
2141	1300000000000098544	Metal Max	378
2142	400000000000020634	かつみ	377
2142	1400000000000096380	鯛ちゃん∮55∮舞踊【風】皆様のお陰m(__)m☆６貰えました	377
2144	1500000000000001847	平渡	376
2145	1000000000000009462	メガニウム	367
2146	200000000000059510	シロ	360
2146	200000000000074714	OMAME004	360
2146	500000000000006094	馬超	360
2146	1300000000000046740	やご	360
2146	1500000000000010370	新しいフォルダ	360
2151	1300000000000100731	Козырёк	354
2152	100000000000020788	ヴァルーザ	352
2153	1000000000000083823	真	349
2154	900000000000098952	ハルナ	348
2155	500000000000083759	レーヌ	346
2155	1200000000000096500	一方通行	346
2157	300000000000047385	生徒会長	344
2158	400000000000100966	Player 1008322516	342
2158	800000000000100561	カマ蔵	342
2160	1400000000000101240	∞ERI∞《☆ROCKON☆》	341
2161	900000000000036307	カトレア	338
2162	500000000000082333	Xanavi	336
2163	500000000000002168	這い寄る混沌	333
2164	1300000000000101536	お気楽ゴン太	330
2165	100000000000035630	うな	328
2166	1300000000000050181	きーこ	327
2167	900000000000003059	如水P	326
2168	1000000000000000266	雷神竜	325
2169	400000000000099558	はぎー	320
2169	1000000000000085412	あずき	320
2171	2423	ｾｲﾒｲ	312
2171	500000000000056130	なむこ	312
2171	700000000000031822	まーぼ～	312
2174	500000000000097132	Player 1006563077	309
2175	500000000000080803	くろっく	304
2176	300000000000003876	ひでっち	303
2176	800000000000004031	utena	303
2178	700000000000101783	にけらん	301
2179	9321	いすき	300
2180	101053	ミニスタ	298
2180	1500000000000097403	リュート	298
2182	700000000000044977	DD	293
2183	1000000000000053141	しょーた	289
2184	1300000000000098731	妃菜	287
2185	700000000000101706	iure	278
2186	1000000000000085665	キャプテンルサンチマン	277
2187	1500000000000052332	竹	273
2188	1400000000000101694	haru122	271
2189	900000000000085328	けしかす	270
2190	1100000000000100987	Shaika	268
2191	16442	アルファーまん	262
2191	1000000000000101472	取得できませんでした	262
2193	900000000000100963	552888	258
2194	400000000000098229	ヨッシー７	250
2195	1500000000000101121	Player 1008301311	247
2196	600000000000083844	まさ	244
2197	300000000000096689	もに	239
2198	1000000000000095395	うらッピ～。	238
2199	400000000000096236	ｔｇｒｎ	237
2199	1100000000000096756	swy	237
2201	300000000000080157	たかお	236
2201	1400000000000101274	シマゴン	236
2203	800000000000093138	真	235
2204	1100000000000092833	きなこ	231
2205	1300000000000051777	トリトリ	230
2206	800000000000100833	べにしょうが	229
2207	1100000000000087242	ら	226
2208	400000000000010138	大豆	224
2208	500000000000022470	かじお@濁りカルピス始めました	224
2210	100000000000058947	ミジー	223
2211	1500000000000101116	アギアス	220
2212	400000000000001540	カー	218
2212	900000000000075593	LIN	218
2214	1500000000000101214	サダノリ	214
2215	1400000000000099311	Player 1007231294	210
2216	1000000000000096902	Player 1006469546	208
2217	700000000000097412	スカルメン	207
2218	1100000000000101200	長月	206
2219	200000000000078768	クリップ	199
2220	1500000000000002562	やま	198
2221	1200000000000077342	tru+++	196
2222	600000000000057528	ロジコ	194
2223	400000000000079727	Kaoru Akashi	191
2224	1100000000000012100	yuta1983	184
2225	600000000000100172	オノマトペ	182
2226	400000000000003028	ジュンヤ	180
2227	1200000000000100888	桃子パイセン	178
2228	700000000000012396	コークル	177
2229	1500000000000101342	桜　花凜	176
2230	500000000000098670	ペドラザ	173
2231	1300000000000085852	Player 1005003485	172
2232	1400000000000100554	雨戸	171
2233	200000000000099962	lijianfei1992222	170
2234	1100000000000049810	ひめかわP	169
2235	1100000000000100279	???	165
2236	500000000000100386	Player 1007954693	162
2237	400000000000009127	ほう	158
2238	500000000000056720	伴野摩耶	156
2238	800000000000004759	かきみーら	156
2238	1200000000000000215	都岡さち	156
2241	1000000000000101498	優海	153
2242	93697	あやぴー	149
2243	1000000000000101300	じーつー@和	148
2244	500000000000082402	セリノ	147
2244	1400000000000101635	24352342	147
2246	600000000000098652	ＫＯ．ＨＥＹ	146
2247	200000000000100238	ありす	143
2248	300000000000060421	あみ	142
2249	1100000000000099634	pusher#61	140
2250	1100000000000101189	せいたか	138
2251	1500000000000004171	舞茸	137
2252	900000000000100964	Player 1008370873	129
2253	700000000000079038	ぶーしゃん	128
2254	300000000000101002	オリン	124
2255	200000000000101514	いがらしけい	123
2255	1200000000000100922	DAREDO	123
2257	200000000000101426	枠	122
2258	800000000000005539	NANANINE779	120
2258	900000000000079292	くぬぎ	120
2260	600000000000091925	MT	119
2260	1100000000000100592	まかろにぽてと	119
2262	500000000000101310	マキノン	118
2263	1300000000000081368	豊田大樹	117
2264	1500000000000101198	Player 1008322351	116
2265	1200000000000100488	choco	113
2266	200000000000100123	トーマ	112
2267	700000000000000366	ひばにぃ	111
2268	800000000000100804	Player 1008355080	109
2269	200000000000101074	イレイズ	104
2269	400000000000015936	にこにこにー	104
2271	1200000000000074415	雅 来 れん	99
2272	700000000000003205	くりきんとん	95
2273	500000000000011044	*ちャみ*	92
2273	1000000000000101414	こむそう	92
2275	1100000000000100937	"あ""～!!"	91
2276	101045	400_yuuki	88
2276	900000000000045672	せつな	88
2278	500000000000101253	Player 1008343285	86
2279	600000000000100656	kisehiba	85
2280	400000000000053902	×　紗雪 まったりちゅ～(*´∇｀*)	84
2281	1200000000000010804	ゆとり@冬眠中	82
2282	100000000000043154	かずみ	80
2283	900000000000100866	Player 1008340169	79
2284	1000000000000100196	Player 1007771466	77
2284	1300000000000101819	kaki	77
2286	300000000000090660	Peketo	76
2286	1100000000000101078	ハピネット	76
2286	1400000000000010685	マサジーニ	76
2289	1100000000000100863	みと	67
2289	1500000000000050128	xia	67
2291	1200000000000099245	ぼると	64
2292	400000000000027015	グレイフェンリル	62
2292	1500000000000037669	チクワブ	62
2294	1300000000000101678	すみぺ	61
2295	200000000000086021	ヒザたま	60
2295	200000000000097749	毬藻	60
2295	300000000000000703	鉄（日々平穏に過ごしたい	60
2295	300000000000007626	ほぴお	60
2295	400000000000016046	くそむし	60
2295	900000000000097411	べーさん	60
2295	1200000000000024896	うりぼっくり	60
2302	1000000000000096771	tetsu	54
2302	1000000000000101401	Player 1008354474	54
2302	1300000000000101760	取得できませんでした	54
2302	1400000000000048091	マサキ★みなさんに感謝(*^▽^*)	54
2306	900000000000101059	Player 1008398697	53
2307	101536	とうじょう	52
2307	600000000000084253	まぁ～ちゃん	52
2307	700000000000005626	きょん†｡｡	52
2307	1100000000000083605	ちろちゃん	52
2307	1200000000000001196	yaya	52
2312	500000000000034882	シロエ	51
2313	400000000000097900	サタン	47
2313	700000000000101674	メガ粒子レクイエムシュート	47
2313	1500000000000101365	正井 大輔	47
2316	300000000000067271	くれは	44
2316	1100000000000088864	bookt	44
2318	800000000000019857	蒼葉翔	42
2319	1000000000000099976	湊。	41
2320	1200000000000100893	もやし	39
2321	400000000000101191	jhj8218	38
2321	1200000000000100916	Player 1008370412	38
2323	1200000000000100340	みぎゅ	36
2324	200000000000101297	見栄春	32
2325	1400000000000101515	inooni	29
2326	1000000000000092045	ジガノフ	28
2327	100000000000042731	★ピロリン★	26
2327	600000000000073337	Player 1002705910	26
2327	1100000000000026763	なうりう	26
2330	600000000000101309	ムゲ山三八郎	25
2331	400000000000101201	Player 1008403940	24
2332	500000000000021015	NAO@♂アバに投票よろしくです。	22
2333	500000000000101439	Player 1008405317	21
2334	98903	翼	20
2334	400000000000013592	チャッピー	20
2336	200000000000101793	Player 1008407074	18
2336	1200000000000100856	ここから	18
2338	100000000000101141	葛城侚	16
2338	500000000000035364	ほのあずみゆ３姉妹パパ	16
2338	1300000000000100964	Player 1008081949	16
2338	1400000000000101679	タニシ	16
2342	100000000000077618	ぶるぼん	15
2342	1000000000000057155	べったん	15
2344	300000000000101067	環古	14
2344	1000000000000101518	みつ	14
2344	1300000000000101692	にこらす	14
2347	100000000000083649	さんじょー	13
2347	400000000000088081	まるちゃん	13
2347	1000000000000085803	狗鷲	13
2347	1000000000000101434	とみー	13
2351	86530	アリエル	12
2351	700000000000101540	かつ	12
2353	1200000000000100977	王	11
2354	200000000000099109	凜	10
2354	1500000000000077186	Player 1003651855	10
2356	700000000000043827	ダイ†心の翼†　	9
2356	1000000000000100901	ベッカム仲間、お友達のみんな有り難う(*^^*)	9
2356	1000000000000101511	lijianfei199230	9
2356	1500000000000007387	cocoa	9
2360	300000000000036740	紫騎☆女装中♪	8
2360	500000000000085613	echo	8
2360	1000000000000043164	ぐれっくる	8
2363	100000000000101333	pirate	7
2363	1300000000000101815	djalsd	7
2365	100000000000045005	☆樹夜☆	6
2365	200000000000098392	SkybarleySparkling	6
2365	400000000000025427	すっぽん、ポンッ♪	6
2365	600000000000099491	Totoki	6
2365	600000000000101282	transtwelve	6
2365	900000000000055587	かもっち	6
2365	900000000000101080	聖羅	6
2365	1000000000000074787	yoshi	6
2365	1100000000000002228	くいんてっと	6
2365	1200000000000100968	ねばりけ	6
2365	1400000000000101655	Player 1008382830	6
2376	200000000000100430	kay267884	5
2376	1000000000000101455	?德妮娜	5
2376	1100000000000098575	lijianfei199215	5
2379	95923	Player 1006266656	4
2379	300000000000101065	まさゆき	4
2379	400000000000101143	取得できませんでした	4
2379	700000000000092356	もみじ	4
2379	800000000000100863	granchtriple	4
2379	1500000000000101398	yyrsgijiu	4
2385	101508	Player 1008391248	3
2385	101552	Player 1008407280	3
2385	100000000000007213	かず（ガチャ運全く無し）	3
2385	100000000000100810	Cavi	3
2385	100000000000101384	Player 1008388273	3
2385	200000000000062864	でびるまん	3
2385	200000000000101741	リッカ	3
2385	300000000000042802	シン《要請× 全力ｱﾘ(..) 前編お疲れ様でした♪《竹取り物語》	3
2385	300000000000049213	さつき	3
2385	300000000000049752	きさ	3
2385	300000000000100390	木崎ゆりあピース	3
2385	300000000000101022	Player 1008376371	3
2385	500000000000049048	†神竜ノ翔宿†★Mａｉ★	3
2385	500000000000061059	肉	3
2385	500000000000101335	取得できませんでした	3
2385	600000000000048668	☆トモちん☆	3
2385	600000000000049195	こう	3
2385	600000000000101328	TSUKMO	3
2385	600000000000101333	5436452	3
2385	700000000000063170	ゆう	3
2385	700000000000085238	yoshi	3
2385	700000000000100703	とんかつ	3
2385	700000000000101262	逃げちゃダメだ	3
2385	700000000000101457	◇mint◇アバコン投票よろしくお願いします(*^^*)	3
2385	1000000000000035425	ｺﾞﾛﾘｰ	3
2385	1000000000000101536	543645222	3
2385	1100000000000099878	ななち☆	3
2385	1100000000000101061	ＴＩＴＯ	3
2385	1100000000000101156	取得できませんでした	3
2385	1200000000000099643	刃	3
2385	1300000000000019498	うさこ(多忙　皆様には日々感謝コメはなかなか返せないよ　	3
2385	1300000000000025711	§クック§	3
2385	1300000000000043194	まあくん	3
2385	1500000000000047354	やっし～	3
2385	1500000000000100639	ミュウ	3
2420	800000000000061872	えると	2
2420	1100000000000101201	取得できませんでした	2
2422	200000000000083117	すーぱーわちょ	1
2422	900000000000094790	ぎあ	1
