1	1300000000000080871	夕樹	2982618
2	900000000000001234	ガンジョー	1103309
3	100000000000084406	すとん	1043793
4	1685	ヒトデ	992699
5	1400000000000025188	ひぽぽたますP@同僚募集	912171
6	1200000000000004600	Natsu@LMG	887524
7	12953	はいんど	882632
8	700000000000052806	かも	877845
9	200000000000007496	ねういちさん	869421
10	1000000000000000343	クリップ	865922
11	600000000000045964	らいとにんぐ	830038
12	1100000000000018803	やす	828313
13	200000000000010311	せな	806636
14	400000000000046622	Zogok	798426
15	1400000000000054736	YP	780089
16	1100000000000050765	ポテマヨ	731268
17	200000000000000449	hacktion 日記にグリマスアルバム埋め希望あり 出：BMDひなた	711067
18	1100000000000020397	ケイスケェ	678382
19	900000000000052125	くんつじ	668225
20	1300000000000004641	矢印	660034
21	300000000000094822	micoto	627528
22	700000000000015590	かず	621061
23	600000000000003513	サギーたん	611734
24	1400000000000047625	雪野路	574244
25	300000000000098854	moto	551188
26	25684	Gretel	525454
27	1100000000000001200	ザワ	513407
28	57023	えんすけ	513072
29	2743	勾玉	511441
30	300000000000013039	シャパニア	501744
31	300000000000084647	ﾄﾓｸﾝP2	481962
32	100000000000008078	[天捷星]なか○し	440397
33	1200000000000019138	よしや@仙台	429011
34	100000000000080247	リュウ	419435
35	16372	リムコ(園田)	410812
36	700000000000002460	二段階左折	378620
37	1200000000000058711	ぴーえいち	376703
38	1500000000000085859	いなばものおき	367241
39	900000000000054830	ひろ123	357965
40	100000000000004042	エッセンシー	351901
41	300000000000010825	まさヤン	346838
42	1100000000000019318	みっちー	344975
43	200000000000006467	オニマル	343788
44	1200000000000061773	ギロにゃん	343434
45	1200000000000074109	はら	335090
46	300000000000077384	あらん	313270
47	1000000000000005406	chemblue	307042
48	500000000000094246	ナビスコ＠ぷちます9巻メロブカバーマジ最高！！	287820
49	1500000000000039105	nights	280019
50	500000000000013661	めがれ！	274024
51	1300000000000007096	まっさン	273624
52	800000000000041851	シェフチェンコ@門倉運輸	244979
53	300000000000006324	ストーム叉焼（またやき）	243182
54	700000000000000396	太郎改め一番緑茶	236274
55	1500000000000010207	コノハ	218702
56	400000000000003791	クルー	217097
57	600000000000052954	いんこねる	213778
58	900000000000035786	おにぎり	213400
59	400000000000004890	ｱﾙﾌｧﾙﾌｧζ	205805
60	400000000000001020	meets	205451
61	1200000000000003396	月綺	198988
62	1400000000000000433	くるくる	196601
63	100000000000031598	こーいち	195188
64	1400000000000077647	さわけん	192596
65	500000000000008569	すみなり	189459
66	500000000000004620	ぐんぶす@生涯下僕	185480
67	600000000000000862	のばら	185391
68	900000000000046580	はーちゃん	179894
69	1000000000000044448	ほしまる	179441
70	200000000000010940	しんや	172987
71	1000000000000000369	よしむね	170841
72	1500000000000001806	ゆーきでぃしぃ	168965
73	400000000000044922	イクmiん	166840
74	1200000000000094652	cysteine	166721
75	600000000000038540	ママカリ	166178
76	900000000000018584	SIN	164826
77	15405	ブリピヨ	164193
78	1100000000000095637	ウラジロハコヤナギ	162758
79	700000000000003875	キョウ@	159021
80	500000000000079623	ふろん	158704
81	13186	くっまトモ	155351
82	600000000000058405	えむえむ	154794
83	300000000000012460	ズック	154379
84	20855	ゴロー	154378
85	300000000000080414	ジャン	150603
86	100000000000058797	すけさん	150358
87	800000000000046422	タコショウ	149884
88	56284	ラムド(舞踊演々)	149875
89	900000000000003531	NBSK	149605
90	400000000000024939	あかさ	148992
91	34738	URA	148494
92	800000000000000353	しろしき	147774
93	1100000000000001999	めっとん	146900
94	1100000000000011144	Ｋｏｚｚｙ	145639
95	1100000000000013735	コンペイトウ	144320
96	1400000000000001550	フラッグ	144172
97	1100000000000003690	サン	142965
98	200000000000074480	●	141915
99	900000000000051147	ドヤP	140179
100	1200000000000002920	ケーエフP	139828
101	600000000000073780	にんじょば	139438
102	57489	たっち	138549
103	1000000000000098024	くらぱら	138445
104	1300000000000057264	(ま)	133654
105	200000000000012503	ｔｍｋｎ	132359
106	800000000000092862	するめいか	131655
107	1300000000000015994	イナガキ	131546
108	600000000000004043	でぃーぷくりあー@かじゅある勢	130248
109	1400000000000006722	ぽーさん	129202
110	1100000000000004801	nnk	128802
111	500000000000062435	しば＠	127615
112	100000000000041394	ゆのえるR1=HN9でR募集中	125303
113	800000000000032110	こへー	123491
114	500000000000018777	けんぼーぐん	122876
115	200000000000020808	歌音P	122293
116	1400000000000008157	キジマ	121548
117	300000000000023818	ユタカ@ラウメン募集中	120795
118	1000000000000039697	ひまさくら	119855
119	300000000000000630	ケイシ	119623
120	300000000000072332	はぎのや	119386
121	3940	みぷれ	119145
122	900000000000087487	雀サブレー	118246
123	200000000000009294	F.S	117017
124	100000000000002536	覚醒ヒロism.	114687
125	1300000000000051653	まりも	114410
126	1500000000000027454	懐中時計	113942
127	900000000000000567	さななん	113287
128	1500000000000000355	kyon	112917
129	900000000000080340	やま	111373
130	5401	ゆや	111042
131	100000000000007382	のり0111@	110651
132	500000000000100457	nn13	110086
133	1209	無理右衛門	109705
134	1500000000000005195	SNail	109328
135	10406	magatu＠同僚募集中	109215
136	600000000000003820	しょうごん	106904
137	400000000000055720	さいばい	106329
138	1500000000000082053	桜井礫	105959
139	1200000000000001066	ぬっP	104175
140	400000000000030643	みみみ	103311
141	600000000000021547	D＝フロスト零	102727
142	1400000000000006781	のあ	101154
143	1100000000000010381	azuu	100007
144	100000000000003936	k_ichi	99864
145	100000000000000015	コッペリア	98928
146	1000000000000022834	猫茶	97598
147	400000000000074767	ノラ	97227
148	100000000000083217	ウルマン	96838
149	1200000000000078325	colonel	96564
150	1300000000000041239	フォルセティ	95893
151	100000000000003990	白いだーす	95123
152	400000000000003346	リヨ	94993
153	1400000000000003006	そらまめ	94857
154	1500000000000029016	ケロてつ	93718
155	1500000000000005534	空衛門	93395
156	60847	イトゥルベ	92897
157	600000000000002953	Τ	92370
158	1400000000000057408	ボク	91719
159	1300000000000077946	コト	90559
160	500000000000013931	T.S	90475
161	1400000000000042007	D-HACHI	90249
162	1300000000000045680	宮	89541
163	700000000000056812	トノ	89203
164	400000000000080755	和音	89144
165	800000000000087846	望月杏奈COREA@P	89117
166	500000000000057110	まっすん	88831
167	900000000000046012	おーや	86892
168	417	ショウユ♂	86524
169	1300000000000056920	やじー	86251
170	1200000000000080674	もぐたん	86250
171	1400000000000011055	強制開拓	86035
172	900000000000029109	グリフィズ	85840
173	1100000000000013153	ys6	85679
174	300000000000040352	Spica	85441
175	100000000000009924	BK201	85026
176	400000000000038380	ぱぱっと	85007
177	600000000000005197	共通言語	84888
178	700000000000010432	Mocori	84473
179	1100000000000069934	おれんじまん	84382
180	1300000000000027058	psyshu	84252
181	800000000000080347	らぅおう	83543
182	400000000000002154	.ioa	82854
183	1500000000000004901	えりたんっ	82741
184	1200000000000053053	chihiro	82721
185	300000000000025505	おたぢ	82613
186	300000000000011789	あ～ちゃん	81892
187	900000000000048708	もみゆず	81726
188	900000000000005299	かいじゅう	81194
189	500000000000056620	こくまろ	80813
190	200000000000003742	こうすけ	80447
191	200000000000022139	はなぉ	80164
192	1400000000000098393	ばっぱら	79822
193	800000000000071886	ジャン	79790
194	900000000000026869	sola006	79575
195	500000000000009816	のきP	79537
196	400000000000011980	ひこ	79499
197	300000000000047387	スノーフレーク	79448
198	700000000000025578	カンサイサオ	79146
199	800000000000099675	ガーリッシュナンバー	78269
200	1200000000000003616	ぢょぎん	77998
201	1500000000000046997	たぬ吉	77308
202	200000000000034189	東史朗	77289
203	800000000000071543	まさと	76863
204	800000000000086903	どん	76447
205	1100000000000004082	きりたんぽ	76388
206	1400000000000081108	はえよい	75698
207	1000000000000003654	普通くんP	75528
208	200000000000000953	男前豆腐店	75466
209	100000000000004451	taka	75255
210	900000000000085529	Aquartz	74881
211	1500000000000000499	☆なが☆（ながライブ☆サンシャイン）	74823
212	500000000000004239	五本木	74613
213	200000000000081749	冴	74109
214	1100000000000038239	ジョン	73610
215	1100000000000056993	澪暁	73569
216	600000000000026743	ここにいても	73462
217	1100000000000007440	そー	73285
218	300000000000039164	サシャ	72936
219	1200000000000056355	よっしーP	72928
220	1100000000000045025	chacyobi	72737
221	100000000000037645	コモモ	72520
222	400000000000077819	川尻耕作	72374
223	700000000000024719	潔白	71892
224	900000000000061060	ナキ	71493
225	1400000000000037457	黒羽	71240
226	100000000000043322	グレープ	71030
227	400000000000051282	カケハ	71001
228	400000000000005176	16Bit	70695
229	1100000000000002197	andy	70593
230	800000000000085428	koda_p	70492
231	1400000000000007390	Tia	69998
232	1000000000000001944	萩原フヒ歩	69968
233	800000000000052280	アスンソン	69831
234	85368	モリキミ	69660
235	1400000000000024500	もぐら OFF 忙しすぎる。自業自得だが。（ULA律子所持）	69658
236	1100000000000041376	Reien	69635
237	1200000000000033731	のり	69520
238	600000000000015369	エザ	69266
239	200000000000000017	サンド	69160
240	700000000000000557	カナリアP＠大和撫子道場	68824
241	500000000000049418	ひでるん	67789
242	600000000000004089	プロデューサー	67520
243	1000000000000000669	ｽﾔｧ(たきよん)	67337
244	1300000000000062278	NODの空幻	67027
245	200000000000032497	Blue Star	66919
246	300000000000098578	JM_Hammer	66669
247	1100000000000041542	komkom	66615
248	1500000000000002734	八神ハヤテ	66583
249	1200000000000006830	とら	66410
250	200000000000019207	ときちゃん	66286
251	1100000000000028578	しょ	66265
252	1000000000000085928	沼三郎	66151
253	500000000000002511	h2	65994
254	900000000000061824	しょうたま	65507
255	700000000000003372	ゆんゆん	65472
256	1500000000000036617	jerious	65141
257	400000000000085291	ランディ	65124
258	300000000000011435	ベリ	64961
259	92168	アンテプリマ	64861
260	800000000000037604	ぬるたん	64585
261	1000000000000094449	前進戦場塵上々	63431
262	900000000000086390	トモカネ	63086
263	1100000000000019458	もやし♪	63064
264	1400000000000056021	HINI	63003
265	1200000000000082467	Veri	62967
266	200000000000003815	葉月	62625
267	500000000000000204	ゆきかき	62474
268	300000000000013060	だい	62322
269	400000000000000435	エルミナ	62275
270	1300000000000051793	るた	61822
271	400000000000014044	端月	61806
272	1000000000000074892	屋敷	61749
273	300000000000052772	和良眉たると	61653
274	1300000000000022523	まあち	61635
275	900000000000085563	なむしゃん	61534
276	500000000000079372	不落十刀流/†XトオルX†\	61400
277	800000000000068358	ぬみであ	61093
278	1100000000000057051	赤メガネ	61092
279	1400000000000075792	よっし～	60671
280	1000000000000010839	ともぽんだぉ	60615
281	1200000000000023650	ratsh	60544
282	1200000000000040952	もやもや	60530
283	1100000000000052595	カチ	60503
284	600000000000004200	竜党	60454
285	1500000000000019405	マジノ	60432
286	300000000000097165	秘密	60350
287	600000000000032119	イセトクホ	60285
288	1100000000000019336	スクリュードライバー	60089
289	1300000000000000347	うの・あいんす	59341
290	800000000000070409	た～き～	59259
291	400000000000001863	雑兵Ｄ	59098
292	700000000000092761	パチュリー	58901
293	800000000000043846	×けい*アバ達ありがとデス♪	58661
294	400000000000065102	アルト	58638
295	500000000000086821	atsusan&おがもと	58560
296	200000000000003751	じゃも	58519
297	600000000000036898	タライ	58363
298	20859	ポンチョコ	58160
299	100000000000000810	こーくP	58097
300	16440	ちょこな	57860
301	900000000000010998	カズマ@ラウメン募集	57585
302	85974	そこ	57481
303	400000000000023481	リノハ@同僚さん募集中	57176
304	17983	わんつ→P	56952
305	60815	星奈さん(E	56660
306	700000000000033528	sakai5963	56532
307	1400000000000023238	しましまニャンコにゅにゅ★	56266
308	98394	Kare	56238
309	800000000000009001	チャイム	56226
310	500000000000039140	ブスとん	56058
311	1200000000000000018	姉崎	55754
312	600000000000000212	みょーちゅー	55676
313	500000000000006524	刹那Pseudo	55506
314	500000000000041324	遊城JAPAN next	55496
315	100000000000086710	ポリエステル	55463
316	400000000000079936	海導@ﾗｳﾒﾝ募集	55422
317	300000000000039537	KG	55105
318	1400000000000051151	稲荷森	55062
319	100000000000080733	タツキ	54968
320	400000000000033911	阪神	54689
321	1500000000000050588	renren	54493
322	800000000000029131	しぇんまお	54178
323	100000000000049492	もも	54025
324	100000000000002381	宗那	53960
325	200000000000036944	けん坊	53841
326	1200000000000020104	りょ	53657
327	100000000000099482	____	53556
328	1300000000000015202	リタ	53508
329	900000000000085528	shizushisu	53300
330	1200000000000000710	アイアン・嫉妬・マスク	53285
331	1100000000000094701	Lose	53192
332	1400000000000053222	NABE	52829
333	400000000000074056	フハヘ	52684
334	800000000000001609	ドルさん	52618
335	1100000000000034315	BlackSea	52324
336	100000000000003342	sin1987	52242
337	700000000000086090	ゆるば	52157
338	1300000000000047377	にいと	52088
339	400000000000075417	queen	51960
340	800000000000001338	ピュアホイップ	51801
341	100000000000022935	えと@雪椿	51599
342	900000000000009362	悠翔	51570
343	91990	海老ボクサー	51542
344	1400000000000022488	まーぼー	51538
345	200000000000098317	さらさら	51352
346	16402	五月晴れ	51268
347	1000000000000075888	柏	51132
348	1000000000000052263	わんた	51117
349	800000000000003108	小蓮	51048
350	1000000000000011679	タケ	50993
351	1000000000000007085	ブローネ	50979
352	1100000000000073051	ブルーサンダー	50854
353	500000000000051255	きるび	50508
354	600000000000000237	しーた	50446
355	900000000000037940	■＠NDR114	50370
356	500000000000043474	小柚	50187
357	1100000000000074788	sinzi@ＢＭＤ亜木島昴　求）最未杏朋宮佐琴歩福姫憐風ジ瑞　以外	50102
358	500000000000092034	ポピハム	50083
359	500000000000025390	ヤコウ	49971
360	800000000000096138	むん	49963
361	700000000000014480	うーさー	49899
362	1300000000000024685	山電くるみ	49793
363	100000000000000202	ちゃこ	49786
364	500000000000022770	みやも	49747
365	1300000000000052930	森谷りりを：＝紗代子Ｐの同僚募集してますよ	49703
366	3107	A-T	49699
367	400000000000096230	ysk	49673
368	1400000000000084982	RYO	49423
369	100000000000027651	はる	49230
370	800000000000008900	叔夷	49193
371	500000000000015575	ヴァン	48865
372	900000000000013783	ダルビッシュ有	48678
373	500000000000086704	さくま	48489
374	1100000000000099462	ニトロベンゼン	48323
375	1500000000000001634	ぽっぽ	48070
376	700000000000096825	koko	48022
377	1400000000000059934	はずれ	48001
378	200000000000000288	緋羽みうな	47567
379	100000000000003938	ちーうー	47504
380	13752	ねひこじ@同僚募集	47395
381	1400000000000080292	桜冬	47323
382	30271	闇の傀儡師	47287
383	900000000000000349	メレリア	47259
384	300000000000052384	龍牙	47227
385	251	ナーシュエ	47209
386	700000000000079739	YUIX真田	47164
387	700000000000097306	いずくま	47107
388	900000000000048282	かふか(ふかさわ)	46992
389	300000000000000009	ぐわす	46851
390	700000000000024007	N_フジグスクP	46828
391	50337	がるみ	46662
392	900000000000006953	ごぶりん	46578
393	1300000000000005188	三郎	46549
394	1000000000000034679	ノリス	46446
395	1400000000000037504	棚から牡丹餅	46246
396	300000000000096206	光速の逃亡者	46217
397	900000000000093558	アイム	46024
398	1500000000000076666	Yuna	45998
399	1300000000000003954	ふみみ	45779
400	200000000000045385	のん《招待は無視して下さい》	45761
401	600000000000004260	よしみつ	45714
402	1400000000000085867	ジャンプー	45461
403	1500000000000025252	asa	45003
404	1300000000000038991	よっち	44813
405	75558	ヒカル	44646
406	1300000000000043112	シン	44416
407	100000000000001164	カロリー	44098
408	500000000000081050	hoho	43969
409	100000000000038046	えりちゃん	43960
410	600000000000022137	マーチン	43514
411	1300000000000098545	PaPa	43230
412	400000000000045737	ruin	42788
413	200000000000036506	eggto	42719
414	100000000000098123	喜々	42515
415	51047	ヨッシー	42478
416	100000000000045650	†アインス†	42463
417	900000000000014000	熊谷ヘリオス	42348
418	400000000000044919	norm	42322
419	700000000000054890	海P	42240
420	1200000000000092396	セカンドランク	42202
421	1200000000000028530	蘭子	42088
422	1300000000000014927	snaff	41925
423	800000000000051574	はしゅ	41915
424	400000000000037142	漆喰	41766
425	1300000000000018020	フィーナ（AKBSF 咲良推し ﾄﾚﾘｽ有※近日更新）	41626
426	700000000000011310	にまめ	41604
427	300000000000020624	鋼呀	41483
428	900000000000028925	YUCCO	41480
429	300000000000037611	ララバイ	41432
430	1500000000000031566	subaru	41212
431	200000000000006556	えくせる	41073
432	400000000000034520	チキン×２	41040
433	1000000000000052320	ひょーえ。	40663
434	800000000000001812	ZERO.J	40541
435	500000000000099491	香取	40219
436	700000000000036715	かないしゃ	40059
437	300000000000035637	Ｃ	40057
438	40463	よんぱち	39945
439	200000000000074425	もろ	39893
440	1100000000000080979	ナーバス	39718
441	600000000000073068	らいあっと	39698
442	1500000000000014805	AREA88	39495
443	1000000000000051715	えだまめ	39295
444	100000000000074759	にな	39150
445	1200000000000046260	奥武島	39129
446	400000000000026853	のんびり	38921
447	900000000000096795	yama	38911
448	700000000000011807	ユッキー	38759
449	1000000000000074334	mkus	38637
450	700000000000051110	カリュウ	38606
451	86845	とも	38496
452	400000000000003266	アルイー	38485
453	200000000000085878	nori0723	38272
454	400000000000014925	ちの	37926
455	1400000000000022691	Shino	37596
456	1000000000000005899	えれ	37535
457	1500000000000008014	えーる	37518
458	1500000000000016817	サトー	37350
459	1400000000000072159	puniyan	37301
460	100000000000058028	talk	37231
461	1300000000000005369	ホマレ	37125
462	61666	夕凪	37121
463	1300000000000057060	マイヤー	37023
464	1500000000000001844	ときあ	36979
465	100000000000032393	えいたろう	36882
466	400000000000031103	にしやん	36872
467	300000000000001848	ヒロキ	36859
468	800000000000060556	8gタツ	36808
469	1300000000000000857	にゃー	36799
470	1500000000000019376	ZERO(Watch wish keen interest!)	36731
471	11447	バナジウム	36730
472	300000000000099724	チャー州MEN	36728
473	300000000000058716	小豆	36586
474	1500000000000076049	ハンター	36338
475	500000000000075905	摩耗	36299
476	92115	INFE	36218
477	900000000000035767	旦那ｒ	36177
478	1300000000000069878	ハシバ	36126
479	200000000000074208	リー	36103
480	100000000000056132	りょん	36091
481	1000000000000052727	海乃凪紗	35975
482	200000000000005405	奈留	35912
483	100000000000007514	ヘンタイ脳みそ課金者プリン体増量中パイルドライバー(HNKPP)	35845
484	1000000000000028443	MEGANE!	35768
485	17817	たみぃ	35723
486	200000000000015810	3Hue	35692
487	500000000000004340	ぐまぐま	35677
488	1000000000000004572	犬千代丸忠吉	35420
489	1300000000000094016	ロベルト	35400
490	400000000000005473	ハチトキ	35373
491	200000000000077119	さと	35206
492	700000000000050140	ガスm@s	35187
493	1400000000000055642	まろん	35114
494	400000000000003278	こづこづ	34943
495	500000000000074853	チェイス	34904
496	300000000000092178	アマルガ	34901
497	1200000000000057966	アカツキ	34737
498	1200000000000024974	政繁	34666
499	500000000000009522	くま	34542
500	800000000000082300	ＧＯ	34517
501	400000000000097037	riki	34281
502	400000000000036353	しらたまカフェ	34245
503	500000000000030561	かいそう	34224
504	900000000000079429	KAKA	34174
505	600000000000043837	$くっちゃん$	34158
506	1500000000000055610	ARIA	34156
507	700000000000000742	ｻﾞﾝ	33983
508	200000000000000759	かお	33924
509	200000000000085962	ぴら	33903
510	600000000000022832	げんげん	33878
511	600000000000013197	さが錦	33843
512	800000000000002330	上下	33648
513	100000000000008376	鯨P	33554
514	900000000000026956	わ～や	33536
515	1400000000000052537	クルクル	33463
516	300000000000051431	ケイイチ@秒速1mで動く点P	33374
517	800000000000018499	しゅぐる②	33258
518	1300000000000052509	hassy	33197
519	100000000000094632	水柿	33135
520	1200000000000052175	おさゆくＧ	33122
521	200000000000049081	ゆうゆ【ｱﾊﾞｺﾝご協力お願いします】	33078
522	3548	たかはな/同僚さん募集中♪	33023
523	200000000000076241	花凛奈	32963
524	900000000000006621	如月 たけし	32851
525	1100000000000080453	まかろに	32830
526	300000000000019317	はちこう	32420
527	300000000000003449	yuki1036	32298
528	1000000000000008302	ユウキ(忙殺紳士)	32244
529	1200000000000003274	まこちー	32237
530	800000000000074467	ぐっち	32193
531	100000000000008627	プリムラ	32180
532	1400000000000052923	まさや	32168
533	300000000000050920	♪桂♪	31850
534	800000000000009104	おっ	31678
535	1200000000000005883	C-R	31648
536	400000000000091806	Alto	31638
537	100000000000014300	ﾜﾀﾙ	31591
538	200000000000092910	うら谷	31571
539	600000000000001755	水雪	31414
540	1500000000000080214	新月	31383
541	800000000000003336	suteisi	31353
542	1200000000000084184	ほんでぃ	31282
543	1500000000000033780	司書P	31026
544	600000000000003450	ナナヤ	31006
545	800000000000093436	gnm	31004
546	1200000000000003801	KEY /	30950
547	400000000000002875	ヶ折る	30808
548	100000000000023703	よー	30763
549	1500000000000007356	いなみ	30590
550	1000000000000001917	ふたば＠ζ*'ヮ')ζ＜BMD 奈緒 エミリー 麗花	30550
551	400000000000096027	あか	30441
552	300000000000060542	requiem	30335
553	700000000000015775	桐原葵純	30187
554	500000000000028574	ZAZA	30116
555	1200000000000005330	青空	29844
556	1500000000000002711	番長	29820
557	1000000000000000403	はこ　（マッタリ仲間募集中）	29773
558	600000000000098996	shankai	29737
559	100000000000047496	まきがみ	29694
560	1500000000000042650	ゆりんねあ	29578
561	200000000000038690	タロウ	29576
562	700000000000042776	ルンルン	29575
563	1400000000000049529	ﾙｰｸ Dｺﾚ･しろつく中心	29456
564	1300000000000043684	剃屈白瀧	29453
565	1100000000000001819	ならまち	29359
566	1300000000000005307	けんこう	29165
567	1000000000000004771	かすがしん	29110
568	400000000000074033	ふぉする	29054
569	500000000000092152	ジクロロ	28986
570	600000000000000175	ざんにょー	28892
571	1500000000000023503	ぽてち（あいえぬじぃP）	28734
572	1200000000000001428	勉助	28680
573	600000000000003480	398ss	28534
574	700000000000098147	0316	28524
575	900000000000061985	フリ助	28506
576	1400000000000004371	Ｋ.７＠きくうし	28499
577	400000000000011707	ネメシア	28419
578	300000000000079960	あき	28309
579	100000000000000328	sin	28250
580	1300000000000056315	鈴木安寿	28131
581	200000000000093051	ＫＡＮ助	28041
582	500000000000097877	VIP	27947
583	600000000000019774	しど・ビシャス	27831
584	1000000000000007870	高町なのは	27508
585	100000000000039057	キョウ	27459
586	900000000000096544	とるみす	27395
587	500000000000096563	カズマ	27354
588	1000000000000080660	さくらんぼ	27350
589	1300000000000004516	エーアイスリー	27345
590	1200000000000052276	じーく	27344
591	700000000000001063	ko-chan	27280
592	100000000000013079	ファビ	27222
593	100000000000019779	いろは	27130
594	1300000000000004142	どんていす@したらば	27115
595	600000000000000492	ﾏｷｼ	26866
596	600000000000058381	せいむーぶ2	26750
597	200000000000062280	ＳＨＩＴ	26659
598	1000000000000058019	皇帝	26583
599	1300000000000030508	辛苦の潰瘍司祭	26447
600	200000000000001402	サボ玄	26395
601	1300000000000083433	アバドン	26369
602	700000000000036558	紀柳	26353
603	1200000000000083389	一般妹の夫	26333
604	1300000000000099959	もふけもP	26289
605	58693	郷のくまもん	26000
606	700000000000084351	ぬこ	25879
607	32197	イチ	25758
608	1400000000000006213	応龍@ドリ仲間募集中	25734
609	700000000000012479	たこら	25591
610	400000000000077400	じゃんじゃかいも	25428
611	1300000000000084130	アスタリスク	25408
612	700000000000002599	時雨	25198
613	100000000000006520	影山 瞬	24978
614	1400000000000055598	卓也	24936
615	1400000000000001757	ニボシ	24908
616	1000000000000023085	SHOWGO	24840
617	1400000000000057039	Stargazer	24833
618	300000000000012867	ドアッチ	24684
619	800000000000078366	nnnk	24605
620	600000000000032420	ガーネット	24598
621	1100000000000050119	マロン	24534
622	1200000000000097754	眩惑のセルバンテス	24531
623	1500000000000022024	イサキ	24418
624	1500000000000000759	ダイヤ	24290
625	41120	でんしんばしら	24256
626	400000000000010462	ふね	24214
627	1500000000000000002	A M	24182
628	400000000000096151	焼きマシマロ	24156
629	1200000000000070826	sword	24049
630	1300000000000051051	ネモフィラ	24009
631	1300000000000005032	どこぞのＰ	24000
632	1400000000000052735	高遠	23946
633	1000000000000006704	うみーP	23916
634	200000000000075065	TA	23871
635	600000000000009097	でぃーでぃー	23857
636	700000000000007090	矢野	23838
637	1200000000000055796	kanata	23832
638	500000000000074070	ソウリュウ	23829
639	200000000000088568	ミツナリッチ	23811
640	200000000000043286	ひづき	23775
641	900000000000000220	マーボー	23715
642	1400000000000009336	ガキー	23681
643	600000000000073114	wasa	23673
644	700000000000005824	ZILOW	23671
645	400000000000043229	サカス	23658
646	1500000000000071474	ピーフン	23640
647	600000000000098230	衝撃のアルベルト	23627
648	1300000000000059022	剛	23587
649	900000000000008331	ファブリエル	23548
650	800000000000000686	もちりん	23492
651	1400000000000002521	にく	23387
652	500000000000001127	鞠雛影葉	23177
653	200000000000003551	チョッパー	23165
654	400000000000000927	おいも屋先生	23159
655	700000000000082226	ゆっか	23058
656	800000000000013718	collbrande	22960
657	1400000000000080869	のどか	22857
658	900000000000010349	ＰＰ	22838
659	600000000000073956	ギジェころもち	22801
660	800000000000000094	サイサリス	22795
661	600000000000012068	bael893	22787
662	600000000000068799	wk33333	22767
663	57198	和人	22763
664	79496	おーや	22752
665	300000000000008536	まーちゃん	22704
666	1300000000000079628	ジョカ	22677
667	100000000000084882	たっくん	22603
668	1200000000000034161	アリア	22520
669	900000000000002142	ロレント	22467
670	1200000000000000768	コルマ	22440
671	900000000000045798	らい	22419
671	1300000000000015484	シャア	22419
673	1300000000000032383	せり@自分中心、極端な 利己的考え	22405
674	1000000000000087282	トレーズ	22350
675	500000000000037065	りくぺんぎん	22202
676	100000000000037882	ともや	22201
677	1000000000000005216	garo777	22185
678	500000000000085026	ヨシヨシ	22182
679	1500000000000078942	徳川まつり	22080
680	400000000000045422	さっぴー	22071
681	500000000000039348	ぶー	22018
682	1300000000000061805	ナオ	22016
683	1100000000000098270	Suido	21974
684	800000000000079760	ぎんさむ	21969
685	200000000000031709	トモロヲ	21968
686	1300000000000057106	沖田りっく	21925
687	900000000000050699	楽の字P	21888
688	200000000000054505	かかお	21856
689	1400000000000007476	被災者@lovelyミンゴス	21814
690	400000000000056926	TAKE 2ND	21761
691	400000000000098229	ヨッシー７	21690
692	100000000000012398	あんいちP	21632
693	1500000000000080971	てぃ	21625
694	300000000000080866	鉈盛	21490
695	1500000000000007071	ぽこ☆うさぎ大好き♪	21459
696	1400000000000063598	星立	21411
697	200000000000085970	悠々	21398
697	1200000000000000610	kirai@ひなまつりつこ推し	21398
699	1500000000000075055	NoChugo	21367
700	1000000000000014997	楓	21357
701	1500000000000001561	さんごしとう	21240
702	1500000000000047021	チル～	21203
703	600000000000101148	アキオ	21108
704	1100000000000099891	tarojo	21016
705	100000000000085454	Ondulxxx	20985
706	1200000000000015292	ﾐｯｷｰ＠･ω･)	20818
707	200000000000004467	ごん	20770
708	1000000000000099274	イシカワ	20728
709	29308	AAA	20726
710	100000000000057078	かわせみ	20706
711	900000000000056236	せつな	20684
712	1400000000000004530	ねこ	20630
713	400000000000094768	マスターダーク	20603
714	1500000000000013814	ネオグラン	20524
715	500000000000061707	Smith	20503
716	1300000000000092460	なべねこ	20454
717	600000000000097478	Kimono	20446
718	1500000000000041828	えるはち	20416
719	800000000000029136	チョット	20378
720	300000000000099424	ケイト	20377
721	200000000000097080	もやし	20312
722	1200000000000029832	だすく	20309
723	700000000000096962	もんたん	20303
724	300000000000067806	nock	20221
725	11244	エイセス	20191
726	1300000000000051859	nanakado	20178
727	1500000000000027613	あずやん	20160
728	700000000000001292	mimi	20129
729	600000000000002481	おーか	20126
729	1000000000000021544	アユカト	20126
729	1400000000000002476	m0t0y@su	20126
732	600000000000024658	ごんべえ	20083
733	1500000000000012285	あげは	20082
734	700000000000053489	チャリ通	20081
735	800000000000035472	鉄丸	20023
736	1400000000000054034	スツーカ	19987
737	1100000000000050603	ぽわっぽわ	19975
738	1300000000000093631	ゆきんこ	19879
739	1400000000000052431	ユウ2	19872
740	900000000000000468	よんでぃ	19852
741	900000000000079189	ヌヌーピー	19815
742	400000000000014382	フラウ	19811
743	900000000000056562	Pepelon	19791
744	700000000000003692	くふ	19787
745	400000000000021792	イズモ	19771
746	600000000000001611	SEPT	19749
747	1000000000000015802	わふー	19704
748	1000000000000100885	BINGO	19690
749	1100000000000098118	激動たるカワラザキ	19685
750	300000000000039136	Mamagon	19627
751	800000000000004441	Ｎ２	19624
752	1200000000000055832	ぴん	19613
753	900000000000055542	加速	19592
754	19677	幽月	19528
755	700000000000007227	しゅんど～きょ～え～	19522
756	200000000000001789	ﾋﾛﾋﾟｰ@in率低め?	19477
757	1500000000000032726	にーにゃ【そして私は傍観者になる】	19425
758	1400000000000099566	弓月鏡花	19387
759	800000000000003720	紅零～戦国大戦勢～	19320
760	4396	くずもち	19280
761	900000000000020489	さけわかな	19180
762	43182	玄米	18966
763	600000000000073639	羊飼	18938
764	1500000000000052050	ヒロ	18917
765	1200000000000001328	こアみ	18913
766	900000000000044795	Ryu1	18809
767	1400000000000100526	nini	18791
768	1200000000000077256	ナカ	18781
769	400000000000097276	おが☆きん	18769
770	1500000000000085514	四郎山	18697
771	1200000000000010286	どしどし	18675
772	1500000000000000253	ちゅーやん@Fairy箱崎&お嬢エミリー	18668
773	1000000000000078038	kh.	18653
774	600000000000079601	越乃苗床	18645
775	200000000000027404	親方	18608
776	700000000000085886	九条綾瀬	18593
777	100000000000032357	すえすえ～厳しい第三者の目で～	18548
778	400000000000000097	プラトー	18526
779	200000000000001400	iera	18449
780	500000000000005157	げっちょん！	18445
780	900000000000098853	ｋｕｍａ	18445
782	400000000000002015	シンシンザン	18413
783	700000000000062730	No.6	18408
784	300000000000057399	藤やん	18392
785	500000000000060344	水野	18355
786	400000000000049818	salviaP	18321
787	1300000000000085252	モリモリ	18311
788	4360	おとこまる	18301
789	300000000000050786	じゅんP	18148
790	1500000000000080063	ダフネ	18136
791	500000000000041898	Add	18130
792	100000000000007179	Aerial	18126
793	400000000000004140	さんく	18096
794	800000000000034080	マキノ	18055
795	300000000000025474	イクヤ	18009
796	900000000000045138	んいど	17980
797	400000000000000535	ヤマジン	17945
798	600000000000077425	Miyaco	17922
798	700000000000081562	もじか	17922
800	100000000000043956	すみ	17900
801	1000000000000056312	☆チェリオ☆	17790
802	800000000000072605	南東	17684
803	800000000000015465	馬竹	17636
804	700000000000074322	ゆと	17601
805	400000000000000684	雪ん娘	17555
806	800000000000002626	つうさん	17520
807	700000000000009962	あさまち	17376
808	100000000000052564	みくろ	17370
809	300000000000044905	Tokky	17356
810	81332	アルカード	17255
811	700000000000097536	SHADOW	17212
812	400000000000060900	キング	17180
813	600000000000004251	らーめん	17149
814	1200000000000025616	smit	17102
815	800000000000053303	シマコ戀	17094
816	1300000000000082437	SASUKE	17091
817	200000000000003077	ジェード	17083
818	500000000000051937	瞬＠美希＠翼＠蘭子Ｐ	16992
819	38328	サイカ	16987
820	300000000000011175	わあげん	16935
821	1100000000000030814	ポケベル世代	16926
822	1500000000000009849	みやびき	16882
823	1100000000000098897	ンカウクメユ04	16828
824	100000000000080347	ベンサンP@765プロ香港支部	16827
825	800000000000038679	七尾	16791
826	1000000000000001400	とんすけ	16752
827	1100000000000093230	シマイヌ	16731
828	500000000000054569	Leerh	16730
829	400000000000074382	Rds	16719
830	300000000000018808	ポニョのパパ★	16708
831	100000000000046889	nike	16654
832	1200000000000004218	おいもさん	16631
833	1200000000000098088	えだてつ	16601
834	1100000000000051074	まーふ	16552
835	1500000000000096699	しまあじ	16529
836	1500000000000083713	dai invent03(　ﾟдﾟ)	16491
837	900000000000018675	mucc	16404
838	400000000000018346	みやこ	16395
839	600000000000035797	あまてぃ	16370
840	1000000000000053430	Cassini	16360
841	400000000000095529	リョウ	16324
841	1100000000000096809	桜餡	16324
843	300000000000011408	はとりぶ	16283
844	1100000000000001881	義男	16147
845	2122	ミッチョン	16092
846	400000000000099021	ミサキ	16033
847	700000000000002508	ゆーちゃん	16015
848	1100000000000072929	ごん	16000
849	700000000000001997	桜井	15984
850	1500000000000099311	ナルカミ	15921
851	1100000000000022825	Splendens	15864
852	800000000000100637	よしゅあ	15848
853	100000000000049011	兵庫侍	15707
854	800000000000085076	くるみ	15664
855	1200000000000099298	wjk	15657
856	1208	butsumori	15563
857	700000000000092325	asd	15537
858	700000000000029676	グレートsatlliteさんDX〈スマホ移行〉	15484
859	600000000000051629	yzk	15444
860	600000000000030363	そこら辺伝説	15345
861	900000000000011971	NAME	15272
862	100000000000087829	ナオヤ	15270
863	100000000000094556	かみ	15256
864	500000000000007461	AIMﾏﾝ	15228
865	900000000000080003	エイト	15207
866	1500000000000100332	Statham	15202
867	400000000000007083	クロ	15179
868	1300000000000033382	きみきみっち	15178
869	300000000000052189	ぢゃきお	15164
870	300000000000073915	まき	15158
871	100000000000039068	アップー	15141
872	2818	hihihi	15139
873	1000000000000073958	jeter2	15136
874	300000000000014075	どんべぇ	15108
875	1500000000000074605	かにたま	15052
876	400000000000085071	うきゅう	14947
877	100000000000054332	有里	14909
878	500000000000049222	☆みっきー☆	14841
879	200000000000062741	がるぼ	14813
880	1500000000000038793	紅音	14721
881	700000000000086092	名無し	14691
882	100000000000003289	シュウスイ	14610
882	1300000000000002381	渥美P	14610
884	2741	マイタ	14581
885	1100000000000085596	Speedbird401	14542
886	1400000000000097601	アンジーの◯◯	14487
887	1100000000000003459	なべお	14437
888	200000000000005730	METEOR〔P〕	14430
889	600000000000061030	ワタハ	14423
890	500000000000052284	ぴむす	14362
891	900000000000043170	篠川	14361
892	1300000000000007463	おぐ	14353
893	100000000000074478	しろくまこ	14332
894	900000000000022085	STYLLUS	14315
895	300000000000002719	Tomoexia00	14288
896	1500000000000003815	祐駕楕諭吉	14283
897	200000000000083601	Axel	14274
898	900000000000056822	コリゾー	14252
899	1500000000000030323	チョコ	14238
900	400000000000002001	ジャスティス	14231
901	800000000000080738	れたすた	14229
902	100000000000055146	qurer	14228
903	1500000000000031988	いたスト・アルラウネ	14226
904	1200000000000003556	ギップル	14208
905	600000000000022310	作者B	14189
906	100000000000007573	アリ	14157
907	100000000000078531	アインハルト	14143
908	1300000000000051331	ユメノツボミ	14101
909	500000000000013799	梨緒菜    バイトの為コミュ更新&コメ率低下中/風邪はツラいよ	14066
910	900000000000067223	TY	14044
911	900000000000020982	はなまるです！	14024
912	600000000000055445	華村翔真	14019
913	200000000000061495	虎徹	13868
914	900000000000098939	ばんちゃん	13841
915	500000000000054482	ヘリウム	13830
916	1200000000000095619	pon	13795
917	200000000000045780	まうてん	13714
918	800000000000080734	Marcy	13706
919	500000000000019952	モス	13703
920	200000000000093453	subamile	13695
921	1500000000000005140	うまれたて	13690
922	1200000000000012695	takaaさん	13667
923	1100000000000002221	文月	13655
924	1300000000000101256	桜井P	13645
925	600000000000099689	ソーダ	13639
926	300000000000082376	パワーレンジャーSPD	13598
927	1100000000000030719	master	13582
928	500000000000053725	からあげサン	13574
929	100000000000069449	時雨	13566
930	200000000000044956	kou （仕事多忙～）【INFINITY】	13520
931	1000000000000003901	ぴりたろう	13496
932	1300000000000030576	たこ	13471
933	1200000000000086131	でぃあ	13355
934	1100000000000097829	八位	13336
935	93238	こーにぃ	13322
936	800000000000060989	えーき	13255
937	300000000000001351	ライア(招待×)	13249
938	500000000000027069	げば	13247
939	800000000000013200	クロ	13236
940	1300000000000100297	春日部歩	13231
941	1000000000000007494	さんた	13222
942	800000000000013427	コウノシン	13220
943	1500000000000075131	のの(蓮)	13186
944	1100000000000094208	ヴォテ	13185
945	200000000000000942	BUSHIDO	13176
946	1100000000000087074	頼允康	13144
947	900000000000006418	らぷー太	13111
948	400000000000045512	とにかく明るいおしるちゃん	13098
949	300000000000071249	まや	13056
950	1400000000000093111	♪アサラ♪☆Super-Great☆	13023
951	300000000000003485	kyunpo	13018
952	400000000000007766	アサカル＠BMDお疲れ様	13016
953	900000000000060833	さくらの	12992
954	600000000000048124	のぶしゃん	12977
955	1400000000000051000	ガガギゴ	12968
956	1200000000000014313	菫	12956
957	1200000000000074854	Belfgon	12938
958	75056	まだらおみ	12935
959	1200000000000001828	おいなり	12920
960	700000000000009194	Gri	12890
961	500000000000017593	ハルクスター	12884
962	100000000000009409	まっこい	12860
963	800000000000035791	こうちゃんのパパ	12855
964	100000000000005428	からすみ	12845
965	1300000000000023769	にわとり３	12843
966	51224	有珠山	12842
967	73926	freestan	12840
968	300000000000050962	蜀野	12836
969	400000000000019755	COタカシ@紗南色の世界	12803
970	87103	にゃむこ	12793
971	1400000000000000412	mizpong	12791
972	700000000000072163	マサ	12658
973	1400000000000097997	七篠根無草	12630
974	1500000000000001134	MΩ	12582
975	1000000000000083801	syaorei	12573
976	1000000000000098122	NaotO	12531
977	1300000000000087221	ナカピン	12473
978	100000000000005975	noi	12471
979	1000000000000006628	えるえす	12430
980	1400000000000031387	ネコまっしぐら	12410
981	700000000000075489	aaa	12404
982	800000000000008227	しぐなす	12337
983	100000000000022097	あかいろ	12329
983	200000000000085628	ゆっきー	12329
985	96495	ソフテニマン	12245
986	400000000000098024	はぬぅ	12224
987	1400000000000039656	そらそうよ	12220
988	1300000000000054689	generex	12214
989	1300000000000000516	虚空風	12213
990	1300000000000020580	白藍	12212
991	1300000000000019331	小花	12192
992	900000000000094216	グリンゴッツ	12189
993	300000000000091826	しほにゃ	12187
994	1100000000000046711	awayan	12165
995	200000000000002318	タカトシ	12160
996	100000000000013567	ゆみぽん	12150
997	1400000000000095332	ラフランス	12106
998	1400000000000014504	さざなみ	12056
999	1300000000000007143	ごっさむ	12044
1000	34256	クトゥス	11934
1001	300000000000034144	チャカ	11932
1002	700000000000098170	serits	11919
1003	1400000000000051158	けいてぃ	11895
1004	28002	十万石	11742
1004	900000000000091268	ななせ	11742
1006	1300000000000002473	おりょう	11709
1007	1100000000000055094	紳士	11674
1007	1400000000000032428	胡苺	11674
1009	1400000000000007100	武ちゃんは17歳P	11663
1010	600000000000028810	リードキット	11652
1011	1000000000000020546	ごう	11630
1012	300000000000099388	ほるほりゅう	11627
1013	900000000000046513	ツバサ10	11558
1014	100000000000051475	迷い猫	11551
1015	100000000000071745	美山	11546
1016	1300000000000079500	ちゃけ	11544
1017	900000000000000561	Kaixa-913-	11538
1018	200000000000006686	K.K	11526
1019	800000000000046518	もりやまん	11452
1019	1100000000000027899	チャン	11452
1021	1500000000000004586	たっつー	11414
1022	900000000000098155	のらせ	11410
1023	100000000000020126	りょう	11409
1024	600000000000046556	きらすけ	11366
1025	1200000000000008948	スキッピー	11352
1026	400000000000096217	マァァァァック	11348
1027	1200000000000001610	穂乃華	11298
1028	1400000000000024381	あんだーそん	11270
1029	500000000000061871	ゆこP	11242
1030	100000000000085301	GTHM	11205
1031	600000000000004675	黒瀬	11191
1032	1500000000000004314	ただのゲーム好き	11179
1033	500000000000002501	筋肉	11176
1034	400000000000004384	まぼ（種族：ムーさん）	11142
1035	1500000000000031122	yukky	11013
1036	1200000000000003185	文月リライト@ちなヤク	11010
1037	800000000000066000	C1	10998
1038	700000000000001788	やまぬら	10997
1039	1300000000000001031	サイズ	10984
1040	800000000000050911	葵アリス	10965
1041	600000000000073393	rayneholde	10962
1042	1200000000000009495	ら～めん派	10961
1043	400000000000026497	黒池	10938
1044	800000000000006441	ＫＥＩ	10929
1045	900000000000035799	おたけ	10927
1046	1200000000000020079	Sam Fong@このみP	10865
1047	200000000000001395	shinomiya	10859
1048	400000000000034355	hamaco	10835
1049	600000000000002948	プラス	10815
1050	300000000000001649	★星☆≡	10808
1051	1000000000000093640	佐倉	10792
1052	600000000000075714	Souffle	10777
1053	1400000000000004679	スタンド.	10774
1054	59595	かなやん	10773
1055	1100000000000099896	oldbrg	10768
1055	1500000000000062195	nakamrro	10768
1057	200000000000052784	かいば	10731
1058	800000000000055987	眞下	10707
1059	100000000000091381	けい	10689
1060	1500000000000020234	オーズ	10687
1061	1300000000000000626	ピクス	10657
1062	1300000000000011232	KROCK	10641
1063	300000000000030480	ドルバッキー	10635
1064	700000000000007791	Asid	10614
1065	700000000000001252	ジェット	10605
1066	1000000000000078062	ゆうひ	10531
1067	400000000000000943	蟹玉	10523
1068	1100000000000000690	しろぽっこ	10494
1069	1100000000000020509	たけむに	10483
1070	200000000000086002	nadenadeitoken	10452
1071	1100000000000002458	ハセリ	10438
1072	1500000000000093764	mikio	10431
1073	1400000000000011098	ploju	10419
1074	1500000000000050128	xia	10395
1075	700000000000003402	ヤマリョウ	10358
1076	100000000000096505	マサキ	10340
1077	700000000000047470	京丸	10338
1078	600000000000049815	stein	10335
1079	100000000000051642	しもん	10332
1080	1000000000000063197	叢雲	10286
1081	900000000000038218	賢次郎	10276
1082	29713	ミノウ	10251
1083	1300000000000009373	FOREST	10240
1084	600000000000002981	あにじゃ	10228
1085	600000000000050718	キミツ	10222
1086	300000000000048544	ねもちゃん	10202
1087	1100000000000010366	ビグザム	10200
1088	1500000000000098146	いちいち	10178
1089	500000000000097510	きつと	10172
1090	33155	saku	10140
1091	1100000000000099276	のんたん	10125
1092	100000000000022382	Dingo	10122
1092	1000000000000023772	赤いきつね	10122
1094	600000000000048821	アイビス	10121
1095	1200000000000008383	もふもふ	10116
1096	1500000000000061266	たきふ	10097
1097	1000000000000088166	もち	10091
1098	1300000000000050974	久遠	10069
1099	900000000000012655	Anna	10039
1100	800000000000004049	ししゃも	10016
1101	1300000000000061964	Toshi☆	10011
1102	400000000000004224	ユウP	9974
1103	900000000000043893	ＷＲＸ	9971
1104	200000000000018252	manbo	9966
1105	1000000000000007685	シュウィーツ	9929
1106	1500000000000094146	おねってぃ	9908
1107	300000000000100708	XXNoireXX	9901
1108	700000000000069956	ジーマ	9900
1108	1300000000000075245	フルート	9900
1110	1500000000000086759	ユウ	9857
1111	600000000000024064	trick	9838
1112	300000000000061411	岩いわ	9821
1113	300000000000053419	フロントガラス	9779
1114	1500000000000035557	レツトアイズ	9760
1115	900000000000078877	reomao	9756
1116	5516	そわか	9724
1117	1400000000000003726	た○ざわ	9723
1118	900000000000001304	レーゼ	9713
1119	700000000000054278	つだぬん	9694
1120	200000000000072491	クシャラビラ	9678
1121	1100000000000030749	廿五里P	9672
1122	200000000000098272	シドウP	9670
1123	1300000000000058692	ジェりすP	9656
1124	1100000000000003928	Vita戦国乙女発売中@綾斗	9639
1125	200000000000052646	カーくん	9607
1126	600000000000051914	fon	9587
1127	1500000000000010043	コッカー	9582
1128	200000000000081715	ナストラル	9556
1128	600000000000005328	フォボス	9556
1130	200000000000025274	きよっぺ	9542
1131	600000000000003723	Toybox	9536
1132	500000000000032909	刹那	9533
1133	1500000000000052394	きあぬ	9530
1134	1100000000000092879	kiyo35	9529
1135	1000000000000001565	シエラ	9486
1136	300000000000006409	eclipse	9422
1137	1400000000000076072	まや	9421
1138	600000000000030679	ゆぅ	9413
1139	1300000000000006572	Mei	9383
1140	800000000000087618	しーや	9382
1141	1200000000000078843	T	9373
1142	200000000000085616	風籟	9366
1143	1200000000000000587	ゴチボルト	9360
1144	1400000000000054146	キリン(クジ友募集)	9323
1145	500000000000027241	元総帥	9316
1146	1300000000000046149	朱雀	9304
1147	500000000000025855	マッツん	9300
1148	1500000000000056125	Hugomikony	9298
1149	1300000000000083672	あきにぃ	9296
1150	900000000000085218	奨華	9292
1151	400000000000080740	ludexintiao	9283
1152	15552	ヤツフサ	9275
1153	200000000000000828	アキラ	9245
1153	1400000000000005257	ミユカ	9245
1155	1400000000000055937	ＧＧＰＤ	9231
1156	200000000000074383	エルザム(ﾉｰﾏﾙ+)	9211
1157	19949	りいん　編み物楽しいな～	9206
1158	500000000000090611	ジョン・ドゥ	9155
1159	100000000000002877	オハ	9138
1160	300000000000073763	NIRVASH	9131
1161	3143	クイックP	9111
1162	500000000000082333	Xanavi	9100
1163	1400000000000097124	かみやん	9006
1164	1000000000000020808	ちゃう	8988
1165	1200000000000022838	44K	8965
1166	100094	クラウン	8953
1167	1400000000000085894	310号	8941
1168	1200000000000005690	カナダ	8931
1169	13557	anapo17	8918
1170	1300000000000098454	バーボン	8913
1171	1200000000000092830	ショウ	8905
1172	900000000000044707	Catmint	8883
1173	1500000000000000074	アローラのliyn	8870
1174	1200000000000006915	すろーかーぶ	8844
1175	700000000000081365	ひなうぉ	8820
1176	1300000000000072859	まるさんかく	8809
1177	100000000000079599	テスコボーイ	8796
1178	100000000000097073	倫理君	8795
1179	500000000000100947	c103166	8782
1180	500000000000038572	シロワニ	8780
1180	900000000000096733	Player 1006527401	8780
1182	1200000000000073457	へごちん	8760
1183	600000000000073651	雑穀	8741
1184	800000000000052755	おひれ	8720
1185	700000000000054156	島村睦月	8685
1186	1200000000000037690	ガオ	8662
1187	1100000000000000523	シンP	8658
1188	900000000000087855	ユーくん	8638
1189	1400000000000013473	fox	8613
1190	400000000000000825	神崎	8600
1191	900000000000023387	ゲキ	8550
1192	1100000000000095920	暇人	8542
1193	100000000000021670	黄緑	8541
1194	1500000000000026617	シンジ(ツンツン、マキマキよろしく)	8534
1195	900000000000087933	重陽	8527
1196	100000000000000447	クフィーユ	8522
1197	900000000000000536	はるさき	8500
1198	1200000000000013805	Hi-ro	8474
1199	600000000000038352	ぼうせつ	8468
1200	400000000000002387	桐山	8448
1200	500000000000026041	ゆうり	8448
1202	1400000000000011981	kip☆彡＠	8432
1202	1500000000000086522	HANLINE	8432
1204	300000000000077661	よこよこ	8418
1205	1100000000000042659	dead-parrot	8412
1206	500000000000046723	青いツバサ	8385
1207	1200000000000024643	さんじお	8366
1208	1300000000000099826	Efg Abc	8340
1209	1500000000000028171	ゆきくも	8326
1210	600000000000013033	琴吹	8322
1211	700000000000096193	tsubasa0922	8316
1212	1300000000000019416	星梨花～(☆∀☆)～	8280
1213	1400000000000073548	ろうべえ	8266
1214	700000000000039159	☆りいな☆	8260
1215	800000000000027979	トウヤ	8238
1216	100000000000081106	ぽよ	8217
1217	400000000000084160	チルチル	8214
1218	1100000000000099902	ドリアンマン	8202
1219	1100000000000060826	はな	8187
1220	1400000000000037817	ＡａＡ	8170
1220	1500000000000046845	TAKAJ	8170
1222	100000000000082287	いもねり	8163
1223	1000000000000017990	ボクボブ(旧ハイフン)	8146
1224	1100000000000044610	petit-mint@最近リアルが忙しい orz...	8125
1225	1300000000000008674	ｔ	8120
1226	1500000000000000880	ザキザキ	8110
1227	1000000000000074073	ウーやん	8082
1228	900000000000030788	YUKI	8078
1229	900000000000000056	ふるちん	8040
1230	800000000000095487	フォル	8036
1231	100000000000011944	根なし草	8019
1232	800000000000085133	sieben	8003
1233	300000000000001778	タイゾ～	8002
1234	1100000000000099539	リョウタP	7985
1235	1200000000000036881	オリオン	7975
1236	200000000000000535	YOH2	7959
1236	1400000000000069607	Sejou	7959
1238	61667	LinKs	7953
1239	700000000000100731	たま	7945
1240	600000000000061523	こんびろうど	7937
1241	600000000000095704	楓夏@はるたん	7931
1242	1100000000000022631	13式歩兵	7908
1243	500000000000003035	kazuki	7903
1244	400000000000014886	窮奇	7898
1245	1500000000000034073	トラキチ	7888
1246	1300000000000008737	猫ぽっちゃり	7875
1247	300000000000098213	kr6idr	7872
1248	700000000000036668	ジェフン	7862
1249	400000000000000331	ター坊	7843
1250	300000000000003990	　アスカ	7832
1251	500000000000030232	しあん	7818
1252	900000000000078056	るう	7817
1253	600000000000096508	べっちゃん	7805
1253	800000000000092890	ハイテク	7805
1255	600000000000004016	さどっち	7800
1256	800000000000074752	ゆきのん	7788
1257	600000000000009339	ユーシー@スマホ	7747
1258	1200000000000086577	KASA	7746
1259	200000000000037799	ぱまはぱまは	7731
1260	900000000000001717	七瀬八重	7711
1261	1400000000000011799	ジェノス@大きいは正義	7710
1262	500000000000050848	オカリン	7704
1263	500000000000003872	mirv	7700
1264	1200000000000003726	紅しょうが	7679
1265	700000000000062127	クロト	7662
1266	100000000000015088	MIDDLE〆	7657
1267	100000000000097793	みそおでん	7656
1268	700000000000016679	コニー	7620
1269	500000000000023044	ダイノ	7605
1270	1100000000000077631	ぶるる	7590
1271	500000000000017887	てんblueberry?レ(*´ー｀*)ノアバコン参加中だぞ、と	7587
1272	34003	セッキー	7560
1273	1000000000000024848	バリ	7553
1274	500000000000097101	ダースベイダー	7551
1274	900000000000080526	ツナ缶	7551
1276	600000000000010801	こーすけ	7488
1276	1000000000000052345	朝影	7488
1278	700000000000000895	黒野	7445
1279	100000000000021463	Woxeib57	7439
1280	200000000000006328	ユキ	7389
1281	100000000000099530	Player 1007427185	7383
1282	600000000000100321	赤豆	7374
1283	1400000000000096404	林芳樹	7370
1284	800000000000079936	AKAHOSHI	7348
1285	100000000000000733	hiz	7341
1286	100000000000004157	はち	7336
1286	1200000000000000458	BW10	7336
1288	1500000000000080249	モンブラン	7297
1289	700000000000008811	SHANA	7291
1290	400000000000000429	葉月	7283
1291	500000000000074499	Bee8	7260
1292	800000000000005356	ボギー	7256
1293	1300000000000051304	ぢゅん＠蹴られたいＰ	7186
1294	1500000000000098600	雪夏	7168
1295	100000000000087134	やう	7161
1296	100000000000055769	gut	7123
1297	900000000000042412	Paki	7108
1298	200000000000084248	スイチャ	7069
1299	100000000000006344	morio	7026
1300	400000000000061520	dragonfly	7015
1301	700000000000010304	kawasonic	7007
1302	100000000000087522	にらたま	6993
1303	700000000000000456	きらりん☆	6990
1304	600000000000100244	iDOLT	6981
1305	1300000000000060119	LUKA	6960
1306	96290	ミランダ	6939
1307	200000000000000077	水沢祐	6931
1308	1500000000000076960	あさひ	6922
1309	1500000000000080312	かーとん☆	6921
1310	800000000000053247	けんとめりぃ	6902
1311	1100000000000090661	噛みまみた@上海人形	6895
1312	500000000000000471	たくやん	6892
1313	800000000000052000	ばんぞう	6890
1314	600000000000031209	tyaru	6885
1315	1200000000000010113	もにょん	6872
1316	1200000000000007861	宝樹ﾔﾏﾄ<嘘>	6863
1317	200000000000087435	我那覇響	6858
1318	600000000000029833	タバ	6848
1319	300000000000078434	ゴブリン	6828
1320	300000000000027248	タツカゲ	6822
1321	1100000000000052989	ちんた	6820
1322	1300000000000022859	ミト	6808
1323	900000000000101028	ゆきみち	6781
1324	500000000000000486	ザビー	6765
1325	1300000000000021022	ともにゅにょ	6743
1326	700000000000047769	mjd	6721
1327	1400000000000076724	よしの	6709
1328	1300000000000100197	kiki71	6708
1329	600000000000005404	おかじん	6686
1330	1200000000000026050	ぼけたみけ	6669
1331	600000000000008001	ayaneco	6666
1332	1300000000000027316	ICJ	6624
1333	800000000000059740	8ー3ー	6610
1334	1200000000000094154	まっちゃん	6602
1335	500000000000028749	lush@おやぶん見習い	6597
1336	400000000000087609	GRUU	6590
1337	1400000000000006198	李楽	6582
1338	200000000000101400	鈴木街道	6565
1339	1400000000000076381	優友	6561
1340	400000000000093855	慎一郎	6552
1341	600000000000001986	アリス	6535
1342	1400000000000018562	かずき	6531
1343	600000000000079790	sui-un	6516
1344	400000000000001243	MLR	6502
1345	200000000000001291	ゆーあ	6496
1346	1200000000000029386	アトランダム	6495
1347	1400000000000001688	海月	6492
1348	1300000000000080930	ポルポル	6486
1349	300000000000096859	46cha	6484
1350	700000000000029543	比翼	6435
1351	200000000000015941	ＤＥＳＰＡＩＲ	6426
1352	400000000000077085	四条莉緒	6412
1353	1100000000000083132	モンブラン	6407
1354	100123	chocozou	6397
1355	1100000000000100881	色紙	6384
1356	800000000000096637	あぇあぇ	6381
1357	1200000000000003043	鰡	6377
1358	600000000000013369	藤	6364
1359	100000000000043454	ヤ・マ	6356
1360	200000000000085407	tora	6355
1361	1500000000000081575	ツヴァイ	6349
1362	1500000000000100780	ニセキ	6343
1363	500000000000101109	yyyymmdd	6319
1364	500000000000076423	ぐっち	6318
1365	800000000000002208	さつき＠火曜の朝	6311
1366	1200000000000096063	シュン	6293
1367	1100000000000011107	Toro	6292
1368	400000000000012264	きくおうＰ	6287
1368	600000000000077907	にんにん	6287
1370	1200000000000005203	田仲	6272
1370	1300000000000011286	知得留氏@提督	6272
1372	600000000000029914	ごちお	6238
1373	1400000000000039443	アッサン()	6236
1374	300000000000057492	ジャリコ	6217
1375	1300000000000053489	まてぃ	6202
1376	600000000000012416	あずさ	6191
1377	100000000000043173	かめ	6188
1377	400000000000011527	（ﾟ∀ﾟ)ノｷｭﾝｷｭﾝ うみみ☆どーじょー	6188
1379	400000000000035325	ウッチェラ	6155
1380	200000000000097046	万字丸	6154
1381	500000000000018149	ペーネロペー	6130
1382	200000000000059578	LOG	6117
1383	1300000000000051036	Per	6116
1384	900000000000061303	００９９	6108
1385	800000000000097825	席格飛	6107
1386	1200000000000082437	修(しゅう)	6106
1387	1400000000000020954	よっけ	6100
1388	1100000000000024838	Ex-SUBARU	6084
1389	1500000000000010312	ウガ	6074
1390	65546	mi_nakano	6068
1391	400000000000010024	真田首領蜂隊	6065
1392	34229	アレクサンドロス大王	6064
1393	400000000000078667	そと	6034
1394	400000000000083216	えりか	6024
1395	200000000000001017	しゃれこうべ	6018
1396	1400000000000098670	利愛	6006
1397	500000000000061851	マスオ	6004
1398	200000000000000891	ナナシ	5982
1399	1500000000000091463	緑茶葉	5968
1400	4213	ｿﾌｨｰ	5964
1400	1300000000000085832	オルタラ	5964
1402	500000000000077491	蛍川	5959
1403	1500000000000002146	リスケ@BMD海美、育、ジュリア埋め対応可能です	5952
1404	400000000000025569	こんどぅー	5920
1405	200000000000055708	まみ◆アバターはお察し案件(θωθ)	5918
1406	6907	まーちゃん	5912
1407	200000000000055149	さなだ	5907
1408	10802	ささみ	5898
1409	500000000000045604	たけ	5896
1410	1100000000000077883	虚弱な孔雀	5894
1411	1400000000000003593	ひめつば	5891
1412	8788	CC	5880
1413	700000000000000234	ウタチカ	5877
1414	800000000000028903	とーでん	5852
1415	200000000000079594	mark	5842
1416	1400000000000037033	ぱる	5838
1417	600000000000097681	うずら次郎丸	5827
1418	800000000000087597	りほ	5811
1419	300000000000098994	かび	5798
1420	1100000000000031885	ヤマモト	5796
1421	94393	ラギヒ	5781
1422	400000000000091284	ひで	5771
1423	1300000000000096781	ユウ	5760
1424	600000000000004480	たいしょ	5753
1425	900000000000003379	OKA	5743
1426	1200000000000003255	jakalope	5740
1427	200000000000004927	ЮиФрёЖЯ	5733
1428	77289	サ二ー	5720
1429	300000000000022550	にゃんぱす	5718
1430	800000000000085122	天草	5717
1431	200000000000012613	ぐーるー	5710
1432	1000000000000006291	パクレハ	5709
1433	100000000000007576	いっか	5703
1434	300000000000007349	むてこな	5670
1435	1100000000000000749	こみゅしょー	5666
1436	700000000000052075	ふるす	5665
1437	300000000000099025	トリ	5664
1438	1200000000000083130	いわさく	5658
1439	1000000000000098058	にしぱらP	5632
1440	100000000000005062	ミルル	5625
1441	100000000000000440	たかにゃ†ひまわり†ヴァイスガチ勢	5614
1442	900000000000005508	フィリピン海P@EH相互募集中 出)可奈志保	5580
1443	100000000000027189	チクリン	5578
1444	1300000000000006638	ｲｾｰﾐﾉｱｰﾖ	5563
1445	500000000000078473	モティ(招待は好きにしてください)	5551
1446	100000000000038227	たろかず	5548
1447	1200000000000077471	五十嵐	5546
1448	600000000000035077	よしか	5528
1449	100000000000001930	三才駅P(せんべい)	5502
1450	200000000000054839	あつし	5497
1450	700000000000046629	烏賊(ウゾク)	5497
1452	900000000000002823	ギャップ	5496
1453	200000000000037235	イッキ	5492
1454	1000000000000004814	みずわさ	5481
1454	1100000000000009521	たぬき	5481
1456	400000000000004618	モモ	5450
1457	1300000000000004940	Ken	5446
1458	1200000000000007363	のりべん	5445
1459	600000000000009523	せっか	5438
1460	4857	時間	5433
1461	1300000000000005243	けむっそ	5432
1462	1300000000000079581	れっぷう	5428
1463	600000000000052203	まるきゅう	5425
1464	900000000000007228	φ シド φ	5409
1465	98481	Player 1007011488	5400
1466	300000000000099671	ノエルP	5388
1467	1000000000000002988	noki	5385
1468	200000000000039510	プーCHAN	5372
1469	52338	Blue_JADE	5364
1470	1200000000000050104	コーヘー	5359
1471	900000000000052156	わきゅ	5339
1472	300000000000026399	ソラマメ【多忙の為※割愛】	5328
1472	1500000000000051152	玄兎	5328
1474	1809	Proto	5327
1475	1200000000000006904	べるぐ	5307
1476	1500000000000052131	コスモ	5288
1477	100000000000007790	ジャン	5280
1477	1400000000000034476	KOU	5280
1479	1300000000000033549	シーナユーキ	5262
1480	600000000000034675	マジナイ	5255
1481	1100000000000046835	rainy	5251
1482	1100000000000095646	12zeke10	5248
1482	1300000000000054831	tele2014	5248
1484	22006	可愛いひよこ	5229
1485	200000000000030029	またり	5226
1486	300000000000007163	Ｏ－ｔｏｋｕ	5219
1486	900000000000078829	高梨	5219
1488	1500000000000091939	ぽんちょ	5212
1489	15476	ガナドール	5181
1490	1100000000000079833	△○	5180
1490	1400000000000026917	ねこポチ	5180
1492	900000000000022174	ランド－ル	5174
1493	900000000000002976	ﾙｸｳｪﾙ	5164
1494	600000000000055280	ちー	5160
1494	1000000000000049110	虎壱	5160
1496	800000000000049941	ゴマミソ	5124
1497	500000000000057857	アナザーK	5120
1498	800000000000086234	miz §越狂會§	5112
1499	1300000000000022658	ウルフ	5095
1500	1100000000000095566	かめまる	5090
1501	1100000000000080818	エンスコグ	5082
1502	700000000000081800	タカハス	5077
1503	500000000000010247	S.freedom	5070
1504	1100000000000009681	汰民	5047
1505	600000000000057445	おかとじ	5004
1506	500000000000097751	T-sky	5001
1507	1400000000000098263	めんち	4990
1508	600000000000005474	フト・シエル	4986
1509	800000000000024532	綾薙 晃	4977
1510	500000000000098437	甘鯛	4976
1511	100000000000056005	親方	4968
1512	700000000000016717	yoshia	4962
1513	800000000000097451	リッツ	4929
1514	800000000000021895	ＲＡＩＬＧＵＮ	4918
1515	5371	OzMi	4912
1516	1100000000000085252	riku	4892
1517	700000000000090843	んん	4886
1518	400000000000039017	エスカル	4884
1519	700000000000011096	招きネズミ	4881
1520	1100000000000099271	カタツムリ	4869
1521	1000000000000006742	手乗りタイガー	4857
1522	1300000000000096365	Y'n	4850
1523	700000000000054705	元ノリ	4848
1524	1300000000000015126	ＮＡＡＮ	4828
1525	100000000000001594	クリス（仮）	4825
1526	900000000000097881	エル	4795
1527	1000000000000096324	くら＠同僚募集中	4777
1528	5086	ミヤビ	4767
1529	1400000000000036664	あき	4761
1530	900000000000007102	ひぃろぽん	4750
1531	1300000000000010553	ひつじ	4749
1532	1500000000000004249	Ryo	4743
1533	1200000000000037102	けぃたぃ刑事	4718
1534	200000000000094861	ばーやん	4712
1535	300000000000096781	sakisaki	4711
1535	900000000000006039	Yooh1	4711
1537	1200000000000040484	ヴィンス	4704
1538	500000000000023660	アルト	4695
1539	200000000000004703	ルゥ	4692
1540	500000000000101170	いぬ	4687
1541	900000000000092523	みちたロンドン	4685
1542	53487	asts	4680
1542	1400000000000056647	YOU	4680
1544	1500000000000075346	にの	4677
1545	1500000000000100124	こだま	4676
1546	1500000000000077389	あんべる	4649
1547	100000000000097456	gol	4632
1548	600000000000002195	Green	4630
1549	800000000000025569	のっち(Si-R)☆千早P	4627
1550	700000000000084043	ぬしゃ	4594
1551	1300000000000063198	たらば	4591
1552	600000000000002602	鳥谷瑠美	4590
1553	1100000000000099792	Mie Choa	4568
1554	900000000000024870	ＷＡ	4560
1555	300000000000004972	クロニカ	4542
1556	700000000000078993	みどりんぐ	4521
1557	1000000000000099536	ねこみみ	4515
1558	600000000000061597	骨折P	4514
1559	1500000000000025438	asa	4510
1560	200000000000001302	ばっくす	4487
1561	1500000000000047039	あんすず	4475
1562	400000000000096097	DD67	4465
1563	700000000000007136	きなこ～む	4459
1564	300000000000003202	mist	4441
1565	300000000000097744	あとらす	4438
1566	200000000000074962	みゃび太	4427
1567	1100000000000080076	テイル	4426
1568	1000000000000097527	ぴーﾁｬﾝ	4415
1569	300000000000100831	ポカポカ	4412
1570	700000000000038849	わにゃぴー	4410
1571	1300000000000033994	トレ	4403
1572	100000000000003885	きくの	4396
1573	1100000000000004099	TAN	4374
1574	800000000000045147	うっぢー	4365
1575	400000000000075180	ちずらぷ	4356
1575	1500000000000097819	シュウ	4356
1577	700000000000061765	narutara	4347
1578	1100000000000012580	おしょう	4340
1579	500000000000042978	ｱﾘｹﾞｰﾀｰ	4335
1580	500000000000051236	ooo	4323
1581	42461	mokimori	4310
1582	1000000000000097138	tkp	4294
1583	1300000000000091806	たっちゃん	4283
1584	1200000000000075716	Gallows	4277
1585	46064	紅葉	4254
1586	400000000000096876	Ben Yau	4253
1587	800000000000071837	itgeek96	4250
1588	1200000000000027631	ないとめあ	4236
1589	300000000000062375	newcts	4233
1590	1200000000000085002	よしのん	4232
1591	700000000000053933	Christof	4220
1592	93526	カーズ	4210
1593	1000000000000022626	ユーリ	4205
1594	600000000000001215	tako＠貴音P	4200
1595	1100000000000001913	あつめますよ	4190
1596	600000000000094912	なべ	4187
1597	600000000000092990	k.s	4185
1598	1000000000000096105	エア	4170
1599	600000000000074062	やきとり	4150
1600	1500000000000078520	ぷちとまと	4145
1601	56574	ふ～る	4143
1602	1000000000000030515	K(多忙ｱｸｾｽ減です)	4142
1603	59998	ハル	4130
1604	800000000000076827	ゆる～るP@隠居	4118
1605	1200000000000005002	TD	4117
1606	400000000000011253	nsn	4104
1607	1500000000000044919	ｱﾈｰﾛ[休み、休み参加中]	4094
1608	700000000000004297	おれーす	4093
1609	900000000000003438	プニム	4092
1610	1100000000000082901	たむそん	4087
1611	700000000000004595	まる	4084
1612	600000000000081687	きくらげ	4067
1613	1200000000000095368	成績不良	4062
1614	1500000000000100547	カラシッチP	4050
1615	100000000000005390	ξ*'ヮ')ζ ギギギギギ	4041
1616	75400	ガロ【蒼き狼隊】	4033
1617	900000000000019947	ウィン	4022
1618	1300000000000025633	黒畑幽鬼@ULA予選走りきった	4012
1619	600000000000027640	hirooon2	3984
1619	800000000000015774	deith	3984
1621	800000000000098775	Fryght21A	3983
1622	1500000000000055070	サボテン	3980
1623	500000000000001911	まぁちゃ	3977
1624	1400000000000081535	Markun	3967
1625	1000000000000000042	Hなみりあちゃん	3961
1626	1300000000000082174	水平保	3944
1627	100000000000030567	えどがわ	3943
1628	800000000000002246	ゴウジン	3941
1629	200000000000021234	こまちん(北海道）	3940
1630	700000000000003766	もりまる	3931
1631	1500000000000051329	うすけ	3925
1632	500000000000060475	ミク	3924
1633	1500000000000059296	あさぼん	3884
1634	800000000000046912	小鳩	3878
1635	700000000000055500	リヴァ	3874
1636	300000000000100481	kwn	3870
1637	1300000000000000980	ネム	3868
1638	1200000000000100510	単細胞生物	3864
1639	700000000000023971	ﾄｰﾙﾓﾝﾄﾞ	3858
1640	1400000000000049261	沈黙の凡人	3844
1641	300000000000001331	エクスメロン	3837
1642	600000000000007732	tokiha	3828
1643	800000000000074797	あだっち	3827
1644	700000000000000120	かずぴー	3822
1645	100000000000001485	ナツP	3816
1646	1500000000000007254	赤ぶち	3805
1647	700000000000013247	じたん	3792
1648	400000000000098498	にっけ	3791
1649	1500000000000001901	藤宮	3784
1650	1000000000000033942	ログイン	3759
1651	5101	SEEDA/R指定	3752
1652	1400000000000033314	カウディー	3748
1653	200000000000003131	ダイ	3742
1654	500000000000016326	自一次男	3714
1654	800000000000051280	nike	3714
1656	101194	モリリン	3698
1657	81929	ウダラッシュ	3696
1658	1400000000000079131	とう	3691
1659	800000000000098750	築山	3688
1660	1300000000000010883	Bestie_Hagal	3675
1661	100000000000045981	ケンケン	3672
1662	1100000000000001045	八百津	3655
1663	100000000000045722	幻剣	3648
1664	100000000000004692	赤い狐	3639
1665	700000000000060040	ミツ	3636
1666	1000000000000000829	gin5x	3635
1667	900000000000047064	ツバキ	3632
1668	1300000000000058894	のんび…	3627
1669	1200000000000056987	みーシャ	3625
1670	1500000000000027499	やんまゆ	3624
1671	100571	あき	3619
1672	700000000000007036	+九州女子+	3618
1673	1100000000000022657	ゆうの	3617
1674	400000000000005022	だむどむ	3615
1675	200000000000076452	トッシー	3611
1676	700000000000032355	ゆうひ[ご協力ありがとうございます]	3605
1677	500000000000097096	ヨッシー３	3600
1677	1300000000000014095	ヒロキ	3600
1679	100000000000086524	しんｱｰﾗ	3593
1680	1400000000000021876	さつき	3584
1681	1500000000000002180	みや（PeachStyle代表）	3580
1682	1200000000000009515	火村夕	3575
1683	1500000000000055275	番長	3572
1684	300000000000000850	さなっち	3550
1685	800000000000003940	ジョン	3546
1686	300000000000008764	ヨシケイ	3542
1686	900000000000045576	ココア	3542
1688	1100000000000038830	もすくわ	3540
1689	1100000000000016733	15P@可憐道場	3528
1689	1300000000000023978	星	3528
1691	1200000000000094767	Player 1006206156	3522
1692	17271	かと（仕事多忙中）	3520
1693	1000000000000075433	jazu1980	3516
1694	200000000000078432	ハセヲ	3503
1694	700000000000094439	タンスの隣に	3503
1696	500000000000051245	サルベージ	3484
1697	800000000000077063	椎禾	3480
1697	1200000000000015663	あらほん	3480
1699	600000000000001080	Rosswise	3452
1700	1400000000000021931	オオハラ	3448
1701	4055	あんぱん	3439
1701	1400000000000009124	ｱｻ	3439
1703	200000000000008334	マリア…これでいいんだろ？	3438
1704	900000000000017130	ﾅﾏﾗ(+_+)ﾀﾎﾞｳ? ♪ﾈｺｳｻｷﾞ	3437
1705	1200000000000044868	すやＧ-Aqours	3432
1706	1000000000000004913	ミズ	3424
1707	1000000000000004353	dameganex	3422
1708	1100000000000001207	シンタナ	3420
1709	1500000000000043237	なかみはら	3406
1710	900000000000055954	アスミス	3403
1711	900000000000078143	征魔	3397
1712	300000000000001796	はねはね	3396
1713	800000000000022525	うにゃお	3395
1714	500000000000085320	ひろ	3392
1715	1400000000000003256	msty	3390
1716	400000000000041120	イフリータ	3388
1717	800000000000074290	やきいも	3379
1718	1000000000000008107	87shoP	3378
1719	100000000000038556	かず	3374
1720	100000000000051595	col9	3370
1721	200000000000008293	runa*	3368
1722	1400000000000073194	いちよふ	3366
1723	100000000000029782	ウィス	3354
1724	400000000000004032	きゅ	3342
1725	700000000000015639	ベーオウルフ	3335
1726	700000000000000623	創夜	3332
1727	600000000000028837	Key	3330
1728	1500000000000037122	パリティ	3328
1729	1100000000000000652	わしじゃて	3324
1730	5122	ｚｉｋｌｌ	3304
1731	400000000000100930	YUTO	3303
1732	1300000000000062215	ルミカ	3290
1733	100000000000004965	あき	3285
1734	1300000000000087052	ひよこ	3283
1735	1500000000000097056	マックイーン	3276
1736	300000000000099900	ピヨ将軍	3273
1737	500000000000062440	wyi	3258
1738	100000000000072385	ベーコン	3255
1739	300000000000096714	ひかるん	3240
1740	1000000000000077889	ケンヤ	3224
1741	1400000000000026313	竜騎将バラン	3220
1742	1500000000000101031	NEBARI	3193
1743	100000000000029645	ﾌﾟﾗｸﾀｰ	3192
1744	400000000000096167	かいん	3189
1745	1200000000000055441	風見鶏 翠	3184
1746	200000000000010276	ミネルヴァ	3174
1747	100000000000074380	のん	3164
1748	700000000000050235	うこん	3157
1749	1500000000000000849	ブラケ＠ラウメン募集中	3152
1750	1300000000000013827	わんわん	3148
1751	1200000000000096117	毒蛇	3140
1752	300000000000093954	れおまっしぐら	3138
1752	800000000000007734	橋本奈々未	3138
1754	900000000000019842	ファイン	3136
1755	700000000000093730	らてぃあ	3126
1756	1200000000000001806	Uターン	3125
1757	1100000000000021205	CO@	3114
1758	700000000000050627	カリス	3110
1759	300000000000032069	りくるーと	3103
1760	1200000000000009099	ログ	3100
1761	1000000000000001523	さやか	3093
1762	400000000000032521	カオス	3090
1763	400000000000001773	トモ	3082
1764	400000000000094847	HenHen	3078
1765	10208	フェン	3065
1766	800000000000098033	ルビスコ	3045
1767	100000000000006245	やまと	3043
1768	800000000000080790	アキサト	3035
1769	500000000000076591	ふしき	3023
1770	300000000000039059	雨音	3019
1771	400000000000097990	byorori	3006
1772	600000000000032749	ｼｮｳくん	3005
1773	100000000000097465	(　＾ω＾)	2990
1774	1300000000000032104	コウスケ	2988
1775	400000000000083649	ヘケ	2987
1776	200000000000002825	お豚サマ	2976
1777	1100000000000007290	10mo	2974
1778	74414	Barrel	2971
1779	1300000000000013899	由愛乃	2969
1780	600000000000093279	ネコサンダー	2961
1781	700000000000061768	ウォルフ･デア･シュトルム	2955
1782	200000000000074035	CSP	2948
1783	1000000000000041920	イサキ	2947
1784	1200000000000026114	ヒロひろ	2933
1785	1500000000000077802	kizen	2928
1786	300000000000012679	まこち♪	2926
1787	1300000000000019558	気楽	2921
1788	300000000000051599	ダイン	2919
1789	800000000000042892	ﾔｯｸﾝPTK	2912
1790	1400000000000003727	ガイ	2907
1791	500000000000096564	太田浩司	2880
1792	200000000000094407	まこち	2877
1793	1500000000000086022	りーふぇ	2876
1794	500000000000006454	みなっち	2849
1795	300000000000003556	Nao.	2820
1796	300000000000029688	小太狼	2815
1797	200000000000008030	たなおろし	2811
1798	600000000000002261	Q	2810
1799	1500000000000000347	ニーギいるか@しばらく休止	2807
1800	1100000000000092886	める	2802
1801	900000000000040364	オッドボール三等軍曹(未來) 似てないﾅﾘをやってる者	2798
1802	300000000000008503	みつ@うみみSRアルバム埋募集	2790
1803	1000000000000036477	zuki	2771
1804	1300000000000088142	まつこ	2758
1805	500000000000030975	ターホーン	2751
1806	1400000000000089475	えり	2750
1807	1100000000000013052	ぐるぐる	2746
1807	1500000000000050250	Fumizki	2746
1809	800000000000097239	大鍋	2737
1810	8202	ま～ちゃん	2723
1811	900000000000095918	トオル	2706
1812	600000000000035234	バキュラ	2702
1813	1200000000000025659	あこ	2692
1814	1300000000000010330	急所恐怖症	2687
1815	200000000000011230	あれっくす	2682
1815	1300000000000054463	やんちゃ坊主	2682
1817	63020	たう	2675
1818	900000000000088149	ふじの	2672
1819	300000000000002801	ひろ吉	2658
1820	900000000000051041	しげち。	2605
1821	700000000000018149	おさる	2601
1822	700000000000100612	麺棒	2600
1823	1300000000000100619	nao3	2595
1824	700000000000073239	きなこ	2592
1825	1000000000000082265	アスベル	2589
1826	300000000000007491	アクセル	2587
1826	400000000000032077	ハーメルン	2587
1828	700000000000005626	きょん†｡｡	2583
1829	1200000000000009943	きっためん	2550
1830	800000000000097606	ジュリアン	2549
1831	1200000000000004440	青薔薇《アバコン投票お願いします》	2541
1832	800000000000004073	インフィー	2534
1833	200000000000001778	にふにふ	2528
1834	1200000000000022522	ベジコ	2517
1835	1500000000000003780	桐原キリ	2508
1836	1500000000000054039	とまと	2501
1837	900000000000038512	ふるた.すてっぷ	2494
1838	400000000000033010	Reco	2492
1839	8920	ゆゆゆゆ	2486
1840	800000000000001257	リッド	2484
1841	700000000000098732	アルゴP	2467
1842	400000000000100333	池沢	2464
1843	500000000000094614	ながしん	2462
1844	100000000000030523	Minis	2460
1845	1000000000000069079	てっちゃん	2452
1846	8257	ゆまっち	2448
1847	800000000000044968	ぷりる	2444
1848	300000000000096089	さんばさん	2436
1849	100000000000101377	千	2434
1850	1400000000000045675	エリコ	2415
1851	1500000000000085197	さささぎさん	2412
1852	400000000000005730	青いはと	2408
1853	900000000000080609	きよ	2401
1854	700000000000101213	につこ	2380
1855	400000000000085229	phen	2375
1856	1000000000000047915	味噌ラーメン	2370
1857	400000000000003275	Pitta	2367
1858	300000000000015452	ケイ・ホープ	2353
1859	800000000000087482	ZAWA	2344
1859	1100000000000096539	るか	2344
1861	200000000000003184	きほいる	2340
1862	99893	Player 1007593872	2330
1863	300000000000008968	くまきち@のんびり参戦	2326
1863	1000000000000002771	すいか	2326
1865	100000000000008493	G	2313
1865	1300000000000080800	ナーナ	2313
1867	400000000000000961	らみえる	2300
1868	1000000000000075434	くだま	2299
1869	800000000000088403	ヘンリーマーシャル	2295
1870	1100000000000097182	おると常務	2281
1871	1000000000000039773	ブヨン	2280
1871	1300000000000098402	ATSU	2280
1873	700000000000038870	イオン	2275
1874	1400000000000081676	ああああ	2270
1875	700000000000011338	まんだ	2265
1875	1400000000000001462	トモ	2265
1877	500000000000004416	プール製造機ほなみ	2263
1878	600000000000098997	シオン	2261
1879	1100000000000100330	a	2253
1880	100000000000052160	Mori__O	2240
1881	1400000000000003983	はさみん	2237
1882	900000000000075897	ともこ	2230
1883	1100000000000009317	ワク@S・フリーダム	2226
1884	500000000000101014	さくま	2215
1885	400000000000003620	kowa	2199
1886	600000000000096048	えつを	2194
1886	1500000000000041909	いずみ@	2194
1888	700000000000008821	まさ	2193
1889	1000000000000097397	イヅル	2192
1890	1300000000000078879	瀬戸こむぎ	2186
1891	1400000000000076669	もなりあ	2177
1892	800000000000014917	あつのぶ	2175
1893	50477	クリスズ	2160
1893	98249	キンタ	2160
1893	1300000000000007312	エヴァネス	2160
1893	1500000000000087168	たこ焼き	2160
1897	1200000000000005854	みお	2156
1897	1200000000000093012	南風	2156
1899	200000000000055762	チャナガブルP	2152
1900	500000000000044632	まさ(最近ドリダンジョンきついよ)	2145
1900	1300000000000086934	星崎時羅	2145
1902	100000000000056246	あたま	2142
1903	1400000000000053572	トウテツ	2140
1904	1000000000000101337	ショウユウ	2132
1905	1000000000000096114	藍	2113
1906	700000000000050418	黒奈	2107
1907	1400000000000097182	塩缶	2106
1908	900000000000008144	星 倫吾	2100
1909	600000000000050381	忠太	2098
1910	200000000000030226	ふくし	2096
1911	1300000000000062996	きー	2090
1912	86824	美琴	2079
1913	1200000000000003212	servis	2072
1914	1100000000000036448	hornet174	2064
1915	200000000000096832	シノ	2060
1916	900000000000051447	dai0802	2056
1917	1300000000000002773	にょん	2049
1918	600000000000004049	しんいち	2043
1919	900000000000074604	さかまんじゅう	2022
1920	1200000000000013042	とーふや	2018
1921	700000000000046095	あきざくら	2017
1922	1400000000000004080	たけひと	2016
1923	1000000000000037795	ロマン	2010
1924	500000000000059674	ぷろい	2007
1925	1200000000000075346	横綱朝醤油	2004
1926	300000000000100132	lolitalolita	1998
1927	300000000000002638	ひーやん＠ｸﾞﾘﾏｽ以外放置	1989
1928	1400000000000058893	キヨハル	1988
1929	700000000000000992	芝山美海（CV.春乃伊吹）	1981
1930	100000000000051538	修理	1979
1931	700000000000051058	しばしん	1976
1932	900000000000093604	だく	1974
1933	1500000000000010280	shadowvoice	1967
1934	100000000000061184	孤夢@掃除屋hshs	1964
1935	300000000000095844	しまむら	1960
1936	700000000000062039	ゴリ	1958
1937	200000000000002501	のっぴき	1952
1938	100000000000024165	グッチ	1951
1939	1500000000000002918	ユウキ	1940
1940	800000000000003231	よっしぃ	1937
1941	1300000000000011679	ミヤト	1921
1942	1500000000000006677	甘楽/黒沢 ルビィ/大切な天如さんとpair	1916
1943	400000000000098624	Player 1007181332	1911
1944	300000000000002803	としあき	1908
1944	600000000000012417	dinotank	1908
1946	1400000000000081318	あしか	1896
1947	800000000000042472	クロン	1885
1948	1400000000000051116	管理人	1883
1949	76974	あたりめ	1877
1950	100000000000085768	J_DDANG	1875
1951	44209	ＰＯＫＯＴＥＮＧ	1861
1951	200000000000045609	点々	1861
1953	1400000000000073996	いわやじ	1853
1954	1300000000000074489	アルジェント	1845
1955	1400000000000052519	charles	1842
1956	100000000000013027	はとぽ	1830
1957	1200000000000008786	きたきつね	1827
1957	1300000000000008881	トシ丸	1827
1959	1300000000000099990	アイマス０	1825
1960	900000000000010332	七味	1803
1961	36540	moka	1802
1962	500000000000046823	きむ	1800
1963	300000000000033502	まふま@孤爪(=^ω^=)	1796
1964	500000000000013159	キノ	1788
1965	600000000000092410	ミストラル	1785
1966	1400000000000000358	ゲキタ	1782
1967	800000000000018228	オニキス	1777
1968	300000000000086982	真紅	1746
1969	800000000000068557	アイソン	1742
1970	1500000000000076193	緑青	1736
1971	1400000000000101435	Player 1008310574	1732
1972	100000000000007731	もり（招待ﾒｰﾙｽﾙｰで	1731
1972	900000000000100654	Chocolate	1731
1974	1000000000000077763	アルフォートン	1727
1975	900000000000043872	ks ドリギルメン募集中！	1702
1976	900000000000084686	実耶	1698
1977	1200000000000002388	ゲソ	1694
1978	1400000000000011823	名前募集中	1670
1979	1300000000000003245	LISA	1667
1980	900000000000097411	べーさん	1655
1981	700000000000052867	かれん	1648
1982	800000000000002510	たかぼー	1643
1983	400000000000022335	kanai_fx	1641
1984	300000000000005969	のらねこ	1632
1985	900000000000086335	える	1630
1985	1100000000000002846	Motmot	1630
1987	1100000000000000345	＼鳩@律子P／	1628
1988	700000000000006106	もなζ(･ω･)ζ感動相互埋め募集　EH亜利沙紗代子あり	1625
1989	200000000000009452	クルシェンヌ	1624
1990	1300000000000051996	ますたー	1622
1991	1400000000000074728	つばい	1608
1992	1500000000000004967	ファントム	1584
1993	500000000000032232	ファーザー	1571
1994	100000000000031730	ああああ	1570
1995	400000000000000287	りぷとん	1562
1996	1400000000000048389	ナチュレ	1552
1997	900000000000017261	放浪カモメ	1543
1998	200000000000084444	きち	1524
1998	300000000000055753	ヒロ	1524
2000	600000000000100529	ほしな	1518
2001	600000000000004208	りゅうのすけ☆μ's Finalドーム参戦☆	1513
2002	1100000000000007750	feimin	1512
2003	300000000000002860	FillSat	1496
2003	1300000000000001345	マコロン	1496
2003	1500000000000031803	ユメ	1496
2006	1500000000000079781	万策尽きた	1486
2007	1000000000000029759	美夕	1485
2007	1400000000000009258	つばさん	1485
2009	1200000000000069246	きらきらりん	1470
2010	1200000000000093866	こうの	1468
2011	800000000000074819	夏希	1466
2012	1000000000000053478	sya1na	1464
2013	76740	エクス	1462
2014	800000000000093858	ゆずな	1459
2015	1500000000000099904	はまじ	1455
2016	1000000000000058936	waka	1446
2016	1000000000000080940	俊介	1446
2016	1200000000000098986	momiji	1446
2019	900000000000086396	アトリ	1435
2020	100000000000101002	テンペ	1433
2021	1400000000000009907	風邦	1432
2022	1300000000000096770	にんじんもやし	1430
2023	1200000000000071555	かげろう	1428
2024	400000000000049548	ukita	1410
2025	600000000000084253	まぁ～ちゃん	1408
2026	1500000000000068751	patriot0228	1381
2027	700000000000056971	JEGAN	1380
2028	43221	たくみ	1376
2029	1500000000000011986	たけお	1369
2030	400000000000101131	あお	1366
2031	900000000000010488	うへの	1328
2032	700000000000088568	ウェスタ	1322
2032	1300000000000000985	こんぺいとう	1322
2034	900000000000008238	くったり	1316
2034	1500000000000101282	クノ	1316
2036	1300000000000081573	グルグル	1312
2037	58896	トーマス	1305
2038	1500000000000000698	まき	1300
2039	1000000000000081369	まつ◎	1279
2040	200000000000086199	ぶるぎぃ	1277
2041	1500000000000030432	彗星きのこ	1274
2042	300000000000060813	さとでゅー	1270
2043	1100000000000012283	秋路	1265
2044	800000000000035812	ツッチ	1256
2045	1100000000000062673	しん	1245
2046	1200000000000055735	行泰2	1243
2047	1000000000000086941	ssato	1241
2048	300000000000083539	清隆	1237
2049	1300000000000097397	k.k	1235
2050	700000000000003618	マーサ	1229
2051	94056	masa	1227
2052	62394	なる	1226
2053	1000000000000096644	羅主斗	1222
2054	600000000000085371	まーくん	1210
2055	1500000000000099593	Takahiro	1205
2056	1400000000000055022	白雪	1203
2057	600000000000023477	一番くじ男	1198
2058	800000000000004822	刹那	1187
2058	1400000000000006307	かみーゆ	1187
2060	200000000000062063	びすこ	1176
2061	200000000000101514	いがらしけい	1169
2062	1300000000000069631	ゆう	1158
2063	1500000000000094460	こぴゃー	1156
2064	1500000000000004463	ｍｉｕ♪	1149
2065	400000000000091285	をべり	1148
2066	1500000000000083395	きみあき	1143
2067	200000000000011523	のんのん	1135
2068	100000000000086900	mujin	1132
2069	1500000000000023510	ライオン次郎	1125
2070	800000000000010884	くわマン☆二世	1122
2071	94222	cherryshe	1120
2072	1200000000000045648	じょん	1116
2073	600000000000007224	黒＠招待メール気にしないで下さいm(__)m	1112
2074	300000000000056459	八汰烏	1109
2075	800000000000017399	ゆう	1100
2076	100000000000096661	やよかず	1095
2077	600000000000051042	柿ピー	1092
2077	1100000000000100636	大澄黎明	1092
2079	200000000000024506	でふぉ	1090
2080	600000000000086717	ペコ	1085
2081	100000000000003042	Moca	1080
2081	100000000000042832	みかわ	1080
2081	600000000000074911	セサミン	1080
2081	900000000000049816	しばえび	1080
2081	1300000000000097923	Cantualia	1080
2081	1400000000000100401	あどこ	1080
2087	700000000000001244	アナゴン量産型 量産型をナメるな!!	1077
2088	100000000000096880	シラリ	1073
2088	1500000000000006664	スライダー道場	1073
2090	400000000000100979	七月	1067
2091	200000000000046673	@kou	1065
2092	700000000000085978	ししょうや@あずさP	1056
2093	600000000000013966	まっすぐスパーク	1047
2094	700000000000093104	ゆきを＠偉人伝心	1042
2095	900000000000006431	バゼゼだん	1036
2096	600000000000061571	16回切りが出来そうな人	1026
2097	50288	ぐりぐり	1015
2098	700000000000046423	THE hibikin m@ster!!	1014
2099	500000000000028284	副作用	1004
2100	1500000000000031812	ロム・ストール	1001
2101	1300000000000076781	ロベルトうちの	996
2102	1400000000000010474	葉皇	993
2103	1400000000000094650	やぶこ	988
2104	97641	ゆみ	980
2105	100000000000007753	とりべ	973
2106	500000000000056597	加藤	970
2106	1500000000000025579	ケイト	970
2108	1500000000000061570	CH@OS829	968
2109	1500000000000079660	John.k.c.harding	963
2110	383	肉塊	962
2111	300000000000099104	くま	959
2111	800000000000001549	マッハサンデー（やすくにP）	959
2113	800000000000038374	内緒	958
2114	1200000000000090044	銀河	956
2115	600000000000051152	葵	954
2116	200000000000000519	のんちゃん	950
2117	1100000000000097661	ぱるる	946
2118	400000000000011097	ひよこ	943
2119	1200000000000097916	よう	942
2120	1200000000000003118	ひいろの	940
2121	800000000000008408	たくが	939
2122	100000000000100774	sakurana	938
2123	1400000000000009735	たらすぱ	931
2124	2528	優曇華院ｲﾅﾊﾞ	920
2125	300000000000003296	ごりぞう	912
2126	1200000000000005202	tostossot	904
2126	1300000000000100655	Player 1007880205	904
2128	700000000000006234	ちびヌコ@みーたん	897
2129	1000000000000015015	詩乃	893
2130	600000000000075342	クゥロロP	891
2131	300000000000003959	タケちゃん	889
2132	700000000000022388	小鳩	886
2133	300000000000056833	キーストーン	878
2134	900000000000014027	ばっつぁん	870
2135	900000000000011282	けんざぶろーちょっと釣りをお休みしますm(__)m	869
2136	500000000000085425	たけっつぁん	865
2137	100000000000077790	全身タイツ	861
2138	800000000000010694	ピピン板橋	860
2139	1400000000000080875	ハッチ	854
2140	600000000000003417	まぁ☆Яuмiﾁｬﾝ☆*。少しずつ少しずつですが(>.<)	852
2140	1400000000000080871	なにゃもん	852
2142	700000000000000465	しゅうくりーむ	849
2143	400000000000017833	TOKITO	847
2144	1300000000000079337	鈴P	846
2145	800000000000099726	Player 1007818968	844
2145	1300000000000095416	tomo	844
2147	1500000000000000033	凪	841
2148	300000000000019297	(㌔㍉ｺﾝ?)	840
2149	900000000000074032	karasi	837
2150	94394	夢莉	828
2151	200000000000093534	J	825
2152	600000000000085361	☆湊★	822
2153	700000000000057657	音瑠	817
2154	600000000000099804	ちえたん	799
2155	20473	山猿改	795
2156	1200000000000029329	ｋ	793
2157	1100000000000099607	Imoheihe	792
2158	200000000000000586	JIRO丸	788
2159	1000000000000046698	夏来	782
2160	1200000000000034913	assault.waves	781
2161	400000000000029005	まっちゃん	776
2162	1200000000000096268	うめちきん	770
2163	900000000000009488	かきさん	768
2164	500000000000003508	エクセルシオール	763
2165	600000000000080759	ノエタン	761
2166	1000000000000055501	キサラギ	757
2167	700000000000100194	step	755
2168	1100000000000064093	テト	751
2169	200000000000026191	≪弓ム≫Love☆Quester	750
2169	200000000000044982	カエルくん	750
2171	600000000000037624	サンゴ	749
2172	700000000000013049	リチア	748
2173	1200000000000027595	koikaze	747
2174	900000000000098947	cocoa^ω^	746
2174	1100000000000016119	少年A	746
2176	100000000000076935	ツリーダイア	739
2176	200000000000087230	翠月	739
2176	1300000000000079671	タッツン	739
2179	100000000000049385	胡桃	737
2180	1200000000000053138	お姫ちんのお尻ちんに敷かれたい	736
2181	600000000000002658	半兵衛	733
2182	700000000000028194	clmt	732
2183	200000000000093490	siruban	731
2184	100000000000085510	中央なんとか	726
2185	1300000000000094530	やまびこ	725
2186	700000000000076149	ホオズキ	720
2187	800000000000020028	水銀灯	719
2188	1000000000000098508	Magenta	708
2188	1100000000000096566	つるし	708
2188	1500000000000059017	xxx	708
2191	1000000000000101300	じーつー@和	697
2192	1400000000000001983	rachetx-jp	696
2193	300000000000057586	TT	693
2193	600000000000038391	ハッシー	693
2193	800000000000073984	芹川	693
2196	1200000000000097233	i.c.e.9	691
2197	900000000000062571	sknow	687
2198	200000000000033903	やす	686
2198	400000000000008928	こっとん	686
2198	500000000000035583	うへい	686
2201	1100000000000075160	ｺﾘﾙ★RS:風邪ひいた…(´ρ`)	673
2202	400000000000051717	ブン	671
2202	1300000000000032978	ド=M=祥也	671
2204	600000000000010139	タカ	666
2205	1500000000000004550	ふでばこ	663
2206	82365	AKIRA047	658
2207	800000000000000449	GM	653
2208	400000000000000251	てんくら	642
2208	400000000000100579	Player 1008168708	642
2210	1000000000000029905	キャンディ	640
2211	700000000000079672	riku	637
2212	500000000000062268	麦。	631
2213	1300000000000097065	ssgw	628
2214	1300000000000010501	☆高校100年生☆	627
2215	700000000000021634	Ｌｉａ	625
2216	1300000000000093808	ひびかわ	621
2217	900000000000097070	Player 1006473673	617
2218	1100000000000097714	mochico	612
2219	300000000000098792	スレプスクエズイランサ	611
2220	200000000000050587	詠	609
2221	1300000000000049773	あべし	600
2222	1200000000000058034	炊飯器	596
2223	600000000000022788	雷王華	588
2224	100000000000086521	kamineko	581
2224	1000000000000053733	さちこ◎	581
2226	700000000000000762	じょーじまP	579
2227	100000000000002416	ろ～でぃんぐP	576
2227	400000000000083278	大佐	576
2227	1300000000000052939	toshi072	576
2227	1400000000000088408	???	576
2231	1000000000000099453	utatamin	573
2232	700000000000025366	捨て駒P	569
2233	1100000000000093830	Player 1006005387	566
2234	200000000000075288	あんこ	564
2234	900000000000004160	やかた	564
2236	100699	月猫	562
2237	1000000000000100715	mikia	561
2238	1100000000000094209	known	559
2239	1300000000000099154	Player 1007141533	558
2240	300000000000033127	パルスィキム	549
2241	500000000000099793	marie	538
2242	500000000000029959	しろネコ	535
2243	1200000000000079617	Daisy Cheng	532
2244	800000000000008447	ツカＰ	531
2244	1300000000000075891	みむ	531
2244	1300000000000091758	Player 1005640765	531
2244	1500000000000056440	こや	531
2248	101394	みいにゃ	527
2249	1200000000000030118	ざき	522
2249	1200000000000091514	あいら。	522
2251	700000000000088538	くおん	521
2252	300000000000027288	電脳スキル	518
2253	400000000000073996	ライライ	514
2254	1400000000000004157	ジョニひと	512
2255	3301	ウルニャン	508
2256	800000000000060218	デビィ	503
2257	1000000000000003362	KID1217	501
2258	900000000000097708	やし	498
2259	1400000000000065068	Player 1002081262	485
2260	1400000000000027027	アラン．AR	473
2261	600000000000011941	高田 健志	472
2262	600000000000036708	かつきん	468
2262	1300000000000026095	Катюша	468
2262	1500000000000074707	五月七日	468
2265	1400000000000101623	手作りの武道館	462
2266	900000000000027662	ひろ	461
2267	1300000000000053755	ヨル	460
2267	1500000000000054015	りあ	460
2269	200000000000101788	取得できませんでした	456
2270	82786	グラム	454
2271	400000000000097483	瓶	452
2272	600000000000100444	uyhaw	448
2273	900000000000099457	★☆ヤンヤン☆★	444
2273	1400000000000004695	JACK	444
2275	2254	もち	440
2276	1100000000000094748	しょうけん(承賢)P	435
2277	800000000000100804	Player 1008355080	431
2278	1000000000000043866	チョッパ アバコンプロフから投票よろしくデス(* ^ー゜)ノ	428
2279	1300000000000039448	みょん	419
2280	1300000000000021910	まりー	418
2281	1100000000000008721	あわあわ	414
2282	1200000000000054083	nobukazu	413
2283	200000000000101074	イレイズ	408
2284	1100000000000100272	Player 1008044011	406
2285	6028	雅	404
2286	1500000000000091980	ハゲ茶瓶2	400
2287	1000000000000051471	なおりん	398
2288	800000000000094179	さくや	395
2288	1500000000000101310	梅月	395
2290	800000000000000871	くれ	386
2291	1400000000000086272	ふじみやん	384
2292	1400000000000057023	いなほ	379
2293	400000000000068305	どら猫	378
2294	1200000000000036672	ヘザー	375
2295	500000000000041355	怪盗Wooo	374
2296	62643	わわこ	368
2297	500000000000101252	マユ	367
2298	700000000000020077	もりわき	366
2298	1000000000000041631	危険人物Ｚ	366
2300	500000000000004478	ショウータ	362
2301	600000000000030250	tmng00	360
2301	600000000000044645	るどるふ	360
2301	700000000000002000	aster	360
2301	800000000000016306	ナレイン☆	360
2305	300000000000008562	しがのん	355
2306	1300000000000002394	かるび	353
2307	1400000000000101643	Player 1008380078	350
2308	100000000000062361	wac	347
2308	800000000000024379	こし	347
2310	700000000000056871	かぶ	345
2311	800000000000000280	スコッティ	343
2311	1400000000000051351	アーバンカウボーイ	343
2313	100000000000100206	ももぺー	339
2314	300000000000002059	kazu24	336
2315	1100000000000101147	Kabuva	335
2316	101536	とうじょう	330
2317	300000000000000240	sc29	326
2318	49086	カラクチクン	325
2319	300000000000098898	???	323
2319	500000000000052305	mapleocean	323
2321	1400000000000028250	女々し(くてつらいです)	318
2322	26122	Zauber-1126629	309
2323	1200000000000100780	ぺる	308
2324	1400000000000053844	ランド	307
2325	100000000000038741	泡を吹く狂戦士  センチメンタル木戸修(17歳)	304
2326	500000000000027771	コーヘー	303
2327	100000000000101315	取得できませんでした	302
2328	900000000000101008	取得できませんでした	299
2329	61548	ToruDBZ	296
2330	1500000000000101333	取得できませんでした	294
2331	1000000000000062315	ミホ	292
2332	1000000000000101060	かず	290
2332	1400000000000030212	二葉亭	290
2334	200000000000101337	AXYZ	289
2334	500000000000051603	黄を好きすぎる青 *ﾟ	289
2336	600000000000055145	silion	281
2336	700000000000057618	十羽	281
2338	600000000000026708	凌駕	278
2339	200000000000036955	さち	270
2340	500000000000014714	〇ト印	266
2341	200000000000101735	取得できませんでした	265
2341	1400000000000073456	かのん	265
2343	100000000000046826	カズトモ	264
2344	16442	アルファーまん	262
2345	500000000000045431	まさ	259
2346	900000000000100963	552888	258
2347	500000000000100640	K.K.E	254
2348	100000000000057443	えーさん	253
2349	800000000000061518	きりと	252
2350	900000000000099861	よしだ	250
2351	300000000000088086	Right	249
2352	1400000000000098870	せなまる	246
2353	1100000000000091069	へるべると	243
2354	1100000000000009960	おわりはじめ	242
2355	900000000000058715	宮崎 茶	240
2355	1200000000000087991	つけもの	240
2357	300000000000096689	もに	239
2357	500000000000101403	取得できませんでした	239
2357	1400000000000038809	X0	239
2360	700000000000023920	珈琲缶【】	238
2361	1100000000000096756	swy	237
2362	500000000000101440	しろみ	236
2363	900000000000098286	ゆとりようむ	231
2363	1100000000000092833	きなこ	231
2365	200000000000101592	M2:Dec	228
2366	400000000000086249	トレイントレイン	224
2366	700000000000094445	シンイチ	224
2368	1400000000000097250	いがP	223
2368	1500000000000038378	.	223
2370	100000000000097544	泡沫の旅人	222
2371	100000000000097979	どやタロー	219
2372	101469	菜緒	217
2373	800000000000095917	Player 1006370232	215
2374	800000000000026060	雪兎 【美龍麗・絆】協力ありがとうございます。	214
2375	700000000000101657	南高梅	213
2376	99215	ハミヤ	211
2376	800000000000047061	ziku	211
2378	100000000000101360	取得できませんでした	210
2378	600000000000093040	レイト	210
2380	27703	くりちゃん	208
2380	1400000000000006676	みん☆みん	208
2382	500000000000101409	田中みえ子	207
2383	500000000000023830	取得できませんでした	205
2384	1100000000000052738	ゆーぽす	204
2385	900000000000101072	伊藤翔大	202
2386	1400000000000037108	アヤ	198
2387	101145	コジ	197
2387	1400000000000100854	ぴよ	197
2389	500000000000096232	どらいぶ。	194
2390	1500000000000101373	敬助	192
2391	200000000000059404	みりん	190
2392	1500000000000061536	みゆう	189
2393	900000000000095899	アサナマラ	188
2394	1400000000000092369	drkang2004	187
2395	300000000000096513	トルフィン	185
2396	300000000000099061	twolaps	183
2396	1100000000000001014	紅蓮	183
2398	900000000000055476	sora	182
2399	400000000000100931	さと	180
2399	900000000000099447	ムルタ	180
2399	1100000000000000581	つばP	180
2402	1500000000000002072	のっぷ	178
2403	600000000000101193	GELB	172
2404	99788	lijianfei199219	162
2405	900000000000044628	163	160
2406	700000000000101734	取得できませんでした	158
2407	200000000000101742	kinako	157
2408	100000000000081102	コウ	156
2408	400000000000023590	あっちゃん	156
2408	900000000000004113	さーちゃん	156
2408	900000000000096399	サンシュユ	156
2408	1300000000000043263	ontyan	156
2408	1400000000000025692	エリ	156
2414	400000000000045630	鰯	155
2415	900000000000098591	ナット	154
2416	1200000000000100929	にゃーたん	150
2417	600000000000096831	_t1	149
2418	1400000000000101635	24352342	147
2419	68693	ギンガナム	145
2419	800000000000100381	Player 1008201016	145
2421	400000000000059068	ショウ	144
2421	700000000000099108	金火水金金土土	144
2421	1100000000000045184	TurnA	144
2424	1500000000000098651	比睿	143
2425	100000000000047808	ポドロ[黒狸+引弱☆20]	141
2426	500000000000100069	テフフド	138
2426	1500000000000050110	きょうすけ	138
2428	700000000000027460	ハカセ	137
2428	1000000000000098707	ワカメ	137
2430	1500000000000099760	臨時快急	136
2431	1300000000000005207	生姜	128
2432	200000000000063218	なせ	125
2432	1400000000000007487	オーケン	125
2434	400000000000099818	yj	124
2435	700000000000101680	yyrren	122
2436	900000000000098987	鋼鉄カラス	120
2436	1000000000000096572	ももの	120
2438	1300000000000093824	しうぞ	119
2439	1200000000000045476	うろん	113
2440	1100000000000020326	ミキーマウス	110
2440	1100000000000070329	ゆー	110
2442	1500000000000029762	四條	109
2443	1500000000000100139	紅叶饅頭	108
2444	400000000000096774	ラピス	107
2444	700000000000035509	4649tatuki	107
2444	800000000000045796	ひむら	107
2447	1200000000000100961	取得できませんでした	106
2448	500000000000002147	スカイホーク	105
2448	1000000000000037020	はるちん！	105
2450	600000000000034928	かっちゃん	104
2450	1300000000000058981	グレイ	104
2452	600000000000049622	expo	103
2452	900000000000045315	マイム	103
2454	700000000000056121	雀	98
2455	1100000000000079999	テマ	95
2455	1500000000000101220	???	95
2457	100000000000101394	茶月19	94
2457	300000000000099371	ガラク	94
2459	50657	剣玉	91
2459	300000000000101046	LEO	91
2459	1100000000000100937	"あ""～!!"	91
2459	1200000000000100993	でんぷん	91
2463	50656	ネロ	89
2463	1000000000000097481	wa wawa	89
2463	1200000000000051439	しながわ	89
2463	1300000000000007587	わかば	89
2467	1300000000000101851	Player 1008393837	88
2468	600000000000099918	ウィズ	87
2469	800000000000051312	ぽろり	85
2470	900000000000050137	ドン汁	84
2471	500000000000101179	妹尾大輔	83
2472	1200000000000010804	ゆとり@冬眠中	82
2473	200000000000058965	ななとら	81
2474	100000000000043154	かずみ	80
2475	500000000000004407	ＭＡＳ	78
2475	700000000000101725	Player 1008374039	78
2477	800000000000100545	Player 1008274680	76
2477	1100000000000077394	サク	76
2479	1400000000000101564	Joaozito	75
2480	51698	STR	73
2480	1000000000000081056	ミシェル	73
2480	1500000000000051127	ひじかた	73
2483	300000000000100929	Player 1008342275	72
2484	1100000000000092935	Grms803	71
2485	700000000000059417	蓄電池	70
2486	200000000000100289	Player 1007710402	69
2487	300000000000076549	emiringo	67
2487	1500000000000101280	???	67
2489	100000000000092901	高享圓	66
2489	800000000000052466	れい	66
2489	1000000000000048921	クマのP	66
2492	900000000000101002	Player 1008379849	65
2493	400000000000007782	フィリシア	64
2493	1200000000000044962	三毛猫(ФωФ)	64
2495	1300000000000101148	もり	63
2496	30863	もちょ天	60
2496	101386	Player 1008344144	60
2496	100000000000101200	ヨカ	60
2496	500000000000073802	味噌汁	60
2496	900000000000050802	なだれ	60
2496	1200000000000100922	DAREDO	60
2502	1400000000000101677	てすた	58
2503	1400000000000005584	★★★★ケロつぴ★★★★	57
2504	200000000000101635	アラカタ	56
2505	600000000000004843	げん	55
2506	101489	jaa	54
2506	200000000000051118	ばんぴー	54
2506	500000000000101366	取得できませんでした	54
2506	500000000000101374	取得できませんでした	54
2506	1000000000000096771	tetsu	54
2511	100000000000101148	ヨウ	53
2511	400000000000086716	めぐる	53
2511	900000000000034196	たけ	53
2514	200000000000019362	みどり	52
2514	700000000000094205	玻璃月セピア	52
2514	800000000000029306	リリン♪	52
2517	200000000000101653	なす	50
2518	500000000000101371	取得できませんでした	49
2518	1200000000000029945	かりん	49
2520	300000000000100845	Player 1008313539	48
2520	700000000000098394	51	48
2520	900000000000100655	わんだ	48
2523	1000000000000056164	アサギサア	46
2524	1200000000000100974	ニク	44
2525	600000000000082731	メガまさお	43
2526	800000000000042820	ボイす【六道会】†翔†	42
2526	1200000000000018031	tora	42
2528	200000000000020210	タカユキP	39
2528	700000000000082569	ユウキlv5	39
2530	400000000000098329	よっちゃんマン	38
2531	1400000000000099014	岬	36
2532	98235	あいさす	35
2533	100000000000030617	しえるあーく	34
2534	600000000000059178	夜魔王	32
2534	700000000000101613	リトリア	32
2536	600000000000100582	あみたん(妖精)	31
2536	1400000000000101465	こう	31
2538	1200000000000007887	Nagi	29
2538	1500000000000100711	コハマン	29
2540	1500000000000100361	りんこ	28
2541	800000000000044257	虹☆庭イベ最終不具合多発種送り作業アリガちょれした(喪中)	26
2541	1000000000000008178	ツヨポン	26
2541	1000000000000022125	ヘロロン	26
2541	1500000000000020049	やす	26
2545	500000000000046684	ぽめこ	25
2546	1200000000000100986	いんぐ	23
2547	1100000000000085280	ゆかな	22
2548	800000000000100866	んんｗｗｗｗｗ	21
2549	1100000000000042046	ゆき  ×	20
2550	800000000000100796	たっちょ	18
2550	1300000000000100838	Player 1008001133	18
2552	1100000000000060118	kyon	17
2553	1400000000000045335	にゃんこ まったりモード	16
2553	1400000000000047643	めちゅ	16
2555	1000000000000101434	とみー	13
2556	300000000000101049	Player 1008384435	12
2556	600000000000101308	めりこ	12
2556	700000000000101540	かつ	12
2556	700000000000101817	Player 1008408551	12
2556	900000000000101031	リカ	12
2556	1400000000000044486	はゆっくん	12
2562	400000000000101093	いるす	11
2562	900000000000020682	シソッキ	11
2564	100000000000097403	lo	10
2564	200000000000101600	Player 1008343714	10
2564	500000000000075030	殿	10
2564	700000000000072802	Ｋ	10
2564	800000000000051002	YUKA	10
2564	900000000000098501	莉莉	10
2564	1300000000000099215	いざわ	10
2571	100000000000101348	eadas	9
2571	100000000000101391	蘭斯洛特	9
2571	200000000000101693	Player 1008370098	9
2571	600000000000101187	yejoonson	9
2571	800000000000100810	djakld	9
2571	900000000000005108	mio	9
2571	1400000000000101618	waros	9
2571	1400000000000101715	Player 1008406222	9
2571	1500000000000099070	Player 1007271583	9
2571	1500000000000101382	アリス	9
2581	400000000000042476	水無瀬	8
2581	600000000000026471	八龍@二郎中毒者	8
2583	100000000000101333	pirate	7
2583	600000000000005402	セイジ	7
2583	600000000000093702	ともよし	7
2583	800000000000097851	かやたあ	7
2583	1200000000000100939	ハリソン	7
2588	100000000000101346	Camille	6
2588	200000000000101636	とも	6
2588	300000000000101094	アラブルガリア	6
2588	400000000000080581	Bisco Aoki	6
2588	500000000000101377	たなかはつぎ	6
2588	600000000000101255	auto4thth	6
2588	600000000000101282	transtwelve	6
2588	900000000000101080	聖羅	6
2588	1100000000000029895	はるうす	6
2588	1100000000000101210	Player 1008375291	6
2588	1200000000000100262	?イッシュンの風?	6
2588	1300000000000101707	みみあ	6
2588	1400000000000101011	マツくん	6
2588	1500000000000101318	しろくま	6
2602	400000000000101145	カナデ	5
2602	400000000000101146	3467946794	5
2602	500000000000101398	パメラ	5
2602	600000000000101283	ultimate14	5
2602	800000000000033942	KIKUZOU'BF ｷｸでも可	5
2602	900000000000100969	renguaoushiliang	5
2602	1300000000000101855	5436452	5
2609	101487	取得できませんでした	4
2609	100000000000101351	45635345	4
2609	400000000000101174	J	4
2609	700000000000101814	543645234	4
2609	1100000000000101125	8757	4
2609	1200000000000099224	Hoshi	4
2609	1200000000000100976	4354645	4
2609	1300000000000101783	87559876	4
2609	1400000000000101609	取得できませんでした	4
2609	1500000000000101306	山特	4
2609	1500000000000101347	ユラ	4
2620	101452	Player 1008369584	3
2620	100000000000101317	取得できませんでした	3
2620	100000000000101318	取得できませんでした	3
2620	100000000000101338	取得できませんでした	3
2620	100000000000101396	qas	3
2620	200000000000101662	cyclohexyl	3
2620	200000000000101707	取得できませんでした	3
2620	200000000000101782	まほ	3
2620	400000000000018223	ガオル★ｱﾊﾞｺﾝ投票求む！	3
2620	400000000000073543	師と３	3
2620	400000000000100528	ペンペン	3
2620	400000000000101187	かい	3
2620	500000000000101220	ムムむ	3
2620	500000000000101382	取得できませんでした	3
2620	600000000000097843	すけまる	3
2620	700000000000085238	yoshi	3
2620	700000000000101772	Player 1008390919	3
2620	800000000000058632	ムッチー	3
2620	800000000000098633	Player 1007219976	3
2620	900000000000042621	kst461	3
2620	900000000000101041	Player 1008390601	3
2620	1000000000000017314	やまあき	3
2620	1000000000000059412	あーちゃん	3
2620	1000000000000101535	5436452	3
2620	1100000000000101207	クWGZEROロ	3
2620	1200000000000007462	カノープス	3
2620	1200000000000052219	木更	3
2620	1200000000000100365	ヨシ	3
2620	1300000000000101086	ゆたか	3
2620	1300000000000101536	お気楽ゴン太	3
2620	1300000000000101785	fg2353	3
2620	1400000000000073369	〈恋〉★大衆食堂★フィネガンズ（usj）	3
2620	1400000000000101624	取得できませんでした	3
2620	1500000000000047354	やっし～	3
2620	1500000000000056258	20世紀青年	3
2620	1500000000000091893	はち子	3
2620	1500000000000101290	lun520q	3
2657	100000000000101430	ghj	2
2657	300000000000100993	取得できませんでした	2
2657	300000000000101018	取得できませんでした	2
2657	400000000000023270	グレン	2
2657	500000000000101129	kounann	2
2657	600000000000101247	取得できませんでした	2
2657	700000000000100052	けーた	2
2657	1000000000000101384	dasdsa	2
2657	1500000000000098657	水上由紀	2
2666	200000000000101675	取得できませんでした	1
2666	400000000000054340	十二宮	1
2666	400000000000101188	ai	1
2666	500000000000101319	yyrshisan	1
2666	800000000000030867	hilkka	1
2666	1000000000000078266	じゃがりこ	1
2666	1300000000000101757	取得できませんでした	1
