1	100000000000053247	おっことぬし	1793650
2	1400000000000000245	ふらじーる	1171156
3	1000000000000007451	なす	1166778
4	1200000000000034361	urban	990191
5	700000000000000592	まりだき	904069
6	400000000000002885	いっちゃん＠(ｏ・∇・ｏ)＜和三盆～～ﾍ( ＊´ｖ`＊ﾍ)))	885710
7	700000000000025841	りゅう@ミリ4th全通	869383
8	600000000000077573	四季	842240
9	1100000000000018803	やす	828313
10	1300000000000028666	かなぎ	826741
11	900000000000074793	真庭の某さんP	825322
12	200000000000010311	せな	806636
13	700000000000009700	ゆぐざん	803739
14	85291	タイデン	801862
15	700000000000084843	ぐっとくる.com	797308
16	500000000000087050	おみそ＠同僚募集中	777213
17	1000000000000029025	みんみん	776199
18	1300000000000007415	かぐら	766978
19	1500000000000072934	カムイ@4th全滅	762687
20	1200000000000009546	なむ	709315
21	400000000000008761	yuu	685615
22	300000000000008958	まるこ	669946
23	400000000000020042	お賽銭箱ちょうだい！！	659780
24	1000000000000004300	ネステ	624138
25	600000000000058285	にやり@BMD出:可奈、亜利沙 EH出:可奈 相互埋め募集中！	614679
26	500000000000003073	ロロコロ	593379
27	400000000000029985	ミネ	591007
28	77645	kmgiats	576342
29	1300000000000004641	矢印	559197
30	1300000000000007679	おがっち	534779
31	200000000000052868	くに	515864
32	800000000000051939	つぶこしあん	478483
33	600000000000061554	A-RU＊2	428305
34	700000000000087207	厨ニート	426238
35	400000000000071248	umi	420127
36	700000000000097998	いち	415997
37	100000000000080816	だれにも言えねぇ	414342
38	700000000000010367	きいち＠同僚募集中	398582
39	785	ポリアネス@4thチケット譲ってください	381011
40	300000000000080771	かつと	360309
41	1300000000000028828	靄	360013
42	500000000000082430	成増のイタい	358367
43	300000000000096855	紺碧	348559
44	200000000000004021	サバきち	314544
45	300000000000073685	ASカラス	285232
46	800000000000062215	左道	285088
47	1400000000000006698	marl@ラウメン募集中	280423
48	1000000000000022436	ふえひこ	273114
49	500000000000005758	ホロップ	259956
50	1100000000000095631	テツ	257093
51	500000000000007213	ポケモンマスターサワーP	255166
52	1100000000000052668	mk2	234498
53	200000000000069656	ママ	233636
54	1214	MUHAAA	218180
55	100000000000054392	オンオン	215165
56	600000000000052954	いんこねる	213778
57	900000000000094843	299	212750
58	1100000000000000368	ひんと	212475
59	400000000000001020	meets	205451
60	100000000000001535	セッタ	195983
61	1300000000000005658	SAT	193275
62	800000000000013079	偽=蘇芳	190640
63	1300000000000022512	アラタ	188663
64	1300000000000002892	ダングルフ	188074
65	500000000000072904	まいも	180225
66	200000000000063347	あるぅ	179982
67	1400000000000084373	m@rio	178515
68	1500000000000029573	指揮官B	172733
69	900000000000076993	うつほ	168761
70	500000000000044934	ざわし	165889
71	200000000000003648	かため	165333
72	500000000000065709	黒糖大五郎	159518
73	800000000000095865	しゃけおにぎり	158007
74	1500000000000041640	さのすけ	155971
75	700000000000075190	トゲピー	151757
76	400000000000001371	ロジット	151749
77	1500000000000051365	すぽると	145643
78	700000000000008736	のきあ	143889
79	700000000000051826	ろうし	141441
80	1100000000000047071	ヒデック	140585
81	200000000000019207	ときちゃん	140259
82	1400000000000097531	ＭＩＯ	138697
83	57489	たっち	138549
84	400000000000082189	ラッシュ	135310
85	1000000000000072603	マの字	134710
86	900000000000033066	おぶりん	134302
87	1100000000000006105	mk	130267
88	1400000000000095578	たっつん	130132
89	1500000000000029546	ウグルグ@美也フラスタ	129899
90	1000000000000037434	root	128610
91	1300000000000086383	せつめ	128290
92	1400000000000049865	Seed	127364
93	1200000000000100366	ムササビ	126403
94	200000000000000632	魔攻破邪神ザルビオス	125757
95	600000000000003405	ロブ	124314
96	1400000000000056616	弱いサカナ♪	122618
97	700000000000052524	あう＠輝きのこっち側	120650
98	300000000000073565	ｄｇｋ	119494
99	1200000000000010974	ていたむ	119131
100	900000000000087487	雀サブレー	118246
101	1300000000000006726	ぶんがく＠	117237
102	900000000000061060	ナキ	117221
103	1300000000000083467	はぁと様	114632
104	100000000000003078	たろ@同僚募集中	114568
105	300000000000010777	ノラ	114510
106	1000000000000003170	たこ焼き	113582
107	1500000000000099853	オロオロ	111500
108	500000000000031889	まーくん	109640
109	1500000000000005195	SNail	109328
110	63020	たう	107538
111	1100000000000000238	次郎	107088
112	200000000000074349	SUS310Ｓ	106550
113	900000000000003716	トルノ	105840
114	1200000000000001692	ちょろん	102587
115	1100000000000000711	黒兵衛	102487
116	700000000000000052	木枝	102410
117	300000000000003588	アイウオ	101787
118	1400000000000093064	タゴサク	101295
119	600000000000053447	いくのん	100950
120	700000000000059763	hoka	100700
121	400000000000014880	モスト	100617
122	1100000000000013735	コンペイトウ	99397
123	1000000000000007150	543	98445
124	100000000000050179	blank	98385
125	600000000000093071	ユウ（プロ太郎）	97864
126	1200000000000032080	ねじまきどり	96337
127	300000000000077687	ゆう	95679
128	300000000000057586	TT	93906
129	1000000000000002680	式守四太夫	93747
130	1500000000000085598	４(ヨン)/冬眠中	93391
131	300000000000078500	Pat	93359
132	1200000000000004200	緑茶	93084
133	1100000000000001312	なお	92076
134	1500000000000000629	まゆい	92050
135	200000000000072665	わふー☆	91882
136	1200000000000080467	ささやん	91013
137	1000000000000086869	たつの	89111
138	1200000000000000446	UC	87915
139	1200000000000033121	しんくん	87153
140	1000000000000051401	ひゅん	86631
141	400000000000022515	GG	85381
142	1100000000000000073	せーてん	85211
143	1500000000000005623	Ｅｖａ∽術式兵装｢氷の女王｣∽	85170
144	1200000000000061198	ゆうな	85145
145	1500000000000006808	忘却	84996
146	500000000000051979	とらん	84967
147	800000000000071886	ジャン	84868
148	1400000000000062293	meo	84352
149	800000000000010349	￠ゆみんちゅさん@がんばらない	84042
150	700000000000003446	ポブルセン	84030
151	39312	デフォ子	83950
152	1200000000000097453	Uroboros	83670
153	500000000000097877	VIP	83523
154	600000000000013763	紅のアイヌ	83293
155	1200000000000053053	chihiro	82721
156	1400000000000057602	あかりん@同僚募集中	82252
157	300000000000055607	ピッタリ	81946
158	500000000000085845	まつきち	81855
159	100000000000021978	YUPA	81708
160	800000000000097429	ワールウインド	81655
161	1002	アソビ	81575
162	100000000000012696	ボルヘッティ	81197
163	300000000000086890	めがろどん	80743
164	300	ワセドン	80384
165	1200000000000004805	ﾌﾆｬｰ	80261
166	1200000000000094902	揚げパン職人	80205
167	500000000000025018	けいお	80152
168	1500000000000001432	クロン	79292
169	17282	長野マン	79144
170	1400000000000000084	gokujo	79067
171	300000000000080609	イアハート	78662
172	100000000000059230	ピタゴラ	78567
173	900000000000021228	あんけろ	78551
174	1000000000000076312	毬尻尾	78293
175	200000000000098126	X-FILE6	78162
176	300000000000007514	投捨	77690
177	85541	鉄扇(枝ヶ茶)	77479
178	700000000000053912	もぐ	77459
179	500000000000003019	漬物石（片桐SOの置物）	76163
180	700000000000037912	んじょも	75915
181	1200000000000035653	らったった	75698
182	59792	S.S.T.	75388
183	900000000000085528	shizushisu	75269
184	100000000000034972	こは	75198
185	1200000000000032402	良和	75093
186	900000000000049249	m@estro	74973
187	1400000000000028910	よいぴりおど	74845
188	1400000000000005440	ＤＯＯ	74655
189	1200000000000062614	Puding	74456
190	800000000000001090	由縁	74322
191	800000000000035238	くるみ	73327
192	400000000000045373	こま	73321
193	1100000000000007440	そー	73285
194	100000000000007065	弟思いの矢車	73088
195	1200000000000056355	よっしーP	73056
196	1300000000000030038	キングフィッシャー	72464
197	1400000000000007013	zerozero	71991
198	800000000000058687	ふじやん	71882
199	1100000000000049044	ゼロゼロエー	71578
200	800000000000000888	KTN	70784
201	100000000000053759	雨宿り	70513
202	100000000000026669	かかお。	70487
203	100000000000052291	nomeaning	70151
204	500000000000060946	ぎゃくおし	69877
205	1100000000000003557	Xisi	69766
206	600000000000046900	うみぶた	69719
207	1100000000000059671	こえたから	69645
208	700000000000052593	ニワリス	69524
209	1200000000000024643	さんじお	69261
210	1400000000000007426	カズ	69186
211	400000000000007540	くんくん	69048
212	1200000000000079927	ゆうちゃん	68877
213	400000000000021792	イズモ	68715
214	1100000000000098873	4職分の野菜	68703
215	300000000000082136	ひつまぶし	68570
216	1200000000000051837	omo	68343
217	300000000000032600	AZ	68333
218	1200000000000016945	はとばねぇ	68237
219	200000000000006613	dodo	67856
220	1200000000000003400	Co2	67714
221	200000000000000143	じょう	67642
222	1200000000000022335	OQE-3	67592
223	1300000000000006722	ちゃんぽん	67573
224	95937	のぶまし	67399
225	200000000000019900	ニョッキ	66917
226	300000000000006796	ST	66913
227	1400000000000003146	真鈴	66882
228	700000000000056309	あすぱら	66481
229	900000000000082093	しんよ	66281
230	1500000000000000743	fanta	66274
231	1000000000000020546	ごう	65994
232	700000000000073551	☆ 輝きの婿 小川A ☆	65977
233	500000000000004205	あすなろ	65944
234	1300000000000039224	みそおにぎり	65644
235	700000000000027237	Sharlotka	65449
236	500000000000041445	放浪	65235
237	200000000000025933	ドンキー	64670
238	300000000000047387	スノーフレーク	64538
239	800000000000044987	たんしお	64354
240	45804	カレン	63941
241	1000000000000002708	藍田彰(AkirA)	63581
242	600000000000066869	ねぎとろまき	63377
243	1500000000000036617	jerious	62961
244	5200	kuma@同僚募集中	62673
245	1500000000000000218	よっこん	62667
246	1200000000000035472	バトラ	62557
247	1300000000000072740	おにく	62358
248	300000000000018805	Foxon	62131
249	900000000000001081	片桐繰生	62119
250	300000000000045882	ぞんぼると	62100
251	1000000000000058743	花椿	61809
252	1300000000000084199	ハヤブサ	61760
253	1400000000000093559	うまぽん	60998
254	100000000000050553	柏青	60786
255	700000000000039199	ケンジ	60784
256	1400000000000006414	けいけい	60516
257	34990	ましかく＠ラウマス代理	60371
258	500000000000003335	迅也	60176
259	600000000000077084	クガツ	59880
260	200000000000074335	ミナギ	59841
261	100000000000047597	イナ	59710
262	200000000000094869	はるまき	59557
263	500000000000087027	マコト	59397
264	400000000000030210	ツバサ	59276
265	900000000000078701	竹	59239
266	600000000000002902	でぃむ	59182
267	1000000000000010805	きょむ	59158
268	900000000000000169	りょうの	58685
269	1100000000000008509	ｺﾞﾀﾞｲ@maison	58334
270	1100000000000007483	よつば！	58228
271	900000000000057685	ビターチョコ	58090
272	700000000000083260	yk	57911
273	1400000000000002083	時計うさぎ	57805
274	400000000000093057	シノン	57677
275	900000000000076650	えあ	57490
276	100000000000003567	4410sawa	57039
277	300000000000024188	ウミ	57029
278	400000000000019160	ルーシア	56946
279	300000000000004005	teyari	56871
280	300000000000001942	ﾑｰﾐﾝ3rd	56670
281	700000000000098902	リュウ	56636
282	1500000000000082264	poke	56596
283	600000000000051794	くると	56485
284	600000000000085505	ぺぐも	56414
285	900000000000004131	にふらむ	56396
286	62478	ジョンスミス	55936
287	34438	TORI	55922
288	1400000000000061307	知多娘	55862
289	1300000000000037537	光子	55635
290	800000000000027746	霧亜	55510
291	200000000000066441	REX Telefon！	55506
292	300000000000097206	I4P	55483
292	500000000000097781	D-ONE	55483
294	1500000000000000210	るー	55237
295	80914	未来完了	55091
296	800000000000056641	浸透	55075
297	600000000000055464	TakumiPorange	54894
298	1100000000000004640	冰燕氷鳥	54767
299	400000000000046015	けんたっくばうむ	54653
300	300000000000003757	昆布	54529
301	500000000000015083	Koay	54391
302	600000000000085271	ヴァーユ	54181
303	100000000000001327	えんじん	54019
304	100000000000003938	ちーうー	53933
305	500000000000010886	A-RY	53666
306	600000000000054929	サギリ	53658
307	700000000000049884	昼行灯	53211
308	500000000000033300	ヨチオ	53016
309	1300000000000000911	明智	52817
310	500000000000006496	空白	52787
311	500000000000062127	たっぴ	52747
312	85453	トロ	52719
313	800000000000037129	bob	52524
314	800000000000004948	オカディー	51382
315	500000000000085774	ごっしー	51352
316	1300000000000011130	黒ウーロン茶	51159
317	500000000000004067	キツカワ	51028
318	500000000000004918	ななし@ULA美也	50820
319	1200000000000000073	ごまお	50599
320	1400000000000006237	ラズリ(∵)	50562
321	500000000000051086	ミーツ	50545
322	700000000000004978	kawanokou	50513
323	400000000000010120	DEKKER	50468
324	1300000000000001024	しゃおろん	50140
325	700000000000071701	ありか	49934
326	100000000000078055	ハネ	49872
327	300000000000034113	めえさん	49664
328	900000000000013721	187ku	49561
329	800000000000013718	collbrande	49367
330	600000000000021547	D＝フロスト零	49303
331	1200000000000005310	MyA	49274
332	200000000000024845	ふ	49206
333	1400000000000051320	万座毛	49174
334	900000000000097548	音羽	49159
335	100000000000003568	chankyn	49141
336	1400000000000080536	チャック	49121
337	100000000000097999	ええかんじ	49091
338	600000000000057656	子童	48760
339	1000000000000008579	こっぺもん	48720
340	800000000000022900	ウェズレイマウス	48690
341	1000000000000005290	ＶＩＥＷ	48536
342	800000000000082004	ktcal	48521
343	700000000000005105	おひつ	47871
344	1000000000000075888	柏	47755
345	200000000000074727	もみじ	47634
346	100000000000035394	みなと	47607
347	1300000000000098412	FF	47532
348	800000000000096138	むん	47524
349	400000000000056468	hida	47463
350	600000000000054127	泉希	47088
351	500000000000083404	西瓜	47007
352	800000000000000275	マツダ	46985
353	100000000000087203	momzombie	46973
354	1300000000000087061	裏助	46353
355	1500000000000097929	HEIGHT-8	46335
356	1300000000000080176	鷲泉	46195
357	1100000000000074788	sinzi@ＢＭＤ亜木島昴　求）最未杏朋宮佐琴歩福姫憐風ジ瑞　以外	46044
358	1200000000000093062	河比原Ｐ	46026
359	800000000000027094	きのえ	45925
360	100000000000030519	マサ！？	45771
361	400000000000001114	sai@ラウメン募集	45612
362	1500000000000000755	スラりけ	45304
363	600000000000026022	せい	45231
364	900000000000054314	リュルナ	45091
365	700000000000083311	JUN N	44958
366	1300000000000098544	Metal Max	44880
367	500000000000098137	LoLi9	44825
368	7836	あヴ	44817
369	800000000000022399	すが	44657
370	400000000000097783	GGG	44605
371	300000000000008562	しがのん	44258
372	400000000000029393	アッキー	44142
373	96525	おやしろ	44103
374	1100000000000004865	ぺこ	43831
375	800000000000098474	エンスモア	43818
376	500000000000098136	いい男	43780
377	1200000000000037675	笹野葉太郎	43743
378	200000000000000017	サンド	43738
379	1500000000000002834	ゴミふくろう	43558
380	200000000000051730	calｰd	43541
381	100000000000006471	March	43391
382	1200000000000094767	Player 1006206156	43361
383	900000000000097854	ンジャメナ	43340
384	98310	オオサンショウウオ	43230
384	1300000000000098545	PaPa	43230
386	900000000000035538	ウツミ	43173
387	800000000000080738	れたすた	43108
388	1400000000000013473	fox	43048
389	1100000000000083536	まっつー	43031
390	400000000000096031	ぺこた	42982
391	800000000000044023	ベーグル	42884
392	1200000000000013463	コバタケ	42829
393	1200000000000097868	Quick Queen	42680
394	98444	TacTics	42625
395	100000000000098123	喜々	42515
395	500000000000098307	ルルAゴールドDX	42515
397	400000000000065102	アルト	42501
398	800000000000056568	むにむにさん	42450
399	900000000000037548	まる	42360
400	55449	(˘ω˘)サンタになる運命のｷｰﾎﾞｩ	42334
401	300000000000006103	まくわうり	42054
402	1000000000000009741	MEISTER	41859
403	25127	かにごん	41777
404	600000000000003480	398ss	41695
405	700000000000100346	千夜	41588
406	1500000000000050250	Fumizki	41574
407	1500000000000086625	ごっつ	41556
408	100000000000022191	シノリュウ	41400
409	1400000000000022044	Max	41126
410	1500000000000085477	むくさく	41065
411	300000000000000531	まこと	41063
412	1100000000000097846	ジョジョの珍妙な冒険	41030
412	1100000000000098031	すたーすくりーむ	41030
414	1200000000000067637	ルーティス	40861
415	500000000000052284	ぴむす	40731
416	1000000000000095990	ちょっぴー	40618
417	1000000000000052236	タコ	40508
418	1000000000000001860	ぽんこつ	40354
419	100000000000007673	かぉ	40227
420	800000000000075282	まーしゃ	40119
421	1100000000000016926	matk@同僚募集中	40102
422	1500000000000010470	燈穂	40084
423	1500000000000004221	いちこ	39965
424	500000000000077491	蛍川	39946
425	1100000000000086331	燻製	39757
426	600000000000051715	Tomoya	39487
427	600000000000030151	Sporogum	39416
428	600000000000019054	希	39338
429	700000000000037424	ケイト２	39324
430	800000000000003151	ぷるふ	39247
431	300000000000000919	あるんか	39190
432	100000000000085266	いーぶい＠踏み台流星群	39073
433	400000000000004074	ブーメラン空手	38965
434	800000000000078751	あいおん	38907
435	400000000000044824	助兵衛	38859
436	1400000000000027229	ちぢみ	38654
437	7372	ちんたら	38650
438	900000000000077123	taka	38321
439	1000000000000009868	タルカス	38301
440	200000000000098120	kozue	38096
441	300000000000008805	SuperCurtains	37972
442	832	フラムウルフ	37884
443	99637	K_K	37463
444	1000000000000003591	Shio_P	37435
445	600000000000008697	かたや	37335
446	1500000000000055142	boi	37253
447	900000000000097782	みずのん	37087
448	900000000000045138	んいど	37041
449	700000000000010463	ダメタ	36845
450	800000000000060556	8gタツ	36808
451	400000000000082188	すあますたー	36756
452	800000000000075579	guriko	36693
453	800000000000023815	しゃけプラス	36661
454	800000000000083522	ヴァイ☆ﾏｲﾍﾟｰｽで頑張ります	36477
455	1000000000000055636	蒼い月	36465
456	600000000000027199	Куня(クーニャ)	36312
457	1000000000000053292	みっつー	36027
458	1400000000000017525	よーへい	35943
459	500000000000050333	うるきっき	35933
460	1100000000000000155	とみのP	35856
461	200000000000042482	mathiro	35789
462	1500000000000036091	ゼリーパクパク	35772
463	1000000000000028443	MEGANE!	35768
464	1400000000000097209	小川孝信	35727
465	500000000000004518	ゴンザレス	35658
466	200000000000008030	たなおろし	35520
467	600000000000093031	ヒロ0813	35511
468	1300000000000057060	マイヤー	35490
469	1200000000000037161	くろちゃん	35384
470	300000000000004381	ごんたくろう	35328
471	1500000000000097705	OWN	35306
472	400000000000010962	鈴風@ふわふわ監督	35112
473	900000000000005852	生ビリーさん	34784
474	600000000000053013	snow	34713
475	600000000000085093	ARIA－DUE	34628
476	700000000000000380	kenbigriver	34584
477	900000000000052154	彩葉鈴	34554
478	1200000000000097595	ハルオＰ	34548
479	1000000000000062150	ヒーロー	34334
480	1000000000000002257	makoto84	34280
481	1200000000000049898	肉球	34051
482	900000000000086637	コウリョ	34041
483	600000000000048813	マロ	33768
484	1100000000000002439	シマ	33684
485	700000000000038876	ばかモン	33614
486	900000000000056958	柘植	33511
487	1300000000000052509	hassy	33197
488	600000000000003534	えふゅる	33172
489	600000000000028346	ゆうみな	33114
490	500000000000085862	雛菊@㍉4th2.3日目	33089
491	100000000000085415	空飛ぶP	32920
492	800000000000014121	まかにゃ	32876
493	900000000000006621	如月 たけし	32851
494	1300000000000071913	JOKER	32848
495	1100000000000080453	まかろに	32830
496	800000000000053469	神楽	32823
497	654	wtnb	32750
498	300000000000005837	ワット(みんなｱﾘｶﾞﾄｳ無言でｺﾞﾒﾝ)	32726
499	700000000000021642	さらす	32690
500	800000000000075500	まてり	32663
501	600000000000045964	らいとにんぐ	32655
502	1500000000000098382	九重唯月	32593
503	1100000000000085542	式	32559
504	900000000000053417	ももちんＰ	32490
505	300000000000006717	カイムサ	32412
506	500000000000051173	すばるん	32374
507	1300000000000100651	せりぬん	32372
508	800000000000004653	貴久	32310
509	600000000000007386	ほむ仁	32193
510	200000000000008452	Angol	32128
511	1400000000000020144	痴又	32062
512	400000000000053546	黒巫女	31996
513	1200000000000095619	pon	31994
514	700000000000004600	暮雨	31745
515	100000000000015088	MIDDLE〆	31634
516	1300000000000071912	セイト	31561
517	1500000000000005370	MIMI	31537
518	1100000000000082326	spiral	31526
519	300000000000049670	よっしー	31442
520	900000000000037659	みっし	31440
521	1400000000000014289	Ccliys	31433
522	600000000000051610	かじきまぐろ	31328
523	800000000000005037	フェリックス	31247
524	1200000000000035968	りょう	31200
525	1100000000000006889	fneet	31057
526	700000000000032150	よこだ	30915
527	900000000000085279	つねてる	30844
528	700000000000000120	かずぴー	30835
529	600000000000007129	憂	30574
530	12619	狩舞海	30447
531	300000000000061741	どく	30283
532	1500000000000025052	なかやん	30250
533	1400000000000024757	ABAYO	30237
534	1400000000000004637	むらちゃん	30173
535	600000000000098316	カザ	30040
536	1000000000000021527	ケビン・スパイシー	30004
537	400000000000024503	縄引き	29935
538	900000000000098750	いりごま	29880
539	1500000000000001059	ﾄﾞﾛﾝ	29861
540	1100000000000010846	蔦丸	29859
541	1000000000000004514	ぶーぱら	29678
542	700000000000075168	zaemon	29585
543	1100000000000031291	大和	29538
544	1500000000000039168	あんほわ	29488
545	1100000000000013136	saddle3	29481
546	200000000000012494	アサバス	29456
547	51224	有珠山	29448
548	1100000000000008869	トモ	29424
549	700000000000099391	うらぬす	29384
550	1400000000000005529	極彩色☆*あふぅ	29356
551	1200000000000014920	紅葉みさき	29340
552	100000000000012363	豊葦原みづほ	29330
553	1300000000000099378	ぺむぺむ	29310
554	1200000000000037706	ダイアー	29292
555	1500000000000039016	朝。	29152
556	1400000000000099801	銀湯匙	29127
557	700000000000006661	pomera	29090
558	800000000000000146	タコライス	29089
559	1100000000000086362	スロウス	28933
560	1200000000000025423	こころん	28917
561	77564	ヒロ	28740
562	600000000000079030	いつき	28739
563	1500000000000082868	からぽん	28612
564	800000000000016604	もっちー	28594
565	900000000000061985	フリ助	28506
566	1800	NEUtanです	28467
567	600000000000004154	なーな	28451
568	1300000000000098466	サトゥー	28446
569	500000000000087821	悠	28407
570	500000000000085425	たけっつぁん	28403
571	700000000000027122	明人	28260
572	300000000000096007	ロココ	28225
573	500000000000000269	レミぽっぽ	28224
574	1400000000000054518	放置中	28215
575	800000000000095618	がし	28120
576	1500000000000044829	エリス	28087
577	1100000000000018212	ごん	28008
578	1843	ゆう	27983
579	500000000000061595	moririn	27766
580	71343	らっど	27717
580	600000000000098110	ひや	27717
582	1300000000000007373	よっか	27656
583	100000000000007170	ＲＰＤ１７	27636
584	100000000000044215	ジャーニー【要△】	27460
585	600000000000098322	ヨッシー５	27454
586	100608	Pseudomonas	27395
586	500000000000097429	HiRO	27395
588	1100000000000006612	あぐり	27389
589	1500000000000001938	かわでん	27373
590	1300000000000097786	ヘンヤ	27292
591	1000000000000003579	シシレン	27180
592	400000000000054650	ミニパ	27154
593	1000000000000079355	らーし	27124
594	1300000000000025198	佐久間まゆ	27112
595	200000000000005146	LIAR	27074
596	700000000000000156	いさきち@全て遠き武道館	27012
597	1100000000000006041	けいよー	26994
598	300000000000046253	じとね	26992
599	900000000000061796	さとー	26960
600	1400000000000003228	ふっくん	26956
601	300000000000044175	ひろ＊	26942
602	500000000000099022	事務員	26917
603	800000000000008623	イバラキ	26906
604	700000000000052824	gsxapricot	26888
605	300000000000097254	raluce	26875
606	400000000000000088	ひらひら	26812
607	11086	カミンスキー	26743
608	1500000000000080872	ganziro	26576
609	1100000000000001009	しも	26573
610	400000000000085074	氷室	26407
611	700000000000095244	白原杏	26393
612	300000000000077199	いーいー	26372
613	600000000000052922	yuri	26305
614	700000000000004589	ほんがら	26278
615	700000000000015754	kouya	26266
616	1000000000000005706	真燕	26187
617	300000000000092690	しゅんす	26182
618	1200000000000034605	みそやま	26100
619	200000000000083601	Axel	26054
620	400000000000045365	ここな	25878
621	1000000000000083988	チャム	25877
622	500000000000009853	雨釣木	25845
623	1400000000000014515	ORYU	25830
624	700000000000057722	ささはら	25782
625	800000000000007115	アキ	25744
626	400000000000081862	鈴貴族	25728
627	300000000000008160	とちゆき	25691
628	300000000000050518	りんご	25661
629	800000000000007033	しゅれん	25600
630	700000000000012479	たこら	25591
631	100231	ヤマみん	25539
632	700000000000009047	ナオ-7031	25486
633	1400000000000012398	冷菓	25480
634	1300000000000046304	あっとまーく	25450
635	300000000000004137	うっぴー	25446
636	900000000000006552	はぁ…早見沙織さん…	25424
637	800000000000002623	土門	25384
638	700000000000000557	カナリアP＠大和撫子道場	25370
639	300000000000060542	requiem	25361
640	1000000000000014966	うみくん	25326
641	1100000000000091699	ポロネーズ	25282
642	900000000000006795	エノ	25281
643	1500000000000009344	サンパロ3860P	25263
644	1100000000000050778	ホトくろ	25175
645	1400000000000000376	ぴかり	25162
646	900000000000010671	まあ、なんでも、ちひゃーですけれど｡	25131
647	1500000000000077560	ギャバソ[ZUNTATA]	25108
648	1400000000000028994	ju	25101
649	400000000000099388	たしゅく	25042
650	1200000000000090839	おちゃづけ	24992
651	600000000000000286	trecri	24975
652	100595	ペンタ	24936
652	1400000000000055598	卓也	24936
654	700000000000052849	ｓｈｕｄｅｃ	24927
655	400000000000000390	EndP@現実に目を向けちゃダメだ！	24876
656	800000000000041755	ナザレのイエス	24857
657	200000000000095583	セレン整流器	24855
658	1100000000000096611	みふ	24840
659	1500000000000042893	nomu	24808
660	500000000000001866	新庄イズミ	24805
661	1100000000000099734	マジマジ	24784
662	1200000000000054755	執事虎の穴	24656
663	200000000000097207	CHUMIO	24652
664	400000000000013032	のりす	24631
665	1200000000000099863	yuri	24620
666	1400000000000021700	特盛	24572
667	500000000000096229	なぎ	24570
668	1500000000000058636	nick	24534
669	700000000000075814	みり	24412
670	600000000000000681	いなんな	24397
671	900000000000007245	rin	24352
672	100000000000085803	ばこ	24346
673	500000000000000071	とみぃ	24327
674	600000000000002617	ﾏｻﾉﾘ	24300
675	200000000000098478	ジャック	24121
676	1300000000000008086	ケイ	23998
677	300000000000052189	ぢゃきお	23991
678	1000000000000039341	フォルテ	23904
679	800000000000003989	Toggo	23831
680	700000000000006291	咲都	23783
681	600000000000097978	ゆかりん	23775
682	900000000000100174	あ	23759
683	1200000000000050104	コーヘー	23729
684	400000000000053905	太鼓玄人	23723
685	1500000000000086809	森園立夏＠ULAF美也上位中	23716
686	1400000000000010255	たい	23696
687	1400000000000100234	txc	23684
688	1200000000000037115	あんず	23647
689	1300000000000047673	吊橋哲	23640
690	43935	Mio☆※なしすみません	23533
691	1200000000000078402	アッタロス	23505
692	700000000000006328	病み鍋	23450
693	10908	ユウタ	23448
694	900000000000046530	鷹瀬秋也	23234
695	1100000000000033039	ごんなかじま	23230
696	1088	何も言わねぇ	23219
697	900000000000076034	ゆと	23216
698	700000000000052480	SUQ	23186
699	100000000000001867	ろっくP	23127
700	200000000000086545	みにか	23123
701	400000000000098924	Wisteria	23087
702	1100000000000004827	ホルモン	23067
703	1500000000000081737	タニシ	22997
704	800000000000002586	Hide	22992
705	600000000000006410	うげらら	22958
706	300000000000022681	ゆー	22896
707	800000000000097600	胤怒 陣	22811
708	700000000000000379	タイラン	22793
709	1500000000000087420	Player 1005326751	22780
710	600000000000074601	KS	22725
711	1100000000000077653	グルコサミン	22695
712	900000000000079892	ameshita	22665
713	1200000000000022490	みんちぃず	22622
714	1000000000000088493	unknown	22620
715	1000000000000098024	くらぱら	22560
716	200000000000004916	白島ブルー	22518
717	800000000000079411	UMA	22516
718	1200000000000052276	じーく	22502
719	600000000000088118	やくもくん	22487
720	800000000000099187	めいでん	22476
721	900000000000045798	らい	22419
722	500000000000096539	ベル	22418
723	61184	hr	22382
724	300000000000054451	ながの	22336
725	1300000000000094991	長屋王	22247
726	82241	AB	22207
727	500000000000037972	VANITY	22199
728	100000000000080659	suu_san	22187
729	500000000000050794	ミヤビ	22178
730	1500000000000005702	Ｄ.ゆたか	22125
731	1500000000000078942	徳川まつり	22080
732	1400000000000004557	律々島	22079
733	1000000000000078062	ゆうひ	22008
734	1200000000000075025	のわん	22003
735	76023	倉石	21984
736	100000000000096995	Hall	21872
737	1200000000000071262	タテ	21863
738	200000000000054505	かかお	21856
739	600000000000032740	ももざえもん	21829
740	800000000000034300	胃痛	21767
741	1300000000000061805	ナオ	21755
742	200000000000000186	ヒコ	21739
743	1100000000000052764	ロビー	21663
744	300000000000026419	yoshiruka	21616
745	600000000000026457	バンプー	21375
746	1400000000000078174	あきち	21309
747	800000000000003365	いとこ	21208
748	1000000000000017184	ミカンboy	21127
749	1400000000000101207	あびる	21041
750	1100000000000011302	トシ	21021
751	1200000000000080081	乳酸菌	20955
752	600000000000060383	魚魚丸	20874
753	1500000000000001897	エイジャァ	20871
754	1200000000000006838	しょくどう	20861
755	600000000000059433	ハンク	20844
756	700000000000023920	珈琲缶【】	20843
757	600000000000011234	A_Z	20825
758	1000000000000100179	ひゅーい	20769
759	300000000000044148	ナベちはる	20763
760	500000000000057239	コレスケ	20747
761	79793	norix99	20682
762	600000000000082677	ハニーシ	20650
763	800000000000037056	POPOPO	20636
764	1100000000000000944	近藤	20634
765	500000000000099017	イシワタ	20633
766	900000000000097459	izmy	20547
767	700000000000097822	MTD	20497
768	1300000000000092460	なべねこ	20454
769	300000000000016113	gusl119	20293
770	19677	幽月	20215
771	100000000000078741	セツナ	20212
772	700000000000029676	グレートsatlliteさんDX〈スマホ移行〉	20193
773	1200000000000040650	こん	20179
774	900000000000004256	カガチ	20161
775	1200000000000073565	星柚	20157
776	100000000000005384	マー	20137
777	1300000000000085828	ニボ	20135
778	1400000000000002480	かおす	20097
779	1500000000000056219	のらゆらP	20015
780	900000000000055758	めろんぱん	19992
781	800000000000002823	海苔	19845
782	800000000000098538	夜空	19758
783	1100000000000044038	みがわり	19751
784	700000000000056962	KT	19729
785	200000000000000053	きのこ	19712
786	900000000000097203	RIN	19640
787	1400000000000018770	shero	19614
788	1400000000000004126	いぬちよ	19584
789	800000000000090691	はるか	19552
790	300000000000096014	ぷらせぼ	19522
791	600000000000049776	まー	19380
792	1200000000000099040	JHE EN	19375
793	300000000000028357	コロイド	19293
794	500000000000095037	rip	19242
795	1400000000000099456	五和	19184
796	400000000000061419	こふく	19138
797	1100000000000061473	水尾炭	19081
798	1000000000000002567	いな	19067
799	900000000000023728	おさかなセンター	19055
800	400000000000007137	百姓	19004
801	800000000000000866	REO	18993
802	1500000000000075131	のの(蓮)	18958
803	1000000000000051497	ゆっか	18952
804	500000000000003897	ひろ	18950
805	300000000000046987	銀さん	18927
806	300000000000000760	ヒロ	18890
807	300000000000030957	じゅわ	18876
808	300000000000076965	けーじ	18812
809	300000000000061496	だんきー	18691
810	400000000000079936	海導@ﾗｳﾒﾝ募集	18688
811	1300000000000010396	田中敏和	18652
812	700000000000010304	kawasonic	18626
813	200000000000027404	親方	18608
814	1400000000000000122	タラ	18600
815	1100000000000097560	てん	18585
816	200000000000075939	マスターリブラ	18573
817	500000000000077970	トアクア	18551
818	1000000000000032294	じゃじゃか	18503
819	900000000000098853	ｋｕｍａ	18445
820	600000000000095770	LvB	18432
821	700000000000003595	かわーの	18340
822	300000000000006867	願寺	18309
823	6094	桜	18277
824	1200000000000099278	クラウド	18251
825	100000000000003216	ﾌﾞﾗｯｸﾎｰｸ@協力感謝です(^ω^)	18216
826	700000000000100287	あさぎ	18188
827	1500000000000001448	チョモランマ	18164
828	1500000000000006330	hata8823	18078
829	200000000000001789	ﾋﾛﾋﾟｰ@in率低め?	17982
830	400000000000000274	ちょめ	17961
831	200000000000003171	りっど	17934
832	56527	青芝	17900
833	800000000000074582	コグマ	17880
833	1500000000000047165	金城たま	17880
835	800000000000077217	だいむ	17876
836	600000000000096936	sheryiu	17869
837	700000000000011732	おはじき	17820
838	200000000000058287	chisaii	17784
838	1500000000000060573	セイン	17784
840	300000000000002035	kou02	17726
841	1100000000000096809	桜餡	17696
842	1200000000000072992	ｺｳ	17693
843	900000000000100162	すい	17690
844	800000000000008119	川-.川	17661
845	300000000000013468	TKCP	17660
846	1500000000000083457	クラP	17655
847	400000000000071727	サイマワリ	17601
848	400000000000093245	ユウ	17591
849	800000000000002715	KEG	17556
849	1500000000000080396	まんさん	17556
851	1500000000000092592	うさみ	17540
852	1200000000000082898	ゆう	17489
853	900000000000009103	あ	17482
854	1000000000000049110	虎壱	17458
855	400000000000004670	ひろひろ	17429
856	1100000000000072088	チャッピー	17398
857	1200000000000099804	なか/かしま	17342
858	1500000000000031122	yukky	17335
859	900000000000085574	鯉桟敷	17304
860	1500000000000000148	ちな	17284
861	800000000000000687	おちゃーちゃんぼちぼち｡ｵﾌ｡	17279
862	1400000000000000447	うるちま	17270
863	400000000000008959	よしお	17242
864	100000000000056132	りょん	17191
865	800000000000080777	クロムP	17182
866	1000000000000003083	ヴィン	17171
867	600000000000004251	らーめん	17149
868	100000000000001020	ふぃがろ@同僚募集中トレ同僚歓迎！詳しくはマイページへ→	17053
869	300000000000023543	みーたん	16997
870	500000000000003285	ナカジ	16912
871	1300000000000098852	メヌースー	16885
872	1500000000000009849	みやびき	16882
873	1200000000000001968	全全全雛	16845
874	1000000000000086125	ちーまっくす	16805
875	200000000000038107	mine	16802
876	300000000000058136	かず♂ ｱﾊﾞｺﾝよろしくね	16754
877	100000000000031075	モレ	16737
878	900000000000002440	当真恭介	16714
879	1100000000000033981	も	16695
880	1000000000000055794	やすひら	16683
881	1300000000000093697	ジャカ	16682
882	100000000000046889	nike	16654
883	1100000000000087711	byobjo	16645
884	1300000000000022192	かずま	16636
885	1000000000000098526	k	16606
886	600000000000073637	はすちょん	16598
887	200000000000050192	さっつ	16592
888	100264	リョウ	16576
889	100000000000005872	とくさん	16572
890	1200000000000010439	たた	16553
891	1300000000000007436	さるびゃー	16516
892	1000000000000030551	トーテムポール	16478
893	600000000000035614	アン@イシイみき	16464
894	1100000000000050603	ぽわっぽわ	16430
895	500000000000085787	のーちぇ	16408
896	79860	ぬくぬく	16319
897	1400000000000042378	図書委員	16290
898	800000000000029957	KEL	16248
899	1300000000000097504	Dr.コトー	16235
900	96350	gold	16222
901	200000000000082479	Vincent	16205
902	1200000000000087726	ふーちん	16184
903	800000000000070036	シオン	16171
904	700000000000085696	5013	16090
905	1100000000000043100	ベラヒア	16074
906	952	Spears	16038
907	400000000000084163	みらの	16012
908	1500000000000080085	Sel	15989
909	900000000000095787	ひろき	15972
910	1200000000000073457	へごちん	15923
911	1100000000000083614	燕坂	15894
912	800000000000006441	ＫＥＩ	15854
913	300000000000062375	newcts	15846
914	300000000000085339	Mspiral	15842
915	900000000000022979	ぽんた	15822
916	98909	だほん	15793
917	1500000000000081306	くろぱん	15792
918	16348	ティム	15791
919	100000000000047241	也	15780
920	1300000000000054296	マサナリ	15775
921	700000000000032547	藤間	15765
922	800000000000040336	魔石の槍	15718
923	500000000000022684	朱	15690
924	1300000000000052479	いろはにほへと	15661
925	900000000000096337	うめうめこ	15652
926	1000000000000001011	マーサ	15634
927	1000000000000022252	Dagoth-Ur	15603
928	30753	キボネングデコ	15566
929	1300000000000043466	astral	15555
930	1100000000000091677	スクーミー・ズー	15522
931	1400000000000081368	his@P	15495
932	5516	そわか	15490
933	1200000000000035766	kirsche	15455
934	900000000000073006	エグゼ	15412
935	1500000000000083749	大和	15408
936	700000000000047062	ゆのみ	15406
937	1300000000000002707	津花沙	15372
938	1300000000000037222	あるふぁ	15340
939	100000000000043245	獣戦機隊 膝の怪我軟骨がないから歩く不便、神経痛辛い。	15336
940	100000000000034670	烏龍茶	15248
941	400000000000046370	モコナ	15244
942	1400000000000097500	ざわ	15232
943	700000000000011807	ユッキー	15225
944	100000000000002847	ぱぱ	15201
945	800000000000097634	かや	15195
946	1500000000000072802	神明P	15182
947	1000000000000019759	ドラムカン☆☆	15160
948	600000000000053875	池田せあら	15155
948	1100000000000097708	みそでんがく	15155
950	1400000000000096817	よっしー	15117
951	1200000000000037915	ゆづき@隠居勢/同僚募集中かも。	15088
952	1300000000000080244	ひでと	15073
953	800000000000020766	くろ	15048
954	600000000000004149	フェイト	15028
955	1500000000000029070	果心堂	14931
956	600000000000004758	ゆり	14929
957	100000000000086006	イーコン	14924
958	700000000000006440	サン	14912
959	1400000000000059117	ゆしゃ	14910
960	1200000000000002749	いがたろう	14885
961	1100000000000092984	ma-chin	14852
962	1300000000000000857	にゃー	14837
963	800000000000001963	座布団	14829
964	1300000000000004449	皆威	14825
965	700000000000003410	ルクセン	14815
966	93238	こーにぃ	14800
967	800000000000012826	お～いお茶ン	14778
968	1000000000000034160	ゆっけ	14736
969	1500000000000080462	りの	14734
970	1300000000000062172	ポカリすエッ戸	14724
971	100000000000071821	もちまつり	14697
972	100000000000053590	きみうさ	14673
973	1100000000000004868	麩菓子	14625
974	1500000000000001202	コロンビア	14547
975	1400000000000047818	ぐる	14545
976	1000000000000079182	ジタン-バタン	14532
977	1500000000000001680	ｶｲｼﾞ･･･774ﾌﾟﾛ	14529
978	100000000000095407	ココ	14517
979	400000000000072054	たかや	14500
980	1100000000000080518	ピックアップ	14470
981	17247	ひろっち	14392
982	300000000000052307	B茶	14350
982	1300000000000099137	ひふみ	14350
984	1200000000000098850	株式会社	14336
985	800000000000001462	実況グループKFSIpoliceman(休止中)	14321
986	700000000000085822	じゅん	14301
987	1400000000000062587	璃音	14284
988	1500000000000005600	せがひろ	14265
989	700000000000004297	おれーす	14208
990	517	羊	14197
991	700000000000006801	シュウ	14144
992	500000000000003737	ユウキ	14126
993	500000000000019747	mob_akg	14106
994	700000000000004524	々	14101
995	2312	アズール	14100
996	500000000000057187	にょづき	14076
997	1300000000000015126	ＮＡＡＮ	14040
998	900000000000075142	taksan	14014
999	400000000000005155	ジーニアス	14003
1000	900000000000032208	夢雪空	13995
1001	100000000000006261	かいわれ	13977
1002	300000000000009336	湯月	13972
1003	100000000000003642	あまんじゃ	13933
1004	400000000000085111	さじこ	13912
1005	400000000000076675	凪兎	13907
1006	600000000000098227	キング	13887
1007	1100000000000088117	カズ	13870
1008	1200000000000046827	MATASAWA37	13855
1009	1200000000000086178	まゆ＠宵闇	13838
1010	1100000000000022002	筒屋	13786
1011	1300000000000003573	ひょロリだお	13761
1012	79717	たぬきち	13724
1013	100000000000053434	三六	13692
1014	1400000000000029551	ヨッチ	13612
1015	900000000000084686	実耶	13606
1015	1100000000000001690	ますらお	13606
1017	1400000000000094548	あみ也	13588
1018	1300000000000082437	SASUKE	13520
1019	1000000000000003901	ぴりたろう	13496
1020	1400000000000092707	くそでぶ	13480
1021	33118	ほっぱんさん	13465
1022	1100000000000015677	さきちょす	13464
1023	1000000000000007473	りへいo(^-^)o	13439
1024	1100000000000027993	asami	13431
1025	17709	△ぬっくん 乙※相互割愛よろしく(-人-;)参戦&お誘いありがと～(^o^)/	13430
1026	500000000000082270	わたあめ	13416
1027	400000000000002871	ふーみん	13385
1028	600000000000001772	烈夢	13369
1029	1200000000000094643	うぉっち	13341
1030	1400000000000004570	ゴクツブシ	13320
1031	700000000000001409	hikaru	13317
1032	1000000000000033874	みゆ	13312
1033	300000000000078433	るがー	13285
1034	1100000000000086376	Player 1005113163	13272
1035	300000000000047857	黒田銭蔵(ピザブラック代表取締役)	13248
1036	200000000000033203	コバ	13245
1037	1300000000000015175	らむねや	13244
1038	1300000000000100297	春日部歩	13231
1039	800000000000002200	☆きりりん☆	13224
1040	800000000000089329	うぃんぐ	13202
1041	800000000000008057	リョージ	13169
1042	1100000000000061949	yowamushikid	13144
1043	900000000000087604	アリエス	13137
1044	92819	飛鳥翔	13136
1045	100000000000096001	ホノエル	13110
1046	1100000000000094958	アウラ	13096
1047	900000000000072912	慶野	13093
1048	900000000000026956	わ～や	13041
1049	100000000000054332	有里	13040
1050	1100000000000008687	のぃはら	13035
1051	500000000000002588	ｸﾞﾘｰｸﾞ	13034
1052	400000000000007766	アサカル＠BMDお疲れ様	13016
1053	1400000000000082717	ナス	12965
1054	300000000000050495	スサマー	12876
1055	100000000000011651	ゆきまる	12875
1056	600000000000008308	けんぬ	12873
1057	500000000000004318	ジョン・ドゥー	12864
1058	700000000000020077	もりわき	12860
1059	700000000000042189	ミウラ	12835
1059	1000000000000081359	ぴょん	12835
1061	900000000000002610	厚焼き卵	12828
1062	700000000000036038	佳乃	12807
1062	1500000000000087236	ミヤセ	12807
1064	300000000000006768	まあむ	12805
1065	1500000000000044575	ミャー	12778
1066	400000000000000223	わりばしP	12753
1067	29734	トッシ	12726
1068	700000000000081603	バス・トロンボーン	12723
1069	1300000000000098907	siki	12695
1070	1200000000000073870	キザハシ	12675
1071	800000000000037448	starmine	12635
1072	26388	春波	12632
1073	1000000000000083587	がお	12629
1074	300000000000076911	Sanson	12621
1075	100000000000100844	ワタリガニ	12592
1076	1400000000000000878	らっしー	12585
1077	200000000000024867	矢車草	12551
1078	200000000000083023	ゆ～おか	12486
1079	200000000000020138	こびん	12459
1080	200000000000093590	いまだ	12451
1081	600000000000096878	CYANGE	12436
1082	1000000000000032839	kamecycle	12435
1083	700000000000025370	じゃすた	12425
1084	300000000000100370	みるはうすと	12393
1085	400000000000002647	ダディ	12304
1085	1300000000000026944	ギロロ	12304
1087	1200000000000097233	i.c.e.9	12274
1088	1400000000000004698	はっしー０８４	12246
1089	98899	はんなり	12240
1090	300000000000076836	断空我	12234
1091	100000000000097072	ふぁい	12175
1092	600000000000035701	シュウ	12170
1093	500000000000098327	らいぶ	12169
1094	200000000000031607	ストーン：♂	12163
1095	600000000000075824	たつキング	12112
1096	600000000000058935	jinx	12037
1097	300000000000003591	korodog	12030
1098	500000000000081078	ZAWA	12017
1099	900000000000001046	ぺりかん	12000
1100	77345	小猫	11984
1101	1500000000000019628	Lan@らんと読みます	11968
1102	28985	　HAMACHI	11896
1103	1500000000000006097	うすけ	11891
1104	1400000000000005824	リングス	11872
1105	77093	のんたん	11858
1106	1200000000000034321	ユウ	11826
1107	1500000000000004506	誠太郎	11820
1108	1400000000000010474	葉皇	11782
1109	2566	枠番連勝複式（南蛇井）	11774
1110	200000000000058953	アキ	11772
1111	900000000000066744	葉	11759
1112	100000000000012345	☆クロネコのジジ	11744
1113	28002	十万石	11742
1114	400000000000047158	大河	11713
1115	200000000000080192	hskz	11695
1116	500000000000003238	みっくも	11684
1117	500000000000052942	ゆうりパパ(愛娘を護るまで敵は主犯の蟲極のみ!!)	11659
1118	600000000000044875	カギレ	11658
1119	1400000000000001014	サンキューSP	11509
1120	86769	lumiere	11492
1121	500000000000024707	なかた	11490
1121	1500000000000096865	平ナギ助	11490
1123	400000000000100611	ゆりゆり	11471
1124	100000000000085486	sho1	11470
1125	1300000000000000428	コマ	11445
1126	1000000000000001517	ぽぽんがぽん	11412
1127	78078	snow@ngel	11396
1128	300000000000000319	あいけ	11390
1129	500000000000011999	おにに	11333
1130	500000000000000993	のわ	11298
1131	700000000000086224	Player 1005062839	11272
1132	400000000000000535	ヤマジン	11225
1133	4541	それも私だ	11209
1134	300000000000003443	超合金	11191
1135	1500000000000005809	とどめなぎ	11172
1136	1000000000000069215	らーん	11170
1137	100000000000100535	chocomint	11117
1138	600000000000052140	ゆい	11107
1139	900000000000071937	畜生ペンギン	11011
1140	1400000000000075084	ぬふしふ	11005
1141	300000000000097311	めろん。	10999
1142	1000000000000080188	Kon	10997
1143	1100000000000072360	key9600	10905
1144	400000000000001308	iskw	10901
1145	600000000000022308	ちば	10899
1146	200000000000003513	ユタカ	10889
1147	1200000000000000259	こばると	10884
1148	200000000000037533	リングス２	10870
1149	1200000000000072972	松本秀人	10829
1150	73951	かつ丼	10828
1151	1400000000000014597	ワタル	10816
1152	500000000000020561	You&I	10800
1153	1500000000000093338	リブリブ	10796
1154	900000000000085725	こめっち	10791
1155	1100000000000031596	あずき	10740
1156	100000000000098643	夏閣下	10714
1157	600000000000008545	syu_kakoi	10713
1158	700000000000098305	ふぇぇｸﾞﾘｸﾞﾘ《獏羅天》	10712
1159	100000000000006091	まみたす	10689
1159	1300000000000012266	ーノ	10689
1161	80081	Raisiren	10686
1162	300000000000002801	ひろ吉	10664
1163	200000000000000749	八木屶	10647
1164	45569	マルヴィンjr	10645
1165	100000000000099153	k@naP	10623
1166	700000000000001252	ジェット	10605
1167	1100000000000055273	じなんぼう	10597
1168	1300000000000099821	えこりん	10585
1169	800000000000041988	ぱぱちゃ	10564
1170	800000000000079480	あかつき	10540
1171	1500000000000096699	しまあじ	10517
1172	98459	ナナシ	10506
1173	1500000000000030207	みょんみょん	10497
1174	5265	ねっち	10487
1175	900000000000034066	Riku	10480
1176	700000000000016100	houchi	10466
1177	400000000000096097	DD67	10440
1178	500000000000058191	きりん	10439
1179	1100000000000002458	ハセリ	10438
1180	1400000000000011098	ploju	10419
1181	600000000000049518	塩大福	10400
1182	1200000000000000458	BW10	10367
1183	1400000000000070630	ベホマズン	10362
1184	1500000000000025438	asa	10358
1185	1100000000000009216	KOU	10340
1186	900000000000046513	ツバサ10	10335
1187	100000000000051642	しもん	10332
1188	1200000000000008786	きたきつね	10330
1189	600000000000028066	苦無	10326
1190	700000000000005773	ファラ	10310
1191	200000000000086107	ぽぺー	10303
1192	1500000000000080262	けん怠	10270
1193	1000000000000006977	ケン	10268
1194	300000000000003222	いちじょー	10262
1195	28778	Henly	10261
1196	900000000000015974	かに	10257
1197	1500000000000010443	暇人破壊	10244
1198	1200000000000006736	No.I	10240
1199	900000000000015949	ゆま	10234
1200	1100000000000074244	ナストラ	10233
1201	1400000000000001979	tkh_hr	10201
1202	1100000000000010366	ビグザム	10200
1203	900000000000041586	あらこめ	10198
1204	700000000000052516	シン	10155
1205	1500000000000002325	うひょこ＠天然モノ	10129
1206	100000000000022382	Dingo	10122
1207	1500000000000093764	mikio	10121
1208	1400000000000028374	yskmg30	10086
1209	1400000000000073548	ろうべえ	10061
1210	300000000000096300	France犬	10040
1211	100000000000071745	美山	10032
1212	700000000000013942	マグ	10016
1213	500000000000006521	ZeroK	10010
1214	1300000000000026160	るちゃ	9996
1215	900000000000008238	くったり	9960
1216	200000000000042059	ベーコンスラッシュ	9945
1217	700000000000051700	ヒロアキ	9933
1218	400000000000006908	へろ	9885
1219	700000000000000002	Softcream	9861
1220	1400000000000081083	msk3	9858
1221	1300000000000082596	アンドリュー	9828
1222	700000000000052075	ふるす	9825
1223	1200000000000007650	レッド5	9722
1224	200000000000001995	momozo	9715
1224	700000000000058113	マコト	9715
1226	700000000000007049	芋長	9684
1227	300000000000037274	いずみ	9631
1228	400000000000000942	abing	9625
1229	900000000000098113	mintiaholic	9616
1230	1000000000000059878	アキラ	9608
1231	1400000000000003006	そらまめ	9605
1232	1000000000000022872	あまよ	9600
1233	100000000000053290	Leira	9578
1234	900000000000061700	元旗	9551
1235	300000000000099711	こうじ	9536
1236	1400000000000022175	かなりあ	9525
1237	100000000000069157	ウラカミ	9514
1238	200000000000074383	エルザム(ﾉｰﾏﾙ+)	9481
1239	400000000000028733	rkiho	9480
1239	1400000000000098451	たらたら	9480
1241	200000000000006547	海鞘♪	9464
1242	400000000000051520	マイトガイ	9463
1243	82042	Marnier	9445
1244	1000000000000003688	篁	9436
1245	1000000000000020319	BOGY	9422
1246	100697	じんじん	9412
1247	1100000000000050345	狐狐	9378
1248	700000000000029720	瑠華	9377
1249	100000000000005390	ξ*'ヮ')ζ ギギギギギ	9367
1250	200000000000004937	フレーべ	9358
1251	500000000000027328	AOBAOKA	9339
1252	1100000000000008607	ASTR	9321
1253	1500000000000010756	もる	9320
1254	47069	わっしー	9292
1255	1500000000000087005	金時豆	9287
1256	900000000000010877	cyber-next	9284
1257	1500000000000082642	にの	9268
1258	1200000000000100040	ken7254	9266
1259	400000000000079014	Player 1004036388	9259
1260	100000000000043956	すみ	9251
1261	200000000000007302	ベム星Ｐ	9227
1262	100000000000084918	涌井奏多	9206
1263	1200000000000052057	Rex	9190
1264	500000000000000226	琳。	9189
1265	800000000000033886	よこやまなおき＠C91ミリオン新刊はうみみ本『うみトレ！』	9181
1266	1200000000000004218	おいもさん	9179
1267	900000000000093113	チタン合金	9174
1268	1500000000000099311	ナルカミ	9168
1269	1500000000000076198	半額	9139
1270	700000000000097412	スカルメン	9135
1271	79526	DON	9108
1272	800000000000005754	yona47j チョット隠居？	9080
1273	200000000000000273	５２４	9078
1274	500000000000050156	ごっつ親方	9075
1275	1300000000000094683	おにゃんこぽん	9060
1276	600000000000097459	To-cay	9032
1277	800000000000009104	おっ	9002
1278	400000000000007727	凍耶	9000
1279	300000000000100575	SUC_1983	8998
1280	800000000000080581	こてつ	8989
1281	900000000000001556	Shellingford	8984
1282	1100000000000031644	チェフィ	8981
1283	200000000000062378	TZ0256	8980
1284	1000000000000073990	Yatchan	8954
1285	97813	つっ	8937
1286	400000000000001387	くたろ	8921
1287	1581	だいごろう	8910
1288	1200000000000092830	ショウ	8905
1289	8232	パピー	8898
1290	1400000000000080910	こけ	8892
1291	700000000000081550	エリンギ	8891
1292	67698	あかまほうつかい	8890
1293	1400000000000052211	りあ@ブラックラボ	8881
1294	600000000000078782	7g569d	8880
1295	400000000000006820	むらぬきP	8875
1296	1200000000000073936	メロス	8856
1297	1000000000000069079	てっちゃん	8855
1298	700000000000000353	ちょぼた	8841
1299	700000000000057810	譲刃	8828
1300	1400000000000006117	尾てい骨	8811
1301	1500000000000000919	YNAKN	8782
1302	300000000000056120	火咲P	8771
1303	1100000000000030841	やっつけ丸	8769
1304	1300000000000006572	Mei	8767
1305	1000000000000002034	Oggy	8753
1306	1100000000000086373	引退マン	8744
1307	1400000000000089475	えり	8697
1308	700000000000045166	shin☆ta	8652
1309	900000000000087855	ユーくん	8638
1310	200000000000003880	エンペ	8613
1311	900000000000003814	ゆきじるし	8604
1312	900000000000079842	Kiari	8600
1313	500000000000003589	るい	8593
1314	200000000000076701	Tsukikagez	8590
1315	1200000000000099116	Player 1007466844	8580
1316	100000000000034232	草野葉月	8573
1317	1100000000000094766	匣	8531
1318	800000000000005377	☆ＹＵＩ☆	8483
1319	700000000000056167	らぎ	8472
1320	1300000000000037746	垣太閤 DSおつかれちゃん(^o^)/お仲間のみんないつもありがとぉ～（≧∇≦）	8470
1321	1400000000000096404	林芳樹	8443
1322	300000000000100900	ソラ33	8434
1323	500000000000095889	胡桃	8418
1324	1000000000000094323	ぷるノ介	8409
1325	1200000000000096284	YK	8400
1326	100000000000004481	なで	8386
1326	300000000000003534	プワワ	8386
1328	1300000000000007143	ごっさむ	8385
1329	1000000000000083651	せつな	8384
1330	1200000000000095336	カズト	8382
1331	500000000000058852	陽介	8370
1332	400000000000005480	akitail	8304
1333	1400000000000087729	ぴよこ	8261
1334	600000000000009644	たば	8235
1335	800000000000099131	style free	8224
1336	1100000000000003525	小松	8219
1337	1100000000000094285	たつ	8217
1338	1200000000000023568	タカ	8189
1339	1500000000000059031	ケンボー	8188
1340	1200000000000055439	五条烏丸	8172
1341	300000000000003380	∞モカ∞†繚華†	8165
1342	1100000000000000523	シンP	8162
1343	200000000000100531	しーぷ	8149
1344	1100000000000094006	リン	8148
1345	800000000000025191	結露	8139
1346	100000000000037537	しも	8133
1346	1300000000000046955	昆布森	8133
1348	300000000000077153	ニーチェ	8118
1348	700000000000037598	ぽめ	8118
1350	200000000000072454	キャベツ	8089
1351	27047	ポリアカ	8073
1352	80290	Wolfnagi	8063
1353	1500000000000003715	とも	8052
1354	200000000000024183	奏P	8033
1355	1100000000000016733	15P@可憐道場	8011
1356	200000000000061632	マコチャム	7975
1357	1300000000000008737	猫ぽっちゃり	7970
1358	700000000000070045	しーとも	7968
1359	101179	yuki	7966
1359	1200000000000025285	ミヤギ	7966
1361	500000000000027852	タカヤ	7941
1362	800000000000095392	白藤	7929
1363	98153	snowwalker	7906
1363	700000000000093559	なつ	7906
1365	600000000000082104	にっよ	7899
1366	300000000000035723	キク【ローゼン】	7885
1367	1300000000000097496	ざっかやP	7876
1368	1500000000000075764	ぶどうあめ	7849
1369	1500000000000062294	たびまる	7832
1370	1100000000000013086	りん	7815
1371	300000000000096840	ヌンチャク２号	7806
1372	1000000000000054638	じんましん	7802
1373	200000000000001572	はやて	7766
1374	400000000000008048	熊五郎	7764
1375	800000000000052824	雪のセ	7752
1376	1300000000000008044	フリーダム	7730
1377	1300000000000100722	えんがわ	7723
1378	900000000000001717	七瀬八重	7711
1379	500000000000003035	kazuki	7709
1380	600000000000085445	ふれあ	7707
1381	1200000000000019628	たまご(協力仲間に感謝☆）	7700
1382	800000000000000757	FU	7683
1383	500000000000057173	ゆっか	7672
1384	400000000000098730	どんぐり	7670
1385	1200000000000081900	おっさん	7659
1386	1400000000000010442	さささ	7651
1387	600000000000060091	ふゆぼね	7644
1388	900000000000092976	ちゅん	7642
1389	200000000000023410	チロ	7640
1390	700000000000051466	Рэки	7637
1390	1500000000000000880	ザキザキ	7637
1392	543	テスタロッサ	7620
1393	1200000000000052183	タンベ	7598
1394	1000000000000086166	すろーかーぶ	7590
1395	500000000000015732	がらくた	7576
1396	900000000000079776	くにさん	7563
1397	1400000000000096991	ゆう	7557
1398	1100000000000050340	tino	7539
1399	500000000000085358	びりりん	7518
1400	1000000000000101133	きさらぎ　みちよ	7510
1401	1400000000000085692	キンタロウ	7475
1402	1200000000000074178	渚	7467
1403	200000000000069559	千歳山近未来	7452
1404	1000000000000050880	ななき	7450
1405	1100000000000055138	Oak	7440
1406	400000000000100769	カサブラ	7427
1406	1300000000000063324	ジャン	7427
1408	100000000000004517	眠歌姫	7420
1409	100000000000012026	朱稀	7418
1410	1000000000000029590	☆+゜左之助 +☆″	7384
1411	400000000000000958	あたま@琴葉ﾗｳﾝｼﾞﾗｳﾒﾝ募集中	7380
1412	1100000000000000652	わしじゃて	7377
1413	1100000000000079140	烈輝	7360
1414	800000000000005056	anonymous	7356
1415	500000000000022098	T-Ac	7340
1416	1300000000000098374	トウキ	7323
1417	1000000000000020540	モカミルク	7296
1418	46802	Chung-UnCha	7293
1419	1200000000000099700	のぶ	7285
1420	1300000000000004035	ひろ	7273
1421	500000000000099361	フェクトーラ	7222
1422	400000000000001290	ﾕｰﾀｽ SprouT	7200
1422	1200000000000098417	翔	7200
1424	600000000000004576	サーディ	7187
1425	600000000000055408	人間	7178
1426	900000000000096389	ゆゆ	7177
1427	200000000000036750	はくたか	7174
1428	1500000000000006366	亜輝	7163
1429	600000000000055445	華村翔真	7160
1430	16940	シゲ	7146
1431	1400000000000098441	SEVEN	7121
1432	1000000000000027145	ピクミン＠( &#728;ω&#728; )	7097
1433	1400000000000045625	カルミア	7093
1434	1500000000000035574	はぬ	7091
1435	1200000000000062691	才駕	7090
1436	1200000000000007866	大	7084
1437	1400000000000080505	ユッキーぽ？	7083
1438	200000000000100727	、ショウ	7079
1439	200000000000084248	スイチャ	7069
1440	1200000000000098507	Mitsukit	7033
1441	1200000000000059492	まりり	7027
1442	600000000000024465	D1	7024
1443	300000000000098929	Panadaji	6996
1444	500000000000080097	あじおし	6985
1445	600000000000055122	爆発士=サン	6981
1446	700000000000083999	ほるもん	6965
1447	400000000000000999	メガフェップス	6946
1448	500000000000052280	agito5	6937
1449	100000000000014221	キョンシー	6920
1450	1300000000000077270	あんみょう	6908
1451	77924	jiiko	6904
1452	400000000000100359	Regin	6903
1453	500000000000025817	ひげP	6885
1454	1500000000000005131	nanbu14	6884
1455	1300000000000101315	なつ	6880
1456	1000000000000100596	のみ	6867
1457	800000000000015963	ニヤ	6854
1458	1100000000000024732	紅白	6834
1459	100000000000004905	メン	6825
1460	200000000000037346	こちか	6781
1461	100000000000007383	りゅーりゅ	6769
1462	1200000000000096268	うめちきん	6766
1463	400000000000093064	青猫	6751
1464	700000000000100370	はち	6750
1465	400000000000091827	しょう	6736
1466	500000000000002922	もとぬき	6725
1467	80977	みりおん	6717
1468	600000000000101086	函南	6709
1469	500000000000008035	きょう	6700
1470	1300000000000086934	星崎時羅	6686
1471	500000000000003131	みやと	6678
1472	1400000000000056960	ももうさ	6645
1473	700000000000072259	ヒロム	6633
1473	1100000000000049059	ダン	6633
1475	500000000000004264	だいなっきす	6615
1476	1100000000000017042	ノリスケ	6609
1477	99572	ヴぁん	6600
1478	100000000000100792	いっぺぇ	6594
1479	500000000000100899	牙の抜けた狂犬	6593
1480	500000000000088396	OR	6590
1481	600000000000086648	ダブル	6585
1482	1300000000000075245	フルート	6584
1483	500000000000083252	ちゃん	6582
1484	24730	saku	6579
1485	800000000000077371	アカマ	6562
1486	1300000000000020798	チロりん	6557
1487	300000000000084694	rain	6552
1487	600000000000009339	ユーシー@スマホ	6552
1489	1300000000000093631	ゆきんこ	6534
1490	1000000000000005870	tkm	6522
1491	1500000000000028908	ともちー	6518
1492	600000000000079790	sui-un	6516
1493	500000000000097534	あぴおん	6513
1494	1000000000000093645	よし	6480
1495	1400000000000081357	大空キヤ	6464
1496	900000000000099447	ムルタ	6460
1497	800000000000055797	ハタマム	6456
1498	300000000000094813	ぶれたん	6448
1499	1400000000000097997	七篠根無草	6426
1500	400000000000074886	ryu	6417
1501	900000000000024548	ノアル	6400
1502	300000000000084083	水玉	6384
1503	800000000000096637	あぇあぇ	6381
1504	700000000000095416	IOG	6380
1505	1100000000000035222	だめくん	6372
1506	700000000000011012	餡子	6361
1507	1200000000000005783	筋☆肉♪	6360
1508	1400000000000008459	あおはる	6352
1509	1500000000000081575	ツヴァイ	6349
1510	500000000000022501	mebius	6342
1511	900000000000050763	香流（かなれ）	6328
1512	900000000000080309	ランタミー	6327
1513	1500000000000007739	たくあん	6310
1514	700000000000099378	かとっち	6303
1515	300000000000075362	DMN	6291
1516	200000000000030597	紅	6289
1516	1500000000000086003	Foxa	6289
1518	1500000000000005974	かぴばら	6281
1519	300000000000003710	まりうす	6251
1520	1500000000000080309	樹市	6246
1521	1500000000000096563	Dancos	6228
1522	200000000000003147	Ｔ―ＲＥＸ	6216
1523	30288	イリス	6214
1524	900000000000005889	†Shigeっち†(as毒舌無頼党(*￣ω￣))	6176
1525	1100000000000025434	ロルリカ	6173
1526	500000000000093315	十式	6171
1527	100000000000097653	17を背負う鷹	6160
1528	700000000000076151	taka12345678	6153
1529	500000000000023096	ゲンスイ	6137
1530	500000000000097568	かべ	6136
1531	400000000000005418	めかふ	6132
1532	800000000000053212	さか	6131
1533	1100000000000008659	みくるりん	6125
1534	100000000000099289	parr1061	6120
1534	200000000000085872	T.F26	6120
1534	1100000000000086246	たかっきー	6120
1534	1400000000000053183	z27e5b	6120
1538	1300000000000098357	まつまる	6104
1539	200000000000083759	雨海	6101
1539	700000000000047571	さおり	6101
1541	700000000000011096	招きネズミ	6097
1542	500000000000001464	賢者？	6096
1543	1300000000000046700	ponytail	6091
1544	1200000000000013389	バレット	6084
1545	1100000000000094290	ミッシェル	6078
1546	1400000000000013935	ティガレックス	6072
1547	1200000000000074097	HoshiiMiki	6071
1548	1500000000000038844	まさしぃ	6069
1549	200000000000029019	匍	6048
1550	1200000000000000355	がいこ	6042
1551	6924	mofu	6041
1552	1100000000000060582	リゼ	6020
1553	1400000000000023441	ユウ（・ω＜）	6016
1554	1300000000000002170	堅あげP	6014
1555	1100000000000073735	にぼっしー	6008
1556	700000000000047191	ヘイリバー	6000
1556	800000000000058394	Con	6000
1558	1300000000000100082	Player 1007546829	5999
1559	700000000000049601	カロリー友達	5990
1560	200000000000001455	うさぎ部長	5975
1561	1300000000000085832	オルタラ	5964
1562	700000000000000966	ハードケース	5953
1563	1500000000000015589	葦野	5947
1564	700000000000092405	ぽぅ	5934
1565	1000000000000003037	たぁ	5922
1566	1300000000000052528	kaenagi	5920
1567	800000000000058169	★モチ☆	5899
1568	1100000000000002651	かぷり	5887
1569	200000000000021738	とけたみ	5876
1570	1000000000000097138	tkp	5858
1571	500000000000052365	NA.SU-VI	5847
1572	900000000000053370	黒百合	5838
1573	800000000000011240	EN-1	5828
1574	700000000000051813	星街	5808
1575	100000000000021670	黄緑	5800
1576	700000000000032355	ゆうひ[ご協力ありがとうございます]	5791
1577	900000000000097691	シャバ	5789
1578	1000000000000053211	渡邉みどり	5784
1579	900000000000094126	ポン酢P	5758
1580	1300000000000083110	ニシンＰ	5754
1581	1100000000000003695	うなじ	5747
1582	1300000000000043081	会社(β版)	5742
1583	200000000000004927	ЮиФрёЖЯ	5733
1583	200000000000081158	木元	5733
1585	1300000000000006974	えりりん	5730
1586	800000000000007111	瓜太	5721
1587	800000000000085122	天草	5717
1588	100000000000072530	しゅく	5714
1589	1000000000000022579	reo	5699
1590	1400000000000000721	ライト	5684
1591	1200000000000085751	ぶしどー	5634
1592	400000000000007445	ノダ	5619
1593	800000000000011445	たる	5616
1594	200000000000030298	なる	5606
1595	300000000000002685	杏仁湯豆腐	5601
1596	1000000000000077549	多秦	5595
1597	800000000000010587	うみ	5593
1598	600000000000006108	びーる	5590
1599	700000000000053491	monaka	5589
1600	800000000000008151	ドナルド脱臼	5575
1601	1000000000000000109	バルス	5567
1602	1100000000000030876	流魔	5551
1603	1200000000000005690	カナダ	5541
1604	500000000000013567	Ｒー４１７９	5538
1605	700000000000007286	ゆやゆよん	5537
1606	100000000000098762	槻影	5528
1606	1500000000000092967	Kyrios	5528
1608	300000000000002906	姫宮	5523
1609	500000000000001953	ダウランド	5505
1610	1300000000000088120	くにたか	5482
1610	1500000000000093279	あんずおぢさん	5482
1612	700000000000000785	まりんらいなー	5470
1613	1000000000000080480	かもにゃそ	5455
1614	1200000000000009056	うさてん	5454
1615	1200000000000084692	ｒａｓｈｉｋａ	5450
1616	67699	カニャエル	5446
1616	1100000000000080299	志龍	5446
1618	500000000000011899	†黒猫†	5437
1619	400000000000097990	byorori	5434
1620	1400000000000014015	ディケイド	5420
1621	1200000000000061708	ひうみん	5406
1622	1400000000000100401	あどこ	5392
1623	1100000000000017672	大阪太郎	5376
1624	300000000000051918	イソノ	5365
1625	1400000000000043533	ReiL	5351
1626	300000000000003275	スターぴー	5350
1627	800000000000010884	くわマン☆二世	5337
1628	1000000000000015156	ひさぎ	5336
1629	1500000000000055628	メビウス	5331
1630	800000000000082258	ゆのき	5321
1631	100000000000086703	ともっち	5319
1632	1500000000000097190	よっしー２	5295
1633	1400000000000038827	シフト@BMD相互埋め募集！！	5292
1634	800000000000006473	紅葉橋	5274
1635	88466	とてけて	5266
1636	1100000000000046835	rainy	5251
1637	500000000000084247	柚月	5250
1638	500000000000042893	イッセイ	5228
1639	500000000000002961	西村ひろゆき	5202
1640	900000000000073725	マリソン	5195
1641	200000000000063218	なせ	5186
1642	900000000000002555	弥(AMANE)†招待ﾇﾙｰでm(__)m†体調不良はデフォ†	5178
1643	1200000000000021704	S~最後のP~	5168
1644	500000000000047860	04	5165
1645	400000000000055719	ひでくん	5152
1646	1300000000000076781	ロベルトうちの	5141
1647	400000000000021839	DELF	5131
1648	800000000000049941	ゴマミソ	5124
1648	900000000000026651	メサイア	5124
1650	1200000000000096465	ゆうき	5119
1651	700000000000086079	平和	5115
1652	1300000000000030576	たこ	5101
1653	900000000000008282	まろん	5100
1654	900000000000096812	タッツー	5098
1655	1100000000000080818	エンスコグ	5082
1656	1300000000000081121	モスラ	5058
1657	400000000000051850	いのつむり	5046
1658	700000000000026843	マギー	5040
1658	1400000000000080875	ハッチ	5040
1658	1500000000000005834	イージィ	5040
1661	200000000000044982	カエルくん	5035
1662	600000000000082348	フレディ	5033
1663	400000000000098190	Ｍｏｍｉ	5027
1664	700000000000005536	OrtenSia	5023
1665	1300000000000076714	彰	5022
1666	35834	ニセ勇者	5017
1667	300000000000006457	椎名ことみつ	5004
1668	16340	りーかちゃん＾＾	5000
1668	700000000000022319	∞さくら∞	5000
1670	900000000000011282	けんざぶろーちょっと釣りをお休みしますm(__)m	4990
1671	1200000000000012486	ゆきゆき	4984
1672	800000000000007596	あーか	4978
1673	1200000000000052546	古呂兵衛	4949
1674	1300000000000071924	N島	4947
1675	1200000000000080235	ロクサス♪	4942
1676	1500000000000051455	ラジカル	4923
1677	400000000000080305	ジュドー@	4921
1678	24820	手巻きですし	4906
1679	500000000000101393	GuMiko	4904
1680	1500000000000010290	Blaze	4896
1681	600000000000009813	きょう	4890
1682	900000000000003492	暮浦鶏太	4881
1683	1100000000000018890	栗たん	4877
1684	700000000000053964	ヒロ	4864
1685	600000000000076324	ささのり	4863
1686	500000000000006261	陳Ｑβ	4862
1687	1000000000000019827	サドラーズ	4858
1688	1500000000000000736	水元 佑巳	4851
1689	900000000000100312	Player 1008121177	4793
1690	1400000000000098590	電界紡糸	4792
1691	1400000000000002382	蒼谷 うも	4788
1692	1400000000000100454	なつ	4783
1693	1300000000000053181	えすえすえぬ	4781
1694	900000000000002923	べむ	4760
1695	1100000000000080605	ヨポポ	4758
1696	300000000000051123	すゞめ	4729
1697	600000000000050718	キミツ	4711
1698	600000000000077814	HORON	4710
1699	1400000000000086037	したじき	4688
1700	1000000000000072728	天使突抜乂儿	4672
1701	1400000000000096723	春日屋	4671
1702	100000000000001594	クリス（仮）	4669
1703	300000000000038717	みりん	4663
1704	500000000000038150	ぴよこ	4660
1704	600000000000051812	てらちゃ	4660
1706	400000000000096377	ミリオンＰ	4606
1707	300000000000084203	森道	4605
1708	83857	むつきち	4600
1709	1300000000000098045	らて	4591
1710	200000000000006958	眠兎	4586
1711	1300000000000054253	karn	4583
1712	1500000000000098017	あるごー	4577
1713	900000000000000390	Ｍｒ．４	4574
1714	900000000000002697	スバル	4572
1715	1300000000000080396	次郎ちゃん	4568
1716	100000000000097930	nagi	4560
1717	600000000000020125	konoxsetsu	4557
1718	52883	ヤコウ	4556
1719	1500000000000096381	miki	4550
1720	100000000000077433	みぶうみ	4549
1721	600000000000000023	Sanno	4548
1722	1400000000000069607	Sejou	4540
1723	53487	asts	4539
1724	200000000000038843	かほ@ゆきなた	4535
1725	500000000000097639	ssm	4532
1726	900000000000093694	神奈川防衛隊	4512
1727	600000000000055545	つゆ子	4505
1728	1400000000000086272	ふじみやん	4486
1729	700000000000027460	ハカセ	4470
1730	1200000000000024821	ﾈﾑｴﾙ	4468
1731	400000000000008396	おばんざい@テーマ道場っぽいのやってます	4466
1732	1200000000000003688	マッツ	4450
1733	400000000000004224	ユウP	4428
1734	400000000000007915	かなで	4409
1735	900000000000062391	ななか	4408
1736	1500000000000010370	新しいフォルダ	4400
1737	1400000000000060449	kanie	4395
1738	400000000000047631	Takayuki	4385
1739	500000000000029418	千刀 巡	4374
1740	1400000000000052090	adeko	4355
1741	700000000000097857	ときど	4352
1742	900000000000013210	Ｈ２ｏ	4350
1743	1000000000000097297	POTATOCHIP	4349
1744	51846	ちやP	4332
1745	700000000000100994	泉南イオン	4329
1746	1400000000000028710	ヒムラ～！！！	4323
1747	100000000000096567	よく噛んでもカマンベール	4313
1748	1300000000000096365	Y'n	4294
1749	100000000000061374	リョウ	4292
1750	1300000000000093637	まるごとレタス	4286
1751	1200000000000001442	エフラム	4284
1752	500000000000029311	ファイティング・レイ	4280
1753	87240	ダジワン	4255
1754	500000000000054132	えりねむ	4240
1755	300000000000011086	しゃろ	4239
1756	100000000000006995	こめかる	4237
1757	1500000000000011923	ステップ	4221
1758	300000000000100567	ゆっきー	4218
1759	1200000000000000078	まぐろ	4208
1760	1300000000000055666	さとう	4196
1761	300000000000099279	Player 1007485491	4184
1762	100000000000045372	シリウス	4173
1763	200000000000100749	ラボR	4163
1764	1300000000000033367	日和	4158
1765	200000000000078300	gomi	4155
1766	56574	ふ～る	4143
1767	800000000000084224	もっぴー	4122
1768	1100000000000001964	まやかす	4121
1769	1200000000000099298	wjk	4105
1770	1200000000000000577	オリロー	4073
1771	1300000000000023816	ぱにえ	4057
1772	500000000000069806	モモモト	4046
1773	900000000000026045	ゆきみもち	4040
1774	29842	しさいた	4035
1774	900000000000050805	シュン	4035
1776	1100000000000094209	known	4022
1777	1000000000000099512	むーちょ	3997
1778	100000000000072518	こむすび	3990
1778	1200000000000001634	統夜	3990
1780	800000000000077347	Softboy481	3984
1781	1200000000000023132	ミルフィ	3980
1782	1200000000000050655	BOOR	3979
1783	600000000000061523	こんびろうど	3977
1784	800000000000048159	亜堕馬	3968
1785	1400000000000081535	Markun	3967
1786	1200000000000015663	あらほん	3963
1787	1200000000000096206	txexp	3960
1788	1500000000000051063	わふる	3956
1789	900000000000083879	ポチ	3952
1790	1000000000000038102	深紅	3947
1791	1300000000000082174	水平保	3944
1791	1400000000000070052	ぼいじゃ	3944
1793	400000000000001526	閑人(基本無言)	3936
1794	300000000000095839	白々	3934
1795	400000000000086457	健一郎	3931
1796	200000000000099128	momota	3910
1797	1200000000000061744	KARURO	3904
1798	500000000000100756	蝉松	3901
1799	1000000000000022467	くまごろう	3896
1800	1400000000000028075	一喜	3888
1801	1500000000000074926	おにく	3883
1802	400000000000072889	ryoji	3857
1803	500000000000097531	ロコカ	3850
1804	700000000000092188	yst	3848
1805	800000000000094502	Leye	3846
1806	600000000000072725	千由	3843
1806	1100000000000088050	みかん	3843
1808	300000000000076813	びーしる	3836
1809	62032	ぷるーとぅ	3832
1810	800000000000091568	桜子mk10	3821
1811	600000000000014242	ゆう	3820
1812	700000000000004495	楠木@BMD相互埋め募集(出まつり美也)	3819
1813	100000000000001485	ナツP	3816
1814	400000000000010751	maregg	3780
1815	96495	ソフテニマン	3776
1816	1500000000000080310	サンジ	3775
1817	1500000000000055666	AJ	3748
1818	77433	vkumav	3746
1819	34928	にゃん太	3736
1820	1300000000000097913	麦畑たく	3726
1821	200000000000077894	J.G	3720
1822	1400000000000075593	のん	3718
1823	1300000000000008586	ｎｏｎｏｎｏ	3686
1824	400000000000023734	コーラルP	3675
1825	1500000000000081078	The T	3669
1826	500000000000008352	座敷わらし	3665
1827	1100000000000001045	八百津	3655
1828	600000000000002984	もちごめ*114 %	3651
1829	700000000000004055	柳楽	3640
1830	900000000000077037	大和610	3636
1831	1200000000000079731	りょーが	3635
1832	1400000000000101435	Player 1008310574	3632
1833	600000000000025000	スノードロップ	3628
1834	700000000000100857	ふたつばし	3615
1834	1400000000000004747	ジョニーJr.	3615
1836	400000000000053675	日向 なつ	3607
1837	500000000000083680	(伊達)	3597
1838	1000000000000003596	イチ	3595
1839	400000000000003724	花	3583
1840	1500000000000085273	シズノ	3574
1841	400000000000000883	ko16	3564
1842	1400000000000000611	千歳ちゃん	3548
1843	400000000000015276	ノビスタ	3547
1844	1400000000000082709	こころ	3538
1845	1500000000000012657	アントニ	3534
1846	1100000000000035541	Taku	3517
1847	600000000000053831	しろくま	3510
1848	700000000000062947	ヤマ	3507
1849	98864	暮れなずむ幽鬼	3500
1850	800000000000046529	なんか勢	3492
1851	500000000000095274	ののの	3489
1852	1400000000000029996	きんぎょ	3481
1853	1100000000000096147	鯖サイダー	3469
1854	500000000000057266	ミッド	3466
1855	200000000000001302	ばっくす	3449
1856	500000000000011255	トンヌラ	3444
1857	1300000000000051190	リリー	3442
1858	1100000000000056792	カルナ	3439
1859	1300000000000086946	知嘉	3428
1860	1000000000000004913	ミズ	3419
1860	1400000000000023224	てらけん♪	3419
1862	1500000000000091826	ぴの	3418
1863	1000000000000061779	むら	3413
1864	700000000000085763	暗製龍	3404
1865	900000000000055954	アスミス	3403
1866	200000000000086831	デルター	3395
1867	100000000000051595	col9	3370
1868	100000000000097927	佐々木	3367
1868	600000000000097614	ナマクラ	3367
1870	7760	なきぃ～	3339
1871	700000000000007854	もやし	3322
1872	500000000000004254	689ユーリ@メイメイ	3319
1873	1400000000000080674	エフテテ	3313
1874	200000000000085576	ななちょむ	3299
1875	300000000000007460	雪花	3295
1876	200000000000093890	ねころん	3289
1877	600000000000099459	Lika	3288
1877	900000000000000331	締切	3288
1879	1200000000000085347	garogaro	3281
1880	300000000000099900	ピヨ将軍	3273
1881	1400000000000034487	玖音	3272
1882	300000000000022365	fantasia12	3270
1883	200000000000098014	ThunderUP	3269
1884	1000000000000043002	180●アバコン達成御礼♪	3254
1885	600000000000099488	佐川沢	3248
1886	500000000000095989	hikaru	3244
1887	500000000000098025	うすい	3242
1888	800000000000097356	JU87_D	3240
1889	1000000000000101340	mal13	3235
1890	100000000000003010	ひやま	3216
1891	1200000000000080387	モヤビー〆〆	3212
1892	500000000000008536	shorter	3201
1893	700000000000057053	黒田官兵衛孝高(ﾄﾞﾝ･ｼﾒｵﾝ)	3200
1893	1400000000000080193	ロイ	3200
1895	900000000000097813	xtal926	3178
1896	1400000000000011822	ミジンコ	3164
1897	1500000000000058240	謎の人	3155
1898	1100000000000099121	やまでら	3143
1899	600000000000000061	あぐ	3135
1900	100011	ケイト	3132
1901	800000000000000847	マルトキ	3128
1902	800000000000086245	雛づき	3120
1903	300000000000003645	nanoha	3108
1904	1300000000000098419	ぴりい	3107
1905	300000000000023395	かわぐち	3104
1906	300000000000032069	りくるーと	3103
1907	1300000000000042120	しおつぶ	3102
1908	500000000000063730	らいなぁ	3093
1909	600000000000041847	まこと	3080
1910	1300000000000058891	たまき	3040
1911	900000000000048282	かふか(ふかさわ)	3033
1912	1000000000000058621	つゆおも	3021
1913	1340	海王みちる	3010
1913	1000000000000054699	夢色	3010
1915	900000000000067783	リージ	3006
1916	500000000000050830	のわの	3002
1917	1400000000000098993	ふた	3001
1918	300000000000007775	ましろ	2984
1919	1400000000000061388	えもしー	2982
1920	1400000000000075272	ヘルリウム	2976
1921	1300000000000053489	まてぃ	2971
1922	800000000000073991	アカネイア	2960
1923	1000000000000000425	浅井 蒼空	2950
1924	400000000000085806	哀	2948
1925	800000000000008392	こえま	2925
1926	1100000000000078161	しんし	2917
1927	80082	羽南	2915
1928	300000000000022706	ぼーず	2914
1929	1200000000000034434	しおん	2905
1930	77955	まこ	2895
1931	200000000000093051	ＫＡＮ助	2880
1931	1200000000000038944	ネス	2880
1931	1400000000000003256	msty	2880
1934	1500000000000008439	ふぇぶら～	2874
1935	1400000000000010983	秋さなか	2873
1936	1100000000000007246	しーどる	2846
1937	800000000000001609	ドルさん	2835
1938	100000000000098513	かげろう	2832
1938	200000000000003184	きほいる	2832
1940	300000000000072975	こいし	2824
1941	400000000000101119	増田有華	2816
1942	700000000000003766	もりまる	2809
1943	100000000000055769	gut	2798
1944	300000000000012274	やっちゃん	2760
1945	600000000000000705	咲来	2748
1946	1400000000000000203	スカイリンクス	2747
1947	100000000000056246	あたま	2746
1948	1300000000000094942	ぽんぽこ	2744
1949	500000000000055614	鳩子	2742
1950	800000000000058572	真人P	2734
1951	1500000000000005836	シェルパ	2729
1952	500000000000078425	khelpa	2724
1952	1100000000000100342	イソ50	2724
1954	100000000000028452	†赤い彗星†大佐†㈱つつ～く隊ζCEO	2710
1955	500000000000055891	みっつ	2705
1956	400000000000060900	キング	2696
1957	100088	はちしの	2693
1958	800000000000008097	クロム	2673
1959	1300000000000082934	ゆーなが	2638
1960	600000000000025274	ガムすけ	2624
1961	1000000000000056101	poison	2617
1962	700000000000085364	nob238	2614
1963	800000000000074340	BOOMh2o	2613
1964	300000000000053371	丸太	2611
1965	600000000000004049	しんいち	2607
1966	900000000000002724	ゆえ	2603
1967	700000000000018149	おさる	2601
1968	700000000000100612	麺棒	2600
1969	500000000000099887	Player 1007665253	2597
1970	200000000000000224	栗	2596
1970	1100000000000020756	ふぅさん	2596
1972	500000000000029556	ひなゆき	2589
1973	1200000000000099633	寿乃端	2571
1974	31762	さかな	2569
1975	500000000000101014	さくま	2568
1976	100000000000009163	カズ	2566
1977	800000000000100476	くろかこ@風花さんP	2562
1978	500000000000101409	田中みえ子	2550
1978	600000000000077673	るーむP	2550
1980	500000000000029947	RyO	2549
1981	300000000000055386	二十八	2548
1982	1000000000000001884	カットラス	2530
1983	200000000000101513	ユリヤ	2523
1984	100000000000094609	藤	2520
1985	300000000000007473	お腹痛い	2517
1986	400000000000029682	こめっこ＜アバコン参加中＞	2505
1987	700000000000019609	生薑湯	2501
1988	1400000000000038717	湧波	2492
1989	300000000000080237	やよい星梨花	2490
1990	700000000000101698	かんかん	2487
1991	600000000000100401	Kato Teruto	2477
1991	1300000000000004334	ﾏﾆｺﾞﾙﾄﾞ	2477
1993	600000000000056753	ヤサナ	2468
1993	1100000000000007290	10mo	2468
1995	400000000000001420	ヨシノ	2452
1996	100000000000038787	tk	2448
1997	300000000000097830	菜の花	2443
1998	20626	くじらの	2433
1999	400000000000000538	スーパーオホーツク	2425
2000	900000000000061303	００９９	2410
2001	500000000000062289	えいひれ	2397
2002	100000000000002061	パコ	2393
2003	100000000000098049	ヨシ	2391
2004	1000000000000101040	Player 1008226954	2387
2005	1500000000000101038	柚毅	2383
2006	1000000000000075110	A.Takigawa	2382
2007	1000000000000078905	Fate	2374
2008	200000000000076502	しんたる	2363
2008	1500000000000086855	こみや	2363
2010	1200000000000039757	万年睡眠不足	2362
2011	700000000000000288	莉緒	2357
2012	700000000000025790	マスター	2352
2013	900000000000096733	Player 1006527401	2350
2014	1000000000000089732	コウ	2349
2015	1000000000000072812	くろざね	2346
2015	1500000000000098085	小沼んさやさや	2346
2017	1200000000000099532	きんとん	2335
2018	600000000000002602	鳥谷瑠美	2331
2019	300000000000058050	タック	2317
2020	7592	＊無課金()プロデューサー＊【im@s】	2309
2021	300000000000086404	うにころ	2306
2022	800000000000098086	Rafa	2303
2023	1100000000000001079	さくら	2300
2024	600000000000026817	ねこころね	2293
2025	1400000000000096814	TSKS	2291
2026	500000000000101252	マユ	2285
2026	1000000000000073094	空蝉	2285
2026	1500000000000009555	アーサー ランク	2285
2029	1100000000000097182	おると常務	2281
2030	600000000000061571	16回切りが出来そうな人	2277
2030	800000000000014054	ﾛｼﾞｬｰ	2277
2032	500000000000074318	☆*なな*☆	2276
2032	1100000000000052992	豊綾	2276
2034	1200000000000009862	独身愛妻家	2271
2035	300000000000002427	小夜	2269
2036	300000000000085179	クロエレナ	2268
2037	200000000000051231	傭兵	2265
2038	200000000000018950	渡守	2256
2039	500000000000061589	わんちゃん	2251
2040	500000000000037811	梨亜	2243
2041	1400000000000011799	ジェノス@大きいは正義	2240
2042	600000000000100528	かざうい	2238
2043	1200000000000023509	チロルチョコ☆	2212
2043	1200000000000048817	朱鷺	2212
2045	94010	流星	2204
2046	101346	とろーち	2198
2047	700000000000001435	青柳ユキ@つむぎ	2193
2047	1200000000000028956	泥人	2193
2049	1400000000000045495	黒将軍	2190
2050	100000000000015180	リョウヤ	2181
2051	700000000000062380	かわうそ	2180
2052	900000000000020661	カヤノヒメ	2171
2053	600000000000024581	なみにゃん	2162
2054	100000000000003042	Moca	2160
2054	300000000000050944	yoru	2160
2056	500000000000002400	マユリー	2154
2057	800000000000060617	さくり	2139
2058	200000000000100262	武蔵	2132
2059	400000000000097241	sriver	2128
2060	5385	猫屋敷	2109
2061	600000000000099494	ぴかじゅヴ	2104
2062	900000000000008144	星 倫吾	2100
2063	100000000000030567	えどがわ	2097
2064	700000000000099930	備前守	2094
2065	85804	hyd	2092
2066	100000000000011944	根なし草	2089
2067	500000000000023392	HARUNA86	2082
2068	500000000000095347	遍く雨音	2080
2069	1200000000000098186	みえちゃん	2074
2070	1500000000000074050	吾郎	2073
2071	700000000000078242	ぜんざい	2070
2072	1300000000000013827	わんわん	2069
2073	1400000000000034656	くまりーにゃ	2062
2074	700000000000098103	はるうさ	2059
2075	500000000000072132	じゅすぽん	2052
2076	1300000000000022173	ユウ	2051
2077	1500000000000061365	mikashiko	2044
2078	800000000000013703	yuki_P	2022
2079	72440	yamato	2012
2080	1400000000000097701	ころん	2010
2081	600000000000005592	Curtains	2002
2082	500000000000079997	モコ	1996
2082	800000000000079860	ライト	1996
2084	800000000000042472	クロン	1988
2085	1200000000000016226	ぬー(ΦωΦ)	1986
2086	700000000000034700	ファイ	1984
2087	400000000000098051	権左衛門	1968
2087	1400000000000054661	延珠	1968
2089	900000000000000300	せいや	1960
2090	1000000000000008434	DOKIDOKIはたけ	1956
2091	800000000000033196	みやこ	1949
2092	800000000000094785	えのみ	1947
2093	1400000000000007800	蜜岐	1942
2094	1500000000000076713	いー	1935
2095	200000000000037235	イッキ	1932
2096	300000000000098159	ポテトヘッド	1924
2097	100000000000007061	はる。	1918
2097	1500000000000101083	エンマ次郎	1918
2099	1200000000000100924	ましゅまろまろたか	1917
2100	200000000000004734	りーた	1885
2100	1500000000000023301	ウサミン	1885
2102	1500000000000076719	カプレーゼ	1880
2103	1500000000000021941	ryoto	1865
2104	500000000000074480	kokaP	1864
2105	1100000000000025333	セージ	1854
2106	1500000000000006345	りべいら	1848
2107	900000000000100109	ねい	1843
2108	900000000000085088	はるこん	1842
2108	1400000000000052519	charles	1842
2110	500000000000096851	バターしょうゆ	1836
2111	400000000000054456	パール	1828
2112	1300000000000098402	ATSU	1825
2113	900000000000052175	Syu	1810
2114	900000000000097175	イリ	1800
2115	400000000000004507	キングコング3	1799
2116	500000000000005314	みやっち	1797
2117	1000000000000002769	ナンジャラ	1796
2118	1847	minusion	1788
2119	100000000000030071	コウヘイ	1783
2120	500000000000050228	財	1777
2121	73654	ラングドッシャリ	1773
2122	400000000000080072	青春三倍速	1770
2123	1300000000000000334	たかぱち	1757
2124	600000000000084253	まぁ～ちゃん	1756
2125	1000000000000022241	おれっと	1754
2125	1200000000000054132	Tue	1754
2127	1100000000000080855	alo	1752
2128	400000000000081189	りふぃん	1748
2129	1500000000000074105	jott	1747
2130	100000000000001437	ﾄﾖ	1740
2131	3705	超戦車	1737
2132	700000000000040892	しおん	1727
2133	800000000000073809	fe1	1726
2134	1100000000000095608	しおち	1704
2135	1100000000000002032	メイちゃん	1702
2136	96527	Min-min	1695
2137	300000000000031511	やよクエ	1658
2138	100000000000097803	シマト	1650
2139	400000000000082824	seno	1648
2140	700000000000013542	めい子	1644
2140	1100000000000079680	クロ	1644
2142	1100000000000010762	ヨヘイ	1636
2143	1300000000000087140	まかろん	1632
2144	800000000000068557	アイソン	1622
2145	99237	パパイヤ	1617
2146	500000000000013581	svvp	1608
2147	94687	ぷよちゃん	1600
2148	1200000000000074359	alma	1597
2149	83474	kanato	1588
2149	900000000000005951	黒耀月	1588
2151	1100000000000061867	キユ	1584
2152	600000000000004041	バキューン	1582
2153	700000000000099236	書架	1571
2154	77227	ゆーは	1570
2155	300000000000004364	とく	1568
2156	900000000000010488	うへの	1566
2157	1400000000000076086	ゆえ	1557
2158	400000000000000233	Ni	1545
2159	1200000000000009689	とこま	1541
2160	1300000000000080882	しゃと	1531
2161	100000000000016112	KyadeKyaru69	1526
2162	800000000000098783	アキラ	1510
2163	200000000000096792	あかし	1509
2164	78802	utamaru	1502
2164	1100000000000080165	飴箱	1502
2166	1400000000000000414	蒼天航路@我もまた一匹の臥龍	1494
2167	1000000000000098408	らんぴぃ	1478
2167	1200000000000084988	マリノ	1478
2169	700000000000096540	Player 1006342775	1477
2170	200000000000092390	ベックマン	1476
2171	1500000000000005454	10years afterブロア	1469
2172	1400000000000060100	豆電球野郎	1455
2173	700000000000099000	ヒカリ	1447
2174	600000000000021026	邪風	1440
2175	300000000000003795	わたげ@	1437
2176	1200000000000068265	まさ	1434
2177	800000000000098495	パインヒル	1427
2178	200000000000008106	くう	1419
2179	1500000000000003934	まいくろ	1393
2180	800000000000080558	のらのこ	1389
2181	1200000000000053585	ユキ	1388
2182	800000000000061904	KAZU	1382
2183	700000000000056971	JEGAN	1380
2184	43221	たくみ	1376
2185	1200000000000092875	梅干し	1367
2186	1100000000000079756	tendoujis	1363
2187	1400000000000007420	冷	1361
2188	100000000000083426	イヌカレー	1359
2189	1000000000000091580	carlzhy	1340
2190	1000000000000101300	じーつー@和	1334
2191	1500000000000044801	こな	1322
2192	500000000000009067	大回転	1315
2193	400000000000099499	シルク２３７	1301
2194	700000000000078734	シェルティス	1288
2195	200000000000006959	シェード	1284
2195	1000000000000099194	zyamtea	1284
2197	500000000000079051	sorinam	1278
2198	400000000000074763	河邑	1270
2199	1100000000000085512	ゲルマン忍者	1267
2200	400000000000004664	ザクさん	1258
2200	900000000000095751	バルバロム	1258
2202	300000000000071821	にゃごる	1247
2202	800000000000036007	とりから	1247
2204	1300000000000007835	白玉兎	1246
2205	1200000000000097723	泉岳寺こまち	1236
2206	800000000000098767	赤ドリ	1234
2207	1500000000000097369	わか	1210
2208	300000000000031720	baba	1206
2208	400000000000051365	うみ	1206
2208	800000000000039102	MasterSerge	1206
2211	600000000000086595	くろごま	1204
2212	200000000000032220	aopink	1198
2212	1200000000000011975	remy	1198
2214	1500000000000051364	りある	1187
2215	500000000000097231	ゆりか	1184
2216	800000000000030203	村崎野	1183
2217	900000000000003787	すずたま	1180
2217	1400000000000008268	くろす	1180
2219	200000000000062063	びすこ	1176
2220	1500000000000054125	はいだ	1173
2221	700000000000082106	やまと	1172
2222	800000000000003305	ip2	1169
2223	900000000000100338	AYA	1168
2224	1100000000000076301	七海さが	1167
2225	1200000000000028396	strikefreedom_teruyo	1157
2226	1500000000000094460	こぴゃー	1156
2227	300000000000023177	伝説の七十二	1150
2228	1200000000000089897	ﾙﾅ・ﾊｰﾄﾏﾝ☆ｱﾊﾞｺﾝ投票お願いしま～す。	1148
2229	600000000000094017	つっきー	1146
2230	1500000000000083395	きみあき	1143
2231	100000000000078351	丑鳥	1141
2232	78908	ゆっあ	1135
2233	1500000000000098503	Player 1007089711	1127
2234	200000000000057335	リルラ	1125
2235	300000000000004977	ショウ	1117
2236	1200000000000045648	じょん	1116
2236	1200000000000097049	あゆざき	1116
2238	400000000000099786	さち	1113
2239	19177	みやここんぶ	1111
2239	200000000000081246	カクリコン	1111
2241	1000000000000041920	イサキ	1100
2242	500000000000001478	トリハス	1099
2243	200000000000049859	トゥルスケ	1097
2244	17702	こういち	1093
2245	100000000000037168	H22A	1092
2246	1300000000000057165	でんちゅう	1090
2247	500000000000006094	馬超	1080
2247	1300000000000004188	ふぉるちす	1080
2247	1400000000000000843	qun	1080
2250	500000000000051601	ハク	1078
2251	100000000000096880	シラリ	1073
2252	6706	しょぼん君P＠無(理のない)課金者	1071
2253	600000000000086579	タイヤキクン	1070
2254	1000000000000101365	とみさん	1068
2255	1300000000000067040	*桜霞*	1066
2256	200000000000046673	@kou	1065
2256	1400000000000053828	fair	1065
2258	200000000000076061	るか	1062
2259	200000000000098967	Player 1007116770	1050
2260	800000000000079613	おしさん	1048
2261	1200000000000095505	narume	1040
2262	1100000000000000319	若大将	1037
2263	1100000000000082117	文鳥	1035
2264	100000000000053797	怪傑ルサンチマン6世	1032
2265	400000000000018172	花音	1013
2266	300000000000075017	ライコウ	1012
2267	600000000000054704	☆めるる☆	1002
2267	700000000000000328	ぺの	1002
2269	800000000000076124	びっくうぇーぶ	994
2270	1000000000000101049	リコジャガ	990
2271	1000000000000001542	takefour@スケアクロウP	988
2271	1400000000000094650	やぶこ	988
2273	1500000000000101365	正井 大輔	986
2274	400000000000073996	ライライ	978
2275	700000000000085776	ぽんゆた	976
2276	300000000000049222	がちゃ	975
2277	300000000000003773	のほほん	971
2278	100000000000045835	tiandyypo	970
2278	500000000000056597	加藤	970
2278	1100000000000099453	プレミアム	970
2281	100000000000003838	kou17	969
2282	200000000000097480	あぐー豚	966
2283	200000000000017817	ゆか	965
2283	800000000000018847	ホッシー	965
2283	1000000000000073950	障子が穴だらけ	965
2286	500000000000018530	ななさ	964
2287	700000000000001544	圭	963
2288	100000000000004188	hidexel	962
2289	400000000000031769	ムジコ	957
2290	400000000000072924	アイスノン	953
2291	1400000000000001410	天下りの神様	948
2292	900000000000070938	うにゅゆる	933
2293	1500000000000065695	味噌昆布	932
2294	200000000000101592	M2:Dec	931
2295	900000000000055854	ふじっちゃん	930
2296	600000000000011204	ｺｰﾌﾟｽ	924
2297	400000000000014044	端月	915
2298	1200000000000053761	Shige	914
2298	1500000000000000573	Earl	914
2300	900000000000007054	えんたろ	913
2301	500000000000018014	ヤマグチ	911
2302	1100000000000014098	=MAKA=iroha	910
2303	43429	すけや	908
2304	900000000000026186	rina	904
2305	1500000000000000928	ゆうちん	899
2306	300000000000050448	ゆき	898
2307	700000000000045630	セパタクロー	896
2308	1300000000000096918	単四電池	893
2309	300000000000003959	タケちゃん	889
2310	1300000000000084126	ちょろけんぴ	883
2311	600000000000008239	TP	879
2311	900000000000092283	おさち	879
2313	600000000000015151	香々美	875
2314	1500000000000000682	達之信	874
2315	1200000000000001806	Uターン	872
2316	1500000000000080261	レス	871
2317	900000000000014027	ばっつぁん	870
2318	700000000000052793	柊	867
2319	1200000000000097789	Jacqueline	861
2320	1000000000000092245	せらにゃん	860
2321	900000000000050705	mda	856
2322	700000000000000465	しゅうくりーむ	849
2323	400000000000099244	ドゥーベ	847
2324	1400000000000065068	Player 1002081262	845
2325	900000000000099366	SprouT0416	843
2326	1300000000000101249	蒼純	842
2327	1500000000000002897	じゃが	840
2328	1500000000000098013	すだこ	837
2329	1300000000000013848	Ｂ３	835
2330	300000000000100610	Player 1008216755	830
2330	400000000000076820	ぼーるぺん	830
2332	1300000000000085484	POLYPHONICA	825
2333	700000000000052706	ほおづき@ｱﾊﾞｺﾝ参加中	824
2334	700000000000004662	Rebec	823
2335	400000000000010435	Y㌧P	820
2335	900000000000009429	イワトビー	820
2335	1000000000000057524	taroimo	820
2338	300000000000081788	はいさい	817
2339	1400000000000034749	わかなと	812
2340	400000000000095698	てぃーてとら	811
2341	800000000000000100	SETUNA@Kei-type	810
2341	800000000000080683	Return	810
2343	11116	月猫	809
2344	1500000000000100139	紅叶饅頭	806
2345	800000000000016494	りこ	800
2346	300000000000049544	高坂海美ちゃんLove！！	799
2347	1100000000000099607	Imoheihe	792
2347	1300000000000088538	レドノフ	792
2349	600000000000100356	ゆきぱな	791
2350	800000000000003653	kkkk	788
2351	100000000000013762	minori	784
2352	200000000000000066	トトキチ	781
2352	1100000000000083358	まさと	781
2354	600000000000016506	サム	780
2355	100000000000058457	とうふ。	779
2356	900000000000100685	ぱっち	766
2357	5571	翔	765
2358	400000000000085513	うどん	763
2359	600000000000059605	まえの	762
2360	1200000000000058464	thedestinedblade	760
2361	1000000000000088200	クロウンモ	753
2362	99659	ニシキ	752
2363	1500000000000070387	さゆき	750
2364	1300000000000003367	虚弱	745
2365	1100000000000100761	てけれ	743
2366	1500000000000094397	タロー	727
2367	900000000000100157	砂利家	725
2368	1200000000000071919	抹茶プリン	720
2369	800000000000098346	カルパス	714
2370	1100000000000094250	ロコハート	712
2371	98720	みずは	710
2371	400000000000097610	tabmore	710
2373	100000000000101235	宴会ぶちょー	708
2374	1500000000000099959	hotakakai	705
2375	101180	エレファント	703
2376	1000000000000003646	夕	698
2377	200000000000098228	かぼちゃ	696
2378	500000000000096120	健太	694
2379	900000000000062571	sknow	687
2380	600000000000055258	のら	681
2380	800000000000099416	わかだんな	681
2382	400000000000064648	Suzuka	680
2383	500000000000059674	ぷろい	671
2384	900000000000018122	きりふね	669
2385	900000000000095899	アサナマラ	667
2385	1300000000000050181	きーこ	667
2387	1000000000000053636	てりたま	666
2388	200000000000000767	タケチ	663
2388	700000000000096987	わっふる	663
2388	1000000000000071519	ﾖｼさん	663
2388	1300000000000029998	ナオ	663
2392	400000000000087249	いあ	662
2393	200000000000097921	Player 1006813058	647
2393	500000000000095034	TAKA	647
2395	1300000000000043375	ほにゃ	631
2396	500000000000029830	クックン	629
2397	1100000000000004552	スコール	624
2397	1100000000000101144	ザックジョンソン	624
2399	1300000000000093808	ひびかわ	621
2400	94394	夢莉	620
2400	300000000000096239	鷹匠	620
2402	700000000000061943	杏美?	616
2403	700000000000099651	AZ☆粋組☆(療養中)	612
2404	500000000000082867	Player 1004708245	611
2405	900000000000001045	島田 愛里寿	610
2405	900000000000009149	ジョニー	610
2407	1100000000000101207	クWGZEROロ	609
2408	500000000000085320	ひろ	602
2409	900000000000098719	Iris-アイリス-	599
2410	500000000000003965	ぽー	596
2411	400000000000096918	ヨテ丸	590
2412	600000000000010646	よも	586
2412	1400000000000097337	tsukap	586
2414	200000000000050694	天鋼	585
2415	600000000000077732	みっち	582
2416	1400000000000082531	もちに	581
2417	400000000000083278	大佐	576
2417	800000000000029325	Snow Rabbit	576
2419	400000000000055726	さら	574
2420	300000000000079291	ひな	570
2421	400000000000099464	IKU	567
2421	1500000000000006462	エージ	567
2423	500000000000005450	名無き人	555
2424	100331	R	551
2425	300000000000100873	Player 1008321859	550
2425	400000000000087812	zock	550
2427	200000000000001619	ラキ	549
2427	300000000000033127	パルスィキム	549
2429	700000000000101681	けすけ	548
2430	900000000000101001	マサト	544
2431	700000000000075420	ちかつ	541
2432	500000000000090587	いづみ	537
2433	1400000000000101478	はらいた	536
2434	1500000000000008822	あるぴー	534
2435	900000000000000804	ミハル	533
2436	1200000000000046682	チュ・パリ	531
2436	1300000000000009765	ゆーかり	531
2438	200000000000062801	aiko	530
2439	400000000000101117	ゆゆゆ	527
2440	100000000000072385	ベーコン	525
2441	1500000000000049079	sasataku	517
2442	100000000000100231	ストロー	514
2443	700000000000024028	ヒロ君	513
2444	700000000000083823	owlman	505
2445	800000000000098274	田沢八重	504
2446	600000000000017660	ルリ	500
2446	1400000000000053351	とうふ	500
2448	700000000000101512	チェリー	488
2449	1300000000000086964	アルセ	480
2450	200000000000096014	Player 1006241042	478
2451	1300000000000086414	まめ	477
2452	1400000000000101331	なかつ	476
2453	24437	ミミカ	473
2453	1400000000000027027	アラン．AR	473
2455	1200000000000019743	ユズミ	468
2456	900000000000041018	さな	461
2457	1500000000000095107	NK@T	456
2458	500000000000001861	RINMAKI	455
2459	1500000000000099880	ねぎの木	452
2460	200000000000081419	サイト	451
2461	1300000000000005504	おぎＰ	450
2462	400000000000099341	ぶらぶら	448
2462	1000000000000002686	スギタカ☆流星☆	448
2464	100000000000097184	Onion	442
2465	400000000000030705	プレーリードック	440
2466	700000000000087418	るる	438
2467	101053	ミニスタ	432
2468	45819	TReusbucks	431
2469	900000000000100606	ねこはる	422
2470	200000000000100192	クロ@朋花P	416
2471	1100000000000000596	えんたろう	415
2472	100000000000043356	Chromes	413
2473	1500000000000099998	シム	408
2474	300000000000075462	アイザック・シュナイダー	407
2475	1400000000000051292	Hiroshi	405
2476	1300000000000088714	ヒィノ(昼間は時間ある時IN）	404
2477	1100000000000053863	かかし	402
2478	1100000000000086595	真	399
2479	200000000000000109	ちら	389
2479	900000000000073686	えいか	389
2481	1400000000000081104	こばまる	376
2482	400000000000056371	けんとく	375
2482	600000000000029815	びるど	375
2482	700000000000002903	ナバウサギ	375
2485	1000000000000083321	gallo	371
2486	100000000000002590	じま	370
2487	77201	モリタク≪m(__)m≫	364
2488	700000000000101722	56345	360
2488	900000000000000563	フォール	360
2488	1000000000000077049	さかとも	360
2488	1100000000000096638	夕里	360
2488	1500000000000047027	セツナ#	360
2488	1500000000000052155	百式	360
2494	1000000000000100522	Player 1007967402	357
2494	1100000000000093568	メシュー	357
2496	600000000000096415	あんみつ	356
2496	1500000000000077811	moriha	356
2498	700000000000101354	Player 1008240967	355
2499	400000000000097486	にゃんた	353
2500	1200000000000009934	ねこのしろ	349
2501	1200000000000022644	またたび	348
2502	800000000000017817	奏歩	341
2503	700000000000053843	しまこ	331
2504	300000000000096668	やまぶろ	330
2504	1300000000000091247	yuiba	330
2506	700000000000098078	ゆーこあら	327
2507	100000000000001886	Normiz	324
2508	400000000000099558	はぎー	320
2508	1000000000000085412	あずき	320
2508	1400000000000006943	ジュニ	320
2511	300000000000057715	Mutehead	312
2511	500000000000077762	マー	312
2511	600000000000093246	ていらー	312
2511	1000000000000006619	yoi	312
2515	500000000000070989	Player 1002263989	311
2515	1000000000000058882	ハイバリー	311
2517	101506	あんパン	308
2518	100000000000101339	ころころ	303
2519	700000000000086051	しおい	288
2520	1100000000000101022	Player 1008335547	281
2521	1300000000000003945	エイヴォン	263
2522	700000000000059701	*レア*☆釣愛連☆	261
2523	400000000000094829	コウタ	260
2524	400000000000101200	Player 1008403828	259
2525	500000000000051203	ゆるり	257
2525	800000000000077252	アルキュオネ	257
2527	700000000000026842	コウセイ	250
2528	400000000000100061	あおいす	249
2529	1400000000000099289	んじ	248
2530	1500000000000101121	Player 1008301311	247
2531	100461	ひなっち	246
2531	300000000000054965	ナギサ	246
2533	300000000000079960	あき	242
2533	600000000000083115	ケイティー	242
2535	400000000000100030	ビビ	241
2536	300000000000064834	石橋八十七郎	240
2537	1400000000000045695	りなぱぱ	238
2538	700000000000083779	YK	234
2539	600000000000054298	com.	228
2540	500000000000056834	ダイコン	227
2541	100000000000004509	小夜	225
2542	800000000000060218	デビィ	224
2543	500000000000036867	カ・ガ～ミ	222
2544	1300000000000096896	ヤシロク	221
2545	700000000000098732	アルゴP	218
2546	100000000000100063	いおだ	216
2547	200000000000101684	2102981	213
2548	1400000000000099311	Player 1007231294	210
2549	300000000000099967	Player 1007883523	208
2550	200000000000078768	クリップ	199
2551	1500000000000072935	カリオストロ	198
2552	500000000000096410	ナッティー	197
2552	1400000000000007300	たかし	197
2554	1000000000000098089	Nyzone	194
2555	400000000000079727	Kaoru Akashi	191
2555	1300000000000081499	もくはむ	191
2557	1400000000000082652	Player 1004628238	188
2558	300000000000100281	Player 1008086147	184
2558	1100000000000012100	yuta1983	184
2560	600000000000005131	まめちき	177
2561	1200000000000006703	ねね	171
2562	200000000000099962	lijianfei1992222	170
2563	400000000000096129	かとれあ	166
2563	900000000000098952	ハルナ	166
2565	100969	Player 1008187232	164
2566	100000000000046620	ヤコウ	162
2567	100000000000042770	rexs	159
2568	600000000000094965	はるさめ	156
2568	800000000000058027	MAE	156
2568	800000000000099463	カノト	156
2568	1000000000000008431	えんぞお	156
2568	1000000000000078295	Golacat	156
2568	1400000000000004048	みっさん	156
2574	1200000000000099630	えおー	155
2575	1100000000000097925	るりか	151
2576	1300000000000078246	がみね	149
2577	1100000000000045184	TurnA	144
2578	1100000000000099634	pusher#61	140
2579	400000000000003431	口内炎	127
2580	700000000000100809	Player 1007979559	126
2581	900000000000079292	くぬぎ	120
2582	600000000000003766	蜜柑でんち	117
2583	1500000000000094887	ほそだ	115
2584	1300000000000087257	りんか	111
2584	1300000000000100181	なななつ	111
2586	1200000000000085133	キミドリ	108
2587	1100000000000101165	あやめ	106
2588	400000000000098154	湯上	105
2589	1100000000000020580	こかとりす	104
2590	400000000000098501	リアノ	101
2591	400000000000045624	ひだぱん	99
2592	1100000000000093964	Player 1006045947	94
2593	1200000000000000435	あるるかんＰ	89
2594	1000000000000054322	絶刀 天羽々斬	87
2595	600000000000026471	八龍@二郎中毒者	86
2595	1300000000000101469	Player 1008276093	86
2597	900000000000058216	zunki	84
2598	1300000000000101678	すみぺ	80
2599	800000000000045798	ポリゴン	77
2599	900000000000100280	たんぴん	77
2601	400000000000101015	とみ	76
2601	1500000000000100004	エンビ	76
2603	1400000000000101522	ちぇりすけ。	75
2604	900000000000073704	ﾎｰﾈｽﾄMAN	73
2605	97395	佐柳	72
2605	1300000000000060685	ダンディー	72
2607	300000000000076549	emiringo	67
2608	100000000000081499	ナイロン	63
2609	900000000000097411	べーさん	60
2610	200000000000101737	リン	59
2610	1300000000000100995	変態紳士	59
2612	500000000000101381	取得できませんでした	54
2613	1300000000000004152	ナツ	52
2613	1300000000000016868	ぉぱ	52
2613	1300000000000101463	桜朔夜	52
2616	100000000000095029	Eikichi	50
2616	200000000000006858	月島	50
2618	900000000000101055	まひろ	49
2619	600000000000072678	みゃんまー	48
2619	600000000000101172	Player 1008350006	48
2619	1500000000000025817	けい	48
2622	300000000000003549	KEI-TSUZU	47
2622	700000000000101752	Player 1008383511	47
2622	1300000000000037115	Ｂ	47
2625	1200000000000027595	koikaze	46
2625	1400000000000020979	リベリオン	46
2627	600000000000096405	エスカマリ	43
2628	700000000000003618	マーサ	42
2629	1400000000000101081	をもめ	41
2630	300000000000098420	若林	40
2631	200000000000020210	タカユキP	39
2632	1100000000000040769	ＺＥＲＯ５☆☆	38
2633	800000000000074884	唐草	36
2633	1400000000000100850	☆土方ｶﾋﾞｺﾞﾝ☆	36
2635	600000000000085707	匿名_r32	29
2635	1000000000000078569	うちのポチ知りませんか	29
2637	44931	キョン汰	28
2638	800000000000100916	Player 1008397240	25
2639	1500000000000101291	KD	24
2640	600000000000099342	はるさめ	23
2640	1000000000000100786	Player 1008133930	23
2642	200000000000049003	♪ぷっち☆	21
2642	600000000000002660	はるか	21
2644	200000000000099101	さの	20
2645	200000000000013941	ちょ	19
2645	1300000000000002477	ここ	19
2647	1100000000000005606	釣り馬鹿	18
2647	1500000000000101373	敬助	18
2649	1400000000000051258	コロ	17
2650	1300000000000079593	5人打chain系統	16
2650	1500000000000004248	おさむ	16
2652	900000000000101082	yoi.zxxw21	15
2652	1100000000000101223	Player 1008406923	15
2654	1000000000000100708	うさきち  徐々に復活(・ω・)	14
2655	300000000000078891	かずき	13
2655	400000000000067624	to-tom	13
2655	500000000000099673	利根	13
2658	300000000000101039	加藤	11
2658	500000000000056859	teba3ka	11
2658	500000000000101367	明正	11
2658	800000000000016430	(｣･ω･)｣うｰ!(/･ω･)/にゃｰ!	11
2658	1500000000000101381	rty	11
2663	300000000000002037	チューベー	10
2663	700000000000101738	Player 1008380199	10
2663	1500000000000098709	?	10
2666	200000000000000471	国連	9
2667	100000000000101336	オニオンz	8
2667	500000000000101362	djakld	8
2667	1500000000000079346	なに	8
2670	200000000000101360	Player 1008263234	7
2670	400000000000101141	fire	7
2670	600000000000101279	cross	7
2673	97851	hgsun	6
2673	101142	みる	6
2673	300000000000092374	＊じゅんじゅん＠秋花粉もキツイ(--;)	6
2673	1100000000000057805	げん【ゲームの招待と業者はスルー】	6
2673	1200000000000015245	まぁこ	6
2673	1200000000000101021	da	6
2673	1400000000000014136	おいも	6
2680	1200000000000100900	格尼森	5
2681	100000000000101351	45635345	4
2681	200000000000099980	Gl3778	4
2681	200000000000101789	oneshotx3	4
2681	300000000000101026	nonepentayl	4
2681	400000000000101142	2343545	4
2681	1200000000000051766	方回廊	4
2687	101341	kebin7009	3
2687	300000000000101058	ピピック	3
2687	300000000000101082	ダンボール	3
2687	400000000000073543	師と３	3
2687	400000000000100089	Player 1007934420	3
2687	500000000000044187	たれちょん【アバコン☆ありがと～(#^.^#)大感謝です♪】	3
2687	500000000000101437	5436452E	3
2687	600000000000101333	5436452	3
2687	700000000000023023	幽谷響	3
2687	700000000000101731	??	3
2687	800000000000100945	sada	3
2687	900000000000101039	取得できませんでした	3
2687	1000000000000017314	やまあき	3
2687	1000000000000044625	アルピーヌ	3
2687	1000000000000101521	Player 1008400714	3
2687	1100000000000101198	543645234	3
2687	1200000000000101003	yyrshiba	3
2687	1200000000000101006	hilh	3
2687	1300000000000101544	RAY	3
2687	1400000000000101388	取得できませんでした	3
2687	1400000000000101624	取得できませんでした	3
2708	500000000000101322	取得できませんでした	2
2708	1100000000000100451	タカ	2
2708	1300000000000101761	にっち	2
2708	1500000000000100274	mic0988	2
2712	101400	ksr765	1
2712	100000000000053413	五代	1
2712	600000000000101247	取得できませんでした	1
2712	800000000000030867	hilkka	1
2712	800000000000054083	八幡	1
2712	1100000000000052852	kansay	1
2712	1400000000000101256	Player 1008260638	1
