1	79278	alt	761895
2	900000000000051456	ヘーイ	707950
3	300000000000036420	Ma_Scarlet	682910
4	1400000000000000550	みすてゐルカ@TA03イベ待機	540292
5	1400000000000003729	ねろ助	495789
6	800000000000024190	しり☆うす	488538
7	900000000000084716	タカヒロ	458770
8	200000000000011027	taku	456813
9	1300000000000024137	しらの	454986
10	1400000000000006808	ぶるすぴ	445308
11	200000000000031108	しるぼく	444447
12	1400000000000001332	yuki	444368
13	400000000000004401	シヒロ	440255
14	800000000000092921	ゲオルグ	436020
15	700000000000025624	ねこしちゃん(27)	399419
16	700000000000052593	ニワリス	389714
17	400000000000029985	ミネ	383091
18	400000000000012260	あすまん	375330
19	1500000000000003486	煌きらり	368233
20	800000000000002137	天パ少年	361077
21	800000000000000500	晴美	357265
22	800000000000070936	あかいきつね	346531
23	400000000000000105	PG	322564
24	300000000000047387	スノーフレーク	320303
25	1500000000000061247	bbb	310076
26	1100000000000000240	NAKNIY	284819
27	400000000000080171	◯	272690
28	1300000000000000020	Whitesox	269010
29	1300000000000024693	toy	266913
30	1000000000000061083	球磨	265706
31	1200000000000016945	はとばねぇ	257489
32	68517	toy	241097
33	1100000000000095423	ランディ	239344
34	1300000000000012636	けろぅたん	234952
35	1300000000000039448	みょん	233945
36	1685	ヒトデ	232414
37	600000000000050280	ジョゼ山	228844
38	100000000000002026	猫目	227521
39	900000000000013218	nemunemu	225940
40	600000000000045411	くらげ	225083
41	1200000000000023462	カビギン	222259
42	1100000000000095433	ヴォイテク二等兵	220623
43	200000000000097424	NG-5	219825
44	800000000000073773	subtle P(さとる)	219604
45	100000000000003368	ヤクライ	219464
46	600000000000047725	ゆず	219366
47	100000000000052122	おんじ	216934
48	78937	ペス	204302
49	1000000000000011679	タケ	196310
50	60815	星奈さん(E	195872
51	700000000000084077	アホ毛	194630
52	1400000000000005339	ABzou	194124
53	1000000000000018171	むさぼりん	193847
54	1400000000000054724	TaiM@S（氷璃P）	189628
55	800000000000012123	山中	185573
56	1300000000000057323	nnn	185020
57	1300000000000000015	Ono(Obotaro)	184922
58	78906	Helghast	177628
59	900000000000053501	jury	175171
60	1200000000000037459	黒須	174954
61	700000000000000096	くし	172906
62	1200000000000076074	tollon	172399
63	300000000000012566	さる おふ	166580
64	1500000000000010207	コノハ	159553
65	200000000000092225	ぼんごれあっぷる	157055
66	400000000000044922	イクmiん	153802
67	1200000000000080674	もぐたん	151387
68	1100000000000001520	おたま	145944
69	1000000000000024876	鮒子	145593
70	500000000000072615	まき	145408
71	1300000000000025291	シャオ	144656
72	1200000000000097714	まっちゃ	144473
73	300000000000001719	マヨール＠田舎	143824
74	300000000000054024	本場の畜生	142934
75	1200000000000006006	福 (;´д｀)	142764
76	1100000000000096897	かみり@同僚募集中	142213
77	500000000000004639	ジョン太郎	140067
78	1100000000000050639	carbon	137188
79	1500000000000080503	臆病風	133728
80	700000000000001905	未定（仮）	133104
81	1100000000000027699	batu	133008
82	300000000000074378	セツミ先生	130907
83	1200000000000054199	コジェネ	130603
84	400000000000054196	もやし姫	130529
85	1400000000000047371	ヘイロン	130096
86	900000000000082751	ありす	130024
87	500000000000003773	KD	126461
88	200000000000041146	くろさい	125058
89	500000000000031803	でんでん	124435
90	200000000000001098	teiji	124182
91	200000000000042536	やらなお	123066
92	300000000000093811	Ｋ	122980
93	1100000000000072994	さむちゃん	122084
94	300000000000056092	nube	121457
95	500000000000100457	nn13	120137
96	1100000000000082901	たむそん	118300
97	700000000000027020	さやっち	116229
98	900000000000099241	蟹光線	115754
99	400000000000037012	YSL	115602
100	1300000000000065193	shoplifter-a	114843
101	1000000000000098024	くらぱら	113111
102	700000000000057184	dai	112832
103	100000000000061709	おもつ	112617
104	1300000000000027058	psyshu	112570
105	500000000000036994	チケットをご用意することが出来ませんでした	111664
106	900000000000061824	しょうたま	110804
107	1200000000000014195	えび	110229
108	500000000000044934	ざわし	109854
109	100000000000093968	signeria	107516
110	600000000000001875	おだてい	107102
111	13914	ＮＡＳＳＡＮ	106737
112	1000000000000052597	七生	105121
113	1300000000000053619	春奈	104955
114	100000000000062917	mysmas	103845
115	500000000000013943	enchante	102736
116	200000000000003306	よね@のんびり活動中	102006
117	97663	ゆーくん	101827
118	800000000000006483	ｲﾄｰ	101437
119	400000000000003550	J.C	100050
120	600000000000080806	トンタ	98967
121	100000000000056478	ばんり	98908
122	1000000000000000251	jonah	98631
123	1000000000000057114	スタップ細胞	98504
124	600000000000051539	sicky	97078
125	1500000000000046775	ストッカー	96841
126	1300000000000021509	アオイ	96252
127	800000000000086879	ナサケ	96123
128	600000000000042828	アック	96036
129	500000000000083731	うい	95142
130	1300000000000028597	まろす	94189
131	1300000000000081147	北見道人@同僚募集中、気軽にどうぞ～	92926
132	300000000000007444	*おおっと*	92571
133	400000000000055655	天気職人	90086
134	900000000000014495	おいじゅーす(寝落ち失礼(;´д｀)	89292
135	400000000000049044	麩	88782
136	1500000000000075444	Chord	88657
137	1400000000000022650	ヤマツ	87780
138	1100000000000061665	ヘッセ	87773
139	300000000000059007	たこやき	85712
140	1000000000000080104	まくらん	85251
141	1300000000000082961	重騎師	84476
142	100000000000024791	ムロン	84294
143	1000000000000051761	こう	82997
144	32157	ゆーじん	82926
145	500000000000046891	ダイソン	82914
146	400000000000080755	和音	82695
147	1300000000000054562	ﾛ	82348
148	1100000000000014106	KB	81896
149	500000000000075390	タカグリ	81597
150	700000000000051826	ろうし	81381
151	100000000000014598	オネション	81240
152	1200000000000005051	Ｐ(ﾈﾑ・ｿｰﾔ)	80631
153	1000000000000049840	bravo	80585
154	300000000000040352	Spica	80157
155	500000000000098491	BC	79845
156	300000000000045882	ぞんぼると	79488
157	50312	かでぃすけ	78361
158	1200000000000094654	watari	78298
159	600000000000048813	マロ	78060
160	200000000000031921	ToM	77995
161	400000000000078588	スローロリスくん	77852
162	1300000000000007336	しめこ	77397
163	900000000000041332	toj31	77134
164	1200000000000058344	やすひろ	76716
165	100000000000021655	44O	76667
166	900000000000010349	ＰＰ	76358
167	300000000000085098	MKPYちゃん	76249
168	400000000000053968	あお	75920
169	600000000000058349	春	75686
170	1000000000000045204	ととろろ	75349
171	100000000000085301	GTHM	74882
172	1200000000000080999	Drugsan	74634
173	1200000000000081900	おっさん	74435
174	700000000000022243	肉	74431
175	500000000000006496	空白	74279
176	900000000000005316	ゆーか	74122
177	600000000000060383	魚魚丸	73680
178	200000000000050694	天鋼	73567
179	1000000000000035930	らんでぃー	73462
180	1500000000000008706	しおっち	73280
181	100000000000005074	香菜	72945
182	800000000000008899	ぬこたゃん	72634
183	1000000000000007726	フーＰ	72162
184	100000000000001239	白スク	72093
185	300000000000003385	すっきりぽん	71908
186	1400000000000028145	ＲＹＵ－×	71392
187	800000000000055341	キュウリ	71135
188	1500000000000041640	さのすけ	71024
189	1000000000000008161	ちゃちゃちゃ	70148
190	100000000000038046	えりちゃん	70062
191	500000000000004205	あすなろ	70023
192	500000000000051533	激辛たかし@エンジョイ勢	69958
193	100000000000058028	talk	69784
194	100000000000033316	ミー助	69658
195	1100000000000095671	Rekock	69469
196	100000000000026669	かかお。	68106
197	200000000000009382	れそなんす	67940
198	300000000000073621	★黒猫★Lv⑩&降臨協力有り難うm(__)mお疲れ様でした(^^)v	67495
199	1500000000000083536	鳩ぽっぽ	67217
200	700000000000021530	スナメリＰ	67201
201	1200000000000022335	OQE-3	67161
202	1100000000000003690	サン	67101
203	400000000000056642	昇華	67007
204	800000000000070796	minori	66302
205	1200000000000053053	chihiro	66275
206	1100000000000003341	禿鷹ラック	66185
207	1000000000000006671	みすみ＠同僚さん募集中～	66074
208	1200000000000078325	colonel	66042
209	100000000000000015	コッペリア	65914
210	1100000000000074788	sinzi@ＢＭＤ亜木島昴　求）最未杏朋宮佐琴歩福姫憐風ジ瑞　以外	65741
211	100171	かばます	65378
212	1000000000000062349	いびちゃ	65158
213	100000000000002858	あきや	65037
214	500000000000096067	キナ	64251
215	700000000000091605	こんがり生肉	64056
216	700000000000058148	ふろうと	64018
217	1300000000000045057	りらっくま	63862
218	100000000000072758	SCSI	63834
219	900000000000072795	くれ	63780
220	1500000000000002897	じゃが	63631
221	900000000000044687	ぼつらくP@奈緒参上	63583
222	1300000000000045680	宮	63148
223	1500000000000006342	のんこ	63091
224	700000000000053387	リスター	62962
225	51355	wacわくP	62952
226	1000000000000074892	屋敷	62897
227	1400000000000098952	sho	62892
228	700000000000011012	餡子	62742
229	200000000000075548	knock	62512
230	1100000000000000271	はくはく	62491
231	1300000000000000221	ぽそ	62253
232	700000000000031414	scope	62237
233	600000000000077084	クガツ	61796
234	1400000000000098536	o72@同僚募集中	61541
235	800000000000060986	マサカズ（同僚募集中）	61274
236	700000000000082841	まっとん	61165
237	300000000000000692	兵十	61072
238	700000000000000072	イタチャイ	61043
239	1300000000000075750	ざくろ	61025
240	700000000000082840	kumakuma	60860
241	900000000000000056	ふるちん	60734
242	47090	shinji	60628
243	500000000000050333	うるきっき	60583
244	1000000000000000101	モコ	60249
245	300000000000020314	な王@バイク乗りP	59927
246	800000000000080320	さなぷ@英雄イベ・チョコラン１位やったのー	59789
247	400000000000051850	いのつむり	59685
248	900000000000003716	トルノ	59625
249	700000000000059763	hoka	59250
250	400000000000044652	ＨＩ	59224
251	1300000000000039346	ああああ	58580
252	1500000000000079552	True	58507
253	100000000000087368	こもりきり	58491
254	200000000000022508	シリアル	58483
255	1000000000000003575	きちえもん♂@BMD茜ちゃんあります	58411
256	400000000000041571	TK	58152
257	1300000000000077946	コト	57873
258	800000000000071593	笹つき	57695
259	600000000000015369	エザ	57628
260	1200000000000014879	SLDG	57537
261	300000000000013060	だい	57512
262	200000000000050425	16AK	57299
263	1000000000000077746	アセルテジオ	57210
264	700000000000061191	さむ	57089
265	1200000000000003255	jakalope	56891
266	800000000000080182	akifumitt	56879
267	200000000000012619	ニコ	56398
268	2877	むぅ	56262
269	500000000000076385	ディエゴ	55998
270	300000000000091128	mitsu	55702
271	1500000000000077858	大友輝	55353
272	200000000000043286	ひづき	55109
273	800000000000070409	た～き～	55055
274	500000000000003036	KAME@1104P	55021
275	16402	五月晴れ	54891
276	1200000000000000018	姉崎	54479
277	1200000000000008778	７７７	54454
278	400000000000025539	龍之介	54387
279	1500000000000054295	カリン	54072
280	5642	ﾃｵﾄﾞｰﾙ	53981
281	400000000000050808	ロバタミヤ	53884
282	1100000000000001819	ならまち	53822
283	1500000000000011081	HAGE	53680
284	1100000000000022382	tachibana918	53588
285	1200000000000010814	味噌煮込みコアラ	53542
286	400000000000037450	ギョニオ	53409
287	700000000000005105	おひつ	53364
288	600000000000096884	やきりんご	53323
289	1000000000000013318	やる気	53053
290	72805	mach	52862
291	1200000000000023729	johnP	52794
292	1000000000000083795	87	52416
293	300000000000059857	レン	52392
294	300000000000009465	ddrks	52104
295	1100000000000046490	雅	52029
296	1400000000000034879	フジマル	51984
297	200000000000008341	旋律の蒼	51841
298	700000000000044125	ame393	51810
299	1100000000000012387	envi	51753
300	800000000000055873	ネフ	51737
301	900000000000074028	にゃんちゅう	51700
302	100000000000006701	stky	51638
303	1300000000000071528	業務用ポテサラ	51628
304	200000000000034189	東史朗	51618
305	600000000000007422	いなり	51580
306	400000000000098183	ニック	51568
307	200000000000012503	ｔｍｋｎ	51530
308	200000000000024845	ふ	51509
309	800000000000055813	しゃあぽ	51267
310	400000000000001114	sai@ラウメン募集	51228
311	400000000000004252	カギナ	51145
312	59792	S.S.T.	51140
313	200000000000096982	むっく	51086
314	400000000000099941	のいん@同僚募	50966
315	1200000000000015242	koubai@同僚募集中	50925
316	200000000000056793	うっつんつん	50873
317	500000000000074853	チェイス	50856
318	1000000000000002106	みなみ[]	50651
319	1100000000000001810	夏海あきら	50438
320	200000000000006613	dodo	50313
321	1200000000000099977	胡麻@同僚募集中	50144
322	1000000000000060541	みつをver2.75	50087
323	600000000000013400	ベンゼン	50086
324	1100000000000054618	幻の学院生	49925
325	1100000000000050394	れみす	49777
326	200000000000056001	みー(ФωФ)	49552
327	400000000000033639	ボロンゴ	49323
328	800000000000074582	コグマ	49059
329	400000000000074618	おけ	49029
330	800000000000096138	むん	48907
331	1500000000000022377	鈴七	48698
332	1300000000000074665	鶴巻	48562
333	800000000000023232	あや	48250
334	1100000000000050477	リンリン	48237
335	700000000000075495	チャパ	48221
336	400000000000001245	†智也†	47953
337	1500000000000078957	AnHei	47726
338	100000000000096829	しいろ	47673
339	800000000000093256	quark	47665
340	1100000000000075255	ちゅん	47590
341	500000000000056620	こくまろ	47454
342	1200000000000023227	Rarity	47382
343	1400000000000086233	ヴィル	47373
344	400000000000019160	ルーシア	47131
345	400000000000008607	NT	47043
346	1100000000000061941	ティオ	46926
347	200000000000062292	くちぐろ	46907
348	300000000000059780	Gﾊﾞﾄﾛﾝ	46765
349	900000000000000417	かくばる	46719
350	700000000000004631	もてP	46663
351	1500000000000000485	そらうさ	46502
352	800000000000061642	genis	46289
353	100000000000083217	ウルマン	46284
354	100000000000021252	タンブレロ（招待スルーして下さい）	46267
355	300000000000003870	メディウス	46212
356	1200000000000056240	てんやわんや	46195
357	700000000000097426	KNTR	46150
358	500000000000019767	M2	46112
359	300000000000000531	まこと	46099
360	700000000000072279	とにゃむ	46040
361	500000000000091312	*みつぅん	45960
362	800000000000062684	つきぞら	45775
363	1500000000000000816	ムム	45774
364	800000000000024541	elds	45751
365	900000000000076135	U.M.	45599
366	1300000000000000657	夏追P	45541
367	500000000000078900	ミクミ	45462
368	400000000000004074	ブーメラン空手	45425
368	500000000000058154	Nerium（可奈ラウ探）	45425
370	1200000000000007798	はるにれ	45250
371	400000000000080713	なるべくP@同僚募集(無言申請歓迎)	44990
372	600000000000008697	かたや	44896
373	1300000000000079642	夕鈴	44852
374	100000000000097429	スライMe	44775
375	300000000000001442	朝霧	44715
376	1200000000000002895	tomicat	44605
377	700000000000084124	風森	44563
378	1000000000000047274	まい	44339
379	1300000000000003853	もか	44031
380	1000000000000057558	SEVEN	44021
381	200000000000050192	さっつ	43804
382	1500000000000004123	カーライル	43579
383	300000000000052034	ナナシ	43515
384	200000000000087744	ちくわ	43496
385	100697	じんじん	43471
386	600000000000060382	MC-Poncho	43464
387	300000000000079288	もひと	43185
388	1500000000000087368	モス	43116
389	100000000000081289	エニム	43034
390	1300000000000070814	ria	42942
391	1200000000000086690	NEPO	42842
392	1300000000000010290	モズグス	42634
393	300000000000004859	クレア	42609
394	300000000000005169	えも	42528
395	800000000000090980	ドリューバリネコ	42396
396	300000000000057843	utosa	42378
397	1400000000000028924	you@同僚募集	42305
398	1500000000000009933	oz	42284
399	500000000000046944	mami	42231
400	700000000000049884	昼行灯	42023
401	300000000000052714	にとりん	41938
402	200000000000083993	すがら	41861
403	400000000000038040	sparkler【ﾐﾘﾏｽ】HN・R交換募集	41596
404	1300000000000075695	Easy	41570
405	1400000000000040266	らめーん	41536
406	96663	リボン	41226
407	600000000000012312	ブナしめじ	41139
408	1100000000000019336	スクリュードライバー	41133
409	400000000000077887	しゃれあむ@やっぱり杏奈はかわいいよ！	41061
410	1000000000000001128	GOTTU	40993
411	1500000000000013882	うみがめ	40980
412	400000000000096876	Ben Yau	40923
413	1100000000000099734	マジマジ	40305
414	600000000000018265	佐倉水丸	39852
415	1500000000000039168	あんほわ	39793
416	800000000000052383	ぴょんきち	39616
417	100000000000078055	ハネ	39425
418	1400000000000075807	パンダ番長	39378
419	400000000000073994	ともも	39336
420	500000000000021789	翁	38829
421	1000000000000002403	ポヨ	38745
422	500000000000002737	ちくたん	38636
423	1300000000000096606	テルル	38555
424	75638	きゆつき	38502
425	1200000000000073929	枇杷お	38403
426	3548	たかはな/同僚さん募集中♪	38347
427	500000000000011995	べるべっと	38328
428	1400000000000006722	ぽーさん	38120
429	81929	ウダラッシュ	37891
430	500000000000085774	ごっしー	37615
431	900000000000010867	ヴァン	37584
432	1100000000000083155	隼	37471
433	85342	しのぶ＠速射特化	37401
434	400000000000003424	現役聖闘士	37309
435	900000000000013337	e_m_e_m	37167
436	300000000000082136	ひつまぶし	37157
437	1300000000000037890	刃付きのゴロシチ	37137
438	400000000000011707	ネメシア	37005
439	700000000000002118	ススム	36861
440	200000000000022713	あずき@BMD美奈子あり（日記に埋めリス）	36763
441	900000000000082060	コウキ	36725
442	34738	URA	36654
443	700000000000000909	【プロデューサー】八波【アイドル】祈【二足の草鞋】	36642
444	1300000000000008261	紗倉	36582
445	1300000000000005226	小松	36519
446	1500000000000001059	ﾄﾞﾛﾝ	36372
447	900000000000054135	四凶	36335
448	1000000000000053990	たね	36017
449	1100000000000093980	Jambba	35931
450	300000000000061122	ぐりこ	35910
451	300000000000005632	うた	35812
452	1100000000000004808	冥ＡＤ	35650
453	800000000000079846	逝夢	35592
454	1000000000000033685	のぐ	35560
455	1500000000000052050	ヒロ	35546
456	1300000000000001024	しゃおろん	35498
457	300000000000057480	CAMEL	35476
458	500000000000005696	さば	35433
459	1400000000000005432	プチピータン@田辺	35400
460	1400000000000002026	ちゅらさん@同僚募集中	35388
461	900000000000002305	たまころ	35356
462	200000000000085878	nori0723	35328
463	1500000000000012256	木暮	35244
464	700000000000037424	ケイト２	35174
465	100000000000003829	つばくろ	35147
466	1100000000000081986	kazetuba	34998
467	600000000000000097	タクアン	34822
468	1500000000000000193	とみぃ	34743
469	600000000000004154	なーな	34674
470	1100000000000000651	トキハラ	34649
471	400000000000001120	ひこの	34599
472	300000000000038234	炊飯じゃー	34447
473	800000000000044023	ベーグル	34440
474	200000000000097728	雪	34387
475	1400000000000023314	オオカナブン	34264
476	800000000000081326	１-Ch	34230
477	1100000000000002258	こんぶ	34203
478	1000000000000081814	夜叉丸	34055
479	600000000000007064	♪葉月みつる	34035
480	300000000000092845	ぱか	33954
481	200000000000015250	クイロ	33800
482	1200000000000018075	幹人	33780
483	700000000000003922	ゴッゴル瀬尾	33779
484	700000000000007448	エンドレスワカメ	33684
485	800000000000002827	はとちぃ	33586
486	300000000000011589	木戸	33344
487	100000000000008810	お斜面★おぜうさまのおねぎ	33316
488	1400000000000007390	Tia	33300
489	53255	テリー	33264
490	1200000000000093875	FFF	33069
491	300000000000048544	ねもちゃん	33066
492	300000000000000611	三畳	33038
493	1400000000000047649	しえすた	33032
494	1400000000000059117	ゆしゃ	33017
495	200000000000000288	緋羽みうな	32954
496	1300000000000051793	るた	32876
497	1000000000000017673	順平	32821
498	1000000000000042465	志賀	32716
499	98011	robo3456	32620
500	300000000000058716	小豆	32435
501	13784	はれんち	32421
502	700000000000098036	マジで？	32397
503	900000000000077389	ベック	32142
504	500000000000049516	かきざき	32138
505	700000000000006881	液体ムヒ	32137
506	200000000000024507	まここ	32049
507	1300000000000098616	まさお	31849
508	1200000000000097453	Uroboros	31784
509	700000000000003402	ヤマリョウ	31711
510	700000000000053489	チャリ通	31624
511	1300000000000001230	ハイペリア	31618
512	1300000000000047057	雄夏	31576
513	171	ガラクタ	31510
514	1300000000000005681	アカ	31459
515	1500000000000098336	カイン	31271
516	800000000000027319	アッピー	31197
517	700000000000080555	アグア３号	31106
518	1100000000000094907	ミャコー	31085
519	1300000000000061395	utk153	31055
520	400000000000056452	ささくす	30932
521	900000000000077525	かもねぎ	30915
522	1200000000000031916	setsuna	30837
523	1400000000000008308	リィ	30824
524	1400000000000007051	ふゆお	30807
525	1000000000000078045	いぬた	30774
526	1500000000000073827	にらたま	30695
527	1100000000000004488	時塔	30650
528	400000000000007340	狸猫	30476
529	900000000000098444	雅	30427
530	1400000000000080654	かまがたに	30346
531	1400000000000053838	ハヤブサ	30345
532	900000000000079292	くぬぎ	30331
533	900000000000073662	もじもじ君	30153
534	500000000000002871	尽未来	30151
535	300000000000045269	ランク	30131
536	600000000000075473	ちー	30007
537	800000000000040519	ロバーティ	29952
538	1500000000000079768	もぐら	29884
539	1100000000000004719	lig	29812
540	600000000000000485	ザクロ	29791
541	800000000000057031	マロンヌ	29743
542	100000000000028953	みつね	29726
543	700000000000078137	shino	29650
544	1000000000000054253	こむぎ	29471
545	93975	つるみん	29468
546	500000000000036113	ダグ	29316
547	400000000000004140	さんく	29229
548	800000000000056568	むにむにさん	29197
549	400000000000000387	ペロロンチーノ(呉鎮提督)	29162
550	300000000000013468	TKCP	29139
551	1000000000000006407	少尉	29129
552	1200000000000055015	bomu＠ﾍ( ＊´ｖ`＊ﾍ)))～	29121
553	1400000000000054039	せりかGT4	29112
554	700000000000030929	てつ	29061
555	300000000000054151	タイ	29047
556	26857	さつまいも子	28971
557	700000000000075168	zaemon	28916
558	100000000000085834	nikkle	28842
559	1200000000000052142	潮来梯	28830
560	1100000000000015625	チャルト	28691
561	700000000000099096	MEVIUS001	28592
562	900000000000041569	白銀	28506
563	1400000000000000612	SHIN@デレステ570472198	28500
564	400000000000045512	とにかく明るいおしるちゃん	28430
565	1100000000000096307	みすてお	28399
566	90103	忠一	28267
567	1100000000000004762	サビトマト	28249
568	1000000000000024466	無題.	28229
569	1500000000000016560	mura0929	28215
570	900000000000007251	リラ	28161
571	400000000000012475	ナヨタケ	28119
572	200000000000069656	ママ	28088
573	700000000000052849	ｓｈｕｄｅｃ	28069
574	1300000000000080930	ポルポル	28051
575	1500000000000074188	マルカート	28031
576	800000000000013718	collbrande	27903
577	700000000000086175	リベ	27897
578	300000000000058373	八雲	27831
579	1000000000000022030	スイッチ	27748
580	1500000000000009344	サンパロ3860P	27701
581	1200000000000073565	星柚	27645
582	100000000000013563	taka2	27608
583	62455	ごしゅＰさま	27245
584	400000000000096918	ヨテ丸	27224
585	87535	somewhatspecial	27150
585	1500000000000020377	気づいたら飛んでたかいしゃ	27150
587	800000000000055621	あうふすとぅす	27008
588	700000000000080607	奏P	26974
589	200000000000060744	フミヲP	26878
590	1400000000000000099	かえで	26836
591	1500000000000009087	**	26792
592	600000000000046556	きらすけ	26735
593	1200000000000000272	あそうぎ	26666
594	1500000000000052509	まこP	26606
595	300000000000052189	ぢゃきお	26566
596	300000000000050495	スサマー	26555
597	1200000000000002426	tamtn	26544
598	500000000000002557	ひな	26468
599	1000000000000100744	ロビンソン	26439
600	6416	macs	26327
601	200000000000003184	きほいる	26284
602	1100000000000053911	灰島	26246
603	600000000000026422	ソーナンス【千早…すまない……私は…メンチローゾ(環P)だ】	26164
604	800000000000097147	SKNK	26155
605	1400000000000013888	タカヒロ	26004
606	500000000000097577	Bob	25915
607	700000000000010296	Mrtanaka	25902
608	400000000000000961	らみえる	25866
609	400000000000000223	わりばしP	25846
610	700000000000053933	Christof	25839
611	700000000000013574	dbqqs1K515	25773
612	800000000000087618	しーや	25764
613	500000000000074311	グラドス	25685
614	1500000000000014424	fa_	25556
615	100000000000029949	すみれ	25472
616	1200000000000014920	紅葉みさき	25428
617	94818	 ロッテ党	25422
618	400000000000085781	Dかんたー	25385
619	300000000000006122	メガネP	25317
620	800000000000051970	ジョニー	25264
621	600000000000075156	わと	25193
622	800000000000049088	きょや	25128
623	900000000000097498	彌亜琉	25061
624	1400000000000005410	okaG	24976
625	1300000000000015658	kisaragi	24949
626	100000000000093456	テツなひととき	24865
627	100000000000075323	ささもり	24764
628	1500000000000042677	S･Y“……………”	24739
629	1400000000000021845	Aセット	24696
630	1400000000000088678	masashi	24693
631	300000000000010864	八積@BMD麗花	24570
632	18990	ゆうたす	24552
633	1000000000000062314	あすか	24528
634	400000000000072940	ハンクス	24461
635	1400000000000082622	あくえす	24432
636	1200000000000096284	YK	24426
637	900000000000093558	アイム	24406
638	1000000000000006401	ぶー	24398
639	1000000000000000378	三郎	24393
640	1000000000000007190	lp	24291
641	400000000000002957	答えはこうよ・・・イヤァオ！	24267
642	800000000000071822	PumpkinP	24192
643	1100000000000013973	afumai	24181
644	1300000000000022512	アラタ	24178
645	1200000000000019032	ちぃ	24142
646	1200000000000009495	ら～めん派	24125
647	800000000000050958	チャマ	24104
648	800000000000055295	ゆーだろ	24097
649	100000000000071990	日暮薬局	24040
650	900000000000011114	ほうでん	23923
651	600000000000053831	しろくま	23903
652	1300000000000081656	わかたか	23853
653	300000000000007898	トニゴウ	23625
654	900000000000026956	わ～や	23621
655	200000000000049278	ｳﾞｨﾝｾﾝﾄ	23618
656	1200000000000053453	monami	23600
657	700000000000018295	スノコ	23541
658	1500000000000033780	司書P	23525
659	700000000000014272	ひろ	23456
660	400000000000034520	チキン×２	23437
661	800000000000051574	はしゅ	23414
662	1300000000000077313	キリシマ	23411
663	800000000000002715	KEG	23408
664	800000000000091539	ＴＡＫＵ	23331
665	1100000000000095566	かめまる	23311
666	500000000000000570	伊藤P	23306
667	200000000000005610	モナカ	23260
668	800000000000060267	ヤマト	23254
669	500000000000094283	kyo	23251
670	1400000000000002268	きさ空○要請△～×	23218
671	1000000000000037670	ryoryo2	23158
672	400000000000037245	くろり	23040
673	1500000000000057362	ふりーむ	22932
674	1100000000000085550	マリオ・イグレシアス	22875
675	200000000000050827	ありと	22863
676	100000000000071894	ヒガシ	22794
677	900000000000051385	ふ～た	22777
678	1500000000000054746	カトゥーザ	22774
679	200000000000000577	ユーリP	22731
680	39628	lyrica	22722
681	500000000000000559	なき	22715
682	400000000000097926	tttauo	22697
683	500000000000022812	アキラ	22596
684	200000000000054906	yupeko	22561
685	82275	お客様	22525
685	85289	BB	22525
685	800000000000095422	ビスコ	22525
688	800000000000046365	うでん	22493
689	1500000000000085477	むくさく	22482
690	500000000000098235	ゴレムス	22476
691	400000000000004521	ヒロト	22471
692	900000000000023568	ﾐｽﾞ	22441
693	35918	三枚おろし	22311
694	900000000000055496	シーヴァ	22303
695	400000000000033499	佐倉	22287
696	100000000000052941	aerozawa	22255
697	200000000000025045	むはさ	22196
698	300000000000012199	キュウ	22144
699	1100000000000062528	セント	22068
700	900000000000005302	御霞月	22008
701	1500000000000036361	Ｏ！Ｗ	21911
702	300000000000022245	ミ☆・・☆ミ	21910
703	100000000000081817	とり	21893
704	1200000000000039757	万年睡眠不足	21869
705	400000000000034214	Nbu	21846
706	1100000000000095709	m	21805
707	800000000000007661	ペイター	21789
708	200000000000050220	naimonon77	21630
709	1100000000000009930	ANIMER	21598
710	700000000000024583	とにー	21548
711	1200000000000092505	海苔	21368
712	1000000000000037434	root	21363
713	60072	なむなむ	21257
714	1100000000000057562	ゴート	21250
715	1300000000000051859	nanakado	21244
716	1500000000000000573	Earl	21172
717	1100000000000050119	マロン	21150
718	100000000000095898	詐胸イル	21082
719	100000000000055550	くりょ	21053
720	700000000000021059	須玖煮	21027
721	1300000000000058841	胡麻塩	21026
722	1000000000000092406	Sopure	21021
723	300000000000000528	kanadai	21012
724	1200000000000085082	もちつき	20968
725	76398	原ゆかり	20935
726	100000000000037557	Isabelle	20907
727	1100000000000001234	か～や	20901
728	300000000000000559	まー坊	20876
729	600000000000050548	ホワイト	20865
730	800000000000028026	ぽてむきん	20848
731	1200000000000015292	ﾐｯｷｰ＠･ω･)	20818
732	1100000000000076157	きょこ	20817
733	1100000000000000690	しろぽっこ	20792
734	1500000000000058047	扉	20741
735	1300000000000045922	海老せん【茜仕込】	20728
736	1400000000000054997	すみす	20667
737	300000000000013039	シャパニア	20654
738	1500000000000054015	りあ	20597
739	1100000000000093234	両儀式	20587
740	200000000000051302	なおたけP	20574
741	900000000000063487	さいか＠真ちゃんﾌｧｲｯ	20569
742	300000000000000295	愁一	20476
743	300000000000026129	yasu	20446
744	1100000000000029580	はしまん	20432
745	300000000000014556	バレイアーツ	20416
746	1400000000000045495	黒将軍	20283
747	21911	マコトン	20265
748	600000000000003015	もち	20258
749	1000000000000056940	ヤタミー	20226
750	800000000000005056	anonymous	20217
751	1400000000000006647	mag	20118
752	100000000000022532	でんきスタンド	20066
752	1100000000000005822	totty	20066
754	1100000000000003963	みつ	20007
755	1300000000000100297	春日部歩	19994
756	600000000000055280	ちー	19986
757	1500000000000028536	いーまん	19964
758	1300000000000000522	もす太＠同僚募集中	19767
759	80977	みりおん	19693
760	100000000000047241	也	19640
761	500000000000097673	Uiui	19610
762	200000000000096949	ゴメス	19593
763	1400000000000013473	fox	19575
764	1000000000000019895	花村	19516
765	600000000000036898	タライ	19511
766	1400000000000047333	メタもる	19488
767	900000000000085338	さにーれたす	19486
768	1500000000000012515	ozoz	19470
769	1200000000000058263	カニナ	19464
769	1400000000000000135	婿固め	19464
771	1000000000000083710	ゆー	19399
772	200000000000004785	めしあ	19378
773	1000000000000000076	ブース	19356
774	1000000000000043063	マスパ	19320
775	800000000000007997	三月P	19319
776	1100000000000037442	JUM	19311
777	1500000000000041828	えるはち	19273
778	1500000000000052867	tsk	19182
779	300000000000037811	綾取り	19004
780	600000000000046234	田中ﾍ( ＊´ｖ`＊ﾍ)))	18975
781	1100000000000002989	歩く計算機	18964
782	700000000000054821	karagea	18948
783	200000000000036625	かず	18935
784	600000000000082324	kaniesun	18855
785	300000000000044148	ナベちはる	18809
786	98845	涼	18768
787	100000000000006261	かいわれ	18741
788	800000000000095487	フォル	18703
789	300000000000093134	Syun	18678
790	1200000000000085903	コヨーテ	18668
791	1200000000000011734	ゆきひら	18640
792	200000000000074714	OMAME004	18628
793	900000000000096802	sora	18595
794	500000000000073983	ヤックル	18587
795	100000000000058551	椎名	18576
796	1000000000000072728	天使突抜乂儿	18573
797	1300000000000062510	零	18540
798	400000000000056972	ことみ	18528
799	500000000000017028	葉っぱ【in率低下】	18358
800	1300000000000054296	マサナリ	18306
801	1300000000000076714	彰	18277
801	1400000000000038170	やまと	18277
803	600000000000099108	ハザザ	18112
804	1000000000000073654	こっしー	18111
805	500000000000053158	bmg	18074
806	200000000000005256	凰火[ｻｲｵﾝ]	18038
807	800000000000007033	しゅれん	18036
808	1300000000000098907	siki	18011
809	1500000000000003815	祐駕楕諭吉	17993
810	500000000000003925	Gorigan	17968
811	62070	かっこ	17953
812	1500000000000085067	やぶねこ	17872
813	1400000000000002380	ミコ	17850
814	500000000000003589	るい	17824
815	400000000000079975	あらまさに	17820
816	100000000000100077	ジョージア	17819
817	700000000000003460	ときくこ	17802
818	600000000000040308	やまやまたん	17783
819	60842	シン	17755
820	900000000000004256	カガチ	17753
821	400000000000083784	ryo	17732
822	100000000000009601	麦茶	17712
823	200000000000039510	プーCHAN	17691
824	1200000000000096117	毒蛇	17643
825	100000000000013104	ぽよかわさん	17627
826	1500000000000036254	あんどれ	17611
827	1100000000000051859	SAYUKI	17595
828	100000000000097896	ユウギリ	17523
829	1400000000000067385	Player 1002125758	17503
830	1000000000000056542	雪	17487
831	600000000000058668	駆汐	17472
832	1300000000000098419	ぴりい	17468
833	200000000000088568	ミツナリッチ	17462
834	200000000000076333	山下智久	17454
835	100000000000003216	ﾌﾞﾗｯｸﾎｰｸ@協力感謝です(^ω^)	17424
836	800000000000018499	しゅぐる②	17408
837	1000000000000092258	harumaki 	17388
837	1200000000000005690	カナダ	17388
839	300000000000036345	17	17334
840	1300000000000000516	虚空風	17280
841	1400000000000075084	ぬふしふ	17208
842	1100000000000093610	だんご	17194
843	300000000000015312	りょう	17170
844	500000000000005543	sandriver	17167
845	700000000000039646	ゆーり	17099
846	700000000000098535	3taka	17086
847	400000000000005155	ジーニアス	17050
848	1500000000000002866	かたなし	17034
849	200000000000003722	ksho	17028
850	300000000000053475	岬	16983
851	38502	レナ	16890
852	1200000000000000259	こばると	16875
853	1000000000000063143	くろしお	16850
854	1500000000000057400	masa	16838
855	800000000000051642	なかやま	16824
856	200000000000008368	kuro	16795
857	200000000000074405	わーひー	16771
858	200000000000075940	タニシ	16722
859	500000000000073977	すもも	16707
860	500000000000000206	れるふ	16679
861	900000000000048282	かふか	16665
862	900000000000002525	ピロスケ	16644
863	600000000000024691	pikardii	16538
864	100000000000003820	源	16472
865	1200000000000007318	あやまるP	16416
866	61184	hr	16399
867	700000000000021872	ゼファー	16390
868	1000000000000022626	ユーリ	16359
869	500000000000011999	おにに	16330
870	400000000000018346	みやこ	16272
871	400000000000065102	アルト	16253
872	300000000000004366	ﾍﾞﾝｿﾞｳ改め汐宮栞(おっさん)	16230
873	400000000000080740	ludexintiao	16202
874	1300000000000002568	んがむら	16200
875	1200000000000097874	ベル	16198
876	800000000000038122	ペンギンマン	16169
877	1000000000000094323	ぷるノ介	16151
878	900000000000053417	ももちんＰ	16146
879	500000000000093974	おかき	16093
880	1200000000000005500	のっぺ	16080
881	300000000000099771	ラルド	16066
882	800000000000085076	くるみ	15995
883	600000000000035392	ナベ	15988
884	500000000000007546	紺	15932
885	1000000000000000864	しらたま	15900
886	1200000000000081992	なっと	15877
887	200000000000006642	でんと	15857
888	1000000000000095160	蛇遣い座	15844
889	600000000000085455	むららん	15842
890	1000000000000011209	わもと	15839
891	1200000000000081322	桜花	15825
892	1400000000000101213	シーダ	15816
893	1200000000000009258	しるはね	15797
894	1000000000000053219	ヘルハマー	15753
895	1300000000000004621	夜行性まよら十三	15699
896	600000000000087356	t	15698
897	100000000000002334	夕霧	15666
897	1500000000000003280	きよぴー	15666
899	1000000000000051740	マカク	15619
900	1400000000000052872	みね	15570
901	200000000000036955	さち	15523
902	700000000000014153	くろにゃん♪【ほぼ×まったり】	15521
903	1200000000000086309	あさみー	15511
904	1300000000000100972	Lantan	15509
905	300000000000052153	t3	15493
906	900000000000011456	まきば	15490
907	1200000000000022838	44K	15478
908	600000000000051629	yzk	15444
909	600000000000008554	キヌ	15412
910	1100000000000000868	スープクン	15366
911	1200000000000053832	春	15235
912	1100000000000000155	とみのP	15180
913	400000000000058568	906	15160
914	300000000000008188	おじさま	15080
915	200000000000083601	Axel	15067
916	400000000000050839	かみまみた	15039
917	1200000000000051984	弥生町	15009
918	500000000000053521	オバイバー	14977
919	1000000000000003603	さばにく	14963
920	96350	gold	14934
921	800000000000056768	white	14865
922	100000000000031592	くろくろ	14849
923	500000000000006769	ａｒｉ	14827
924	1100000000000049546	ぽかぽか	14824
925	300000000000085135	サイネリア	14820
926	300000000000100041	ニシロウ	14809
927	200000000000001812	なんと	14806
928	200000000000031988	シモサン	14790
929	1000000000000053612	つばさ	14785
930	59091	鶉	14588
931	700000000000100488	ぬちょやん	14564
932	800000000000001666	マックス	14558
933	1300000000000021022	ともにゅにょ	14555
934	1100000000000052367	すくみず	14548
935	100000000000057019	ぬこぱん	14537
936	1500000000000099619	ヒッちゃ	14419
937	1400000000000051158	けいてぃ	14394
938	1200000000000010286	どしどし	14390
939	94823	little	14365
940	200000000000086002	nadenadeitoken	14340
941	1200000000000052546	古呂兵衛	14336
942	300000000000047122	ぐらたん	14313
943	700000000000054694	おとこむらた	14286
944	300000000000056479	sinigami	14283
945	600000000000017679	だいぶ～ん	14217
946	1400000000000075315	N.N.	14205
947	1400000000000049261	沈黙の凡人	14187
948	500000000000038150	ぴよこ	14142
949	1000000000000003292	アイドル下克上	14083
950	1300000000000029911	せた	14042
951	1400000000000013672	まぐとん	14040
952	1200000000000097884	山田英	14022
953	200000000000037204	atm	14000
954	1500000000000002090	Kyoju	13988
955	300000000000079187	笹	13962
956	800000000000048867	Ｄ９０（釣り、ドリ放置します）	13920
957	300000000000094791	らじか	13892
958	1000000000000003621	*ゆきんこ*	13879
959	1300000000000002347	カヤ	13863
960	1000000000000091556	よしひろ	13850
961	1300000000000023539	へろ	13835
962	600000000000049622	expo	13831
963	39336	azusa	13816
964	300000000000084984	霧ヶ峰	13792
964	1300000000000059887	茣蓙P@katoyu	13792
966	1500000000000015821	Idatsumako	13782
967	400000000000000390	EndP@現実に目を向けちゃダメだ！	13752
968	1100000000000076055	かわいそうまさん	13698
969	100000000000087928	はるか	13680
970	1200000000000042411	カレーライス	13661
971	700000000000011732	おはじき	13600
972	1300000000000025182	masanori	13585
973	900000000000086273	ぷらちな	13582
974	200000000000002597	おまかせします	13560
975	900000000000005221	TAKE.N	13554
976	800000000000091607	きちぬま	13544
977	200000000000003881	Sou	13488
978	14950	みえすく	13428
979	800000000000005075	アキラ	13419
980	1400000000000075792	よっし～	13418
981	700000000000013246	ファブレ子爵	13400
982	600000000000058381	せいむーぶ2	13395
982	900000000000053809	ひいらぎ	13395
984	400000000000014650	せきお	13378
985	1400000000000004679	スタンド.	13376
986	500000000000045626	ショッP	13326
987	700000000000002941	だいじろう	13322
988	1300000000000006974	えりりん	13305
989	1300000000000002974	いぐりん	13294
990	900000000000000010	ジャイ	13281
991	700000000000000966	ハードケース	13243
992	500000000000045639	不知火	13240
992	600000000000011531	時の魔術師	13240
994	800000000000040089	hibiki	13227
995	1400000000000012536	巽	13221
996	1200000000000071555	かげろう	13211
997	900000000000028001	レオ	13200
998	700000000000094439	タンスの隣に	13196
999	500000000000096838	atzgr	13164
1000	500000000000051501	海鴨	13130
1001	1500000000000055610	ARIA	13104
1002	600000000000100906	Derehet	13069
1003	400000000000094751	よしだ	13067
1004	1000000000000099854	リプテリア小夜	13062
1005	700000000000078251	わかめ	13056
1005	800000000000032767	M.M	13056
1007	1000000000000012883	ﾁｮﾁｮ	13051
1008	900000000000073674	二号	13042
1009	100000000000087004	イエローピッグ	13024
1010	1400000000000022136	秋桜	13012
1011	200000000000085628	ゆっきー	12984
1012	900000000000002455	みまみまん	12858
1013	1200000000000002537	五月	12853
1014	100000000000049164	ハムスター	12845
1015	700000000000001737	†JKING†	12832
1016	21470	右京	12738
1017	800000000000002227	やまぶき＠同僚募集中	12735
1018	100000000000047327	まるたんぼ	12714
1019	300000000000015177	どろんぱ	12699
1020	1300000000000096787	 メロントロン	12656
1021	600000000000096802	おいどん	12634
1022	75964	民	12632
1023	300000000000074435	ミツグ	12623
1024	1300000000000082169	ユタポン	12595
1025	1200000000000004055	silide	12584
1026	700000000000003881	azumon	12571
1027	900000000000076880	tales	12548
1028	500000000000020703	みょんきち	12533
1029	1100000000000054772	ちゃま	12520
1030	1100000000000027178	バチカンＢＩＧ	12517
1031	700000000000087591	あさころ	12464
1032	37193	ハヤブサ	12431
1033	500000000000080283	マテリア	12395
1034	400000000000094257	まっこい	12389
1035	800000000000022654	織田信長	12337
1036	100000000000030567	えどがわ	12319
1037	1500000000000001448	チョモランマ	12315
1038	1200000000000009146	ヒッキー	12300
1039	800000000000029957	KEL	12288
1040	1000000000000097753	GO★MI	12279
1041	1200000000000015187	あなご	12270
1042	1500000000000000347	ニーギいるか@しばらく休止	12259
1043	2821	ジュネス	12250
1044	900000000000006869	養分	12217
1045	1400000000000058760	oojisama	12148
1046	700000000000020011	い～よ～さん	12120
1047	800000000000002189	あああ	12037
1048	1300000000000004499	まんじゅう	12021
1049	1000000000000058255	だし	12015
1050	1200000000000100155	デク	11996
1051	500000000000002077	しんのまりも	11985
1052	500000000000095222	五万コイン	11962
1053	900000000000000301	てっつ	11948
1054	1300000000000037222	あるふぁ	11940
1055	1200000000000008786	きたきつね	11936
1056	600000000000061571	16回切りが出来そうな人	11925
1057	1200000000000073936	メロス	11917
1058	1400000000000098420	しめじ	11860
1059	1400000000000097322	ひろo・∇・o年下なんてダメですか？彼氏候補にどうですか？ももちゃんのことが好き	11843
1060	1500000000000002473	凡人	11820
1061	1500000000000039016	朝。	11808
1062	2478	デデデ	11790
1063	900000000000020793	毘瑠刃院	11765
1064	800000000000039447	リョウヘイ	11760
1065	1200000000000096158	のざらし	11746
1066	400000000000023107	ちゃこ	11724
1067	100000000000097072	ふぁい	11721
1068	600000000000051668	しずよ	11712
1069	1100000000000010699	すりー	11706
1070	1400000000000054666	rakuda	11704
1071	1000000000000073990	Yatchan	11685
1072	1300000000000078879	瀬戸こむぎ	11671
1073	300000000000034144	チャカ	11664
1074	200000000000003513	ユタカ	11663
1075	1400000000000001410	天下りの神様	11660
1076	300000000000048812	PEL	11601
1077	300000000000075500	マスク	11599
1078	1300000000000082437	SASUKE	11597
1079	200000000000003430	1千	11581
1080	1200000000000002484	ゲバオ	11578
1081	700000000000053595	kazu093	11541
1082	500000000000000744	薙ぽん	11523
1083	1300000000000025448	敬告	11492
1084	900000000000046797	S.T	11480
1084	1100000000000027270	ぱっほぉい	11480
1086	700000000000008572	でんどろびうむ	11440
1087	100000000000042832	みかわ	11400
1088	800000000000097451	リッツ	11356
1089	1100000000000050345	狐狐	11354
1090	700000000000000358	センキ	11330
1091	74414	Barrel	11306
1092	600000000000097627	ごましば	11302
1093	100000000000051538	修理	11300
1093	200000000000042985	あさぱん！	11300
1095	200000000000056023	我愛羅ちゃん♪	11277
1096	1200000000000003523	クルス	11275
1097	1200000000000016045	MAIKEL	11268
1098	300000000000060813	さとでゅー	11262
1098	1300000000000013294	霧人	11262
1100	500000000000074384	ばっしゅ	11233
1101	78078	snow@ngel	11212
1102	1300000000000085854	ふじさん	11176
1103	400000000000034255	ヨッシー	11168
1104	500000000000054899	コウスケ	11150
1105	900000000000072484	hj	11140
1106	1100000000000004725	ﾑﾀ	11137
1107	600000000000074948	Player 1001673702	11132
1108	600000000000100321	赤豆	11106
1109	100000000000097130	こう	11072
1110	2818	hihihi	11060
1111	200000000000076597	りんご酢	11057
1112	600000000000079642	うー	11052
1113	400000000000001302	よこてき	11000
1114	1000000000000085392	M@uryo	10976
1115	600000000000030944	モン太	10941
1116	700000000000057563	SekiP	10938
1117	1000000000000054309	841@大神環道場	10907
1118	700000000000054595	眉ぼんっ	10893
1119	700000000000086997	鈍器	10886
1120	800000000000013215	雨沢なお	10881
1121	1100000000000003136	まこまこりーん	10869
1122	1100000000000000592	える	10865
1123	900000000000012202	松風嵐	10857
1124	1400000000000026688	逆矢	10851
1125	700000000000009968	サーキット	10833
1126	1400000000000081104	こばまる	10823
1127	600000000000000272	ぬん	10768
1128	1000000000000054774	よこしゃん	10753
1129	600000000000057620	hiradon	10752
1130	100000000000098137	シャムービー	10751
1131	1000000000000095297	山中ヤング	10705
1132	200000000000000143	じょう	10700
1133	700000000000100346	千夜	10694
1134	1100000000000011396	まっきー	10665
1135	1400000000000002491	吉良吉影	10629
1136	1300000000000086908	りりす	10570
1137	700000000000015401	めがはーと	10545
1138	1300000000000078181	ジェイソンちゃん	10541
1139	1100000000000001137	コンちゃん	10532
1140	1300000000000002445	しゅがと	10528
1141	1400000000000087062	みっちん♪	10499
1142	900000000000003319	とらこ	10469
1143	1100000000000032110	まきば	10458
1144	800000000000070036	シオン	10396
1145	700000000000003626	あじゅ	10392
1146	400000000000004174	にぎりこぶし	10353
1146	600000000000008204	フィリー	10353
1148	1400000000000045502	ens	10342
1149	100000000000054511	♪羽風しずく♪イクスシス仮の姿（笑）	10304
1150	500000000000079544	｡:°?*｡:°?あいる?*｡:°?*	10258
1151	29713	ミノウ	10253
1152	300000000000096284	エマー。	10220
1153	1400000000000076669	もなりあ	10208
1154	1400000000000003256	msty	10170
1155	200000000000077119	さと	10164
1156	600000000000079790	sui-un	10157
1157	1300000000000053740	風次郎	10148
1158	800000000000041574	Locust	10113
1159	700000000000072187	おかわり	10075
1160	100000000000000036	よっと	9957
1160	500000000000004254	689ユーリ@メイメイ	9957
1162	1500000000000002711	番長	9952
1163	1000000000000014035	緒川える	9933
1164	100000000000073239	rootan	9916
1165	1400000000000049407	九重九十九	9901
1166	1200000000000096011	うた	9899
1167	1300000000000093644	kazami	9864
1168	600000000000086286	たけお	9842
1169	300000000000050330	けろりん	9837
1170	700000000000052075	ふるす	9825
1171	400000000000056299	まるみ	9800
1172	1000000000000085674	名塚	9774
1173	800000000000052138	みしく	9761
1174	800000000000080108	あそびべ	9742
1175	200000000000056879	半導体	9734
1176	1500000000000003254	ハイウェイスター(ヴィータ君)	9728
1177	200000000000036086	ｵﾙﾆﾃｨｱ	9726
1178	100000000000073658	フォドリオン	9724
1179	600000000000078270	同意承諾	9717
1180	100000000000086013	ダーヤマ	9710
1181	500000000000010305	Roli	9643
1182	800000000000022900	ウェズレイマウス	9627
1183	700000000000011096	招きネズミ	9625
1184	1200000000000098040	mtk	9618
1185	400000000000029697	ボビー	9614
1186	1300000000000050049	よいみ	9608
1187	600000000000003588	ゆき丸	9600
1188	1000000000000097366	とうかい	9590
1189	400000000000021246	えれのあ	9581
1190	400000000000004117	芥川	9580
1191	400000000000096950	ワタル	9568
1192	1100000000000085527	ヒトミ	9567
1193	100000000000012029	たこわさB	9551
1194	1300000000000005032	どこぞのＰ	9544
1195	1000000000000058743	花椿	9536
1196	500000000000001127	鞠雛影葉	9532
1197	500000000000028749	lush@おやぶん見習い	9529
1198	1400000000000030305	みそそ	9527
1199	1400000000000093049	タカシ	9524
1200	300000000000091631	ガチャペン	9520
1201	300000000000033205	おぎちか	9515
1202	1300000000000034388	あだだちくん	9502
1203	700000000000097536	SHADOW	9482
1204	1300000000000006563	はいご	9464
1205	400000000000051977	カズ	9460
1206	700000000000087574	まや	9446
1207	1400000000000007324	VENOMURAさん	9432
1208	1200000000000003351	しんのすけ	9389
1209	500000000000001911	まぁちゃ	9360
1210	500000000000016326	自一次男	9346
1211	500000000000051263	英二士	9292
1212	400000000000098331	やすオンライン	9286
1212	700000000000001345	チェニリッジ	9286
1214	1100000000000002652	でってにー	9262
1215	1500000000000052131	コスモ	9254
1216	1000000000000016122	∵マサ※流m(_ _)m	9225
1217	800000000000091565	ひよりんご	9221
1217	1200000000000079556	まりりん	9221
1219	1200000000000003788	Liar	9199
1220	46033	Ｋｅｉ	9196
1221	800000000000005468	ツクモ	9183
1222	1300000000000099426	鹿の子	9171
1223	700000000000045506	ＲＯＣＫ	9133
1224	900000000000001620	SHSH	9111
1225	700000000000000785	まりんらいなー	9105
1226	700000000000007036	+九州女子+	9095
1227	77289	サ二ー	9065
1228	100000000000034670	烏龍茶	9054
1229	500000000000095037	rip	9044
1230	1300000000000014234	エコーちゃん	9015
1231	82080	なちゃ ﾍ( ＊´ｖ`＊ﾍ)))~	9013
1232	100000000000053037	サユ	8996
1233	900000000000097881	エル	8980
1234	1500000000000003582	Ｒ.	8965
1235	59346	アーリア	8931
1236	1500000000000100332	Statham	8924
1237	300000000000030480	ドルバッキー	8920
1238	1400000000000099421	ＴＫＰ	8885
1239	700000000000011494	吟醸	8844
1239	1500000000000081885	ブレイカー	8844
1241	900000000000081733	ユキチカ	8822
1242	800000000000058260	ｺﾀﾂdeﾐｶﾝ	8799
1243	500000000000082867	Player 1004708245	8784
1244	900000000000007035	矢野目小にサヨナラバイバイ	8781
1245	1100000000000053382	ajmpt	8778
1246	88484	あおぎり	8775
1247	100000000000000054	ズッキん	8757
1248	300000000000055677	サビ猫祭り	8736
1249	400000000000005940	もんがぁ	8730
1250	900000000000007196	ベネット	8704
1251	400000000000099801	Chitose	8673
1252	600000000000033382	紅∀	8648
1253	400000000000018304	Zande40	8640
1253	400000000000086285	Di	8640
1255	100000000000072035	ハミィ	8636
1256	300000000000055268	ぐみん	8624
1257	1100000000000099359	衣笠	8622
1258	800000000000061912	湯谷温泉	8619
1259	500000000000051446	Crom_yang	8585
1260	60847	イトゥルベ	8574
1261	1400000000000045440	惣菜呉屋	8568
1262	383	肉塊	8547
1263	1100000000000048555	クマー	8469
1264	1500000000000000002	A M	8468
1265	600000000000093092	SID	8460
1266	1500000000000086901	M@SCON	8452
1267	1300000000000074311	ダビー	8450
1268	1300000000000057680	新兎	8436
1269	1500000000000096865	平ナギ助	8426
1270	99779	キムタク	8372
1271	1000000000000042654	(谷;)	8367
1272	900000000000096832	Armadillo	8359
1273	900000000000098986	Cherno	8355
1274	1000000000000003311	ペタ	8354
1275	1300000000000008630	RX-0	8342
1276	300000000000000958	kuroneko0401	8333
1277	900000000000001470	ルミ	8320
1278	800000000000014069	ハッピータイム〆ペペ〆	8304
1279	800000000000008447	ツカＰ	8275
1280	700000000000069956	ジーマ	8250
1281	800000000000006473	紅葉橋	8240
1282	100000000000000447	クフィーユ	8225
1283	52495	しゅーちゃん@Da属性	8220
1284	1100000000000076092	配信おじさん	8178
1285	800000000000073020	tanku	8160
1285	1500000000000055488	Ifiugogo	8160
1287	1100000000000100778	ナツメグ	8153
1288	1000000000000001291	かけ	8137
1289	700000000000085886	九条綾瀬	8129
1290	500000000000000610	信楽焼P	8118
1291	400000000000014919	それでも	8087
1292	1400000000000022691	Shino	8072
1293	1500000000000093106	ピコハン	8062
1294	100000000000054426	うるる	8056
1295	1100000000000022631	13式歩兵	8050
1296	500000000000098458	みけ	8031
1297	300000000000073093	にーな	8011
1298	1300000000000088142	まつこ	8010
1299	100000000000014221	キョンシー	7983
1300	300000000000006575	ふたば	7952
1301	800000000000037463	130★	7930
1302	500000000000080433	まとり	7924
1302	1100000000000087061	清五郎	7924
1304	200000000000097617	一条	7890
1305	1300000000000047215	EMMA	7888
1306	1300000000000003589	gatoh10	7863
1307	500000000000099532	しえら	7854
1308	400000000000018213	yeku	7853
1309	1500000000000032535	Fuki	7848
1310	500000000000078096	まいまい	7837
1311	700000000000042335	ポテチ	7829
1312	900000000000053725	ぽむ＠	7821
1313	1500000000000000748	ユー	7780
1314	600000000000072756	紫陽花	7772
1315	1100000000000035222	だめくん	7767
1316	100000000000007688	松丼	7725
1317	600000000000099956	スミヒラ	7715
1318	500000000000093664	TKK	7706
1319	200000000000038833	mikihitorn	7700
1320	75677	おくら	7696
1321	1400000000000085355	島原さん	7679
1322	600000000000004509	抹茶オレP	7676
1323	1500000000000003727	SOUL	7667
1324	400000000000096230	ysk	7659
1325	1300000000000006459	ネバネバ	7650
1326	1500000000000024553	mechyl	7642
1327	700000000000011518	グレ吉	7614
1328	1200000000000081014	葉菜	7611
1329	1000000000000046957	ツキノワ	7610
1330	400000000000060900	キング	7602
1331	200000000000097118	ミナガルデ	7598
1332	1300000000000054513	あゆきゆき	7559
1333	100000000000000686	メアラス	7543
1334	1100000000000025333	セージ	7526
1335	1300000000000075245	フルート	7524
1336	57583	アマミク	7523
1336	800000000000100353	Ｍｏｋｋｅ	7523
1338	86743	うきわ赤草	7514
1338	500000000000004266	つかさ	7514
1340	800000000000055781	NT	7504
1341	1200000000000007781	ショーン	7483
1342	500000000000057153	亘	7478
1343	800000000000052057	ぽん太	7460
1344	100000000000020492	桃箱侍@カルタちゃんと凜々蝶ちゃんのおやつ	7430
1345	900000000000059115	はりぼて	7414
1346	200000000000099682	将軍	7410
1347	300000000000098808	天糸	7387
1348	1000000000000097829	ねきねきんぬ	7375
1349	700000000000018901	ノア@我那覇響P	7374
1350	200000000000087435	我那覇響	7366
1351	800000000000080377	ヤスヤス	7364
1352	1300000000000084126	ちょろけんぴ	7362
1353	1500000000000005100	ピース	7347
1354	1500000000000059031	ケンボー	7337
1355	200000000000081191	katsumi	7332
1356	1500000000000008828	まこＰ	7303
1357	1100000000000010930	スベスベマンジュウエビ	7299
1358	900000000000023387	ゲキ	7292
1359	1400000000000086077	you	7284
1360	800000000000020361	カロリーメイト	7272
1360	1400000000000013651	make1192	7272
1362	100000000000043454	ヤ・マ	7264
1363	1100000000000002458	ハセリ	7262
1364	400000000000049151	ギズモ	7259
1365	1500000000000012657	アントニ	7258
1366	300000000000096014	ぷらせぼ	7257
1367	800000000000006441	ＫＥＩ	7245
1368	79705	37分(みなみんC)	7240
1368	600000000000004807	ナヅ	7240
1370	1100000000000000627	kanto	7222
1371	700000000000077160	あひる	7179
1372	98495	たか	7171
1373	500000000000097216	やどん	7154
1374	10345	きさらづ	7151
1375	100000000000085425	ソジウムP	7133
1376	1400000000000028374	yskmg30	7113
1377	600000000000075342	クゥロロP	7104
1378	1000000000000008923	キラメキ	7095
1379	700000000000003790	ｿｰｲﾁ	7082
1380	1200000000000095928	にっしぃ	7080
1381	1200000000000055796	kanata	7065
1382	1400000000000074765	タケナカ	7061
1383	300000000000030232	ぺぐ	7026
1384	1300000000000020324	ソルバルウ	7020
1385	900000000000020060	つかさゆい	7016
1386	700000000000100391	キャップ	7014
1387	500000000000072663	Player 1002483205	6982
1388	800000000000099369	（仮）	6980
1388	1200000000000006741	カズミン	6980
1390	700000000000000374	ぷにっしゅ@求）千早・風花・朋花様・可憐HN、出）HN各種	6974
1391	600000000000086461	モアイ	6947
1392	1100000000000095530	タケノコ	6943
1393	400000000000086918	赤椿	6931
1394	800000000000035812	ツッチ	6928
1395	300000000000002801	ひろ吉	6924
1396	1300000000000084624	石井歩	6919
1397	700000000000054492	ゼクシオン	6918
1398	300000000000054260	ボクデン	6912
1399	1000000000000029365	ろーじな	6900
1400	500000000000008784	kuvi	6894
1401	1300000000000079361	夏野菜	6888
1402	65546	mi_nakano	6884
1403	400000000000033610	るな	6864
1404	800000000000026359	えも元帥	6863
1405	100000000000077272	risu820	6854
1406	100000000000076926	新倉	6851
1407	900000000000004933	タムローン	6850
1408	1100000000000014634	じょん	6845
1409	1300000000000079581	れっぷう	6844
1410	500000000000028389	クマ	6820
1411	900000000000044693	こなた	6818
1412	1000000000000015910	二藍ニャガ	6809
1413	700000000000085386	きしより	6798
1414	100000000000083639	ブレイド	6759
1415	200000000000000077	水沢祐	6758
1416	700000000000052418	Dual	6748
1417	200000000000005730	METEOR〔P〕	6734
1418	400000000000084160	チルチル	6705
1419	100000000000097793	みそおでん	6694
1420	1500000000000077350	ツォッツィー	6679
1421	82456	バーババラ	6676
1422	1500000000000099853	オロオロ	6672
1423	1200000000000080009	jut	6669
1424	600000000000096506	いく	6640
1425	900000000000005889	†Shigeっち†(as毒舌無頼党(*￣ω￣))	6637
1426	900000000000035767	旦那ｒ	6615
1427	600000000000000080	える	6599
1428	100000000000014962	ふぃおたん	6588
1428	1300000000000001003	galve2P	6588
1430	600000000000079469	Mamma Luce	6586
1431	800000000000013105	ろまね	6584
1432	1300000000000096365	Y'n	6569
1433	1000000000000088135	gilgan	6552
1434	1400000000000086022	安藤りん子	6529
1435	1300000000000002244	星月@招待気にしないで下さい	6525
1436	200000000000011230	あれっくす	6523
1436	1400000000000000585	なまけものP	6523
1438	500000000000099685	Player 1007533973	6516
1439	1300000000000026785	ともち@求)HN茜、環、育	6512
1440	1100000000000055138	Oak	6510
1441	1100000000000093005	ひびき	6504
1442	700000000000038876	ばかモン	6492
1443	600000000000086648	ダブル	6491
1444	300000000000081975	あかはら	6479
1445	1000000000000037438	しんた	6474
1446	500000000000000011	絃人＠みります道場	6460
1447	81332	アルカード	6438
1448	1000000000000003753	ハリネズミ	6426
1449	96634	WoLF	6424
1450	1100000000000097000	デイビー	6412
1451	900000000000100829	さくら雪	6392
1452	500000000000096851	バターしょうゆ	6391
1453	700000000000071627	オレンジ	6374
1454	947	アンセリス	6356
1455	1500000000000008002	九条幸政	6344
1456	500000000000097510	きつと	6343
1457	1300000000000014095	ヒロキ	6334
1458	1300000000000000207	ライフラー	6318
1459	900000000000055587	かもっち	6314
1460	200000000000001017	しゃれこうべ	6300
1461	1300000000000023521	キリ	6294
1462	1400000000000016008	カービィ	6293
1463	200000000000044318	ケンタッキー	6264
1464	400000000000079014	Player 1004036388	6252
1465	800000000000068557	アイソン	6242
1466	200000000000024183	奏P	6237
1467	200000000000082756	manecat	6234
1468	400000000000080627	FK	6190
1469	400000000000046612	ぷれあです	6188
1470	800000000000085293	しゅうへい	6174
1470	1500000000000034412	ゆう	6174
1472	800000000000015834	鋼(ハガネ)P	6169
1473	200000000000024782	タマゴルビー	6154
1474	700000000000086938	Kヒロ	6152
1475	800000000000096826	はっさく	6129
1476	1100000000000031596	あずき	6125
1477	400000000000079745	Send	6112
1478	600000000000088201	すらりん	6082
1479	1100000000000096931	みりＯＮ	6076
1480	1100000000000040553	みらいパパ	6070
1481	1200000000000025659	あこ	6057
1481	1200000000000094091	ギャロップ	6057
1483	800000000000081844	AKIRA	6047
1484	100000000000001012	ずきもと	6036
1485	300000000000027213	みつ林檎	6022
1486	400000000000014886	窮奇	6019
1487	300000000000097926	水島一純	5986
1488	300000000000097765	霜葉	5985
1489	10293	あとむ	5969
1490	1000000000000022752	katu	5968
1491	400000000000083267	マルキンス	5962
1492	100000000000003838	kou17	5959
1493	1100000000000000248	さぶろー	5952
1494	500000000000099017	イシワタ	5946
1495	1500000000000093764	mikio	5942
1496	1000000000000055309	へび	5940
1497	1400000000000004628	野原＠千早貯金中求)千早のみ出)他HN	5930
1498	1300000000000032383	せり@自分中心、極端な 利己的考え	5927
1499	400000000000090597	Player 1005607588	5925
1500	400000000000004507	キングコング3	5919
1500	1000000000000083622	小山荘の住人 	5919
1502	300000000000097106	110uu	5911
1502	700000000000006452	GichyuP	5911
1504	1400000000000008459	あおはる	5905
1505	100000000000004474	souge2	5889
1506	600000000000074949	kasane	5881
1507	1500000000000085090	山羊	5873
1508	1300000000000006833	はつ	5869
1509	900000000000015440	りゅうさん	5856
1510	1300000000000000583	cacao68	5848
1511	600000000000088169	ぬこ	5828
1512	700000000000088568	ウェスタ	5823
1513	300000000000003469	トレイン	5811
1514	200000000000094861	ばーやん	5785
1514	1000000000000092045	ジガノフ	5785
1516	1500000000000050361	紅蓮	5782
1517	25886	アニキ???	5766
1517	1200000000000003340	くろみつ	5766
1519	100000000000004651	KAD	5742
1520	100000000000085377	kuon	5698
1521	300000000000003602	JUNN1【D】	5688
1522	300000000000047137	むっき	5677
1523	200000000000000471	国連	5664
1524	1300000000000056286	Schwarz	5656
1525	1200000000000055087	白雪	5650
1526	500000000000034140	ブックマン	5649
1527	300000000000100452	acc_gree	5633
1528	600000000000010801	こーすけ	5616
1529	900000000000000468	よんでぃ	5604
1530	800000000000027926	こうはいふれ	5586
1531	200000000000008344	ミッシー	5578
1532	100000000000028090	きだきち	5565
1533	100000000000003612	サニー	5562
1534	1500000000000043987	こういち	5551
1535	1400000000000059093	kurogal	5548
1536	100000000000100653	栗最中	5530
1537	300000000000056139	可奈翼美希	5529
1538	600000000000050264	萩	5521
1539	300000000000013094	イザディ	5511
1540	100000000000023434	かっちゃん	5507
1541	800000000000000866	REO	5500
1542	700000000000003766	もりまる	5476
1543	100000000000027443	ish	5467
1544	1000000000000093429	そらいぬ	5458
1545	800000000000005033	ミラクル田中	5453
1546	1200000000000099716	雨水	5448
1547	200000000000009009	あいかわ	5436
1548	800000000000045536	へビクイワシ	5405
1549	200000000000028129	ＰＨＴＭ	5399
1550	1300000000000061888	チハル	5387
1551	700000000000099477	theloveliver	5383
1552	800000000000071837	itgeek96	5377
1553	1100000000000048499	ゆめこ	5374
1554	1500000000000000637	zendaman7651	5368
1555	100000000000052474	チードル	5353
1556	1300000000000037115	Ｂ	5346
1557	1000000000000050063	シキータ	5340
1558	17413	たけこV2	5339
1559	100000000000021920	ちもこ	5335
1560	1000000000000002034	Oggy	5334
1561	100000000000038867	きゃるてぃ	5332
1562	300000000000093830	遠心破砕拳	5323
1563	400000000000055640	甘栗 ムケ太郎	5316
1564	1200000000000028121	U.N.オーエン	5314
1565	400000000000055444	柏木	5280
1566	600000000000096975	TI46	5278
1567	800000000000083986	meke	5254
1568	900000000000011282	けんざぶろーちょっと釣りをお休みしますm(__)m	5251
1569	1000000000000081794	暁	5208
1570	1500000000000053115	フユミ	5199
1571	1100000000000020647	サメハダ	5181
1572	1200000000000045653	カープ	5165
1573	1100000000000100705	ぱる…多忙です	5164
1574	86824	美琴	5153
1575	600000000000081111	おさわり	5142
1576	1000000000000065360	ムピテコ	5137
1577	200000000000006959	シェード	5136
1578	200000000000098608	ふじたち	5113
1579	400000000000082451	ikr	5108
1579	1400000000000086051	ベルチェ	5108
1581	800000000000000126	まかろに	5099
1582	1100000000000010017	ルイ	5088
1583	1000000000000077669	タル帽	5065
1584	1300000000000055666	さとう	5060
1585	700000000000028649	K.S	5056
1586	500000000000097751	T-sky	5052
1587	1100000000000091208	らすの	5050
1588	600000000000083413	黒炭落花生	5040
1588	1300000000000076781	ロベルトうちの	5040
1590	900000000000086396	アトリ	5037
1591	500000000000100947	c103166	5036
1592	1400000000000095465	butch	5028
1593	1200000000000005116	あくとー	5015
1594	800000000000057910	しらない	5014
1595	100000000000020836	シュウ	5012
1596	88469	アラタ	5011
1597	1500000000000030770	ラト	5008
1598	75400	ガロ【蒼き狼隊】	5007
1599	1300000000000079863	鉞	4998
1600	300000000000005514	こぱん	4984
1601	1200000000000091317	スワ	4974
1602	1300000000000003819	はりあ。	4963
1603	1000000000000079024	慈猿	4936
1604	1500000000000034073	トラキチ	4930
1605	300000000000052088	すねいく(MZD)	4920
1606	1000000000000097138	tkp	4918
1607	1100000000000003525	小松	4899
1607	1100000000000006202	きりゅー	4899
1609	500000000000037247	チー	4884
1610	1000000000000037860	りゅうせい	4881
1611	700000000000086206	Amon	4880
1612	1000000000000101231	すんり	4879
1613	1200000000000048817	朱鷺	4869
1614	1500000000000091323	りか	4863
1615	400000000000010841	まほりく	4862
1616	400000000000052348	かずのん	4848
1617	800000000000077347	Softboy481	4833
1617	1000000000000056642	フロスト	4833
1619	1300000000000022686	アフロヘア	4830
1620	1300000000000003379	影兎	4827
1621	1400000000000076597	せんせい	4824
1622	800000000000015774	deith	4814
1623	1100000000000019650	みらい	4810
1624	200000000000026689	nao	4805
1625	500000000000006337	MANA	4804
1626	800000000000091568	桜子mk10	4797
1627	58531	としお	4790
1628	1400000000000047500	まれ	4781
1629	1100000000000022657	ゆうの	4776
1630	700000000000007286	ゆやゆよん	4746
1631	600000000000004251	らーめん	4732
1632	98928	袁紹	4726
1633	1200000000000006559	ぼちぼち。つっちぃ。	4720
1634	200000000000076452	トッシー	4710
1635	1300000000000014648	∠( 'ω')／	4703
1636	1200000000000097591	koro	4680
1637	900000000000078053	もちょ	4669
1638	1400000000000096823	まさたか	4668
1639	200000000000050199	ヨコヤイノリ	4664
1640	800000000000001549	マッハサンデー（やすくにP）	4648
1641	700000000000032402	ジン	4641
1642	1100000000000073711	コンチョフ	4627
1643	100000000000002017	magic	4620
1644	600000000000061954	ちた	4616
1644	900000000000094823	シルビア	4616
1644	1000000000000098551	えとたま	4616
1647	500000000000056720	伴野摩耶	4608
1648	100575	おいどん	4590
1649	1000000000000030519	マキジ	4585
1650	1200000000000061052	ジローラモ	4584
1651	1000000000000001727	OJA	4564
1652	1400000000000036664	あき	4554
1653	800000000000087359	和泉	4548
1654	100000000000030033	show	4533
1655	900000000000087990	みっち	4527
1656	1100000000000053253	ザラキーマ	4510
1657	800000000000018209	カリート	4499
1658	1200000000000070868	はるたん	4495
1659	100000000000101002	テンペ	4468
1660	400000000000093636	カンヌ	4462
1661	600000000000094231	ウロボロス	4459
1662	1000000000000002988	noki	4455
1663	1000000000000002769	ナンジャラ	4453
1664	700000000000028540	ラプター	4448
1665	700000000000100139	まるお	4441
1666	700000000000003966	海胆( ^ω^ )	4422
1667	600000000000002320	頸動脈	4415
1668	700000000000096774	のずみ	4401
1669	100000000000078805	もと	4375
1670	1500000000000075131	のの(蓮)	4367
1671	700000000000032150	よこだ	4352
1672	900000000000018404	座敷	4347
1673	600000000000031768	睦月	4333
1674	1400000000000011638	直人	4329
1675	400000000000083649	ヘケ	4324
1676	500000000000023392	HARUNA86	4316
1676	700000000000100355	とのに	4316
1678	600000000000006696	t@2hide	4312
1679	1300000000000045762	成長途中	4302
1680	1300000000000051282	しゃむはに	4296
1681	1000000000000003923	ろろ238	4276
1682	700000000000004517	おるた	4274
1683	400000000000094069	maroknee	4265
1684	400000000000075041	てとら	4256
1684	700000000000079739	YUIX真田	4256
1686	1500000000000094170	梨愛	4252
1687	700000000000003969	カレチ	4238
1688	100664	ミカ@N	4237
1689	600000000000059169	あっきー	4235
1690	1000000000000099536	ねこみみ	4230
1691	600000000000079034	うっどべるー3	4221
1692	600000000000012651	C.A.Zeppeli@4th全日程参戦	4218
1693	900000000000096733	Player 1006527401	4217
1694	10039	くみこ	4216
1695	1400000000000070052	ぼいじゃ	4193
1696	1200000000000081343	ゆう	4192
1697	500000000000055614	鳩子	4177
1698	1500000000000013918	モルディヴ	4172
1699	800000000000014755	虹野（ONLINEで放置多いです）	4168
1700	700000000000009556	shinku1225	4159
1701	500000000000059488	Makinari	4148
1701	1200000000000087725	Ketchap_2	4148
1703	700000000000002537	サボり	4146
1704	1400000000000100775	はるのり	4139
1705	1100000000000015244	タブンコンナモン	4138
1706	1300000000000000659	やぎ@幼なじ美奈子	4134
1707	400000000000001439	たけち	4128
1708	300000000000079646	雪木綾	4127
1709	1200000000000013867	茜音色	4123
1710	100000000000050764	水銀党雑用係	4120
1711	900000000000084889	土佐鰹	4115
1711	1500000000000073331	びっつりー	4115
1713	300000000000004692	ナンでもいいですけど	4102
1714	400000000000003261	こ	4093
1715	700000000000003307	周防 尊	4084
1716	1500000000000085186	exippei	4081
1717	900000000000002923	べむ	4080
1718	1200000000000094734	fumi	4066
1719	400000000000100359	Regin	4059
1720	600000000000057538	壹	4055
1721	1000000000000019220	秋焔	4044
1722	200000000000086854	エイラ	4039
1723	1400000000000087334	さえ球	4038
1723	1500000000000077802	kizen	4038
1725	400000000000074763	河邑	4037
1726	1000000000000087096	たれぱん	4036
1727	900000000000099796	茶々花	4024
1728	96997	zm	4021
1729	800000000000042472	クロン	4019
1730	900000000000067783	リージ	4008
1730	1200000000000004875	すぷ～ん	4008
1732	1000000000000027912	ajen	4005
1733	100000000000004988	k-dash	4003
1734	500000000000079051	sorinam	4002
1735	7209	庵	3987
1736	1500000000000010756	もる	3982
1737	1500000000000087311	Player 1005311311	3980
1738	600000000000099090	フレンチカンカン	3969
1739	900000000000008238	くったり	3968
1740	100000000000099862	kuwai	3966
1741	1200000000000052144	冷奴	3952
1742	300000000000000471	ゆん	3941
1743	100000000000024165	グッチ	3938
1743	800000000000001369	JACK	3938
1745	500000000000086745	たらこ	3936
1746	76166	ガイスラッガー 要請×	3925
1746	200000000000099128	momota	3925
1748	99231	Aki	3922
1749	200000000000011191	ドルべ	3920
1750	1500000000000046675	クラトス	3915
1751	1100000000000085170	Player 1004997579	3905
1752	1400000000000082325	アギネス	3904
1753	200000000000018050	【  】Linkwood@国営温泉(ﾉﾟοﾟ)ﾉ求む追撃	3888
1754	1100000000000086676	ojita	3886
1755	1100000000000004620	頑張るマン	3880
1756	1500000000000010370	新しいフォルダ	3866
1757	300000000000087950	七星	3864
1758	800000000000012006	さヴぁ	3840
1759	500000000000026887	こうちゃん	3837
1760	100000000000029782	ウィス	3835
1760	500000000000005232	タムちゃん	3835
1760	1200000000000086577	KASA	3835
1763	1300000000000098620	ひどらじん@同僚さん(　´∀｀)ゞ ｲﾗｯｼｬｰｲ	3834
1764	600000000000098322	ヨッシー５	3830
1765	200000000000039383	モリノフG	3825
1766	96681	タッソ	3824
1767	300000000000079326	さくらん坊	3814
1768	1000000000000075165	さば	3810
1769	700000000000098826	バルゴラ	3801
1770	100000000000038979	しろ	3791
1770	1200000000000006282	枕と布団	3791
1772	500000000000076936	おじい	3782
1773	300000000000079687	YUKI-P	3781
1774	300000000000000829	Earthia	3777
1775	500000000000007085	ポムポム	3773
1776	300000000000003547	さいろ	3764
1777	900000000000081626	踊る三日坊主	3754
1778	1000000000000030472	hanbee	3751
1779	900000000000052122	かとしん	3740
1780	4033	犬鷲	3723
1781	1400000000000026313	竜騎将バラン	3703
1782	1000000000000000519	こばきゃのんmk2	3690
1782	1100000000000079680	クロ	3690
1784	1400000000000033314	カウディー	3689
1785	100000000000000743	まるさん	3654
1786	900000000000001108	Ko-1	3653
1787	200000000000039817	ソード	3650
1788	200000000000070805	きゅう	3648
1789	1500000000000052277	レイズナ	3643
1790	200000000000002906	悠輝	3626
1791	800000000000097298	かる	3620
1792	644	如月樹	3611
1793	1000000000000004936	ぶるん	3556
1794	200000000000009347	にら雑炊	3547
1795	1300000000000011066	柚斗	3530
1796	500000000000020646	ＺＸ	3520
1797	1500000000000054125	はいだ	3519
1798	300000000000100506	OBR	3510
1799	800000000000083978	のじか	3507
1800	100000000000062951	フライ	3500
1800	1000000000000001850	琵琶速秀	3500
1800	1200000000000000340	ぴよひよ二等兵	3500
1803	1100000000000086923	みょん	3493
1804	1300000000000032951	heko*･ﾟﾟ･*:.｡..｡.:*ﾟ:*: ｡ﾟ:*: .｡ .｡	3478
1805	700000000000004127	dai	3477
1806	800000000000087597	りほ	3444
1807	900000000000052176	あいまーく	3432
1808	800000000000086234	miz §越狂會§	3429
1809	200000000000018252	manbo	3427
1810	200000000000073572	sei	3420
1810	900000000000003438	プニム	3420
1812	200000000000059761	にっしー	3392
1812	1500000000000006165	maito	3392
1814	1300000000000099950	よっしー８	3388
1815	800000000000081426	バルキー	3385
1816	800000000000076827	ゆる～るP@隠居	3377
1817	1200000000000057966	アカツキ	3373
1818	1000000000000058705	ハルン	3368
1819	100000000000098764	ジェントk	3367
1819	1400000000000082585	KENT	3367
1821	1100000000000099829	エックスＺ	3345
1822	400000000000085634	椎名久遠	3336
1823	1000000000000086935	どばどば	3316
1824	98249	キンタ	3312
1825	300000000000029945	ビスケ	3306
1826	1500000000000010613	ミラニスタ	3302
1827	1400000000000030523	ｵｰﾉ	3300
1828	1200000000000052684	ひぃ	3284
1829	400000000000022335	kanai_fx	3282
1830	400000000000005906	水無月あるま	3279
1831	300000000000080443	クスノキ	3277
1832	1200000000000078843	T	3271
1833	1400000000000016149	とびっこ野郎	3270
1834	1100000000000085690	Urara	3265
1835	600000000000077961	嘉茂レジナルド	3262
1836	900000000000077738	トマト	3250
1837	800000000000093436	gnm	3246
1837	1000000000000027474	セルフ	3246
1839	500000000000005081	ウメネス	3238
1840	5101	SEEDA/R指定	3216
1840	900000000000008144	星 倫吾	3216
1842	1000000000000058110	樹	3213
1843	500000000000083404	西瓜	3205
1844	900000000000048947	クレオ	3199
1845	1100000000000024295	ryouta	3192
1846	400000000000023904	IMR-765-S.KISARAGI	3191
1847	400000000000022563	シン	3184
1848	600000000000098316	カザ	3181
1849	300000000000002803	としあき	3180
1850	1400000000000073194	いちよふ	3168
1851	700000000000082375	リンゴ	3158
1852	700000000000100287	あさぎ	3157
1853	1200000000000000078	まぐろ	3156
1854	1300000000000052260	宇宙人	3128
1855	500000000000097568	かべ	3120
1855	1000000000000100613	みどりんご	3120
1855	1200000000000028419	いえっさ	3120
1858	700000000000054823	ファルド	3119
1859	500000000000003508	エクセルシオール	3118
1860	200000000000012547	739P	3115
1861	60337	ACミカン	3097
1862	1300000000000087052	ひよこ	3092
1863	1000000000000017193	あきら	3081
1864	500000000000034250	フネ	3074
1865	1500000000000098146	いちいち	3073
1866	800000000000060901	ましろ	3064
1867	400000000000094829	コウタ	3051
1867	1500000000000015289	くまねこ（国際保護動物）	3051
1869	800000000000000363	おうさま	3048
1870	5238	ぶらうぐらな@痛さは強さ！	3043
1871	1400000000000080193	ロイ	3039
1872	500000000000042147	すみ(´･д･`)	3035
1873	300000000000099104	くま	3024
1874	1100000000000099276	のんたん	3022
1875	1200000000000010873	嶌田	3009
1876	700000000000092405	ぽぅ	3007
1877	1200000000000004440	青薔薇《※ごめんねm(_ _)m》	3000
1878	1200000000000055426	ウエサム	2982
1879	1200000000000077269	トクロ	2981
1880	20277	ししょう	2972
1881	900000000000077231	てるりん	2965
1882	1200000000000011006	ゆー・Dada	2961
1883	500000000000002541	きちん	2960
1884	300000000000076795	すみちゃん	2955
1885	1300000000000032790	クララ	2946
1886	900000000000000059	マサ	2940
1887	900000000000060748	yakikatsu	2935
1888	1000000000000058882	ハイバリー	2934
1889	1200000000000026114	ヒロひろ	2933
1890	1000000000000037795	ロマン	2926
1891	700000000000100322	ぺぺ	2924
1892	1500000000000005836	シェルパ	2922
1893	800000000000093142	フェニックス	2915
1894	800000000000001257	リッド	2898
1895	500000000000091669	エンペラ	2890
1896	100000000000039211	ハセ会長	2873
1897	1000000000000002930	まま	2845
1898	1200000000000068902	ヒロシ◎	2836
1899	400000000000001243	MLR	2834
1900	1000000000000085836	見斬り	2829
1901	600000000000096878	CYANGE	2824
1902	400000000000027963	はまっ	2807
1903	1400000000000036935	ウルトラチルノ2	2796
1904	500000000000074798	Luna	2793
1905	200000000000100793	リーフ	2790
1906	700000000000083769	銀鼡	2784
1907	1100000000000080076	テイル	2780
1907	1400000000000086272	ふじみやん	2780
1909	400000000000037880	キリト	2779
1909	1000000000000004688	×アンドレ	2779
1911	200000000000001691	みなづき	2772
1912	900000000000047026	☆颯沙☆	2766
1913	1400000000000057542	かろっぽいど(	2764
1914	1100000000000097708	みそでんがく	2760
1915	900000000000010094	赤羽2nd	2742
1916	600000000000007569	紅の猫	2735
1917	1100000000000095330	みやこ	2731
1918	800000000000010340	デーコフ	2730
1919	1400000000000021931	オオハラ	2722
1920	800000000000076257	白滝	2719
1921	45992	陸奥斗雲	2718
1922	600000000000012912	かわやそ	2714
1923	900000000000002598	トーミ	2712
1924	1200000000000010598	涼ちん	2668
1925	57198	和人	2667
1926	800000000000100400	Player 1008214760	2666
1927	90088	takunefuko	2654
1928	700000000000053506	ざわざわ	2652
1929	700000000000031843	・ω｀・	2650
1930	1200000000000051023	KenKEN@HP,EH,BMD相互募集	2649
1931	1100000000000003890	ウィレム†ｸﾞﾘｰﾝﾚﾌﾄ†△	2634
1932	1400000000000082528	PSN	2623
1933	1200000000000003164	かしおり	2613
1934	500000000000101109	yyyymmdd	2610
1934	800000000000015120	ジェロニモん	2610
1934	1000000000000038040	ひめじたろう	2610
1937	23592	ねー	2596
1938	1300000000000083433	アバドン	2586
1939	1100000000000007290	10mo	2582
1940	100000000000097274	のりたま	2572
1941	1000000000000050292	yuu	2571
1942	1200000000000002062	とまちゃー	2561
1943	1500000000000096517	SWL	2556
1944	59405	しづき	2554
1945	300000000000096137	永毒輔	2550
1946	1400000000000000003	aka3kichi	2548
1947	7789	yun	2535
1948	200000000000086164	メタル	2532
1949	200000000000009960	227	2529
1950	1200000000000042790	やそきち	2527
1950	1400000000000056051	花華無	2527
1952	1400000000000077690	ツルペタマン	2520
1953	1500000000000100780	ニセキ	2483
1954	1400000000000000361	メロンソーダ71	2475
1955	700000000000054177	タク	2470
1956	1000000000000018606	ナルト１４	2465
1957	800000000000002342	みわ	2463
1957	1400000000000001353	くらん	2463
1959	600000000000096866	よっしー	2462
1959	1400000000000000412	mizpong	2462
1961	100000000000012807	しょうりん	2445
1961	800000000000086034	しゐへい	2445
1963	300000000000036878	レン	2431
1964	600000000000028685	にしきの委員長	2425
1965	600000000000051367	エツ	2422
1966	1100000000000005348	ぱぺっと	2420
1967	300000000000043860	いち	2417
1968	500000000000086027	BDRG	2416
1969	400000000000014318	ツラヌイP	2404
1970	800000000000099868	あいきゃん	2401
1970	1100000000000005675	アールー	2401
1972	700000000000036060	ai@風邪が治らない(×_×)	2387
1973	1000000000000003754	咲	2385
1974	1100000000000080460	けいと！	2375
1975	1500000000000074105	jott	2366
1976	600000000000016506	サム	2340
1977	1400000000000009124	ｱｻ	2325
1978	1100000000000055765	マリバタ	2320
1979	300000000000003959	タケちゃん	2306
1980	700000000000080513	のぶたし	2302
1981	1400000000000100026	みるあ	2299
1982	1000000000000045369	坂阿花田	2292
1983	900000000000073800	月善	2288
1984	300000000000008425	Ad伊藤	2286
1985	3892	よもぎ	2282
1985	100000000000058768	てめきち	2282
1987	400000000000047387	マイティ	2281
1988	800000000000093799	果糖	2278
1989	1100000000000094310	きゃに（べ）	2273
1990	1200000000000052550	あふno.10	2271
1991	1000000000000096053	Steven	2266
1992	1000000000000023148	秋司 ＠チケットをご用意できませんでした。	2265
1993	1200000000000083336	真美・にこ・ダイヤとTAKAの仲間達の部屋	2256
1994	400000000000033816	えどがわ	2244
1995	1300000000000001103	芦田宇弘	2240
1996	100000000000074346	もち	2237
1997	1400000000000098497	てんてん	2236
1998	1000000000000082557	ロマンシア	2220
1999	99809	ししょー	2217
1999	200000000000081534	どれいん	2217
2001	400000000000099341	ぶらぶら	2198
2002	1300000000000101549	ウォッカスキー	2181
2003	200000000000086931	たなあど	2177
2004	1400000000000081776	mpcarc	2169
2005	600000000000019206	ゆめじ	2164
2005	1100000000000099539	リョウタP	2164
2007	800000000000051891	みさき	2160
2008	300000000000086307	紅ノ雨二射タレテ	2149
2009	600000000000092920	いかたま	2146
2010	600000000000092895	DestroyerTypeZ	2140
2011	1300000000000007209	バイト戦士	2139
2012	1300000000000052696	カミュ	2135
2013	1000000000000000826	タスク	2127
2014	800000000000061823	碧りんご	2124
2015	1200000000000057218	ゆうこ	2121
2016	100000000000045849	天章	2120
2017	85221	櫻鶴	2112
2018	500000000000075341	ふー	2106
2019	200000000000073746	こむぎ	2105
2020	1200000000000099815	kenkoutai	2100
2021	1000000000000099317	it	2091
2022	1300000000000053612	NOM	2090
2023	79360	コスモ	2078
2024	600000000000093729	ｷｼﾏ	2064
2025	600000000000004016	さどっち	2055
2026	95816	まったりねこ	2053
2027	900000000000074032	karasi	2042
2028	1100000000000010702	さんがりP	2032
2028	1300000000000076293	もっと	2032
2030	500000000000002048	どぶろっち	2030
2031	400000000000100401	たらぽご	2029
2032	400000000000091827	しょう	2028
2033	900000000000046917	くになが	2024
2034	300000000000005447	野蒜	2023
2035	1100000000000094209	known	2018
2036	700000000000008177	なるせ	2017
2037	1300000000000075332	セピア	2016
2038	600000000000001680	ボン　招待は受け付けません。	2013
2039	5112	みる	2010
2040	1000000000000039773	ブヨン	1995
2041	100000000000099337	ﾃﾞｭｵ	1992
2041	300000000000005132	珠洲	1992
2041	1300000000000055368	スターライトブレイク	1992
2044	500000000000081322	ymng	1988
2044	600000000000056203	赤い星	1988
2046	1100000000000008770	まさ☆☆【よね吉団】	1986
2047	1300000000000025325	かず	1979
2048	300000000000031670	F kh	1977
2049	1400000000000096259	su_tan	1970
2050	1000000000000078569	うちのポチ知りませんか	1960
2050	1300000000000030038	キングフィッシャー	1960
2052	55858	そら	1956
2053	49342	なかりん	1950
2054	1100000000000100627	teketeke	1948
2055	77564	ヒロ	1944
2056	900000000000053370	黒百合	1930
2057	400000000000004451	タイダ@パークス組	1920
2058	1400000000000087668	わっとしぃ	1908
2059	200000000000052036	DAIKI	1902
2060	1400000000000095332	ラフランス	1897
2061	400000000000094340	しゃん	1896
2062	200000000000088239	アンディー	1883
2062	1300000000000038498	ＵＴ	1883
2064	1000000000000023772	赤いきつね	1881
2065	600000000000001110	モアダッカ	1869
2066	300000000000007700	非想非非想天の娘	1865
2067	1300000000000013827	わんわん	1862
2068	900000000000085268	うろのろ	1852
2069	1000000000000097692	ひかり	1834
2070	200000000000003582	チニャ	1829
2071	400000000000000459	夕輝	1824
2072	1100000000000038086	Michael	1819
2073	1200000000000072113	アメ	1816
2074	1300000000000024970	ごじょ	1813
2075	924	みーやP@BMD相互埋め募集（出.静香 星梨花 亜利沙	1806
2076	1000000000000004913	ミズ	1801
2077	1400000000000042099	歌が永遠	1798
2078	400000000000098498	にっけ	1788
2079	200000000000055044	けい	1787
2080	800000000000073809	fe1	1782
2081	1000000000000027650	ラベンダー	1781
2082	500000000000086046	庄屋	1772
2083	1200000000000052231	ななしのごん	1770
2084	900000000000099086	スカイ	1768
2085	600000000000093246	ていらー	1760
2086	200000000000033708	リオ	1759
2087	300000000000086982	真紅	1746
2088	700000000000092761	パチュリー	1743
2089	1200000000000056637	レオン	1740
2090	800000000000086280	蝸牛	1735
2091	400000000000046229	時雨	1728
2092	400000000000000825	神崎	1724
2093	200000000000100313	かわい	1719
2094	1000000000000098491	ナボナ	1705
2095	200000000000097848	ケロリン	1704
2096	500000000000094267	ロボ	1700
2097	500000000000001316	カラス	1694
2098	900000000000078877	reomao	1678
2099	1300000000000058257	六	1664
2100	1000000000000101060	かず	1661
2101	900000000000052336	ぼるぼっくす	1659
2102	500000000000085320	ひろ	1653
2103	900000000000088026	なおちゃん	1652
2104	1200000000000013042	とーふや	1651
2105	1400000000000003983	はさみん	1649
2106	200000000000010483	ジューロ	1638
2107	400000000000097720	たっく	1635
2108	1500000000000096928	ひできち	1633
2109	800000000000032077	グレイソン	1632
2110	700000000000000554	(・З･）=３	1617
2111	300000000000004573	ベルナルド	1616
2111	900000000000002714	n.t	1616
2111	1500000000000050122	ささき	1616
2114	600000000000098793	nisemas	1611
2115	500000000000023582	じるぁP	1610
2116	1000000000000008206	nocchi	1606
2117	600000000000080431	たまめ	1599
2118	500000000000056113	音ガエル	1567
2119	800000000000023404	対馬	1564
2120	200000000000093828	かず	1555
2121	500000000000062311	キラ	1550
2122	100000000000075046	ざくろ	1549
2123	700000000000078242	ぜんざい	1537
2124	200000000000084444	きち	1524
2125	800000000000002818	けんけん	1518
2126	81398	セイファー	1509
2127	86769	lumiere	1505
2128	1300000000000084432	輝夜（てるよ）	1498
2129	62394	なる	1492
2130	900000000000078818	タクミンゴス	1484
2131	600000000000012417	dinotank	1480
2132	200000000000099133	つな	1466
2133	700000000000093802	如月千早？ちひゃ	1462
2134	99935	Akahame	1455
2135	59295	ハンコック	1446
2135	900000000000051954	こめつぶ	1446
2137	1100000000000079498	ふぉくす	1438
2138	600000000000017458	ｱｯｸﾝ!!!!!!☆ち～む 劇場おばけ☆	1430
2139	1000000000000055298	とぅってぃ	1429
2140	300000000000100848	marine 	1428
2141	300000000000078601	リュウ	1426
2141	800000000000022428	サナギ	1426
2143	100000000000006245	やまと	1424
2144	1100000000000090875	桜子mk5	1419
2145	1500000000000029366	とちあき	1417
2146	600000000000023890	さくら	1398
2147	1500000000000078520	ぷちとまと	1391
2148	400000000000100873	ぱたぱた	1388
2148	700000000000085696	5013	1388
2148	800000000000006809	リスト	1388
2151	800000000000033944	えとやん	1383
2152	900000000000100068	木野	1382
2153	1400000000000008460	さときち	1375
2154	1100000000000093526	アルト	1374
2155	1300000000000002479	shin	1372
2156	300000000000022866	がっちゃん	1368
2157	1300000000000094569	プロ野	1367
2158	600000000000055258	のら	1362
2159	100000000000011589	ジロー	1360
2160	700000000000003205	くりきんとん	1352
2161	94028	DISK3	1351
2162	81303	青蟹	1334
2163	900000000000028985	Norry	1332
2164	1500000000000061570	CH@OS829	1329
2165	400000000000007207	tak	1324
2166	800000000000023487	とこまたP	1314
2167	100000000000099444	 優	1312
2168	600000000000090716	asr	1303
2168	1000000000000000167	心人	1303
2170	700000000000002599	時雨	1297
2171	900000000000096805	えいと	1294
2172	300000000000023818	ユタカ@ラウメン募集中	1293
2173	200000000000051667	まちこ	1290
2174	1500000000000007726	しすふぃあ	1280
2175	300000000000061709	hoiho	1277
2176	1500000000000048985	マゼラン将軍	1269
2177	1400000000000059137	タイガ	1262
2178	500000000000077663	ぬぬ	1256
2179	1200000000000042263	SYU☆彡	1250
2180	1300000000000101534	Neo-Altrossius	1246
2181	700000000000032355	ゆうひ[ご協力ありがとうございます]	1234
2182	1000000000000093437	みきんぱつ	1232
2183	200000000000020138	こびん	1230
2184	84448	tenkun	1226
2184	1100000000000002846	Motmot	1226
2186	1500000000000091980	ハゲ茶瓶2	1221
2187	77924	jiiko	1218
2187	400000000000028756	たいたんぱー	1218
2187	900000000000036307	カトレア	1218
2190	1100000000000062597	ゆっぴん	1217
2191	200000000000061102	あるか	1210
2192	400000000000092935	きー(※無しごめんなさい)	1196
2193	1000000000000000055	LE-Y/n	1195
2194	1400000000000036153	天ぷら	1194
2195	500000000000082722	生徒36名	1193
2196	200000000000100888	セキシン	1188
2197	700000000000074353	あめ	1178
2197	800000000000003231	よっしぃ	1178
2199	1200000000000001806	Uターン	1162
2200	800000000000022484	松岡ライドウ	1161
2201	800000000000055464	サンタ	1159
2202	100000000000096661	やよかず	1158
2203	500000000000028284	副作用	1152
2203	800000000000096341	なまでん	1152
2205	400000000000080462	樋塚	1126
2205	1200000000000000544	もにゅ	1126
2207	100000000000006645	プールー	1125
2208	300000000000085179	クロエレナ	1120
2209	1400000000000027561	カラカラ	1106
2210	1300000000000091019	vn23517	1103
2211	900000000000011115	ﾄﾞｩﾑ	1100
2212	1500000000000094887	ほそだ	1084
2213	1100000000000001788	†ARIA†	1080
2214	1500000000000101069	えは	1078
2215	1200000000000003824	ゆき	1076
2216	800000000000097054	亜威黒媛	1074
2217	1794	ちゃりるり	1070
2218	900000000000080156	コンタ	1067
2219	1400000000000054253	スラロン＠このみさん単騎道場営業中	1063
2219	1500000000000101272	にぺ★	1063
2221	1500000000000044919	ｱﾈｰﾛ[休み、休み参加中]	1062
2222	700000000000077562	ナマコプロ	1058
2223	400000000000020860	サブアカ	1056
2224	1300000000000003393	蘓我氏	1055
2225	1200000000000099728	bianca	1042
2226	1400000000000080248	ゆきと	1034
2227	600000000000013830	ベル	1026
2228	1500000000000004726	さつま	1024
2229	1200000000000095574	のりす	1023
2230	1400000000000051088	大達人	1021
2231	400000000000014164	かわかわＶ	1011
2232	100000000000061554	ぱるるる	1010
2233	800000000000099590	小豆	1008
2234	100000000000084990	しろねこ	1007
2235	80082	羽南	993
2236	600000000000014989	希望	990
2237	100000000000081639	イナ	988
2238	1500000000000071841	うらせ	986
2239	1400000000000053572	トウテツ	984
2240	400000000000051938	まりかちゃん	982
2241	1200000000000098130	くり	965
2242	1400000000000068749	きょうへい	962
2243	100000000000087779	星海	958
2244	1000000000000086779	あっしゅ	955
2245	1200000000000018159	花摘み	949
2246	200000000000059130	イェーガー	948
2247	400000000000030184	へたれクマさん	947
2248	300000000000097907	ヤクルト	946
2248	700000000000009529	もん！	946
2248	1400000000000027027	アラン．AR	946
2251	1400000000000099661	角刈り	940
2252	900000000000000582	ピーターP	936
2253	1400000000000097872	N@o	930
2254	900000000000099557	Player 1007679529	927
2255	96528	ShiON	925
2256	800000000000097606	ジュリアン	923
2257	500000000000096232	どらいぶ。	918
2257	800000000000086709	武御雷	918
2259	500000000000080305	おちゃづけ	917
2260	100000000000080857	ライマン	916
2261	900000000000011128	cheeeen	912
2262	1100000000000099792	Mie Choa	905
2263	1100000000000099891	tarojo	904
2264	1500000000000038378	.	892
2265	600000000000037265	どるどる	890
2266	1200000000000096063	シュン	888
2266	1400000000000081371	だし	888
2268	1400000000000086436	シャブ太郎	887
2269	6907	まーちゃん	880
2269	1300000000000074055	玄米	880
2271	600000000000097515	ででで	878
2272	200000000000055708	まみ◆アバターはお察し案件(θωθ)	877
2272	800000000000097639	せみかん	877
2274	88431	ぶれっと	876
2275	300000000000055172	魚の餌	875
2276	101240	aqua	865
2276	900000000000055130	あたま	865
2278	1200000000000069224	しんちく	862
2279	100000000000015254	まつどん	854
2280	500000000000006663	バタコ	843
2280	1200000000000061530	スキピオ【招待スルーしてください】	843
2280	1500000000000005320	やまとX	843
2283	1300000000000019608	コータ	838
2284	400000000000001986	あすたー	835
2285	1377	Kiriha	830
2285	200000000000056866	TOTTO	830
2287	1200000000000081545	チワワ	827
2288	700000000000003376	Mia San Mia	824
2289	700000000000047005	しゃけ	810
2290	600000000000008859	シラスホワイト	806
2291	1200000000000054135	あっぽ～	798
2292	400000000000007817	カカカ	796
2292	900000000000012607	ゆう	796
2294	200000000000089151	lop	793
2295	500000000000003156	住吉	785
2295	900000000000099375	プラチナ	785
2297	1500000000000011986	たけお	783
2298	99385	アコンマイン	780
2299	1400000000000073456	かのん	779
2300	600000000000045270	たらへび	778
2301	900000000000097074	ななな	777
2302	300000000000075159	参謀長	776
2302	1200000000000005202	tostossot	776
2304	1400000000000078577	gyugyu123	775
2305	1500000000000054081	ぶてぃ	770
2306	500000000000007383	土木真木P	767
2307	600000000000000359	かむい	759
2308	400000000000097362	ume	754
2309	1200000000000023388	スチール	753
2310	1100000000000085313	soma35	750
2311	600000000000037624	サンゴ	749
2312	200000000000100954	みんみん	746
2313	1100000000000001866	なべひこ	745
2314	1300000000000079341	聴診器	738
2315	54676	マジュニア	731
2316	1000000000000000929	くろー	728
2316	1100000000000002651	かぷり	728
2318	400000000000067533	すずね	726
2318	700000000000081253	マイマイ	726
2320	300000000000012867	ドアッチ	724
2321	100000000000015180	リョウヤ	723
2321	400000000000001541	ほりべあ	723
2323	8765	Ntak	720
2323	500000000000056931	ぼす	720
2323	1100000000000091752	Player 1005723131	720
2326	800000000000017817	奏歩	717
2327	400000000000059012	取得できませんでした	716
2327	900000000000001626	ちぇあー	716
2329	900000000000047068	なお	712
2330	800000000000004216	ほんだら	703
2331	1300000000000073445	トッピ	700
2332	800000000000098184	モノステラ	696
2333	1200000000000095368	成績不良	685
2334	1000000000000007456	雪見川	677
2335	600000000000084253	まぁ～ちゃん	676
2336	200000000000000091	りす	675
2337	300000000000012068	涼月＠瑞希P（元：篠宮）	673
2338	300000000000009856	ままたそ	669
2339	1000000000000006419	たまこ	666
2340	900000000000048131	アサキチ	661
2341	900000000000061552	ヒカタロス7	660
2342	800000000000054977	りお	653
2343	100000000000049899	HN	652
2344	500000000000079310	nonn	650
2344	800000000000086181	かず	650
2346	600000000000074399	伏見	642
2347	47128	よぽぽい	639
2348	800000000000022302	Ｊ@超猿山休園中	637
2349	1100000000000048476	ミフィコ★超多忙(T＿T)	636
2350	1500000000000008622	Mr.3pe	635
2351	400000000000042476	水無瀬	634
2352	600000000000098410	natti0721	633
2352	1200000000000004190	仙丸	633
2354	800000000000096051	るめーく	632
2355	1300000000000093808	ひびかわ	631
2356	700000000000069962	みっつーP	621
2357	800000000000042548	取得できませんでした	620
2357	1300000000000101304	ドラド	620
2359	300000000000024717	シンゴ	614
2360	300000000000078401	ぽこてんＰ	607
2361	400000000000000683	だいまおう	604
2362	500000000000049985	Akts	591
2363	400000000000032461	エアロード	584
2364	1000000000000023022	Togo	583
2365	400000000000046872	とも	581
2366	68346	シン	579
2367	1100000000000060834	れむすけ	578
2368	100000000000074943	ごきげん	577
2369	300000000000086942	P	576
2370	500000000000099841	雪見だいふく	565
2371	600000000000100710	小豆	563
2372	1400000000000024114	ユーリ	558
2373	100712	walker	556
2373	400000000000097908	あんにん	556
2375	1100000000000008721	あわあわ	552
2376	100000000000062727	姫亞@招待シカトして下さい	543
2377	61807	安眠	540
2378	600000000000020072	テイル	535
2379	98927	あいおい	531
2379	1500000000000099970	桜華	531
2381	400000000000004169	季苺	529
2382	1200000000000097438	ネギとろ	520
2383	800000000000067404	ひな	515
2384	500000000000100437	まろにー	513
2385	800000000000036036	たこ	506
2385	1300000000000000721	UDN	506
2387	1300000000000096210	shura 	491
2388	900000000000098535	ペン三	489
2388	1400000000000100790	ツカサマン	489
2390	101395	ぽむぽむ	474
2391	500000000000101284	次三郎	470
2391	1300000000000086009	南野	470
2393	200000000000001633	浮雪	468
2393	200000000000013169	ゼルベス@レオドラスター	468
2393	500000000000061801	うみねこ	468
2393	1100000000000033981	も	468
2397	1400000000000042132	みんと	466
2398	1500000000000000849	ブラケ＠ラウメン募集中	465
2399	700000000000098932	YYP	464
2400	200000000000001582	じゅんく	463
2401	1200000000000076065	KATSU	458
2402	1100000000000013419	galex	447
2403	800000000000036474	どち	445
2404	900000000000056776	シロ	444
2405	900000000000007174	ｊａｍ	441
2405	1400000000000101524	Yong_Ki	441
2407	700000000000004751	かるらてん	436
2407	1200000000000094541	間宮	436
2409	100000000000072464	ボヤージ	433
2410	300000000000085549	ロイP	432
2411	400000000000091388	Godkabe	431
2412	400000000000094311	独茸	423
2413	1500000000000057134	みくり	422
2414	600000000000101100	咸栗子	418
2415	1300000000000095381	Mr.マイペース	415
2416	200000000000078560	まろんちゃん	411
2417	1400000000000033326	ぺぎﾌｸﾞ	410
2418	700000000000060040	ミツ	405
2419	1200000000000004664	あー	404
2419	1300000000000101377	峰月	404
2421	100000000000032679	ウエハース in率激減 すいませんm(__)m	402
2421	600000000000054279	タマカズ06	402
2423	700000000000025836	ぴょん	400
2424	2396	だりーな	390
2425	600000000000008784	るっつ	382
2426	81662	朱雀	375
2426	1100000000000050776	佑斗	375
2428	99816	やーま	368
2428	100000000000030071	コウヘイ	368
2430	400000000000067532	しの	362
2431	300000000000072894	マムー	360
2431	600000000000042789	うっち。	360
2433	1300000000000041440	なみえ	359
2434	800000000000080661	ドライブ	353
2434	800000000000100316	その辺の猫	353
2434	1000000000000067861	ゆか	353
2434	1300000000000080882	しゃと	353
2438	1100000000000097118	にじこま	350
2439	300000000000100918	YSK_1985	346
2439	800000000000097547	されな	346
2441	200000000000011613	搭載歩行機械	342
2442	67763	ゆうこ	341
2443	700000000000064339	suzuko	340
2444	1200000000000044142	♪みゆ{й}*T緑*	329
2445	200000000000098509	しのぶ	328
2445	300000000000003876	ひでっち	328
2447	300000000000003466	tokosin	325
2448	900000000000047533	ま～しぃ＠風邪悪化でダウン中(>_<)	323
2449	400000000000030409	マサラ	321
2450	700000000000009399	留姫	320
2451	1400000000000097337	tsukap	317
2452	1000000000000101300	じーつー@和	314
2452	1300000000000097065	ssgw	314
2454	600000000000074385	ぎしぎし	313
2455	1000000000000058915	めーりん	312
2455	1200000000000033081	れた	312
2457	1000000000000007359	ケット･C･グレイス	311
2458	67762	はるか	310
2458	1400000000000060513	雑木林	310
2460	101053	ミニスタ	308
2461	600000000000003484	ぺたじーに！	307
2462	200000000000086174	アフリカンフェイロー	302
2463	1400000000000078384	ancoro	301
2464	1400000000000100345	Jun	299
2465	61548	ToruDBZ	298
2466	300000000000085481	クレ	294
2467	85262	バルマー	291
2467	1300000000000095651	Takashi	291
2469	900000000000015030	TMG  	289
2470	1400000000000005322	なお	287
2471	800000000000061518	きりと	285
2472	900000000000060489	マルス	284
2473	400000000000100030	ビビ	278
2473	700000000000001252	ジェット	278
2473	1000000000000061158	ザルードン	278
2476	1500000000000011556	ZEN	276
2477	100000000000086900	mujin	275
2478	100000000000046826	カズトモ	274
2479	300000000000099748	ドライブ	273
2480	55723	蓮太郎	272
2481	400000000000097141	かの	270
2482	200000000000049003	♪ぷっち☆	269
2483	900000000000094619	のんびり	262
2484	100000000000061106	nono	260
2485	1100000000000098457	Player 1007120795	259
2486	800000000000000026	ゆう㌧	252
2487	500000000000086931	ノブ	247
2488	500000000000097736	きくらげ	243
2489	300000000000003555	yu-ki	240
2489	1400000000000087021	フリャ	240
2491	1000000000000074119	スリーパー	239
2492	101268	ryoryo	235
2493	900000000000067317	みやび	233
2494	600000000000006108	びーる	226
2495	300000000000098699	まめっち	225
2496	800000000000000280	スコッティ	220
2497	300000000000100927	SparklingYSK	219
2498	1300000000000098407	ひろっち	217
2499	900000000000080434	うえこ	216
2500	1000000000000099523	いとへろ	212
2501	300000000000099967	Player 1007883523	210
2501	1200000000000076495	行火	210
2503	700000000000095242	なにぬねの	209
2504	1500000000000100613	ひろりん	207
2505	1400000000000034924	かずし	205
2506	300000000000083314	まろやか	204
2507	900000000000033257	がく	199
2508	1300000000000093892	-ANRI.-	193
2509	500000000000057249	Kei	191
2510	91503	ﾌ	187
2510	800000000000001982	ゼルダ	187
2512	1100000000000096300	プロト	186
2512	1200000000000094860	天うさ	186
2514	1500000000000098369	Player 1007062831	185
2515	101374	tri_p	182
2516	1100000000000074347	うっしっし	181
2517	1200000000000100705	取得できませんでした	180
2518	700000000000004662	Rebec	178
2518	1300000000000011297	とろろ	178
2520	800000000000052204	月代 慧	175
2521	1200000000000100789	Player 1008328444	173
2522	700000000000099366	あやねろ	170
2523	200000000000101586	トモ	169
2524	200000000000000866	ジョスカ	168
2525	400000000000014970	Nixie	165
2526	800000000000029487	ほのか	164
2527	200000000000099108	松山	162
2528	1300000000000101654	冷やし中華	159
2529	100000000000003042	Moca	156
2529	200000000000056379	ねこ	156
2529	600000000000036753	ｍａｏ	156
2529	800000000000100814	SINK	156
2529	900000000000035507	G.	156
2529	1000000000000009462	メガニウム	156
2529	1500000000000099543	のり	156
2536	1300000000000099621	みつくま	147
2537	77448	あくせ	144
2537	1100000000000090937	いおらん	144
2539	101388	蒼ノ翼	142
2539	800000000000002284	Chat	142
2539	1200000000000098986	momiji	142
2542	1100000000000075597	FRACTAS	140
2542	1400000000000030638	ミィ	140
2544	500000000000101260	spl193696	138
2545	100113	クロジ	137
2546	1300000000000034701	あふひねこ	134
2546	1300000000000099874	@ZLR12	134
2548	700000000000097840	Chaeppie	130
2549	900000000000099341	ナノアスP	129
2550	1500000000000083713	dai invent03(　ﾟдﾟ)	123
2551	800000000000048058	ｵﾀﾞｼｮｰ【(^o^)】	122
2552	100000000000001054	霧島	120
2553	200000000000101074	イレイズ	118
2553	400000000000032491	ユウ	118
2555	1000000000000000535	室田沙耶	117
2556	900000000000098155	のらせ	113
2556	1400000000000080534	ゼファー	113
2558	600000000000059178	夜魔王	110
2558	600000000000099519	インペリアルクロス	110
2560	1300000000000023052	でんでら	109
2561	1500000000000000680	きんにくさん	108
2562	1500000000000048717	まっちぃ	106
2563	100000000000049277	@保坂	104
2563	1100000000000087590	こはぬ	104
2563	1500000000000011189	pokka	104
2566	400000000000015266	ののワ	102
2567	300000000000058632	シンデレラ	101
2568	400000000000080581	Bisco Aoki	99
2569	100000000000055034	オルフェーヴルⅦ世	98
2570	1100000000000044655	もりさん ※なしすみません。	97
2571	500000000000002495	ひぃ狐☆	96
2571	1100000000000079999	テマ	96
2573	300000000000100976	Player 1008355427	94
2574	200000000000081158	木元	92
2575	700000000000096887	ナカムラ	82
2575	900000000000054153	ゆかな@ランスロット好き	82
2577	100000000000101245	ハッピースケ	81
2577	400000000000099464	IKU	81
2579	1000000000000100196	Player 1007771466	78
2580	1100000000000049636	柴犬P	77
2581	100000000000100974	Player 1008261665	75
2582	700000000000100044	ラムノス	74
2583	1300000000000023734	lbrt	72
2584	1500000000000056784	しぇり	70
2585	700000000000055182	東方うみんちゅ	69
2586	200000000000081345	えびふらい	66
2586	900000000000097737	いちご	66
2586	1400000000000101240	∞ERI∞《☆ROCKON☆》	66
2589	800000000000075184	夜助	65
2590	1500000000000055781	けー	62
2591	200000000000004888	Kei	60
2591	500000000000101179	妹尾大輔	60
2591	1000000000000061102	murakenzu	60
2591	1500000000000002967	ていく	60
2591	1500000000000023252	ﾄｩｯｰｽ春日	60
2596	94395	ino	58
2596	1300000000000100356	おもち	58
2598	1500000000000074724	ま	54
2599	200000000000086966	トシピー	52
2599	300000000000005798	タイガーミッキー	52
2599	500000000000100643	中里 合気道	52
2599	1300000000000085384	tekkamaki	52
2599	1400000000000065068	Player 1002081262	52
2604	900000000000031565	樹神	50
2604	1200000000000039928	つとくん	50
2606	600000000000101102	たけのこ	48
2607	92796	のんの(^｡^)	44
2607	600000000000101022	もなか	44
2609	1100000000000099641	Player 1007639451	43
2610	1400000000000101515	inooni	41
2611	700000000000019949	リーア	40
2612	900000000000100620	Player 1008253465	39
2612	1000000000000017029	こそ夫★ｳﾞｧﾅ★覚醒準備中	39
2612	1400000000000101581	く～	39
2615	700000000000101056	やすぽん	38
2616	81088	ふにゃー	37
2616	700000000000101657	南高梅	37
2616	1200000000000012789	ぱろたこ	37
2619	1500000000000101246	Player 1008343471	36
2620	300000000000048268	ёはなまる『翔龍』皆さんの協力に感謝です(*^o^*)	35
2620	400000000000100437	（仮）面ライダー	35
2620	400000000000100870	MYLENE	35
2620	700000000000101262	逃げちゃダメだ	35
2620	1300000000000052334	ガロン	35
2620	1300000000000101545	MAX	35
2626	1400000000000017005	きいよ	34
2627	300000000000100942	Player 1008345299	33
2628	100938	♪ヤマ	32
2628	100000000000058601	Chikage	32
2628	1400000000000043992	正義【紅孔雀】ミッションなんとか完、要請参戦感謝ですm(_ _)m	32
2631	200000000000006087	ペータ	31
2631	500000000000034882	シロエ	31
2631	800000000000100676	死神 黒崎一護	31
2634	300000000000043780	まつ おふ	30
2634	600000000000009683	セシールZ 	30
2634	1300000000000101603	だんちゃん	30
2637	101253	かなふし	29
2637	900000000000011726	マック	29
2637	1000000000000088184	ひめ☆	29
2637	1500000000000026480	御刻	29
2637	1500000000000048503	たか	29
2642	700000000000021169	にわ	28
2643	300000000000100926	じょん	27
2643	800000000000049861	なで肩	27
2645	48019	取得できませんでした	26
2645	1200000000000043492	kazak	26
2645	1400000000000101134	azu	26
2648	600000000000035895	ゆみみ	23
2648	900000000000100589	童女	23
2650	300000000000023002	おぱぴょん	22
2650	1200000000000073109	ann	22
2652	1500000000000101297	宮永P	21
2653	200000000000015655	レイゲル	20
2654	73860	名賀	19
2654	400000000000023431	くーろ	19
2656	700000000000101486	さなわら	18
2656	1400000000000101011	マツくん	18
2658	200000000000101578	Player 1008338290	17
2659	300000000000084196	あめしょ⊿ア①	16
2660	47633	タカポコ☆	15
2660	200000000000044352	ああ	15
2660	700000000000040266	竹輪丸	15
2660	700000000000101494	ルピナス	15
2660	900000000000004417	タクチー	15
2665	700000000000100809	Player 1007979559	14
2666	700000000000043827	ダイ†心の翼†　	13
2667	400000000000100441	ルシファ	12
2667	400000000000100871	FEAZE	12
2667	900000000000100484	ひで	12
2667	900000000000100747	ミノルちゃん	12
2667	1200000000000100709	いのり　	12
2667	1500000000000044768	T@K@Boo	12
2667	1500000000000052155	百式	12
2674	400000000000100297	あお	11
2675	300000000000037980	ろくじん(Δ)	10
2675	600000000000040235	かなたん#イベ仲間に感謝(AKB48トレリス有 11/16更新)	10
2675	900000000000100735	kumin★【多忙】ﾄﾞﾘ仲間に感謝♪ｺﾒなしm(__)m】	10
2675	1100000000000100634	sora3531	10
2679	300000000000100764	S.M	9
2679	300000000000100906	395624103	9
2679	400000000000100467	つよし	9
2679	600000000000058693	任務	9
2679	800000000000098241	isaki	9
2679	1100000000000100984	ケンイチ	9
2679	1500000000000047216	つばさ	9
2686	80856	ピースマン	8
2686	100000000000101182	風	8
2686	300000000000074322	きらら	8
2686	600000000000100988	ゆか	8
2686	1000000000000000425	浅井 蒼空	8
2686	1500000000000049664	もも	8
2692	100000000000095007	Player 1006138513	7
2692	400000000000016309	なーこ(*´∀`)	7
2692	600000000000100538	まっちゃん	7
2692	700000000000059525	シャイナ×♪BON♪まったり参戦中(о´∀`о)	7
2692	900000000000065261	クローズバツ	7
2692	900000000000100609	Eriya	7
2692	1300000000000060671	アーモンドミルク 大物、覚醒退治感謝ですm(_ _)m	7
2692	1500000000000039753	ﾏｯｷｰ☆	7
2700	4826	ザイリン	6
2700	20473	山猿改	6
2700	100000000000100695	マッカン	6
2700	200000000000048120	☆Santo☆	6
2700	200000000000101516	おん	6
2700	200000000000101595	くっきー	6
2700	300000000000044230	おさギルドお昼仲間募集中	6
2700	300000000000092349	ﾋｶﾙ	6
2700	300000000000099386	まさき	6
2700	400000000000091748	朔太郎	6
2700	400000000000101006	Player 1008340308	6
2700	400000000000101083	Player 1008362532	6
2700	600000000000083101	み～ぃ☆★	6
2700	700000000000097718	はな	6
2700	700000000000099874	ねろのす	6
2700	800000000000043513	まめ	6
2700	800000000000049148	天魔王	6
2700	800000000000059028	カズ	6
2700	800000000000100576	アル＝ランクル	6
2700	800000000000100682	畑中杏介	6
2700	800000000000100683	ミク☆お仲間に感謝m(_ _)m	6
2700	900000000000100467	みきとん	6
2700	1000000000000101394	Player 1008353338	6
2700	1200000000000100776	ｾﾌﾞﾝｽﾀｰ	6
2700	1300000000000059405	☆ポン太☆【あざ～す】	6
2700	1300000000000079593	5人打chain系統	6
2700	1400000000000048728	にせんくん	6
2700	1500000000000047296	ヤスベー　	6
2728	38505	ピョコ(´・ω・`)	5
2728	100000000000101148	ヨウ	5
2728	400000000000100918	タケ	5
2728	900000000000020134	サッキー	5
2728	1000000000000101407	取得できませんでした	5
2728	1000000000000101410	大新聞	5
2728	1200000000000100277	きなこ⑬τёам魚雷妃ω覚醒⑯ご協力有難うございましたm(__)m大物0参戦OK	5
2728	1200000000000100885	decane	5
2728	1300000000000013205	さすらいOG	5
2737	99832	にな	4
2737	101313	たっくん	4
2737	100000000000059654	ダークホーク逆襲の鷹	4
2737	200000000000017686	"〆法開花〆ﾄﾞﾘ仲間募集中!!"""	4
2737	200000000000043364	本屋	4
2737	200000000000101639	ちぃもん	4
2737	400000000000023867	烙緋	4
2737	400000000000049719	あい	4
2737	400000000000074425	じゅん【Blueimpact】	4
2737	400000000000074494	＊蒼＊	4
2737	500000000000101325	Cockster	4
2737	600000000000091070	ｵﾙﾃﾏ	4
2737	600000000000101180	yyrgui	4
2737	700000000000100379	Player 1007585799	4
2737	800000000000059899	McLHONDAo(^-^)o	4
2737	900000000000100666	らむね。	4
2737	1000000000000059402	ゴンチ	4
2737	1000000000000078020	オモイカネ	4
2737	1100000000000047366	健君ε=ε=┏( ・_・)┛	4
2737	1100000000000073108	モレ	4
2737	1100000000000098575	lijianfei199215	4
2737	1100000000000101014	ショウ	4
2737	1200000000000045542	おみちゃん	4
2737	1200000000000099210	lijianfei199218	4
2737	1300000000000097539	ローズヒッ	4
2737	1400000000000049662	きしざる	4
2763	48725	ｔａｋｅ６４４５	3
2763	53946	ゆりりん	3
2763	101295	ひらり	3
2763	100000000000052315	クマ	3
2763	100000000000085779	＊Mёrry＊ ε*з☆?:_☆ε(*'-')з	3
2763	100000000000096040	うにな	3
2763	100000000000101203	Player 1008326209	3
2763	200000000000055387	青いそら	3
2763	300000000000033687	BeachBoy 多忙､コメ無しm(_ _)m	3
2763	300000000000092375	ともにぃ	3
2763	300000000000100807	邪神アイゲス	3
2763	400000000000046376	グリーンスター【ﾊｰﾄﾞﾛｯｸ】	3
2763	400000000000047974	hohoh3	3
2763	400000000000071839	せんと	3
2763	400000000000100972	Player 1008325620	3
2763	400000000000100998	Player 1008335780	3
2763	500000000000048454	大河@(*´Д｀)ﾊｧﾊｧ	3
2763	500000000000094400	ＰａＰａ	3
2763	500000000000101232	Player 1008338677	3
2763	500000000000101265	トモ	3
2763	600000000000019293	ひろ(残り⑩⑫)	3
2763	600000000000058855	ダーリン	3
2763	600000000000097057	桃太郎‥神‥UFO‥神 1日 30体オーバー	3
2763	700000000000044135	☆たっくん☆	3
2763	700000000000048816	とも	3
2763	700000000000101532	まさ	3
2763	700000000000101638	ray1988rain	3
2763	800000000000041064	もんど  (8:00Lv28)放流します！援護ご協力宜しくお願い致します！	3
2763	800000000000100246	①うほ②うほ③うほ【泡狸】	3
2763	800000000000100605	たらお	3
2763	800000000000100733	わたぁ～	3
2763	800000000000100754	光紀	3
2763	900000000000043665	グッチ	3
2763	900000000000073113	 †四煌†百蘭	3
2763	900000000000100764	ピストール	3
2763	900000000000100833	テル。	3
2763	1000000000000003268	metarepanda	3
2763	1000000000000017176	げんさん＊マイペース稼働中	3
2763	1000000000000044380	ロックマーシュ	3
2763	1000000000000048364	めいく（皆さん応援有り難う(^3^)/）	3
2763	1000000000000097231	Player 1006562586	3
2763	1000000000000100806	クー＊多忙の為、マッタリです!!（>_<)＊	3
2763	1000000000000100920	いくいく【強々竿レンタル中(^O^)アクアさんありがとう～】	3
2763	1100000000000032417	マッハ	3
2763	1100000000000100454	ミコちゃん/	3
2763	1100000000000101028	Player 1008338027	3
2763	1200000000000002990	里香†五位堂結†	3
2763	1200000000000054172	はたやA4	3
2763	1200000000000100856	ここから	3
2763	1300000000000041049	東海帝王【求)出)阪神ＪＦ◎	3
2763	1300000000000091917	★しずく★ドリお仲間募集中(* ´ ▽ ` *)ﾉ	3
2763	1300000000000101620	おこぜ	3
2763	1300000000000101649	夏生	3
2763	1400000000000093076	サック	3
2763	1400000000000101454	‡なると‡	3
2763	1500000000000016447	キヨ	3
2763	1500000000000056518	ｶﾂ	3
2763	1500000000000062267	はせぴょん	3
2763	1500000000000097731	あめり	3
2763	1500000000000100645	真田丸	3
2763	1500000000000100711	コハマン	3
2763	1500000000000100758	アホヅラー	3
2763	1500000000000100814	夜勤㊥珠緒(´；ω；`)覚醒討伐ありがとぉｺﾞｻﾞｲﾏｼﾀ	3
2763	1500000000000101103	よっちん＊＊	3
2827	100000000000091977	千歳	2
2827	100000000000101108	たかたい	2
2827	400000000000016175	★Aqua★	2
2827	400000000000100869	かず お助けありがとデス(´・J ・`)	2
2827	400000000000101066	ksr961	2
2827	500000000000100780	クルルギスザク	2
2827	800000000000100591	Player 1008292120	2
2827	900000000000028254	ういっしゅ(皆笑顔がいいにゃ)	2
2827	1200000000000007887	Nagi	2
2827	1300000000000003802	もりポン	2
2827	1400000000000049351	かず	2
2827	1500000000000004767	∞黒猫∞ｽﾏﾎ使用中♪	2
2839	100000000000009311	ゆう☆協力感謝ﾃﾞｽ(°Д°)	1
2839	100000000000100853	THOMAS	1
2839	200000000000046616	☆たま☆	1
2839	300000000000097623	(ﾟДﾟ)ｺﾞﾙｧ	1
2839	400000000000059111	ユキ:RC:機種変のため苦戦中	1
2839	500000000000011713	おまめ	1
2839	500000000000049048	†神竜ノ翔宿†★Mａｉ★	1
2839	500000000000060075	コウジ	1
2839	600000000000044140	りりぁ	1
2839	700000000000001584	ノエル’	1
2839	800000000000020254	こまゆかーちゃん	1
2839	800000000000073501	龍馬	1
2839	900000000000049451	ｳｷｮｳ+(ﾚｱ+)[赤い悪魔+]★20	1
2839	1100000000000100490	北さん	1
2839	1100000000000100491	ﾘﾊﾞﾝ王(^^)d	1
2839	1200000000000100688	KKKZOO	1
2839	1300000000000047859	あっくん	1
2839	1300000000000059555	ルリ	1
2839	1400000000000006676	みん☆みん	1
2839	1500000000000101107	カヅト	1
