1	1400000000000008953	のりお	715714
2	700000000000079998	あはら	695180
3	1000000000000062150	ヒーロー	677991
4	400000000000077106	とろ	674582
5	1500000000000052004	羅針盤	654237
6	700000000000000634	みふぃ	602398
7	4307	おーじ	560171
8	1400000000000057454	ジャンボ	540036
9	600000000000078187	ジョン	527232
10	400000000000060506	フライン	521508
11	400000000000083652	はむ	513648
12	400000000000003886	ｼｭﾝｽｷﾞ	504583
13	300000000000003351	たまやむ@ここはまるで夢のようなラウンジ	503883
14	1500000000000037412	プニオ	495169
15	1000000000000046951	青紫蘇@中間入賞 ご協力感謝です	455301
16	900000000000006767	オマリ	452918
17	1300000000000079628	ジョカ	447697
18	700000000000000825	ﾓﾝﾃﾞﾝｷﾝﾄｼﾞｬﾊﾟﾝ ｱｲﾄﾞﾙﾏｽﾀｰ課 課長	444648
19	800000000000007580	高司真也	435493
20	1200000000000006990	武田	424370
21	1000000000000055119	Rogi	419369
22	1400000000000027701	Nacky	417851
23	500000000000028574	ZAZA	414458
24	500000000000005365	南の果て	392074
25	500000000000085845	まつきち	379618
26	1200000000000058711	ぴーえいち	356790
27	1200000000000061983	kuma	352721
28	800000000000073773	subtle P(さとる)	323806
29	1200000000000079254	クマノミ	323093
30	800000000000004150	036	306110
31	1400000000000011336	さぁもん	302801
32	800000000000096110	躑躅ヶ崎	298635
33	1400000000000054736	YP	294266
34	1100000000000055347	メンチMk-II 2nd=zwei	293041
35	500000000000062349	nabemi	274980
36	1000000000000014966	うみくん	264043
37	200000000000022508	シリアル	262391
38	400000000000012260	あすまん	257088
39	200000000000012503	ｔｍｋｎ	250163
40	400000000000081742	スクラップ	249364
41	900000000000096805	えいと	243584
42	1200000000000003093	スーズー	233095
43	1400000000000076603	電信柱	230987
44	200000000000045329	こじじ	229378
45	100000000000000015	コッペリア	225281
46	800000000000062164	isto	224880
47	100000000000009115	cham1231	218944
48	1400000000000051251	しおどめ	215145
49	1300000000000063165	uruna	215084
50	800000000000092921	ゲオルグ	215002
51	1000000000000035930	らんでぃー	212452
52	900000000000004515	かまたま	209354
53	84374	けいとら	208626
54	100000000000008229	やん	200539
55	900000000000085865	ハンティ	198815
56	400000000000080236	teko	195290
57	900000000000051147	ドヤP	186030
58	68517	toy	180384
59	100000000000004599	ミタキムラ	179474
60	700000000000006419	epo	176602
61	1300000000000056885	kaz	174010
62	200000000000085703	ジーニョ	172438
63	1000000000000000101	モコ	171541
64	84087	坂本サトシ	170754
65	1000000000000000540	オリン	169149
66	1214	MUHAAA	168803
67	1300000000000101484	のぎはら	168459
68	300000000000055542	R団＠愛と真実の悪を貫くラブリ(ry	168391
69	700000000000035691	ノキさん	167944
70	100000000000041536	ポコ	167597
71	1000000000000087007	みぃれりょんぬ	166278
72	500000000000095028	sleepsheep	165385
73	600000000000004569	yuyu	164588
74	400000000000046397	いたこらぶ	158693
75	1100000000000010381	azuu	158297
76	300000000000086899	Avaloki	156616
77	600000000000027996	けんけね☆ハムカツは薄揚げで(*´∇｀*)☆	155890
78	1300000000000034423	くるくる	154115
79	1400000000000052590	りすと	152676
80	500000000000100457	nn13	151743
81	400000000000099318	路人9527	151550
82	1400000000000056616	弱いサカナ♪	151344
83	100000000000019362	角刈り雀	151119
84	700000000000046758	まっそん	151069
85	600000000000004511	あたみ	150981
86	800000000000076672	ちゅーに	148171
87	1100000000000002960	きっき@エレかれ	146777
88	500000000000011416	さち＠アリス	143948
89	1000000000000013915	熱気バサラ	142579
90	100000000000004042	エッセンシー	141814
91	200000000000097350	chirimen	141396
92	1400000000000085858	P(otato)＠同僚募集中	140229
93	1200000000000075394	ひるげりょ	140040
94	100000000000054391	みなかた	139683
95	600000000000015369	エザ	139530
96	1300000000000051051	ネモフィラ	138449
97	1300000000000028828	靄	138421
98	700000000000051110	カリュウ	137734
99	1200000000000061773	ギロにゃん	133975
100	800000000000012102	ＴＨＥ恋	133416
101	1500000000000000499	☆なが☆（ながライブ☆サンシャイン）	132888
102	1500000000000074564	K氏	131855
103	1500000000000007471	gumicc0	131006
104	900000000000000266	桶P	129356
105	700000000000074287	maguro	128696
106	78906	Helghast	128694
107	800000000000037214	偽マリオ	127565
108	1200000000000098785	りんりんご	126749
109	700000000000045530	Rev	126363
110	500000000000000179	リュウキ@ラウメン募集中	125525
111	1100000000000003636	aiSuzuki	125046
112	1100000000000072994	さむちゃん	124975
113	1200000000000050907	いっき～	122791
114	1300000000000037238	白葱	122742
115	800000000000073824	ava	121290
116	62478	ジョンスミス	120149
117	75638	きゆつき	119009
118	900000000000033850	逆走	118895
119	100000000000002543	じんじゃー	118136
120	100000000000057898	スーホ	116304
121	100000000000092122	keit	115925
122	1300000000000081230	くらね	115152
123	1000000000000058110	樹	112338
124	900000000000020793	毘瑠刃院	108696
125	1200000000000003392	クラナド	108529
126	500000000000076385	ディエゴ	105706
127	1200000000000051075	きぬんちゅ	105588
128	300000000000080414	ジャン@同僚募集中	105105
129	500000000000000227	サーモン	104643
130	500000000000011717	ももぞの（ちなヤク）	103636
131	900000000000052251	麒麟	103539
132	600000000000003701	三万石(´Д` )	102634
133	2743	勾玉	102095
134	600000000000041979	oni[]	101596
135	900000000000075001	まこＴ	101491
136	600000000000009091	干_藏	100292
137	400000000000013345	ぴぃくん 大阪に戻ったのだ	99250
138	900000000000026956	わ～や	98996
139	500000000000085646	ラツマ	98873
140	1400000000000060132	クララ	98535
141	1000000000000003575	きちえもん♂@BMD茜ちゃんあります	97937
142	100000000000000042	英雄	96772
143	1500000000000051779	sako	95854
144	900000000000058550	ラル	95835
145	300000000000059007	たこやき	95779
146	1400000000000000550	みすてゐルカ@4th待機	94570
147	200000000000055909	ヨッキュン	94070
148	1500000000000055142	boi	92656
149	100000000000050991	デスなおぽん	92524
150	500000000000006918	らい	92323
151	400000000000002075	さっく	92191
152	1100000000000073051	ブルーサンダー	91197
153	200000000000034189	東史朗	90382
154	100000000000014598	オネション	90244
155	800000000000015033	きいち	87925
156	1300000000000012636	けろぅたん	87686
157	800000000000013105	ろまね	87472
158	1400000000000085851	さてら｡@同僚募集中	86887
159	85541	鉄扇(枝ヶ茶)	86042
160	1400000000000019162	たかや	85757
161	700000000000037424	ケイト２	85053
162	58889	とっとーと	84583
163	1500000000000003414	mgskmb	83719
164	700000000000073551	☆ 輝きの婿 小川A ☆	83710
165	800000000000023232	あや	81784
166	1500000000000099853	オロオロ	81717
167	800000000000055813	しゃあぽ	81631
168	1100000000000082901	たむそん	81330
169	100000000000058797	すけさん	80763
170	900000000000013218	nemunemu	80712
171	1100000000000008447	ぐんたま	80579
172	200000000000057275	水餅	80285
173	700000000000022243	肉	80267
174	100000000000083519	cultivate	79480
175	1200000000000093754	裕@同僚募集中	79128
176	200000000000057399	c.h.A.	78928
177	300000000000053242	エル	78726
178	200000000000051132	とまとう	77983
179	54656	CHARGE	77687
180	1500000000000050250	Fumizki	77611
181	500000000000101451	まぐ	77356
182	100000000000007688	松丼	77076
183	700000000000098565	ひで	76916
184	600000000000005209	へろゆき	76715
185	1400000000000002026	ちゅらさん	75936
186	400000000000055259	Ｄａｙ	75895
187	400000000000077540	なむやん	74584
188	1100000000000005822	totty	74513
189	1000000000000007190	lp	74458
190	500000000000019423	ぱるぱる	73907
191	900000000000082751	ありす	73317
192	500000000000092855	プライル(銀耳機)	73280
193	1500000000000004263	こず	72852
194	100000000000012660	ゆ。	72511
195	1000000000000060316	BNP	72008
196	700000000000041045	fide	71719
197	1100000000000095433	ヴォイテク二等兵	70830
198	1200000000000078325	colonel	70737
199	1300000000000102699	緑の野菜	70536
200	900000000000098920	砂袋	70520
201	500000000000013943	enchante	70223
202	61666	夕凪	69984
203	100000000000010201	へいし	69721
204	1100000000000022002	筒屋	69570
205	92168	アンテプリマ	69179
206	300000000000039164	サシャ	68693
207	500000000000012674	ヒューバー	68274
208	900000000000061824	しょうたま	68268
209	1200000000000006006	福 (;´д｀)	68238
210	1500000000000025692	Yuko	68218
211	400000000000055878	かばん＠招待スルー友達募集　無言申請歓迎します	67511
212	700000000000097517	log	67433
213	1400000000000061307	知多娘	67158
214	100000000000012696	ボルヘッティ	67056
215	400000000000091388	流星真壁	66833
216	1000000000000098024	くらぱら	66706
217	1100000000000009742	塩砂糖	66554
218	100000000000098456	apricot	66453
219	400000000000009872	マヤー＠プロミでカタルシスクライシス	65677
220	1400000000000052090	adeko	65669
221	300000000000054024	本場の畜生	65517
222	700000000000025578	カンサイサオ	65374
223	300000000000077384	Alan	65129
224	1200000000000040952	もやもや	64934
225	100000000000049011	兵庫侍	64640
226	900000000000098519	さば	64426
227	1100000000000013973	afumai	64421
228	800000000000001520	みぃ	63943
229	900000000000026819	くまねこ	63391
230	400000000000095709	はるいと	63325
231	900000000000023147	逆ぶちメガネ	63324
232	900000000000027800	NICCI	63278
233	1200000000000010814	味噌煮込みコアラ	63177
234	1300000000000077111	かなえじゅん	63016
235	700000000000030929	てつ	62974
236	1100000000000002964	さんけん	62640
237	1100000000000006347	稲妻将軍	62180
238	1100000000000061673	くまモン	62153
239	1000000000000074892	屋敷	61749
240	900000000000082093	しんよ	61134
241	1300000000000087335	gorani	60991
242	300000000000049017	コイル男	60937
243	800000000000070796	minori	60924
244	1300000000000094993	NZ	60837
245	300000000000001049	2416	60746
246	400000000000001371	ロジット	60731
247	300000000000096206	光速の逃亡者	60713
248	800000000000048159	亜堕馬	60581
249	1500000000000027862	しそもり	60536
250	1300000000000062577	照々坊主	60469
251	500000000000029942	やっさん家	60442
252	700000000000000927	ムヒソフト	60336
253	600000000000076237	ハイエース	60256
254	900000000000001036	ベイス	60254
255	800000000000061642	genis	59380
256	600000000000056314	わーじ	59376
257	500000000000075890	コウジ	59298
258	1100000000000100031	とろす	59008
259	700000000000003875	キョウ@	58866
260	1300000000000052581	黒風	58696
261	400000000000004113	RUI	58646
262	1400000000000013125	キョウ	58487
263	588	うにりんご	58063
264	1100000000000009481	ネット詐欺乙	57591
265	14309	ブルーズ	57562
266	600000000000053992	shuz041222	57262
267	200000000000087383	COYG@ARS	57186
268	700000000000013105	nmlnml	57085
269	1100000000000054036	ZAP	57038
270	1100000000000050740	にょろ	56901
271	700000000000001905	未定（仮）	56706
272	900000000000081014	トモ	56678
273	800000000000026331	なーしぇる	56612
274	1400000000000095578	たっつん	56391
275	900000000000026092	小鳥木	56213
276	1400000000000007390	Tia	56138
277	1500000000000035516	孫策⌒☆【p☆p】...	56052
278	200000000000086690	花丸うどんm	55954
279	700000000000062371	ねここたつ	55708
280	1300000000000038991	よっち	55596
281	300000000000014192	コジコジ	55581
282	1000000000000075888	柏	55222
283	800000000000061192	りばっぢ	55192
284	1300000000000000020	Whitesox	54940
285	700000000000024719	潔白	54932
286	1200000000000005310	MyA	54690
287	900000000000009762	☆ｒｏｔ☆	54429
288	900000000000098946	回し者おじさん	53625
289	200000000000039383	モリノフG	53521
290	300000000000096859	46cha	53374
291	400000000000028368	カミツキ@忘れるな、この痛み・・・	53014
292	900000000000022708	なかやん	52768
293	1400000000000055663	寿音	52742
294	400000000000008281	ボストロール	52730
295	1200000000000000854	らき☆缶P	52662
296	29734	トッシ	52578
297	500000000000059054	すー@木戸ちゃん単推しマン	52565
298	700000000000088253	カク00	52554
299	800000000000003409	osaki	52533
300	1300000000000068014	オヤスミン	52134
301	30271	闇の傀儡師	51963
302	1200000000000078214	日常	50932
303	78937	ペス	50678
304	1300000000000054562	ﾛ	50330
305	800000000000070409	た～き～	50284
306	300000000000013136	トラファルガー・ロー	50260
307	400000000000003723	うーたん	50208
308	900000000000051992	こたつ	50201
309	1100000000000003341	禿鷹ラック	50190
310	1200000000000051048	清那	49966
311	500000000000091312	*みつぅん	49871
312	400000000000005996	イチ	49667
313	1300000000000007852	萩原雪歩@まさゆき	49534
314	1400000000000016149	くさや	49497
315	1200000000000096027	はなまる	49178
316	200000000000002212	Pisces	48952
317	900000000000099241	蟹光線	48690
318	1200000000000061052	ジローラモ	48473
319	1100000000000094701	Lose	48416
320	500000000000079954	ここのえーさく@BMD相互埋め希望	48210
321	300000000000095839	ハク	48130
322	1200000000000080674	もぐたん	48090
323	400000000000075237	teruteru	47978
324	1500000000000091175	Air	47700
325	1400000000000084982	RYO	47664
326	200000000000008027	つっちー@同僚募集中	47385
327	1200000000000011290	楓	47320
328	1500000000000049114	Genjou	47273
329	600000000000096466	フォイヤ	47220
330	1300000000000100297	みあ	47180
331	700000000000085560	オラ太	47147
332	1300000000000003596	ケケワン	47059
333	1200000000000000274	かる	46985
334	13195	ぴこぷぅ	46720
335	300000000000009465	ddrks	46679
336	1100000000000099902	ドリアンマン	46635
337	1100000000000052595	カチ	46582
338	100000000000060891	三村マサカズ	46522
339	1200000000000012608	YU-KI_K	46423
340	21314	ちゃんまん	46094
341	1300000000000098412	FF	46008
342	400000000000056349	hiya	45869
343	200000000000098682	SPARK	45630
344	400000000000056318	ニンスタ	45576
345	800000000000052280	アスンソン	45451
346	1500000000000075367	いお	45331
347	1200000000000016945	はとばねぇ	45165
348	100000000000000656	しぃ	45159
349	1500000000000097929	HEIGHT-8	45036
350	1400000000000081290	ゴーレム中谷	44996
351	1000000000000083795	87	44849
352	1400000000000043401	アンミ	44747
353	1400000000000097348	原PECO	44638
354	81245	マイロー	44538
355	200000000000031876	ぞうさんの	44432
356	1200000000000096722	てっき	44427
357	1500000000000001735	ルイ	44340
358	700000000000002269	ニィニ	44251
359	300000000000091128	mitsu	44121
360	1500000000000100057	スッキリ雨宮	44071
361	46961	おきな	43922
362	200000000000074208	リー	43895
363	900000000000003787	すずたま	43776
364	1500000000000006780	えふけん	43684
365	1200000000000026212	ラムー	43573
366	1500000000000061247	bbb	43507
367	800000000000096138	むん	43390
368	1883	ビッグボス	43328
369	300000000000072332	はぎのや	43316
370	17282	長野マン	43160
371	900000000000084920	カズキング	43082
372	1400000000000030074	ソウドリ	43005
373	800000000000059777	FFF (^^)	42970
374	1500000000000080312	かーとん☆	42967
375	700000000000096825	koko	42886
376	1000000000000015975	ひでお	42818
377	1200000000000050075	まないたねるね	42680
378	98444	TacTics	42625
379	800000000000081326	１-Ch	42563
380	900000000000097854	ンジャメナ	42552
381	52551	kzkz	42331
382	900000000000056614	はちのす	41914
383	800000000000022900	ウェズレイマウス	41760
384	900000000000031549	†聖天使猫姫☆ミ	41663
385	200000000000023288	そばつゆ@BMD相互埋め	41322
386	1300000000000005681	アカ	41238
387	1500000000000039105	nights	41040
388	1000000000000008923	キラメキ	41000
389	1000000000000004572	犬千代丸忠吉	40925
390	1100000000000069899	ヒサ	40838
391	1000000000000015910	二藍ニャガ	40821
392	81037	ｲｰｹﾝ	40774
393	800000000000030131	そういち	40582
394	500000000000078535	dash7	40538
395	700000000000003922	ゴッゴル瀬尾	40536
396	700000000000029816	ますよし	40412
397	700000000000007448	エンドレスワカメ	40204
398	400000000000021577	あたりめ	40129
399	300000000000092701	メロナ	39871
400	500000000000001709	ささかま	39816
401	23311	おにしゃす	39532
402	1100000000000004375	ルイ	39522
403	300000000000100591	くコミ	39495
404	85121	レト	39363
405	200000000000016116	しろた	39261
406	1000000000000002403	ポヨ	38910
407	300000000000078601	リュウ	38894
408	1100000000000043169	中島米	38771
409	800000000000000512	しろばやし@ｱｸﾃｨﾌﾞ同僚募集中	38592
410	1000000000000000736	やまこう	38455
411	800000000000094809	かっちゃそ	38407
412	900000000000001638	なゆ	38362
413	1400000000000096759	ぐまー	38199
414	1100000000000053911	灰島	37835
415	700000000000008982	たくあん	37660
416	1100000000000000068	りょせふ	37450
417	800000000000097743	たかし	37422
418	600000000000050317	croMisa	37323
419	200000000000032554	RYU	36551
420	800000000000083134	はちなな	36550
421	500000000000047860	04	36421
422	800000000000041851	シェフチェンコ@門倉運輸	36290
423	800000000000040089	hibiki	36108
424	1400000000000018554	mizo	36022
425	200000000000006522	茄子男(TS中)	35698
426	400000000000077704	ぽれぽれ	35623
427	100000000000081772	Seran	35589
428	700000000000006055	habotan	35497
429	600000000000086717	ペコ	35476
430	1400000000000021278	よろい着た人骨	35412
431	400000000000091285	をべり	35411
432	200000000000033055	GAN-Q_2	35409
433	1500000000000086632	キベ	35157
434	600000000000052812	キサラギ	35103
435	1000000000000099475	Escientist	35065
436	600000000000015958	みかけや	34982
437	500000000000027328	AOBAOKA	34846
438	600000000000028059	しょくぱんくん	34504
439	1000000000000081336	exhaust	34400
440	500000000000003422	セイジ	34286
441	1100000000000078644	お餅	34002
442	1500000000000060699	artail	33975
443	15441	tora	33952
444	1500000000000001153	tony105	33813
445	200000000000096046	ブルース(きよっちゃん)	33633
446	300000000000021365	ひなももんぬ	33412
447	500000000000017593	ハルクスター	33258
448	5401	ゆや	33218
449	700000000000055977	銀色	33175
450	300000000000061917	ひまにい	33148
451	500000000000010563	木馬兵	33033
452	1500000000000049662	塩焼きそばマン	32986
453	1400000000000016728	トッチ	32975
454	100000000000099946	あるびゅー	32940
455	1400000000000001200	MS-06P	32880
456	100000000000061394	アキヒト	32759
457	1500000000000019376	ZERO(Watch wish keen interest!)	32694
458	1000000000000006925	キャッスル	32430
459	1500000000000003468	タロウ	32367
460	200000000000000535	YOH2	32290
461	900000000000038489	Syo	32161
462	400000000000017253	やま♂☆※無(..)	32075
463	100000000000007011	ざわもす	32070
464	400000000000055344	マヤ	31527
465	900000000000003508	@ネコにゃんü	31502
466	400000000000024573	えり	31250
467	1200000000000080952	ずかもと	31117
468	1100000000000010013	まいすきＺ	31105
469	1100000000000024064	クレイジータイガー	30952
470	400000000000056452	ささくす	30862
471	500000000000004827	クロ	30679
472	1500000000000005005	ヒロシ	30607
473	700000000000044125	ame393	30585
474	400000000000034520	チキン×２	30570
475	1000000000000102273	稲荷御前	30319
476	600000000000060877	JJ	30285
477	200000000000050370	しょーか@後回しの達人	30256
478	3882	Tenkai	30120
479	200000000000085302	くわや	29903
480	1200000000000084184	ほんでぃ	29902
480	1400000000000057315	にゃん	29902
482	1300000000000086883	松ぼっくり	29692
483	57022	ヨウタカ	29630
484	900000000000004728	ruley	29603
485	1500000000000000403	ぱけ@ULA真美	29462
486	1300000000000086740	ngr2	29363
487	800000000000028026	ぽてむきん	29286
488	1000000000000059447	とらどら	29273
489	1500000000000096315	オーシャン	29260
490	900000000000008377	黒猫	29259
491	300000000000027796	くま???????	29257
492	600000000000083115	ケイティー	29231
493	57266	ｾﾝｺﾞｸ	29174
494	500000000000075116	ハツ	29079
495	800000000000002715	KEG	29001
496	1300000000000098466	サトゥー	28948
497	300000000000000559	まー坊	28942
498	400000000000077520	ダイグ	28906
499	800000000000075311	ひびスパ	28880
500	1300000000000082961	重騎師	28680
501	100000000000003498	wnth	28590
502	1400000000000002998	スズラン♪	28512
503	1000000000000083731	ラグナル・ロズブロク	28509
504	1500000000000000784	バルタンZ	28339
505	800000000000000257	ぷりまぽあ	28305
506	1400000000000023339	ドクターJ	28294
507	700000000000078124	萩乃	28273
508	500000000000029573	SU3C	28210
509	1500000000000030710	NINJA BLADE	28194
510	600000000000007866	熊さん	28114
511	100000000000006870	yui	28101
512	1300000000000058941	二日酔い	28089
513	56164	山手車掌	27950
514	900000000000000020	心木	27850
515	1300000000000000601	つかいば	27801
516	1300000000000000065	粟生野	27778
517	500000000000014069	すなふきんぐ	27757
518	800000000000033729	よるごみ	27750
519	700000000000034342	茄子 みんな頑張ろう	27584
520	600000000000004693	のわあるP	27488
521	900000000000098211	KIBOU	27293
522	600000000000031546	revi	27237
523	200000000000004785	めしあ	27206
524	600000000000053866	十代（オッＰ）	27174
525	1300000000000020549	しょ～ぢ	27140
526	400000000000002957	答えは・・・越後製菓！     (迎春)	26914
527	500000000000005450	名無き人	26882
528	5093	どどいち	26874
529	100000000000046895	もにこ	26855
530	1500000000000082868	からぽん	26732
531	1300000000000074481	河上小鉄	26693
532	200000000000012468	Siriba7	26628
533	500000000000100941	古文単語	26618
534	1200000000000071446	釜田	26612
535	1400000000000101119	Player 1008170254	26572
536	1400000000000098677	もりこう	26557
537	1200000000000099507	クスリヤ	26536
538	1200000000000023279	とっち	26524
539	414	タリナリズム	26512
540	3605	浜通	26346
541	1200000000000054707	松音さん	26304
542	500000000000023255	九十九	26240
543	700000000000000120	かずぴー	26143
544	600000000000000492	ﾏｷｼ	26092
545	4800	ブラックばりしあ	26081
546	1000000000000005677	emanon	26004
547	500000000000075050	Gissy	25956
548	75657	ルーベラ	25914
549	100000000000016862	たらっち	25848
550	1200000000000026781	紅薔薇さん	25836
551	1500000000000014424	fa_	25826
552	37193	ハヤブサ	25797
553	1300000000000005138	めてぃ	25656
554	400000000000058568	906	25570
555	600000000000074576	ひか	25552
556	1400000000000013670	ひこ	25512
557	400000000000001833	爆河	25509
558	500000000000080597	黒ちゃん	25431
559	700000000000101754	Bibli	25346
560	500000000000085494	べいんまっくす	25150
561	1100000000000010135	セセリ	25102
562	400000000000024939	あかさ	25052
563	1000000000000002898	だぢー	25010
564	800000000000101024	shirozatou	24927
565	800000000000027319	アッピー	24902
566	500000000000080446	ﾊﾟﾀ☆(･｡-)／	24880
567	600000000000024839	MM.M	24768
568	900000000000053759	たったた	24757
569	500000000000053740	ごまえ	24625
570	1200000000000003818	クック	24601
571	800000000000031524	Guran	24452
572	1000000000000001762	クッキー☆	24338
573	1000000000000070863	ジャベリン	24325
574	1000000000000086876	まき	24295
575	900000000000076650	えあ	24277
576	1100000000000099359	衣笠	24273
577	300000000000035008	ハローボンドゥ	24223
578	700000000000087574	まや	24221
579	1200000000000001066	ぬっP	24187
580	1000000000000028122	としさん	24176
581	900000000000004749	SON	24175
582	1200000000000071707	ポボロ	24106
583	1100000000000062528	セント	24024
584	93513	茶太郎	24016
585	92142	タッター	23939
586	100000000000087004	イエローピッグ	23919
587	1100000000000007356	つきよの＠最強の傍観者	23867
588	600000000000097886	zoe	23841
589	700000000000097536	SHADOW	23766
590	200000000000004916	白島ブルー	23712
591	500000000000029830	クックン	23700
592	600000000000013398	たてお	23650
593	1500000000000006989	URIKI	23544
594	23968	ナムイ	23539
595	700000000000094803	成田昴	23536
596	400000000000007919	はりおむ	23520
597	800000000000084195	澪	23469
598	600000000000015455	葵	23252
599	500000000000001409	モン卒業(  ￣ー￣)ノたっちゃん(￣。￣;)	23247
600	600000000000093314	イチゴ味	23202
601	300000000000062101	ローバー	23166
602	600000000000011108	JT	23119
603	300000000000013094	イザディ	23064
604	1100000000000072366	酒の路	23006
605	700000000000048697	カンパ	22973
605	900000000000004597	オチミズP＠水龍牙	22973
607	1100000000000099734	マジマジ	22966
608	500000000000005719	マルマ	22908
609	1100000000000033039	ごんなかじま	22840
610	200000000000011027	taku	22820
611	100000000000023703	よー	22768
612	600000000000004260	よしみつ	22752
613	700000000000001676	みおみみお二型目	22720
614	100000000000090920	qqq	22632
615	1400000000000030042	ﾑﾘｹﾞｰ	22606
616	100000000000097057	ちるじゃー	22516
617	300000000000017080	も～くん＠天空の乱れ八咫鴉	22454
618	600000000000068799	wk33333	22446
619	500000000000044867	ふなっしー	22425
619	1100000000000052764	ロビー	22425
621	1100000000000045789	N.Kranberry	22322
622	800000000000005037	フェリックス	22225
623	100000000000085301	GTHM	22210
624	100000000000003216	ﾌﾞﾗｯｸﾎｰｸ@協力感謝です(^ω^)	22122
625	100000000000033514	j1	22051
626	600000000000095798	鋼鉄の処女	21870
627	600000000000002320	頸動脈	21851
628	52083	置物	21836
629	600000000000025335	さなぎさん	21799
630	300000000000033583	バルさん	21775
631	1400000000000100234	txc	21768
632	300000000000094789	豆乳屋	21669
633	1200000000000042411	カレーライス	21614
634	1500000000000098336	カイン	21536
635	1100000000000050765	ポテマヨ	21522
636	1000000000000054359	ちひゃー＆千早	21500
637	900000000000011568	ヒカル	21484
638	800000000000002573	へべれけ	21437
639	100000000000039057	キョウ	21406
640	100000000000080806	Aucuba	21401
641	1100000000000002968	あさ	21375
642	700000000000000328	ぺの	21371
643	300000000000059780	Gﾊﾞﾄﾛﾝ	21358
644	1300000000000093847	しほ	21276
645	800000000000014755	虹野（ONLINEで放置多いです）	21149
646	1200000000000094734	fumi	21100
647	1200000000000039825	DJ OZMA	21064
648	1300000000000033220	鈴子	21031
649	500000000000003148	いこたろう	21028
650	1400000000000044428	タイソン	20962
651	600000000000050710	ゼロ半ライダー	20949
652	600000000000091829	o	20911
653	1200000000000026012	Satomi	20880
654	1500000000000005838	丼ちゃん	20878
655	1200000000000003414	VOXWAHP	20854
656	900000000000096795	yama	20822
657	1200000000000015292	ﾐｯｷｰ＠･ω･)	20818
658	400000000000004578	那加	20779
659	800000000000004657	兎乃	20772
660	900000000000075225	バンディエラ	20754
661	1000000000000023772	赤いきつね	20725
662	900000000000002525	ピロスケ	20678
663	500000000000005232	タムちゃん	20654
664	800000000000001555	ソルダ	20641
665	500000000000006521	ZeroK	20521
666	700000000000099994	りたりん	20500
667	200000000000007113	カム	20447
668	1000000000000097510	時雨☆	20424
669	1200000000000054329	NACS	20423
670	1100000000000027568	ゴットン	20378
671	82080	なちゃ ﾍ( ＊´ｖ`＊ﾍ)))~	20364
672	1400000000000005303	きゃべつ	20184
673	900000000000041332	toj31	20140
674	600000000000034277	ぱぁしあす	20114
675	500000000000086576	ヤス	20039
676	800000000000059288	ふとし	20033
677	1400000000000002476	m0t0y@su	19994
678	900000000000010671	まあ、なんでも、ちひゃーですけれど｡	19987
679	1500000000000025565	かんとら	19983
680	1300000000000084126	ちょろけんぴ	19905
681	700000000000054595	眉ぼんっ	19878
682	1500000000000080261	レス	19783
683	100000000000054651	touryu	19780
684	1400000000000005630	福住篤志	19726
685	900000000000093604	だく	19709
686	1300000000000096365	Y'n	19702
687	900000000000000109	こうちゃ	19692
688	100000000000002502	こづき	19657
689	1000000000000003216	明	19525
690	300000000000087614	にくぴー	19480
691	1000000000000005772	ＤＤ－Ｔ	19472
692	1500000000000004506	誠太郎	19467
693	500000000000003704	ぬるま湯	19426
694	900000000000029944	ゆたか	19407
695	1200000000000055968	ドミノ	19380
696	1500000000000004960	おふね	19329
697	1200000000000000281	HALT	19283
698	900000000000023582	由紀Ｐ	19261
699	600000000000058117	ズラタン	19243
700	200000000000083023	ゆ～おか	19238
701	800000000000014081	コトリ	19175
702	500000000000093664	TKK	19092
703	400000000000009677	デュナ	19088
704	400000000000083216	えりか	19063
705	1100000000000051074	そら	19047
706	1200000000000007134	のうりん	19019
707	200000000000086110	夏月	19010
707	900000000000003814	ゆきじるし	19010
709	300000000000046979	ｵﾘｴﾝﾀﾙ	18998
709	300000000000080866	鉈盛	18998
711	500000000000051083	虎姫＠奮闘中	18943
712	1200000000000055024	ドスタム	18933
713	1500000000000097282	こうヒカリ	18856
714	100000000000000543	じょえ	18792
715	500000000000000367	ミアキス	18784
716	700000000000097426	KNTR	18753
717	1500000000000096221	マドラー	18731
718	100000000000054038	トリプルデイP	18540
719	100000000000004712	AR1SH1@響P	18525
720	1200000000000079354	じょー	18480
721	1428	鼈甲仮面	18460
722	300000000000074378	セツミ先生	18451
723	800000000000000628	スピノザ	18450
724	200000000000008532	ゆうすけ	18384
725	1200000000000009495	ら～めん派	18335
726	100000000000031404	チコリー	18312
727	54073	すずらん	18306
728	1300000000000096787	メロントロン	18275
729	1400000000000086051	ベルチェ	18273
730	23445	明日香	18248
731	500000000000002898	ラズ・エルザ	18204
732	600000000000025843	シキ	18165
732	900000000000000887	らいず	18165
732	1500000000000031982	ひげくじら	18165
735	1100000000000058166	ちいさなさん	18144
736	700000000000048188	急降下爆撃隊	18135
737	1500000000000094079	渓	18120
738	700000000000029287	つよちゃん	18084
739	1300000000000052946	つきかげ	18068
740	85742	ソラ	18052
741	400000000000061208	Mickan-ya	17981
742	300000000000050801	みぃ	17880
743	1300000000000007557	まつば	17856
744	1100000000000015498	ケビンマスオ	17848
745	900000000000009518	ニスモ	17845
746	900000000000055496	シーヴァ	17786
747	800000000000056759	クラエア	17664
747	1200000000000007761	セール	17664
749	600000000000013400	ベンゼン	17613
750	200000000000031709	トモロヲ	17536
751	300000000000079132	sig	17511
752	300000000000096131	もろこし丸	17460
753	700000000000004400	河城にとり	17255
754	500000000000039761	くに。。	17215
755	1100000000000004869	リステル	17154
756	200000000000061621	はなちよ	17070
756	900000000000015319	モッツァン＠もーら	17070
758	1000000000000007451	なす	17001
759	1300000000000003580	あしの人	16981
760	500000000000037155	ｻｲﾋｮｰ	16957
761	400000000000040785	マーガレット	16939
762	500000000000000920	アルビレオ	16938
763	1000000000000093428	はらぺい	16885
764	93975	つるみん	16860
765	1100000000000076740	Dong	16709
766	200000000000082067	愚民	16676
767	52490	すずきさん	16649
768	1500000000000011790	chiguhagu	16635
769	1100000000000032110	まきば	16474
770	800000000000002586	Hide	16440
771	800000000000022065	うぇのっく	16429
772	1300000000000026944	ギロロ	16393
773	800000000000053303	シマコ戀	16392
774	1500000000000051583	花友禅 箱庭お休み中!!(≧∇≦)	16378
775	700000000000008635	朝	16373
776	1000000000000056678	ライス	16337
777	1100000000000020397	ケイスケェ	16256
778	500000000000098458	みけ	16228
779	1300000000000004475	スギノケーティング	16218
780	1300000000000002568	んがむら	16200
781	1000000000000081119	bisaim	16198
782	500000000000093315	十式	16159
783	200000000000079671	ネクター	16148
784	1300000000000002945	ABOS@自然隊少将	16116
785	1400000000000001797	けーい	16107
786	900000000000063487	さいか＠真ちゃんﾌｧｲｯ	16093
787	1400000000000007186	あ	16002
788	200000000000011049	とりとり	15990
789	348	もやしとかりょーちゃんとか色々	15984
790	1000000000000001917	ふたば＠ζ*'ヮ')ζ＜BMD 奈緒 エミリー 麗花	15971
791	1100000000000086373	引退マン	15968
792	1500000000000002953	ho	15965
793	1200000000000081603	アラン	15950
794	800000000000015797	雪	15930
795	500000000000008769	madoka@BMD相互・海美	15903
796	500000000000045639	不知火	15888
797	400000000000003356	14И3	15843
798	100000000000007383	りゅーりゅ	15840
798	700000000000057211	小沢菜	15840
800	500000000000045869	jin	15740
801	1100000000000093610	だんご	15695
802	800000000000000363	おうさま	15675
803	1300000000000000282	ひつじ雲	15648
804	800000000000054320	あずな	15631
805	1200000000000000576	乃中	15624
806	1500000000000008751	かめきち	15604
807	1400000000000041270	乙女plug in実装してくれ（招待無視してください）。	15450
808	400000000000003193	ゆう（ゆご。）	15440
809	900000000000021936	かざな	15420
810	400000000000062602	りゅう	15278
811	300000000000017157	だんごむし	15235
812	200000000000038946	ダイ	15226
813	1200000000000081992	なっと	15218
814	1400000000000026917	ねこポチ	15210
815	900000000000005302	御霞月	15123
816	500000000000079422	ヘレン	15054
817	1400000000000045495	黒将軍	15021
818	1400000000000003794	けめけめ	14994
819	69891	ガタツ	14992
820	93233	曉月烈火	14971
821	1000000000000085129	ゆきまさ	14960
822	1400000000000044427	ナイト凰牙	14920
823	80663	樹雪P	14911
824	300000000000003906	椋	14910
825	900000000000017650	Kouta	14896
826	1400000000000014515	ORYU	14892
827	1000000000000003362	KID1217	14817
828	300000000000050962	蜀野	14780
829	300000000000082376	パワーレンジャーSPD	14777
830	1300000000000006572	Mei	14739
831	10769	くうこ	14721
832	1100000000000000944	近藤	14699
833	300000000000080776	Nine@同僚募集中	14660
834	1000000000000000047	ジョン・慎次郎	14655
835	1300000000000050091	うすのろ来世	14653
836	1100000000000086539	たろう	14642
837	1000000000000033214	さと	14626
838	400000000000026981	みう	14621
839	1200000000000028956	泥人	14438
840	1100000000000050712	Ki88号線⊿さゆにゃんと1日違い	14400
841	1200000000000001303	ゆきむー＊隠居	14310
842	800000000000008119	川-.川	14297
843	500000000000080717	白栗	14260
844	300000000000007349	むてこな	14250
845	900000000000077037	大和610	14216
846	45311	破壊の天使	14160
847	1100000000000096810	ローマ	14144
848	700000000000000100	お寿司	14091
849	1100000000000027176	部ノート	14080
850	1400000000000052431	ユウ2	14070
851	600000000000096866	よっしー	14012
852	900000000000085349	おーしゃん	13994
853	30224	ちゃー	13956
854	700000000000002386	kuro	13910
855	1100000000000036138	逢ちゃん	13890
856	900000000000015481	いに	13834
857	400000000000003724	花	13821
858	900000000000051182	黒猫	13814
859	1000000000000003349	ごん	13794
860	200000000000050199	ヨコヤイノリ	13739
861	1300000000000000428	コマ	13734
862	1200000000000022861	あまp	13692
863	1100000000000001788	†ARIA†	13680
864	1000000000000032504	ネグロ	13651
865	500000000000037314	パルパロ	13594
866	800000000000001018	Aqua	13593
867	800000000000031648	タカちゃん	13587
868	1400000000000011240	テンコ盛り	13585
869	200000000000074383	エルザム(ﾉｰﾏﾙ+)	13570
870	1400000000000075272	ヘルリウム	13513
871	32336	トモ	13488
872	11086	カミンスキー	13457
873	600000000000047725	ゆず	13432
874	1500000000000101069	えは	13406
875	400000000000016046	くそむし	13296
876	1100000000000098270	Suido	13273
877	1500000000000051152	玄兎	13225
878	200000000000074727	もみじ	13221
879	1100000000000021996	Show	13132
880	1400000000000056263	たいらの	13121
881	1200000000000048817	朱鷺	13104
882	200000000000005782	か～ねるん	13079
883	1000000000000054068	サンボル	13074
884	1500000000000055211	love_hurri	13068
885	1500000000000007289	たま	13050
886	700000000000096962	もんたん	13045
887	100000000000014309	あげは	13026
888	34327	甘党ぬこ	13025
889	600000000000020597	てくてく	12990
890	1100000000000091622	Hellkite	12972
891	1300000000000032980	くしょうP	12943
892	1200000000000000682	綾波キョウ	12936
893	600000000000005304	Hunter D	12919
894	200000000000098267	おのっち	12916
895	500000000000094623	檜笠	12901
896	900000000000042361	メキシコ	12813
897	1100000000000083614	燕坂	12621
898	5814	レオン リアル多忙中(泣)	12600
899	600000000000052956	カタイヌ	12560
900	300000000000051148	カニツ	12525
901	200000000000097611	タクヲ	12487
902	1400000000000022123	みっちぃ＠曲名ＳＲをのんびり収集中	12467
903	1400000000000094548	あみ也	12461
904	1300000000000000015	Ono(Obotaro)	12460
905	600000000000077623	ENey	12455
905	1500000000000001717	むささび	12455
907	1100000000000038754	クルクルス	12417
908	300000000000026516	あさやん	12341
909	500000000000095805	インベル	12334
910	700000000000004302	S-Syou	12323
911	1400000000000022983	武田蒼一	12318
912	500000000000055658	ももも	12231
913	1500000000000008556	Realiz	12230
914	1500000000000001389	じゃりん	12215
915	76428	ぶれ	12203
916	1000000000000003627	桜吹雪	12181
917	1200000000000098088	えだてつ	12177
918	600000000000098207	ちひろ	12166
919	900000000000081857	ponosanic	12068
920	500000000000011999	おにに	12061
921	800000000000099187	めいでん	12051
922	600000000000004448	真影	12039
923	1500000000000084542	Hana	11964
924	85903	二条	11855
925	500000000000022812	アキラ	11836
926	1200000000000038530	ふじ	11813
927	1300000000000053525	最弱男	11808
928	1200000000000003150	フリー	11790
929	900000000000084889	土佐鰹	11764
930	1500000000000074926	おにく	11753
931	300000000000096766	keen	11736
932	1100000000000054335	snow*	11731
933	1300000000000007080	kobun11g	11716
934	100000000000101874	Haruca	11708
935	100000000000006642	電人Q	11674
936	1200000000000079556	まりりん	11655
937	800000000000097525	193プロ	11580
937	1300000000000010290	モズグス	11580
939	1300000000000079361	夏野菜	11562
940	400000000000006252	アルケ	11522
941	500000000000093956	Hisa	11521
942	800000000000073936	伊豆津軽P	11471
943	500000000000003181	tomas	11465
944	800000000000015774	deith	11403
945	700000000000075330	ハイダル	11347
946	800000000000006473	紅葉橋	11333
947	1200000000000053053	chihiro	11323
948	1200000000000062452	ジョージ	11322
949	500000000000028697	神威	11312
950	1000000000000001143	キクオウ	11306
951	300000000000025522	スパーキー	11274
952	1400000000000006237	ラズリ(∵)	11254
953	1200000000000032269	zenichi	11232
954	1200000000000000410	ダンカン	11200
955	300000000000100927	SparklingYSK	11197
956	101559	DarkNeon	11191
957	900000000000097459	izmy	11164
958	85974	そこ	11158
958	800000000000045792	うしくん	11158
960	55592	コージ。	11121
961	1200000000000077256	ナカ	11104
962	400000000000030993	かめ	11095
963	500000000000011960	コロイド	11062
964	400000000000004032	きゅ	11028
965	1400000000000044151	キラリ	11013
966	1200000000000086577	KASA	10997
967	300000000000009723	ORAH	10980
968	200000000000057864	アニ中	10972
968	600000000000091270	ぺっけたん	10972
970	300000000000008129	やしき	10937
971	300000000000054562	ドランゴMk-Ⅱ	10932
972	1100000000000093234	両儀式	10906
973	700000000000001026	プギャー	10893
974	300000000000072606	市民	10849
975	400000000000002947	cs	10822
976	1200000000000019628	たまご(協力仲間に感謝☆）	10808
977	500000000000010247	S.freedom	10800
978	800000000000081853	Tonnura	10759
979	300000000000008764	ヨシケイ	10738
980	1000000000000079182	ジタン-バタン	10692
981	1400000000000075291	ヨーゼフ	10685
982	500000000000055643	御岡(ﾐｵｶ)	10661
983	1300000000000056705	かんらく	10649
984	1500000000000000074	liyn	10644
985	455	キリン	10637
986	60561	こじま	10630
987	200000000000052646	カーくん	10597
988	300000000000100041	ニシロウ	10595
989	1500000000000070467	ばななん	10588
990	200000000000078397	角の丸いまな板	10582
991	1200000000000054450	eskpassenger	10580
992	800000000000097451	リッツ	10568
993	300000000000079288	もひと	10561
994	1200000000000005922	MH35	10544
995	300000000000050916	おかしー	10528
996	500000000000075905	摩耗	10524
997	1200000000000002146	バンバp	10464
998	1300000000000005396	サニトラ	10450
999	1000000000000052345	朝影	10448
1000	4215	セージ	10444
1001	700000000000003346	るーきー	10419
1001	900000000000097710	Hasu.	10419
1003	500000000000000667	N@tio	10390
1004	1500000000000076349	yugi	10367
1005	400000000000009964	リンクス	10359
1006	100000000000050677	ムツハ	10356
1007	300000000000045611	てっしー	10346
1008	400000000000005805	団子	10338
1009	100123	chocozou	10316
1010	1000000000000005882	MISAWA PT-27C	10308
1011	100000000000015744	十六夜	10296
1012	800000000000035812	ツッチ	10278
1013	100000000000056246	あたま	10256
1014	900000000000009983	crazyfool	10240
1015	900000000000085776	ナウ	10204
1016	1100000000000008362	てすと	10200
1017	1400000000000102370	我々	10189
1018	1500000000000079552	True	10173
1019	1400000000000100790	ツカサマン	10140
1020	400000000000005508	アフター	10129
1021	1200000000000005330	青空	10120
1022	400000000000093185	ユキ	10104
1023	1400000000000081192	のりまき	10089
1024	1200000000000004077	ダナゴン	10087
1025	500000000000001018	★	10080
1026	1000000000000101337	ショウユウ	10038
1027	1100000000000028123	バリツ＼(^o^)／	10018
1028	1400000000000047371	ヘイロン	10008
1029	600000000000091025	ふろろん	9978
1030	1200000000000001300	ボン	9968
1031	900000000000002381	うちわ	9967
1032	102450	クロスケ	9952
1033	500000000000099574	ハンジ	9893
1034	700000000000088608	Player 1005547863	9861
1034	800000000000074797	あだっち	9861
1036	800000000000022086	雁部ナタコ	9827
1037	700000000000003267	がんのすけ	9808
1038	1200000000000027339	zerokage	9776
1039	700000000000003739	みよし	9773
1040	100000000000003829	つばくろ	9767
1041	1100000000000021476	白米@グリマス同僚募集中	9744
1042	500000000000005425	銀さん	9735
1043	500000000000005407	こっぺり	9719
1044	700000000000006251	アルト	9701
1044	800000000000033886	よこやまなおき＠C91ミリオン新刊はうみみ本『うみトレ！』	9701
1046	800000000000014069	ハッピータイム〆ペペ〆	9688
1047	800000000000061910	飛翔	9663
1048	700000000000093723	中まぐろ	9652
1049	700000000000015806	はるき	9636
1050	900000000000072208	Popofu	9610
1051	1200000000000004268	大チャン@なおひと	9589
1052	200000000000010793	雲鯨	9581
1053	900000000000048017	タッキー	9572
1054	600000000000005197	共通言語	9568
1055	300000000000051631	ハヤシP	9554
1056	1400000000000004803	うだ	9539
1057	1500000000000000698	まき	9486
1058	500000000000102158	Cheng-5	9482
1059	1000000000000028162	ミッキー改	9466
1060	1400000000000004665	cleval	9453
1061	1100000000000007451	ひろっち	9451
1062	1200000000000052175	おさゆくＧ	9439
1063	400000000000052483	聖水s	9432
1064	800000000000019066	はりねずみ	9426
1065	200000000000002597	おまかせします	9425
1066	300000000000005907	NaoMu	9420
1067	1200000000000098047	ELF	9411
1068	53487	asts	9397
1069	1200000000000006464	サガ	9374
1070	100000000000024979	フォレ	9373
1071	1500000000000074983	0623	9372
1072	1200000000000001521	神無月ねこねこ	9366
1073	1400000000000057448	27	9362
1074	500000000000028200	LOM アルバム埋め協力者募集中	9358
1075	4193	とるく	9357
1076	1200000000000052214	ぽなぎ	9349
1077	1100000000000008885	カトラン	9324
1078	1300000000000016385	hiroki	9320
1079	4603	かぼちゃ	9311
1080	1200000000000003255	jakalope	9306
1081	900000000000055639	しうす	9290
1082	600000000000096681	yyyy8	9240
1083	100000000000060983	てるま	9218
1084	400000000000022687	デルソル	9205
1085	600000000000043473	ふぅ	9187
1086	94238	よーろー	9140
1087	1500000000000086544	紫闇夜	9136
1088	1500000000000094170	梨愛	9131
1089	300000000000004146	カルラ	9118
1090	700000000000028082	じじわーちん	9086
1091	1100000000000032790	白☆	9076
1092	800000000000077487	か	9074
1093	100000000000001367	Raikou	9071
1094	1200000000000003351	しんのすけ	9059
1095	79235	えびもと	9041
1096	200000000000018054	Hikkosi	9012
1097	100000000000014604	lain	8987
1098	1300000000000003835	じ８	8980
1099	500000000000056606	ブロッサム	8975
1100	100000000000023600	い～るず	8970
1101	900000000000023263	ジョージ	8962
1102	77345	小猫	8948
1103	1000000000000001922	こうたろ	8947
1104	500000000000049386	雪風ブンブン@同僚募集中	8946
1105	1000000000000004569	ミン	8920
1106	300000000000000396	たなか	8911
1107	1300000000000046803	ゼルア	8908
1108	200000000000002922	しからく	8888
1109	300000000000009244	カジャ	8874
1110	600000000000101237	moonchild	8873
1111	1000000000000059583	珠	8866
1112	500000000000001695	ぼん	8863
1113	2877	むぅ	8857
1114	600000000000008382	るっく	8848
1115	800000000000039039	影花	8843
1116	800000000000086618	み～	8839
1117	800000000000024577	アニオタ	8833
1118	27700	ねこ	8832
1119	100000000000037088	ナジャラン	8831
1120	1300000000000009373	FOREST	8808
1121	1500000000000096608	funtopp	8760
1122	1000000000000063197	叢雲	8759
1123	700000000000081105	ごまどうふ	8736
1124	400000000000101628	(0w0)ノシ	8733
1125	83542	C.Bulkaria	8725
1126	300000000000000630	ケイシ	8721
1127	700000000000079739	YUIX真田	8718
1128	200000000000003513	ユタカ	8717
1129	200000000000043286	ひづき	8709
1130	800000000000080377	ヤスヤス	8701
1131	1300000000000023184	gurga	8700
1132	100000000000058499	ガヒロ	8696
1133	1000000000000055794	やすひら	8680
1134	100000000000020224	モルガ	8639
1135	400000000000009605	鳩ジョ	8635
1136	700000000000001972	ゼギア	8634
1137	700000000000016051	ROSBETH	8632
1138	1100000000000000697	kaji	8630
1138	1400000000000044296	ふぇい	8630
1140	700000000000022770	マーチン	8614
1141	1000000000000005632	ミコト	8591
1142	700000000000001197	§黒雪姫§	8580
1143	1300000000000074489	アルジェント	8577
1144	500000000000001127	鞠雛影葉	8568
1145	1200000000000078843	T	8566
1146	500000000000088396	OR	8564
1147	1400000000000020146	ステファ	8549
1148	400000000000096876	Ben Yau	8540
1149	700000000000034932	ぬま	8484
1150	1300000000000080244	ひでと	8476
1151	1500000000000025220	ＬＯ	8472
1152	886	が～	8470
1153	1100000000000003500	星月	8443
1154	400000000000022563	シン	8442
1155	59792	S.S.T.	8422
1156	1000000000000045021	とも☆コメ無ごめんなさい<(_ _*)>	8421
1157	1500000000000073827	にらたま	8414
1158	400000000000082524	ぷにあなDX	8394
1159	800000000000001322	竹達彩奈信者　　＠あやち会員No.2	8382
1160	400000000000010897	あもん	8380
1160	700000000000001788	やまぬら	8380
1162	1500000000000087124	まれ	8370
1163	1000000000000097088	ラブりつこJN	8360
1164	400000000000005459	姫心	8355
1165	1400000000000062282	カムチェ	8344
1166	600000000000002953	Τ	8340
1167	1000000000000058906	一番星	8320
1168	1400000000000002222	nadegata	8293
1169	1200000000000052234	コショウP	8290
1170	1000000000000093401	jimnocky	8285
1171	5818	シーター	8283
1172	1500000000000003470	シカノ	8274
1173	200000000000003739	りんね	8269
1174	300000000000096014	ぷらせぼ	8262
1175	700000000000022251	ＭＨ	8216
1176	1300000000000004499	まんじゅう	8212
1177	1100000000000000178	さかえと	8200
1177	1100000000000003552	【AIR KING】ToHi【滝沢】	8200
1179	1500000000000082129	通り雨の隣	8176
1180	1100000000000031885	ヤマモト	8172
1181	400000000000006908	へろ	8167
1182	100000000000047541	アキル	8163
1183	1000000000000032354	著著利GUESS	8162
1184	1200000000000031972	那月	8151
1184	1300000000000013827	わんわん	8151
1186	900000000000074999	HARUKA	8150
1187	600000000000006600	ユウキ	8144
1188	1300000000000081338	よねざわら	8136
1189	1400000000000002521	にく	8135
1190	500000000000004079	御影	8125
1191	500000000000100103	斧乃木余接の頭の上のあれ	8123
1192	100000000000033034	セレッソ	8087
1193	1200000000000058944	樹希	8072
1194	51294	さとり	8068
1195	1300000000000102891	矢車 想	8060
1196	300000000000027816	ha-run	8052
1197	300000000000051599	ダイン	8051
1198	200000000000049278	ｳﾞｨﾝｾﾝﾄ	8050
1199	1000000000000099427	イザーレ	8032
1200	1300000000000087014	なっぱ	8019
1201	300000000000047566	ハマ	8008
1202	1200000000000099532	きんとん	7999
1203	900000000000046513	ツバサ10	7994
1204	1500000000000061365	mikashiko	7970
1205	900000000000056049	javajaP	7939
1206	1100000000000062826	ポンコツ4号@茶和	7938
1207	800000000000030498	クロフト	7923
1208	1200000000000050567	jivvy	7905
1209	600000000000055756	ゲーマー	7901
1210	100000000000042284	黒有	7900
1211	1100000000000085753	約束された勝利の剣	7893
1212	300000000000101506	弥生彦	7880
1213	100000000000030567	えどがわ	7866
1214	1400000000000042157	撩	7844
1215	300000000000074111	禁書	7838
1216	300000000000065430	ユキ	7832
1217	1300000000000034388	あだだちくん	7800
1218	900000000000096733	Player 1006527401	7794
1219	1200000000000005943	八百長NEET	7766
1220	300000000000036878	レン	7764
1221	1000000000000005899	えれ	7759
1222	300000000000031511	やよクエ	7756
1223	1300000000000096781	ユウ	7754
1224	700000000000015590	かず	7747
1225	600000000000001744	omochy	7690
1226	1200000000000052084	マジかよ	7672
1227	1400000000000010601	アカネコ	7669
1228	100000000000087522	にらたま	7668
1229	400000000000024503	縄引き	7666
1230	400000000000002341	ま	7626
1231	900000000000002080	スタム	7620
1232	1200000000000091662	政駿	7609
1233	1500000000000097306	二階堂紅丸と神楽千鶴、合わせて二階堂千鶴	7588
1234	1000000000000004391	kix	7578
1235	100000000000099601	ぼると	7535
1236	200000000000032507	ノト	7534
1237	1500000000000029058	鳥井	7532
1238	1000000000000004676	ライム	7525
1239	500000000000007546	紺	7522
1240	200000000000027183	しろだい	7512
1241	900000000000011114	ほうでん	7501
1242	1400000000000093451	松尾でん	7451
1243	1000000000000000071	魔光蟲ロンシャン	7447
1244	101834	Player 1008510464	7434
1244	700000000000074903	Sea bl.bird	7434
1246	97544	きむたい	7423
1247	500000000000014081	モモＰ	7409
1248	200000000000001734	飴玉	7385
1249	300000000000000676	野鳥	7360
1250	1400000000000054216	ずめさん	7357
1251	1000000000000008900	青のルピカwithニット	7350
1252	400000000000012621	よこ	7335
1253	1500000000000003747	いぐ	7331
1254	1200000000000003374	Ｙ☆Ｓ	7319
1255	1000000000000039765	ＨＩＧＥーＰＲＩＭＥ	7280
1256	500000000000078081	ちゆ	7254
1257	1000000000000101365	とみさん	7241
1258	1500000000000002146	リスケ@BMD海美、育、ジュリア埋め対応可能です	7235
1259	1500000000000056638	Ｒｉｎ	7229
1260	400000000000096262	タツミ	7218
1261	1400000000000005934	ブルーヴァ	7210
1262	1100000000000081986	kazetuba	7200
1263	200000000000094190	えいいち	7176
1264	1500000000000007242	リックン	7168
1265	700000000000084043	ぬしゃ	7160
1266	600000000000040308	やまやまたん	7143
1267	800000000000079306	ハヤブサ	7137
1268	1300000000000007679	おがっち	7131
1269	1000000000000010419	hds	7122
1270	1300000000000005968	シタン	7109
1271	300000000000061411	岩いわ	7095
1272	100000000000029627	ああく	7082
1273	700000000000011820	社員	7080
1274	400000000000023367	七瀬りん	7045
1275	900000000000003155	いぬねこ	7040
1276	1400000000000097584	チャソ	7019
1277	1000000000000005088	suu	7000
1278	600000000000077573	四季	6992
1279	1400000000000098957	冰	6984
1280	600000000000004454	伊園	6969
1281	1500000000000086678	morisoba	6967
1282	700000000000097998	いち	6959
1283	100000000000027957	Quince	6953
1284	300000000000047857	黒田銭蔵(ピザブラック代表取締役)	6920
1285	700000000000014480	うーさー	6900
1286	700000000000045506	ＲＯＣＫ	6899
1287	200000000000054933	t-4uirg	6866
1288	400000000000080305	ジュドー@	6858
1289	1000000000000013580	おでこat70要請x寝ますそして仕事	6850
1290	800000000000101987	bor	6847
1291	1200000000000072377	さかもと	6843
1292	77656	きえええええ	6825
1293	500000000000073983	ヤックル	6816
1294	800000000000000163	せいぱんだ	6778
1295	700000000000000685	さとる	6769
1295	1200000000000073457	へごちん	6769
1297	1400000000000023441	ユウ（・ω＜）	6768
1298	1200000000000004848	とし	6762
1299	300000000000015177	どろんぱ	6723
1300	1400000000000002902	群咲	6706
1301	600000000000007319	にるか	6696
1302	600000000000080381	キリエ	6685
1303	500000000000016604	シオン	6680
1304	700000000000020029	シャル@武道館全通	6664
1305	900000000000003138	聖也	6658
1306	100000000000012409	しおしおん	6645
1307	1400000000000058658	たか	6632
1308	600000000000006476	loki	6616
1309	1200000000000099936	ひなお	6588
1310	1000000000000008434	DOKIDOKIはたけ	6586
1311	500000000000042814	MASA	6570
1312	300000000000087673	おのし	6564
1313	7603	Sherry	6562
1314	100000000000030519	マサ！？	6558
1315	1400000000000004161	ﾏﾀﾞｲ	6545
1316	1000000000000017193	あきら	6536
1317	700000000000038876	ばかモン	6504
1318	1300000000000036873	Demacia	6492
1319	1300000000000052616	ばるきゅりあ	6489
1320	300000000000004397	ﾒﾛﾝﾊﾟﾝ	6480
1320	900000000000000563	フォール	6480
1322	200000000000078277	わき	6479
1323	800000000000025784	アイテル	6473
1324	1100000000000082821	ちくわ	6466
1325	200000000000096754	YMNC	6431
1326	1400000000000052703	thinkthank	6418
1327	300000000000003013	ラモックス【ドリ細々と再開しますた。】	6401
1328	100000000000005944	やったい	6392
1329	800000000000093142	フェニックス	6384
1330	400000000000051938	まりかちゃん	6383
1331	600000000000077907	にんにん	6378
1331	1200000000000097768	アスラン	6378
1333	700000000000085986	ゲルトモ	6376
1334	800000000000052030	ノリ	6369
1335	300000000000003538	芽依	6365
1336	900000000000085725	こめっち	6352
1337	1300000000000041223	イッキュー	6342
1338	1300000000000004272	NO.1301	6312
1338	1300000000000062600	ツギタ	6312
1340	800000000000001549	マッハサンデー（やすくにP）	6280
1340	1500000000000086759	ユウ	6280
1342	1000000000000024277	風吹子	6259
1343	800000000000100505	かな	6256
1344	1100000000000091208	らすの	6254
1345	1500000000000061306	うおのめ	6246
1346	300000000000026794	もけ	6225
1347	1100000000000030876	流魔	6224
1348	1400000000000043221	pikoton	6220
1349	1100000000000035222	だめくん	6200
1349	1500000000000005504	迅雷	6200
1351	47128	よぽぽい	6174
1351	700000000000004736	雪狐	6174
1353	300000000000050263	dhkun	6171
1354	700000000000011012	餡子@同僚募集中	6170
1355	200000000000003171	りっど	6165
1355	1300000000000076106	イカトゥン	6165
1357	100000000000046714	酢橘	6163
1358	1000000000000094443	ささやんぽっぽこ	6152
1359	600000000000057309	わっちょ	6101
1360	700000000000102509	琥珀	6089
1361	1200000000000079883	オリジン兄	6080
1362	700000000000042776	ルンルン	6078
1363	300000000000096681	Gs提督	6069
1363	1100000000000031644	チェフィ	6069
1365	1500000000000068751	patriot0228	6047
1366	1100000000000037252	HIDEYAN	6041
1367	400000000000085071	うきゅう	6018
1368	95343	クロガネ	6016
1368	600000000000014954	まさみなせ	6016
1370	800000000000035711	gato	6006
1371	200000000000075548	knock	6000
1372	100000000000093967	megrez	5993
1373	300000000000000182	へろうちょ	5991
1374	100000000000000112	貧血ヒヨコ	5976
1374	1200000000000016953	けい	5976
1376	800000000000035472	鉄丸	5968
1377	500000000000049130	ﾃｨﾌｧﾆｰ§	5960
1378	1601	きぬるり	5955
1379	1300000000000100926	ぶみー	5942
1380	100000000000076211	taKa	5933
1381	1100000000000061473	水尾炭	5915
1381	1400000000000096817	よっしー	5915
1383	700000000000056451	ｋｏｕ	5902
1383	1200000000000002969	矢車	5902
1383	1300000000000080396	次郎ちゃん	5902
1386	800000000000086524	白さゆ	5900
1387	400000000000000233	Ni	5886
1387	1100000000000097565	hanasakimai	5886
1389	60834	むせき	5874
1390	100000000000001485	ナツP	5857
1391	46033	Ｋｅｉ	5852
1392	1200000000000034605	みそやま	5831
1393	1400000000000075245	にくてん	5814
1394	500000000000046723	青いツバサ	5805
1395	700000000000080541	キュウ	5787
1396	500000000000011441	いさお	5786
1397	700000000000003307	周防 尊	5785
1398	1300000000000007887	きしょう	5784
1399	1400000000000045446	あおと	5769
1400	100000000000053878	ソロ	5760
1401	913	cosign	5748
1402	1200000000000007157	ﾋﾄのｶﾀﾁ@ｲﾍﾞ参加できません	5723
1403	100000000000073293	アキカン	5712
1403	1000000000000003081	はいぼーる	5712
1405	800000000000080388	乙哉	5695
1406	700000000000006386	ぽっけ	5672
1407	1400000000000101145	キムキム＆猫ダマ	5640
1408	900000000000042412	Paki	5638
1409	1200000000000075316	急接近	5635
1410	1200000000000071992	ＫＹＫ	5626
1411	100000000000097456	gol	5607
1412	400000000000094709	イチルレ	5605
1413	300000000000078969	mnhr24	5598
1413	400000000000100138	み	5598
1415	800000000000010587	うみ	5593
1416	500000000000009055	しっぽ@BMD相互	5592
1417	400000000000001600	☆Angel Bear☆	5572
1417	1300000000000081352	逸材	5572
1419	600000000000000286	trecri	5569
1420	1400000000000006139	hayate	5568
1421	1500000000000006384	キク	5565
1422	100000000000009003	サハラ	5559
1423	600000000000097116	セブンス	5537
1424	500000000000003508	エクセルシオール	5531
1425	500000000000101030	TERA	5525
1426	800000000000098282	らずべりい	5518
1427	600000000000045760	てん	5496
1428	1100000000000056429	いかみ	5460
1429	200000000000003753	葱豆腐	5454
1430	100000000000014516	かがみ07	5440
1431	800000000000004696	Strike Freedom	5429
1432	400000000000100764	ぽん蔵	5425
1433	58946	伊達みや	5418
1434	100000000000099917	キョン	5410
1435	200000000000018050	【  】Linkwood@国営温泉(ﾉﾟοﾟ)ﾉ求む追撃	5408
1436	1100000000000080219	baban ban	5400
1437	200000000000004456	イスタ@女装中	5395
1438	400000000000003812	アカギ	5388
1439	1400000000000025163	nagato	5369
1440	700000000000072157	カイト	5330
1441	1100000000000061648	ぷらたん	5320
1442	800000000000039638	ma2	5264
1443	900000000000001108	Ko-1	5256
1444	1400000000000094601	しょりしょり	5250
1445	1120	ひで	5242
1446	1200000000000024567	Zack	5241
1447	600000000000083458	ニオビスト	5239
1448	1300000000000019331	小花	5233
1449	1100000000000092424	渋谷*.横山とpair	5232
1450	800000000000055295	佐吉	5224
1451	700000000000057657	音瑠	5198
1452	1100000000000075255	ちゅん	5194
1453	1200000000000039269	ＮＵＭＥ	5182
1454	1300000000000002609	ミィ☆いつもありがとぉございますo(^▽^)o	5180
1455	1000000000000079361	kerorine	5178
1456	100000000000098315	Kei	5177
1457	600000000000092410	ミストラル	5143
1458	300000000000093940	ライス大盛り	5140
1459	54676	マジュニア	5117
1460	1400000000000003868	かむ	5091
1461	300000000000008510	あかね	5080
1462	800000000000054166	ヨッシー	5068
1463	1500000000000020342	志馬磁郎	5064
1464	900000000000094910	ごましお	5063
1465	100000000000091983	kahuna	5059
1466	500000000000026826	ポアロ	5057
1467	500000000000097096	ヨッシー３	5040
1468	400000000000096798	uxyoSI	5036
1469	200000000000002565	tau	5019
1470	1100000000000060836	晃	5015
1471	1200000000000084942	なめ	5013
1472	900000000000011282	けんざぶろーちょっと釣りをお休みしますm(__)m	5008
1473	100000000000030088	tomo	5004
1474	800000000000027094	きのえ	4999
1475	400000000000007552	のんのこ	4984
1476	1500000000000089355	hhamuo	4951
1477	700000000000036038	佳乃	4930
1478	1000000000000011839	ひがまさと	4894
1479	600000000000001401	森鳥富裕	4892
1480	4797	ワーロック	4873
1481	600000000000102043	チェック	4870
1482	400000000000001303	モリソン	4815
1483	1400000000000045502	ens	4778
1484	1200000000000085002	よしのん	4774
1485	1300000000000005254	まさ	4760
1486	600000000000059169	あっきー	4758
1487	1200000000000005202	tostossot	4754
1488	100000000000003460	やと丸	4753
1488	300000000000027069	コージー	4753
1490	1400000000000095332	ラフランス	4741
1491	300000000000018217	ヒロゥ	4739
1492	200000000000011232	フォース	4713
1493	1500000000000003582	Ｒ.	4697
1494	400000000000013300	シャルン	4682
1495	1500000000000006043	0298	4676
1496	800000000000014961	カイスタ	4659
1496	800000000000042472	クロン	4659
1498	1400000000000002615	ダイキチ	4648
1499	300000000000047446	かずのこ	4644
1500	400000000000000435	エルミナ	4642
1501	100000000000014221	キョンシー	4624
1502	1100000000000015285	ジャミラ@ラウメン絶賛募集中よー	4609
1503	100000000000080733	タツキ	4600
1504	1400000000000004126	いぬちよ	4599
1505	200000000000001358	ノノノ	4598
1506	1500000000000073331	びっつりー	4579
1507	200000000000038857	ダラ	4578
1508	400000000000003157	バラム	4575
1508	600000000000009644	たば	4575
1510	500000000000056662	Ｐ	4540
1511	100000000000069449	時雨	4536
1512	1200000000000015234	しあ	4508
1513	1100000000000003404	aki1919	4500
1514	500000000000029738	せっきー	4487
1515	600000000000058699	hjy/踏み台	4477
1515	800000000000046365	うでん	4477
1517	27812	ガーベラ	4473
1518	1500000000000004096	マッツン	4472
1519	500000000000004734	たかぽん	4470
1520	500000000000043064	桜華	4465
1521	700000000000010590	EASY JESUS#KisS	4450
1522	400000000000094318	Null	4435
1522	600000000000052760	nyama627	4435
1524	400000000000013658	yawgmoth	4425
1525	100000000000054511	羽風しずく,(本体は同ラウンジのイクスシスの方)	4416
1526	1400000000000006316	まいこはんマギカ	4411
1527	800000000000030203	村崎野	4378
1528	600000000000019478	ワーク	4368
1529	600000000000061277	オックン	4361
1530	1100000000000007290	10mo	4358
1531	300000000000051123	すゞめ	4356
1532	1000000000000101911	Player 1008552746	4336
1533	1300000000000078181	ふぁんふぁん	4335
1534	800000000000098834	東瀬	4331
1535	1500000000000007106	佳人薄命	4327
1536	200000000000036529	tak-p	4320
1537	500000000000037232	luckD	4291
1538	1000000000000072457	栗原P	4269
1539	300000000000101583	まめたん	4261
1540	102322	サキ	4258
1541	1000000000000003059	八神健一	4246
1542	1500000000000014453	おだだみ	4240
1543	200000000000001302	ばっくす	4236
1544	69495	ハル	4228
1545	200000000000084444	きち	4226
1546	500000000000101678	ひぐれ	4217
1547	200000000000050425	16AK	4216
1548	700000000000101728	しっきー	4214
1549	900000000000022979	ぽんた	4208
1550	100000000000078531	アインハルト	4206
1551	800000000000021407	フィーニクス	4171
1552	900000000000018404	座敷	4158
1553	500000000000097713	刺身	4154
1554	200000000000050963	しんぱち	4150
1555	1100000000000005730	因果応報	4143
1556	1300000000000038919	神楽坂こうしろう	4133
1557	1400000000000000908	シーナ	4129
1558	1300000000000037746	垣太閤	4120
1559	200000000000052036	DAIKI	4111
1560	900000000000060748	yakikatsu	4109
1561	1300000000000096219	HoneyNoen = YuHanKim	4108
1562	500000000000096731	ブラッキー	4104
1563	1400000000000007100	武ちゃんは17歳P	4100
1564	1300000000000052674	hope_13	4098
1565	1500000000000079781	万策尽きた	4078
1566	600000000000003963	nopira	4075
1567	900000000000051041	しげち。	4068
1568	600000000000007300	o-10	4067
1569	600000000000007180	臨時@livE	4058
1570	1400000000000076197	くまp	4050
1571	1200000000000017689	みゃー	4040
1572	1100000000000050339	マオー	4035
1573	800000000000004031	utena	4031
1574	60167	ビーダブ	4012
1575	1500000000000005158	木霊花	3996
1576	500000000000014239	べるべっと	3990
1576	800000000000002633	晴眼	3990
1578	300000000000057843	utosa	3981
1579	1400000000000059385	梛朱茄	3932
1580	100000000000056803	キヨスズ	3916
1580	500000000000019436	カズユキ	3916
1582	100000000000055769	gut	3906
1583	1500000000000015490	胡桃takuto@のり子P	3902
1584	700000000000026842	コウセイ	3895
1585	900000000000023387	ゲキ	3889
1586	1500000000000000347	ニーギいるか@しばらく休止	3886
1587	600000000000000023	Sanno	3885
1588	1500000000000050539	dyuuadiiz	3864
1589	1300000000000085489	ねず	3861
1590	1200000000000001806	Uターン	3842
1591	300000000000061496	だんきー	3837
1592	800000000000000502	masa	3834
1593	1300000000000055019	レッド	3828
1594	200000000000062266	capi	3822
1595	600000000000096587	HY	3789
1596	74324	ツナぽん	3786
1597	900000000000099330	kou	3775
1598	1300000000000033994	トレ	3774
1599	1100000000000097780	birth	3764
1600	100000000000102264	恭生	3754
1601	500000000000004528	アトラス	3753
1602	22006	可愛いひよこ	3744
1603	200000000000081063	小鳥遊2	3742
1604	100000000000046880	はーまん	3739
1605	300000000000079654	Vit@min!	3731
1605	500000000000085320	ぴろりん	3731
1607	500000000000054482	ヘリウム	3723
1607	900000000000100068	木野	3723
1609	1300000000000041239	フォルセティ	3719
1610	300000000000004935	ｷﾞｰﾉ	3718
1611	900000000000097226	ししだ	3706
1612	600000000000024516	セキ	3693
1613	19111	たゆうら	3684
1614	400000000000099871	panspeedmeron	3655
1615	1400000000000006952	毘沙門天	3648
1616	1500000000000006021	あやせたん	3645
1617	300000000000056139	可奈翼美希	3633
1618	16862	卜途	3617
1619	900000000000011440	よいち	3615
1620	100000000000056402	ぐいっちゃるでぃーに	3610
1621	1500000000000036676	くづき	3609
1622	1300000000000080153	もやしP	3602
1623	300000000000050446	Kashi	3561
1624	400000000000055809	ゆあ	3556
1625	800000000000000856	nagisalove	3555
1626	1500000000000044753	たま	3552
1627	100000000000018804	turboo†国分市場†	3540
1628	15402	さときち	3514
1629	300000000000004972	クロニカ	3495
1630	600000000000005592	Curtains	3479
1630	800000000000005089	YU－	3479
1630	1300000000000046167	ぐっさん	3479
1633	1100000000000012580	おしょう	3472
1634	1100000000000038692	コウメイ	3470
1635	400000000000001359	vento728	3469
1636	600000000000101804	にじる	3452
1637	8765	Ntak	3447
1638	700000000000100915	Kiyoshimo	3429
1639	500000000000023683	/null	3420
1640	1500000000000015314	Yas-1	3408
1641	300000000000050550	雪竜	3380
1642	1400000000000006358	たま	3375
1643	1500000000000061976	bd8z	3367
1644	300000000000043889	taka	3364
1645	800000000000053222	はなみ	3340
1646	700000000000058148	ふろうと	3334
1647	100000000000003792	ＡＹＡ	3329
1648	300000000000095527	NoisyGas	3320
1649	1100000000000102209	それでもう十分です	3308
1650	700000000000074545	じゃんじゃか	3303
1651	700000000000097319	Lily	3300
1652	200000000000019362	みどり	3295
1653	1000000000000014035	緒川える	3288
1654	1300000000000081494	ほんだ	3280
1655	200000000000099682	将軍	3277
1656	51355	wacわくP	3270
1657	1400000000000050964	西やん	3260
1658	600000000000014419	コンディ	3248
1659	400000000000075230	ダンダンゴ	3247
1660	400000000000023590	あっちゃん	3240
1660	500000000000099685	Player 1007533973	3240
1662	1000000000000081590	n@ka	3236
1663	1300000000000014641	紗夜	3220
1664	400000000000022429	ｇｕｓｌ１１９２	3219
1665	500000000000008125	アニキ	3211
1666	1000000000000000109	バルス	3205
1667	800000000000085285	teruma	3193
1668	200000000000082164	まきまき	3192
1669	1500000000000036254	あんどれ	3186
1670	1200000000000072113	アメ	3178
1671	600000000000015505	くさ	3171
1672	400000000000036412	ジョン	3139
1673	500000000000098552	しんしん	3132
1674	1400000000000069906	桐維@インテリスタ	3130
1675	800000000000000214	佐野くんそら同盟とあやち会員No.00	3128
1676	700000000000000055	tabuchi3	3114
1677	1300000000000000583	cacao68	3096
1678	800000000000097273	たむまさ	3077
1679	600000000000000862	のばら	3075
1680	400000000000028235	エヌ	3069
1681	700000000000054705	元あじゅ	3030
1682	1200000000000006423	シュン	3020
1683	800000000000042286	Rito＆Momo	3004
1684	1300000000000099187	葵	2994
1685	1500000000000033736	WassaP	2989
1686	500000000000026748	どらりおん@ﾏﾀｰﾘと営業ちぅ(・∀・)	2988
1687	200000000000007372	いっくん	2983
1688	1500000000000093118	ぱっぱぱぴるすぱぴすぺぽ☆	2980
1689	800000000000013539	odorimasho	2978
1690	500000000000013611	メープル	2961
1691	700000000000001102	チロル@亜利沙の道場営業中	2943
1692	1500000000000085684	simudor@57	2920
1693	1000000000000080388	ぐんま	2913
1694	300000000000033393	けも	2910
1694	900000000000055271	ウェスト	2910
1694	1100000000000004620	頑張るマン	2910
1697	500000000000101297	安登	2909
1698	100000000000004692	赤い狐	2892
1699	18466	koinn	2880
1700	1300000000000080882	しゃと	2868
1701	300000000000086989	しょんごー@枕カバー帝国	2866
1702	1300000000000072553	`kito	2862
1703	500000000000031983	くある	2844
1704	1100000000000052738	ゆーぽす	2840
1705	100000000000035203	ぬかるみ	2820
1706	800000000000005356	ボギー	2810
1707	24820	手巻きですし	2794
1708	700000000000101332	ラッパ練習中	2762
1709	1300000000000001842	akiponne	2745
1710	1000000000000002680	式守四太夫	2712
1711	100000000000052566	かしま卜電	2697
1712	1500000000000003732	夏風ひな	2694
1713	300000000000057492	ジャリコ	2673
1714	500000000000034882	シロエ	2672
1715	800000000000097157	sket-ch-Book	2661
1716	800000000000073751	焼鉄色	2658
1717	700000000000000210	ゆー	2640
1718	1200000000000007259	蒼耶∞	2635
1719	500000000000011270	あいうえお	2630
1720	700000000000004191	はるぱぬ	2629
1721	800000000000055660	太陽とすっぽん	2610
1722	1400000000000098227	窓際のカーテン	2609
1723	1100000000000024577	あうあう	2602
1724	900000000000005916	ひお(多忙)	2600
1724	1000000000000097138	tkp	2600
1726	600000000000099298	B.M	2598
1727	400000000000004172	テニスラリーの鬼	2590
1728	700000000000093898	Alica	2580
1729	1400000000000077844	Ｋ２	2575
1730	400000000000029587	ふみ	2570
1731	1200000000000010169	消火器	2562
1732	1000000000000002649	KUJIGEN	2560
1733	900000000000006977	ノート	2544
1734	100000000000084990	しろねこ	2538
1735	200000000000053896	くろろん	2520
1736	1000000000000092045	ジガノフ	2518
1737	1400000000000096772	ふるっと	2513
1738	1300000000000071528	ついたち（旧ポテサラ）	2504
1739	1300000000000061952	REBECCA	2499
1740	600000000000021383	まこさと	2496
1741	200000000000059510	シロ	2458
1742	1200000000000055234	GRASSFIELD765	2451
1743	600000000000050796	死神†しのむん†	2433
1743	600000000000080704	わらびぃ	2433
1745	100000000000077777	鵠沼海岸 平八	2394
1746	1200000000000054132	Tue	2393
1747	1100000000000051516	林檎	2384
1748	1000000000000001803	朽木孔竜	2378
1749	700000000000015858	ころっけ	2374
1750	1400000000000054661	延珠	2360
1751	800000000000020280	狐ぅどん	2352
1752	500000000000043843	らりる れふ	2313
1753	300000000000000167	yo.	2300
1754	1500000000000102363	リンク	2280
1755	1200000000000052550	あふno.10	2271
1756	1400000000000086210	しおん	2263
1757	1500000000000008604	ノブ	2256
1758	1500000000000058222	ナヲ	2240
1759	500000000000091669	エンペラ	2220
1759	600000000000086579	タイヤキクン	2220
1761	400000000000099388	たしゅく	2211
1762	1300000000000045513	影斗§垣根帝督	2202
1763	300000000000004536	PFC	2191
1764	100000000000046092	ひらひら	2182
1765	1500000000000007695	のぶりん	2171
1766	500000000000094299	souhiat	2170
1766	1100000000000015244	タブンコンナモン	2170
1766	1200000000000023509	チロルチョコ☆	2170
1769	700000000000057502	シュウカ@マイペースP	2168
1770	700000000000100355	とのに	2160
1771	300000000000096095	ルルshiba	2152
1772	900000000000074715	織原８３	2150
1772	1000000000000001798	絵梨奈	2150
1774	300000000000005132	珠洲	2139
1775	1200000000000027702	かっちん	2113
1775	1400000000000086077	you	2113
1777	1000000000000004913	ミズ	2109
1778	52064	ありあ	2094
1779	1500000000000055708	けにゃま	2091
1780	800000000000022763	そるを	2073
1781	900000000000007776	上∞~noリスクno冒険~	2067
1782	74875	サトキチ	2054
1783	1400000000000102593	アウル	2051
1784	300000000000043860	いち	2039
1785	1100000000000002067	カムナ	2030
1786	700000000000063310	ひでき	2017
1787	1100000000000020816	ロストジョーカー	2013
1788	900000000000046399	けるしあ	2009
1789	9847	ライトニング	2008
1790	100000000000060971	KARASU	2003
1791	1300000000000052461	かわみ	1984
1792	400000000000021246	えれのあ	1974
1792	600000000000006108	びーる	1974
1794	200000000000052627	p@nda	1962
1795	1400000000000049518	くりす。	1958
1796	400000000000099528	sei	1931
1797	300000000000098558	なーさん	1922
1798	900000000000081474	三ツ木	1912
1799	1000000000000097325	ハルラン	1902
1800	800000000000068557	アイソン	1878
1801	33118	ほっぱんさん	1877
1801	300000000000100281	とーます	1877
1803	100000000000096407	あまいP	1876
1804	100000000000001437	ﾄﾖ	1869
1805	600000000000102283	Player 1008784630	1863
1806	800000000000087846	望月杏奈COREA@P	1856
1807	400000000000029492	ラチェット	1840
1808	700000000000028751	ＢＬＵＥ　３	1818
1809	13784	はれんち	1817
1810	1200000000000053002	cexen	1803
1811	1500000000000075131	のの(蓮)	1800
1812	100000000000007790	ジャン	1797
1812	200000000000099485	Player 1007291666	1797
1814	200000000000003184	きほいる	1790
1815	800000000000003656	ルンちゃん	1786
1816	1300000000000050428	ベゲタミン次郎	1783
1817	400000000000101845	Player 1008678916	1778
1818	500000000000102222	けぇこむ	1774
1819	600000000000001694	みるてぃ	1770
1820	1100000000000101600	ζ'ヮ')ζ	1744
1821	500000000000025850	あけるなる	1741
1822	900000000000093694	神奈川防衛隊	1734
1823	500000000000033986	ﾏｯｻﾙ	1728
1824	1000000000000096053	Steven	1719
1825	19358	ゆきぽP	1713
1826	900000000000100707	ねぎ	1706
1827	1000000000000003411	アッテナ	1704
1828	1300000000000034057	えびぽん	1692
1829	1200000000000087463	はうすとまと	1682
1830	900000000000098113	mintiaholic	1670
1831	200000000000085843	ティック	1667
1832	1100000000000062532	AMMO	1654
1833	82443	おまえ	1652
1834	500000000000061889	はるさん	1648
1835	1300000000000097524	のぼー	1647
1836	1300000000000001280	ちこくちこく	1644
1837	1000000000000096029	あーる	1636
1838	1100000000000000345	＼鳩@律子P／	1628
1839	500000000000042803	まっさん３７【１０月から愛知県三河地方に復帰♪(*^^*)】	1626
1840	700000000000057032	北のさむらい	1624
1841	33617	VLFE	1620
1842	900000000000091783	田奈部	1614
1843	300000000000053475	岬	1608
1844	100000000000097033	雲のジュウザ	1596
1844	800000000000033964	seron	1596
1846	1200000000000100814	Player 1008338780	1593
1847	600000000000102213	ゆたんぽ	1592
1848	200000000000094219	ニックネーム	1575
1849	500000000000013955	ちーこ	1572
1850	1200000000000014357	にゃっ太	1566
1851	1200000000000020994	ジュン	1560
1852	200000000000094514	gttp	1554
1853	1100000000000076055	かわいそうまさん	1546
1854	800000000000005336	EIM	1541
1855	800000000000100091	がみ	1534
1856	100000000000026432	わんわん	1531
1857	200000000000098210	らすく	1528
1857	1500000000000002442	リアル非破壊	1528
1859	600000000000028421	つなぽん	1526
1860	500000000000000999	蕎麦	1523
1860	900000000000098947	cocoa^ω^	1523
1862	1500000000000093279	ｶﾜｸﾞﾁ	1522
1863	1500000000000050110	きょうすけ	1519
1864	1100000000000031630	hikaru	1518
1865	79360	コスモ	1502
1866	84341	カカシP	1492
1866	1000000000000001078	デニー	1492
1868	600000000000004756	佑那	1489
1869	300000000000003466	tokosin	1488
1870	200000000000085786	さくらぽん	1480
1871	700000000000086092	名無し	1478
1872	1200000000000087535	765&346	1476
1873	1500000000000002967	ていく	1473
1874	400000000000021567	たかや	1469
1875	1400000000000047809	三畳	1468
1876	500000000000102106	20log√10	1463
1877	300000000000084083	水玉	1452
1878	1500000000000002439	杜若	1440
1879	700000000000068103	赤リン	1435
1880	900000000000101028	ゆきみち	1429
1881	300000000000085155	蛇道楽	1423
1882	900000000000094953	らん	1422
1883	400000000000099303	そるきゃっと	1410
1884	100000000000059326	katakataka	1400
1885	400000000000057474	もるきょー	1398
1886	900000000000100681	ssumu	1391
1887	800000000000048074	レッド	1389
1887	1100000000000026511	倫理	1389
1889	900000000000085268	うろのろ	1387
1890	900000000000000212	りゅうく	1386
1891	1300000000000020952	天川やすか	1382
1892	100000000000102369	KATO	1377
1893	1500000000000073318	だーまえ	1334
1894	900000000000093148	YUZU○	1326
1895	1100000000000001880	うちなー	1320
1896	500000000000007990	みりん@シシジ	1317
1897	94377	しか	1302
1898	100000000000101245	ハッピースケ	1291
1899	1400000000000059169	sigM	1280
1900	300000000000030232	ぺぐ	1277
1901	97258	京介	1276
1902	1000000000000052308	さぜ	1275
1903	1000000000000043187	みくろ	1256
1904	400000000000094322	あざーす	1242
1905	1100000000000097118	にじこま	1239
1906	400000000000020860	サブアカ	1236
1907	500000000000100645	だにー	1235
1908	1500000000000002897	じゃが	1234
1909	300000000000003202	mist	1231
1910	400000000000081177	デメコ	1229
1911	1100000000000082867	Mitsuru	1222
1912	800000000000100196	葵廻	1217
1913	1000000000000094774	Player 702658586	1212
1914	1000000000000022137	Gyg	1210
1915	600000000000081586	なべ	1209
1916	200000000000098967	Player 1007116770	1200
1917	200000000000100117	Ｏ	1196
1918	400000000000058064	タマネギ	1185
1919	200000000000005256	凰火[ｻｲｵﾝ]	1183
1920	33748	六式	1178
1921	400000000000023904	IMR-765-S.KISARAGI	1176
1922	600000000000097860	ルミナ	1175
1923	300000000000101351	matsukou	1169
1924	1300000000000021162	【流れ星】Ｘｅｍ	1168
1925	1500000000000020636	れの	1160
1926	300000000000054260	ボクデン	1154
1927	1000000000000052455	ちんちく	1147
1928	200000000000056023	我愛羅ちゃん♪	1144
1929	1300000000000058981	グレイ	1140
1930	500000000000094267	ロボ	1135
1931	700000000000087626	ササミ	1127
1932	300000000000020784	ひの	1126
1933	100105	にみゅ	1124
1934	800000000000101908	あいりす	1123
1935	300000000000033793	ササノハ	1106
1936	1500000000000008095	たっつん	1105
1937	1400000000000085736	こすを＠同僚さん募集中	1093
1938	900000000000000304	麦秋	1092
1939	42382	ひじき@招待相互無視希望	1090
1940	500000000000006762	シーバス	1089
1941	1200000000000062654	たすけ	1082
1942	700000000000000113	Sirataki	1081
1943	200000000000097617	一条	1080
1943	1200000000000100393	そらの	1080
1945	600000000000006696	t@2hide	1078
1946	1100000000000009998	コスモ	1075
1947	500000000000007644	やまのい	1070
1948	600000000000056203	赤い星	1069
1949	800000000000094179	さくや	1063
1950	700000000000054890	海ぺ	1061
1950	700000000000055500	リヴァ	1061
1952	1300000000000000911	明智	1060
1953	900000000000097822	ぽみゃあ	1057
1954	200000000000051388	kon_capybara	1055
1955	1200000000000075325	ババロア3.5	1053
1956	92975	神八	1051
1957	1200000000000008914	それは踏み台というにはあまりにお粗末な…	1050
1958	400000000000007066	京都	1031
1958	1100000000000000789	ヨウイチ@うぐぅな真士	1031
1958	1300000000000001488	ふぇにる(海賊仲間募集( ´ ▽ ` )ﾉ	1031
1961	400000000000010746	ふぁっきん	1024
1961	400000000000097333	かなこ	1024
1963	1400000000000007702	ライラ	1022
1964	1500000000000096537	あにりん	1021
1965	400000000000088026	あずまなお	1020
1966	1300000000000017209	迅姫@	1018
1967	1000000000000101636	紅葉月	1017
1968	700000000000096840	りーしゃ	1016
1968	800000000000101471	よおこ	1016
1970	400000000000096377	ミリオンＰ	1011
1971	500000000000004351	依津花-yoduka*	1006
1972	97578	ともやん	1005
1973	800000000000095804	nomoto	1002
1974	1100000000000061665	ヘッセ	999
1975	86599	たん	996
1976	100000000000010674	シン	991
1977	500000000000027892	せと	990
1978	1500000000000099296	上凸	984
1979	1000000000000098058	にしぱらP	976
1980	100000000000101833	元K	975
1981	200000000000036876	ねむけ	971
1982	1300000000000085613	ひかみ	968
1983	400000000000101010	kaeru	963
1984	100989	トムくん	960
1985	100000000000001886	Normiz	959
1986	200000000000051098	柴犬	958
1986	1100000000000039818	十六夜八雲	958
1986	1400000000000003650	STICK	958
1989	500000000000017727	金蔵	954
1989	1400000000000000367	you	954
1991	1500000000000028768	ジョー	953
1992	600000000000000136	紅茶屋	947
1993	700000000000037220	MYU	942
1994	1400000000000021876	さつき	937
1995	1300000000000047865	ユーテー	930
1996	700000000000047093	よう	923
1997	200000000000101227	星咏	920
1998	1500000000000099241	咲弥	915
1999	100000000000083397	タニム	912
2000	700000000000087018	ちどり	911
2001	1400000000000010887	オワタＺ	903
2002	900000000000100750	かなあみ	893
2003	500000000000030232	しあん	882
2004	300000000000023120	うりょ	868
2005	600000000000083515	ジュン	863
2006	1000000000000004665	Tomo	852
2006	1100000000000087074	RINKOU	852
2008	500000000000098327	らいぶ	850
2009	1200000000000000340	ぴよひよ二等兵	847
2009	1400000000000098650	NBtoroy	847
2011	600000000000005228	ヤマ	842
2012	1500000000000003644	sskm凹	829
2013	1200000000000080480	つしよ	823
2014	1500000000000101282	クノ	819
2015	400000000000073982	なとりん	812
2016	1200000000000100209	410 watakou	806
2017	2537	四季	805
2018	1400000000000062531	嶺上開花	802
2019	600000000000086681	なまけっち	801
2019	1000000000000010333	kg	801
2021	700000000000016251	いなさん	799
2022	800000000000080814	kazgogo	798
2023	400000000000007817	カカカ	796
2024	500000000000019451	もんじゃ	794
2025	100000000000061613	あるぽん☆	777
2025	400000000000001398	バース・クライアント	777
2027	900000000000088087	神里	775
2028	700000000000098283	せりかな	774
2029	200000000000092339	Paeony	767
2030	1000000000000052133	エルロン	763
2031	1200000000000099633	寿乃端	761
2032	600000000000030679	ゆぅ	760
2033	1200000000000026419	よしけい	757
2034	100000000000046960	けん	756
2034	1500000000000021446	idiotic	756
2036	500000000000086027	BDRG	755
2037	700000000000085881	まちあ	753
2038	1300000000000102245	Player 1008554477	748
2039	900000000000097211	水京	738
2040	1100000000000062069	★CLASH★	735
2041	900000000000098535	ペン三	727
2042	400000000000090871	Player 1005616372	725
2043	300000000000001994	saisai	720
2043	300000000000076817	rin	720
2043	900000000000084306	るしふぇる777	720
2043	1400000000000080140	なな	720
2043	1400000000000102293	うや	720
2048	900000000000097074	ななな	714
2049	101825	みじんこ先輩	713
2050	1200000000000009436	コモ太	708
2051	400000000000099464	IKU	707
2052	1500000000000031259	むつば	698
2053	800000000000101961	JGBNP	697
2054	1300000000000097553	Player 1006570877	695
2055	400000000000052630	おろっき	694
2056	1200000000000068902	ヒロシ◎	693
2057	900000000000000059	マサ	691
2058	300000000000007444	*おおっと*	687
2058	1000000000000005107	ぱぴ	687
2060	800000000000007642	PYU作	686
2061	700000000000097650	熙	684
2062	700000000000102535	えすぷれっそ～	677
2063	1500000000000004387	よっすぃ	674
2064	600000000000002602	鳥谷瑠美	673
2065	100000000000087112	ヘヤング	662
2065	300000000000100688	高麗人参	662
2065	1400000000000097732	げっぺ	662
2068	200000000000000498	あーる	659
2069	100000000000034232	草野葉月	648
2070	400000000000097110	日下隼	637
2071	400000000000003963	ノスマス	633
2071	600000000000002216	miporin77[がんばろう熊本・大分]	633
2073	300000000000077375	みーこ	628
2074	1400000000000079981	ハナト	627
2075	1500000000000072177	すぎし	625
2076	400000000000099127	ドーナツK	621
2077	400000000000060544	わ	617
2078	400000000000102145	cryostat	614
2079	600000000000003318	りっちゃん	610
2080	800000000000099868	あいきゃん	607
2081	1000000000000003035	ムジナ	588
2082	1400000000000028459	イムヒロ	582
2083	1200000000000099232	シング	581
2084	1000000000000000323	雪奈	578
2085	700000000000100983	おじさん	576
2086	200000000000000903	nas	573
2086	800000000000054977	りお	573
2088	700000000000077862	Player 1003696743	556
2089	200000000000086977	向上長P	551
2090	1200000000000102027	七日	548
2091	700000000000003579	レン	547
2092	1400000000000042099	歌が永遠	543
2093	200000000000004786	ネクスト	536
2094	400000000000047113	祥	532
2095	1300000000000015126	ＮＡＡＮ	527
2096	1300000000000096468	抹茶	520
2097	1000000000000097895	あろんあるふぁ	517
2098	500000000000097496	アユム	504
2098	1400000000000101661	花浜匙	504
2100	1000000000000006175	ダイオウグソクムシ	503
2101	101371	hib	499
2102	100000000000012807	しょうりん	495
2103	500000000000004711	ＧＡＴＥ	479
2104	101681	しき	476
2104	100000000000102102	そうき	476
2104	500000000000102342	galveccio	476
2107	1000000000000098943	美風	470
2108	600000000000049932	疾風	468
2109	1400000000000102207	バス	467
2110	800000000000003192	多岐	464
2111	1500000000000093445	Player 1005925279	463
2112	600000000000082024	dhiw	444
2113	83392	トム	441
2114	600000000000101763	Player 1008573062	439
2115	1300000000000028167	秋月ナツキ	427
2116	300000000000034530	アサケン	424
2117	98773	moca	422
2118	700000000000038754	かずや	412
2119	900000000000006826	きゅん	400
2120	300000000000099451	Player 709701971	384
2121	400000000000079578	ドンキーコング	382
2122	200000000000010972	waisi	381
2123	1000000000000093437	みきんぱつ	376
2124	97042	洗礼者ヨハネ	375
2125	300000000000030261	えつお	373
2125	900000000000000680	棚	373
2125	1400000000000087031	Player 1005112270	373
2128	500000000000006094	馬超	360
2128	1300000000000015537	.tack	360
2130	400000000000091926	鯨	356
2131	700000000000097901	のぶのぶ	348
2132	1300000000000004334	ﾏﾆｺﾞﾙﾄﾞ	341
2133	1300000000000102450	たま	329
2134	300000000000101650	veloelo	328
2135	1500000000000049695	gashilla	322
2136	1200000000000098547	ぐな	319
2137	200000000000101674	(o・∇・o)	316
2138	1000000000000051588	テルル	312
2138	1200000000000087725	Ketchap_2	312
2138	1300000000000047673	吊橋哲	312
2141	500000000000102331	Chevron	311
2142	400000000000054998	zene	310
2142	800000000000098784	つかさ	310
2144	200000000000102064	KEN	307
2145	800000000000101848	さん子	306
2146	600000000000056249	おはせ	305
2147	800000000000101953	Mimorin	299
2148	1300000000000024856	睡魔er＋	286
2149	85901	もっさし	278
2150	800000000000101942	比良子	275
2151	700000000000102730	Player 1008797015	268
2152	200000000000102187	TNK	265
2153	100000000000099364	Player 1007337489	262
2154	1100000000000010914	にの	261
2155	400000000000081151	Player 1004474676	260
2156	300000000000010238	ダイ	250
2157	900000000000085360	ヤライP	241
2158	900000000000100650	めにるん	239
2159	900000000000052277	バード	237
2159	1500000000000081787	月夜子	237
2161	1200000000000100822	わびかり	231
2162	600000000000102185	999	219
2163	700000000000000029	もちた	215
2164	100000000000074856	パパ	214
2165	700000000000015450	みなと	213
2166	1000000000000027747	ﾖｯｼｰ	211
2167	700000000000098435	武装戦線@?'ω'?	210
2168	100000000000101027	GAIGY	208
2168	200000000000062801	aiko	208
2170	700000000000032402	ジン	207
2171	900000000000072911	Player 1002638457	206
2172	700000000000088471	蟹	205
2173	1200000000000056055	gan	202
2174	300000000000101740	かれん	199
2175	400000000000101948	えんだむ	187
2175	800000000000038827	somgom	187
2177	102219	mp	184
2177	1400000000000101748	maboroshix	184
2179	400000000000101565	Player 1008572084	180
2180	1100000000000043752	shino-m&m-～鯰～ 御礼※省略m(._.)m	174
2181	700000000000099321	夏目桜	173
2182	700000000000019072	SAKAMOTO	172
2183	700000000000101521	みやぁΩ	164
2184	400000000000016486	きよぽん♪【陣②】	163
2185	700000000000099104	ライダー	160
2186	1300000000000100181	なななつ	158
2187	400000000000080462	樋塚	156
2187	500000000000001240	カズ(イン率低下します)	156
2189	200000000000037507	GAZA'P	152
2190	100000000000100956	こっさむ	151
2191	500000000000098466	大河新次郎《CherryBlossom》	140
2192	800000000000096795	なつ2	139
2193	500000000000102531	さとう	138
2194	600000000000057528	ロジコ	129
2195	800000000000094579	こるげん	128
2196	200000000000097043	ﾀｯﾁｬﾝ	127
2197	100000000000071542	醒雫	126
2197	300000000000101368	Player 1008532627	126
2199	600000000000102094	ねくまん	125
2200	1500000000000092933	目黒P(決闘者)	124
2201	100000000000015485	タロす	120
2201	400000000000054230	じゅんこさん	120
2201	1300000000000041440	なみえ	120
2204	1200000000000008948	スキッピー	117
2205	1300000000000007143	ごっさむ	113
2206	400000000000102100	あるぱ	112
2207	1400000000000100145	トミー	111
2208	300000000000009584	はなむら	110
2208	1300000000000055666	さとう	110
2210	1100000000000050345	狐狐	109
2211	85409	Player 1004978816	106
2211	600000000000102294	みしろ	106
2213	600000000000000359	かむい	104
2214	1200000000000102142	マチ子	100
2215	1000000000000043002	180	96
2216	200000000000101854	サブ	94
2217	1400000000000053092	荒波P	93
2218	700000000000102826	みんてぃ	85
2219	92882	江流	84
2219	600000000000014141	まっしゅ	84
2219	1100000000000043402	☆流星の星☆【Together】覚醒⑪ご協力ありがとね(*^^*)	84
2222	900000000000100665	Player 1008276937	82
2222	1300000000000102947	りんご	82
2224	400000000000102194	Player 1008820180	79
2225	300000000000003959	タケちゃん	75
2226	400000000000102073	蹲踞マン	67
2226	900000000000055641	いちもんじＰ	67
2228	1300000000000099154	Player 1007141533	66
2229	25367	イチロー	61
2230	35918	三枚おろし	60
2230	1400000000000001105	上着は塩	60
2230	1400000000000022923	ファントム	60
2233	100000000000102318	sony210	59
2233	1100000000000102124	はぎわら	59
2235	100000000000079562	御仁義理	56
2236	400000000000091208	スー	54
2236	1000000000000102520	リモ	54
2238	500000000000010258	アルちゃん	52
2238	500000000000011044	*ちャみ*	52
2238	1500000000000100420	タザキ	52
2241	400000000000102161	取得できませんでした	50
2242	1400000000000013373	SKYLINE	48
2243	600000000000102229	Player 1008766182	47
2243	700000000000101218	Player 1008182167	47
2245	600000000000102302	め	45
2246	500000000000017649	†なぁ†ｲﾍﾞ協力ありがとうございます*	42
2247	100000000000101692	吉田瑛彦	41
2248	100000000000045009	PINKA	39
2248	1300000000000039079	DT	39
2250	92796	のんの(^｡^)	38
2250	100000000000094637	たいやき	38
2250	100000000000101740	Player 1008526081	38
2250	100000000000102493	Player 1008796881	38
2250	700000000000102495	コペン	38
2250	1200000000000098359	オレンジ	38
2250	1400000000000102614	バジル	38
2257	1100000000000019696	りとせあ『　』	37
2258	100000000000053594	けいしゅう	32
2258	100000000000062450	よっ君	32
2258	100000000000100664	コウガ∞絆	32
2258	100000000000102063	ヤックルGBP	32
2258	300000000000094867	べネット	32
2258	500000000000020994	☆パドメン☆花粉症 到来中かも？	32
2258	500000000000100849	zero	32
2258	500000000000101085	まちゃきん	32
2258	900000000000047798	たっちゃん	32
2258	900000000000100225	うなぎ	32
2258	1000000000000054974	ミヤマサ	32
2258	1000000000000057190	jisyougm	32
2258	1100000000000013865	はる	32
2258	1200000000000047845	岡ちゃｎ	32
2258	1300000000000048334	みー ＊	32
2258	1300000000000049202	∮κцмё∮	32
2258	1500000000000081561	＊ふぅ＊	32
2258	1500000000000094462	お兄ちゃん	32
2258	1500000000000101212	かっちん＠	32
2277	400000000000101180	ゆゆんんこここんんん	31
2278	100000000000100715	カイト*d* 急な出張 泣 イン減	29
2278	200000000000044063	tonal/寝落ちすみません…(T_T)	29
2278	200000000000088713	はち	29
2278	500000000000100752	綾女	29
2278	800000000000053508	キミ【CCC/NA】覚醒&宝石釣り上げ有難う御座いました(≧∇≦)b	29
2278	900000000000039850	レアレア	29
2278	1000000000000016781	こそ子★Pink Vilde Rose★	29
2278	1100000000000048634	☆なみちゃん☆	29
2278	1100000000000048880	ボンドルチェ	29
2287	1100000000000102023	sixworld	28
2288	900000000000100019	ぼでー	27
2288	1400000000000075214	ALFEE teamシラ&なぎ	27
2290	25112	Furu ∽梵∽A―3かフリー	26
2290	100000000000042881	シェリィ	26
2290	300000000000074338	ﾂﾖｼ	26
2290	700000000000083640	あそぶ	26
2290	1000000000000048276	あいうえお☆	26
2295	100000000000044380	リセット	23
2295	200000000000088740	ねぎ	23
2297	79195	はーまん《》	22
2297	100000000000102579	あぶにゃ	22
2299	900000000000100859	ひいらぎ	21
2300	500000000000102409	Player 1008780277	20
2300	600000000000102300	取得できませんでした	20
2302	1000000000000102025	あきら	18
2303	1200000000000102036	たこ焼き少尉専用ヒラメZ改	17
2304	101714	はるおぎ	16
2304	300000000000101897	かるお	16
2304	600000000000043840	ポイずん？	16
2304	1000000000000041513	くまくん	16
2308	1100000000000102173	ひばり	15
2309	900000000000102054	Player 1008795273	14
2310	21415	きのこ	13
2310	700000000000093057	涼	13
2312	800000000000098354	味噌カツ	12
2312	800000000000101876	ミリオ	12
2312	900000000000101362	キーセ	12
2312	1500000000000098697	スライム	12
2316	1500000000000049948	Kyon geass	11
2317	50449	とらねこ	10
2317	100000000000074399	ひつじ	10
2317	1400000000000102719	Rahmathzr	10
2320	7803	☆Mr.wonderful☆	9
2320	19187	ジャスタウェイ	9
2320	49012	サバンナ	9
2320	100808	フラギリス	9
2320	100000000000059607	マリオ・覚醒12協力感謝です。天凶探しです！	9
2320	100000000000062474	マサ357	9
2320	100000000000100803	バナナ炎	9
2320	200000000000062848	ヨネ＠	9
2320	200000000000101044	サンシャイントシエ☆宇治金時	9
2320	200000000000102414	フィー◆	9
2320	300000000000059645	palerider	9
2320	400000000000102219	Player 1008826468	9
2320	500000000000030734	john	9
2320	500000000000047677	無冠のACE ?ｷﾗ?	9
2320	500000000000049627	アナザーリョウ☆P☆	9
2320	500000000000100089	なる∮天使の誘惑∮	9
2320	600000000000025710	ける	9
2320	700000000000059602	文秀	9
2320	700000000000074704	木公《∽ksgk魂∽》風～余裕無くコメ激減m(_ _)m～	9
2320	700000000000088655	ルージュ	9
2320	800000000000101018	朝倉様刻	9
2320	900000000000011304	みかん☆･･･睡魔に負けてたら御免なさい～(￣ω￣;)ゞ	9
2320	900000000000042309	ふく	9
2320	900000000000043353	マッキー	9
2320	900000000000047792	ＳＡＥ☆Blueimpact☆	9
2320	1000000000000046669	さかちん[営業中]	9
2320	1000000000000102455	Player 1008773674	9
2320	1200000000000048026	ゆう	9
2320	1200000000000088027	ベンジー	9
2320	1200000000000094557	シャーロック★☆★	9
2320	1200000000000099407	†睡眠当番長ぶるﾋﾟｬﾝ†	9
2320	1200000000000099879	六連春樹	9
2320	1200000000000100242	静伽	9
2320	1300000000000049612	あいうえお	9
2320	1300000000000101112	ｶｽﾞ	9
2320	1400000000000034850	☆フルール☆多忙※無し多くてゴメンなさい(T-T)	9
2320	1400000000000048836	バーミリン	9
2320	1500000000000046675	クラトス	9
2320	1500000000000074220	ゆっき	9
2320	1500000000000080673	ゆう	9
2320	1500000000000102505	おちゃ茶。	9
2361	200000000000059768	たかたか	8
2361	400000000000102226	garo	8
2361	700000000000049515	カオスおじ(招待無視してください)	8
2361	1400000000000101009	犬マユゲ	8
2365	300000000000102046	エーちゃん@まゆゆ激推し！皆さんの協力に感謝！	7
2365	900000000000101832	なつこまち	7
2365	1100000000000102300	チェスト	7
2368	8394	TAKE13-4(お仲間ｻﾝご協力感謝です)	6
2368	40079	★キラ★彡 †鳳凰†	6
2368	101345	やまさん	6
2368	102622	つぅぽん	6
2368	100000000000048096	ちよちよ＊釣り休み中。	6
2368	100000000000049741	pink☆【fang】ｲﾍﾞ完*OFF	6
2368	100000000000059128	ﾟ+.*?うるる?*.+ﾟ	6
2368	100000000000074091	リィサ	6
2368	100000000000100659	たか	6
2368	100000000000102049	ペペ	6
2368	200000000000027250	たいちゃん<ブルゾンたいちゃんモード>	6
2368	200000000000044832	☆陸釣り師××☆ﾄﾚｷｬﾝ終了 お仲間の皆さんありがとう(*^^*)【…】	6
2368	300000000000044210	みーちゃん	6
2368	400000000000029631	＊ここあ＊+｡♪	6
2368	400000000000041080	まぁ≪￡ονёゆぅ ≫	6
2368	400000000000102099	Player 1008783732	6
2368	500000000000056181	╋【じゃぱ】！皆様に感謝！【愛國】╋	6
2368	700000000000101493	正	6
2368	800000000000100604	HKTSP	6
2368	800000000000100621	かっくん(天凶11)	6
2368	800000000000101699	そう	6
2368	900000000000043689	キムタク～♪2017年もよろしくお願いしますヾ(≧∇≦)	6
2368	1000000000000048130	スズコー＊ラスト覚醒 ご協力ありがとうございましたm(__)m	6
2368	1000000000000049541	やまとも(しばらく、休養します。お仲間のみなさんありがとうございました！)	6
2368	1000000000000059276	ヒーロー	6
2368	1000000000000102610	spo	6
2368	1100000000000016867	☆鬼義重☆招待送ってすいません(°_°)	6
2368	1100000000000039315	ネロパン	6
2368	1100000000000043239	カプチ～ノ**お仲間の皆さんに感謝ﾃﾞｽ(*^.^*)	6
2368	1100000000000100899	Astral	6
2368	1200000000000047686	ランクス-PRIUS	6
2368	1200000000000062535	‡†⌒★йoьμ★⌒†‡	6
2368	1200000000000100767	Senna いつもお世話になっております暫くお礼の米割愛m(__)m	6
2368	1200000000000102073	SHEVA777	6
2368	1300000000000101082	ガキ	6
2368	1400000000000048641	⑬ﾌﾞﾘｰﾃﾞﾝ	6
2368	1400000000000101517	シゲト	6
2368	1500000000000101249	INFY	6
2368	1500000000000102499	カナ	6
2407	700000000000048899	かっちゃん	5
2408	100000000000047697	マスターＸＹＺ［ご協力感謝＆※なしm(_ _)m］	4
2408	1200000000000102068	村上悠希	4
2410	44354	bate2atsu(お仲間大募集中♪♪)	3
2410	101214	ＡＴＳＵ	3
2410	102482	ちゅん	3
2410	100000000000100727	☆華*華☆	3
2410	200000000000059638	みつる♀	3
2410	200000000000060379	とおるん	3
2410	300000000000059583	しゅんのサクラ【天凶　深海⑭　コンテ⑦】	3
2410	300000000000100226	シュシュ	3
2410	300000000000101722	ガンダム	3
2410	300000000000102165	ron	3
2410	400000000000043994	たけし お仲間&ｷﾞﾙﾒﾝ募集中！	3
2410	400000000000059842	ムーブ(*^ω^*)	3
2410	500000000000058674	あつし	3
2410	500000000000091369	きらきら星	3
2410	500000000000092830	Ж春道Ж	3
2410	500000000000102528	あらさん	3
2410	700000000000059525	シャイナ×♪BON♪まったり参戦中(о´∀`о)	3
2410	700000000000073392	すぬ	3
2410	700000000000101485	なべっち	3
2410	800000000000100633	ひろおん	3
2410	900000000000101619	Player 1008642489	3
2410	1000000000000007186	じゅん	3
2410	1000000000000015637	ﾋﾛ	3
2410	1000000000000050659	エントマ・ヴァシリッサ・ゼータ	3
2410	1000000000000092935	ハミルカル	3
2410	1000000000000102620	柴	3
2410	1100000000000072596	けん	3
2410	1200000000000044715	Ｍ	3
2410	1200000000000048135	トット	3
2410	1200000000000050169	シカ	3
2410	1200000000000083090	Player 1004747212	3
2410	1200000000000100850	chocochan☆	3
2410	1200000000000102114	ここっち	3
2410	1300000000000048008	とーにゃ	3
2410	1300000000000052338	キャロット	3
2410	1300000000000060582	しるし★	3
2410	1400000000000015182	カズn☆	3
2410	1400000000000074879	あきちゃま☆め組〆鬼斬龍〆	3
2410	1400000000000101039	RUI☆2050年までに世界平和をのぞむ☆〃	3
2449	1500000000000102351	しぐま	2
2450	300000000000102128	シモン	1
2450	700000000000048522	ぶ *老人福祉施設*萎竜會*	1
