1	1400000000000012005	そぉい	4449906
2	1100000000000056498	ともぼ	2918304
3	400000000000009358	どらすけ@同僚募集中	2299522
4	200000000000055947	ろみっこ（よんP）	2227938
5	1100000000000053416	まーぼぅ	1710149
6	900000000000013721	187ku	1581291
7	400000000000007766	アサカル＠BMDお疲れ様	1577949
8	600000000000004043	でぃーぷくりあー@かじゅある勢	1558293
9	400000000000000238	はるひっち	1540333
10	700000000000055469	たこたこす	1447802
11	700000000000003572	うり	1446979
12	1500000000000027397	えるしふる	1424103
13	800000000000000805	ちこＰ	1348653
14	85519	もけ	1275810
15	100000000000080247	リュウ	1154265
16	1300000000000044718	てったん	1140115
17	500000000000092034	ポピハム	1032235
18	900000000000051147	ドヤP	1029760
19	900000000000055256	AZK	1029349
20	700000000000052524	あう＠輝きのこっち側	954034
21	600000000000074130	たかお	900492
22	1400000000000006722	ぽーさん	847553
23	800000000000086274	nmcA	827314
24	95351	tkr	782837
25	1400000000000005598	ぼんた＠百合子P	752873
26	800000000000096115	黒い秋	749564
27	1100000000000014098	=MAKA=iroha	678329
28	1300000000000096876	ジャック・リッパー・シン	660413
29	700000000000099537	Koh@403	649893
30	300000000000096855	紺碧	629782
31	400000000000001439	たけち	609001
32	400000000000052323	ミリ＠踏み台P/1FA	608053
33	1400000000000011201	アルティメットアイズ	584266
34	900000000000002798	香織	567945
35	1300000000000025476	リコピン	566206
36	200000000000095233	シャーク林田	559348
37	500000000000031889	まーくん	548786
38	1100000000000038052	ohon	536978
39	58897	sunako@	533374
40	300000000000024166	あると	508305
41	200000000000028746	じゅんき＠同僚募集中	499853
42	500000000000031803	でんでん	497843
43	100000000000009827	BlindF@ith	490568
44	300000000000079241	よー	482209
45	300000000000047231	あみ☆	478074
46	500000000000007213	ポケモンマスターサワーP	470981
47	200000000000005513	ももた	468646
48	900000000000075001	まこＴ	467569
49	500000000000079467	だしょ	461429
50	1300000000000004600	どうや@Viデッキ同僚さん募集中☆	460729
51	600000000000097874	あかね	456370
52	100000000000017097	つるちゃん♪相互いたずら歓迎～(￣∇￣)残4	452710
53	1200000000000004514	てむ	452513
54	400000000000080236	teko@同僚募集中です！	438134
55	800000000000056556	pyon[かしこまっ！]	433895
56	99769	松葉	426115
57	300000000000010825	まさヤン	421095
58	200000000000003356	ゆきのふ	417073
59	1100000000000014855	羽柴はく	417026
60	700000000000027020	さやっち	401657
61	500000000000098327	らいぶ	401396
62	1300000000000085489	ねず	398534
63	1300000000000068014	オヤスミン	390795
64	100000000000034972	マッツ	379267
65	600000000000057445	おかとじ	361390
66	700000000000075495	チャパ	360065
67	600000000000047725	ゆず	350817
68	1200000000000075394	ひるげりょ	348657
69	700000000000085269	キム肉マンⅢ世	348311
70	300000000000048009	SL10	339651
71	1000000000000003059	八神健一	330603
72	1200000000000009774	幻焰飛雪@wqt918	328491
73	1500000000000012186	ぬばっふ	324622
74	300000000000055329	スロープ	322144
75	93619	Kaguya	316893
76	900000000000025878	汐音	309481
77	900000000000051396	エムエイ	296643
78	400000000000000286	のぅむ	293924
79	1100000000000054618	幻の学院生	288316
80	1200000000000013952	ろくがつ	284636
81	1400000000000000143	すぬしー	278424
82	1000000000000005295	ぶくろ	274503
83	1000000000000075353	Yoh	269688
84	273	みこも	264862
85	200000000000063347	あるぅ	263365
86	800000000000099802	Suuki	262605
87	200000000000096792	あかし	261350
88	1000000000000022436	ふえひこ	254140
89	59998	ハル	247753
90	400000000000020042	お賽銭箱ちょうだい！！	247711
91	1200000000000030400	かん	244808
92	500000000000050924	闇のレオタード	241612
93	1000000000000098007	ゆきゆき	236909
94	200000000000044751	鷺崎	234784
95	1400000000000097531	ＭＩＯ	227141
96	100000000000078027	青森のスーパースター	226474
97	1500000000000019160	リッター	226230
98	1500000000000075927	まりも	224600
99	500000000000081223	真美のている	222047
100	300000000000005500	ラッシュ	220472
101	500000000000014178	なかにー＠毒	219795
102	1300000000000034080	のりたま	216629
103	1100000000000059883	まるねこ	210238
104	1400000000000000181	anshifel	204735
105	80865	青波	204471
106	1400000000000057499	otakon	202306
107	800000000000006213	しん	198746
108	1500000000000000629	まゆい	198045
109	300000000000096095	ルルshiba	196601
110	700000000000027460	ハカセ	195954
111	300000000000097165	秘密	195398
112	800000000000039415	しばふ	195238
113	1500000000000029366	とちあき	188590
114	300000000000000306	ガンバス	187505
115	1000000000000000369	よしむね	182453
116	600000000000011987	たかくら	181530
117	800000000000021664	ima	179119
118	100000000000074105	夕葉【葡萄:10/18 11:35全植替済】	176901
119	700000000000011821	としぞ	176780
120	300000000000069397	はる	176768
121	1100000000000010823	さるまた	174561
122	400000000000077921	Ponta	173639
123	600000000000007311	yyy	171866
124	800000000000039076	わいけー	167029
125	1200000000000047038	☆霞☆踏み台桃子P	161174
126	100000000000014747	ペタジーニ	160003
127	1500000000000062160	てーてん@同僚募集中	159980
128	400000000000057146	(☆×☆	158085
129	400000000000077887	しゃれあむ@やっぱり杏奈はかわいいよ！	155319
130	1300000000000013289	7960101	155294
131	700000000000028036	くろまさん	155250
132	300000000000036888	minn	153677
133	16023	sikimi	151398
134	700000000000002269	ニィニ	149803
135	500000000000092855	プライル(銀耳機)	149731
136	1100000000000097547	ジュニオールになりたいびっきー	149315
137	500000000000008120	エスト	149009
138	1200000000000037915	ゆづき@隠居勢/同僚募集中かも。	147706
139	39213	驚きを隠せない!!!!	146591
140	600000000000005581	かっし→	145902
141	800000000000039177	Tourane	145813
142	52149	いろは	145405
143	500000000000050925	がまん	143111
144	91994	幡芽	142146
145	800000000000001338	ピュアホイップ	141111
146	200000000000019207	ときちゃん	140908
147	2478	デデデ	138178
148	1300000000000002892	ダングルフ	137760
149	400000000000055259	Ｄａｙ	136746
150	400000000000026069	Yuki	136508
151	1100000000000002113	ハル	136506
152	100000000000007774	asagi	134938
153	1300000000000015961	ますらお	134910
154	1500000000000006876	ときふじ	132461
155	1500000000000001432	クロン	131461
156	900000000000059704	新谷真司	130278
157	200000000000074766	sukeishi	129723
158	500000000000000347	のり	129710
159	100000000000007382	のり0111@	128444
160	600000000000056886	キヨ	127910
161	900000000000071943	なべ	124597
162	200000000000058578	素ゴック	124244
163	1200000000000015880	kyoka	124160
164	700000000000034319	トーフ	122102
165	800000000000024037	レイスト	120256
166	1400000000000034879	フジマル	120203
167	500000000000003990	ユウ	119603
168	200000000000004824	おおたく	119113
169	700000000000063148	BUD	119052
170	300000000000073562	auM@ster	118629
171	600000000000075578	すててこ	117241
172	500000000000022799	けん@道場潰れました	116368
173	1400000000000074300	ふみ	116280
174	300000000000053971	むうらん	116196
175	900000000000097897	beni	115302
176	200000000000021783	わっしょい	115036
177	1300000000000099153	アルフォート	114008
178	1300000000000084126	ちょろけんぴ	113391
179	400000000000007919	はりおむ	113015
180	800000000000034028	リョウ	112391
181	700000000000015754	kouya	111968
182	900000000000010129	チャン	111467
183	700000000000062269	おさかな	110695
184	700000000000052593	ニワリス	110415
185	1400000000000062293	meo	109656
186	500000000000045340	クロ	109456
187	1500000000000003971	あまら	109064
188	800000000000007577	ルキアス!	108682
189	1300000000000005281	ホッシー@プロフ絵消された	108256
190	400000000000002568	だんぱれた	108061
191	1400000000000077647	さわけん	107514
192	1200000000000097947	阿仁	106908
193	600000000000006790	ペンギン	106741
194	400000000000018213	yeku	105034
195	1400000000000097017	オルテガ	104583
196	100000000000003017	やよい優	104094
197	300000000000005123	113	103953
198	1200000000000003989	チェント	103165
199	1100000000000000151	マサ黄	102989
200	100000000000008229	やん	101969
201	100000000000020892	宇影	101852
202	400000000000058819	アカハタ	101788
203	200000000000060414	アキト	101603
204	300000000000000497	加賀城	101493
205	3210	せいか	101221
206	1300000000000009735	しろ	99759
207	300000000000022294	遊鎬P@紗代子、命をかけて君の人になります -N-	99192
208	1200000000000000173	むぅさん	98933
209	1300000000000079998	hiruma	98817
210	100000000000026669	かかお。	98089
211	1200000000000030839	serge	97851
212	1100000000000078742	シホツナナ	97011
213	1500000000000025220	ＬＯ	96931
214	1400000000000049492	静	96818
215	100000000000083846	せーぼ	96450
216	800000000000072110	innk	94563
217	1100000000000047188	ろしあん	94495
218	500000000000096930	やすみ	94164
219	200000000000017606	まーす	93369
220	1200000000000086690	NEPO	93147
221	500000000000079954	ここのえーさく@BMD相互埋め希望	92836
222	500000000000037314	パルパロ	92298
223	800000000000035238	くるみ	91605
224	600000000000028020	智さん†L∞P†	91477
225	400000000000038024	たま	90850
226	600000000000022137	マーチン	90468
227	400000000000004594	げる	90256
228	900000000000006555	ツナサンド	89926
229	1000000000000012423	ケンター・フライド	88862
230	13195	ぴこぷぅ	88719
231	1200000000000016617	アイガモ	88675
232	100000000000000202	ちゃこ	88511
233	3998	るうと	88419
234	1300000000000088339	石川速人	87372
235	300000000000055810	ゆいな	87085
236	100000000000053414	まっくす	86992
237	1300000000000057323	nnn	86769
238	1000000000000000928	さか	86143
239	915	【たのsea】坊	85866
240	1286	☆くらぴ☆	85808
241	900000000000000902	めかね	85784
242	100000000000050991	デスなおぽん	85710
243	500000000000097144	あきんぬ	85676
244	1300000000000005325	すけとうだら	85377
245	75056	まだらおみ	85345
246	300000000000037522	竜之介	84774
247	400000000000076029	あざらしあこ	84561
248	900000000000036699	うにょらー	83988
249	100000000000045736	ふむう	83580
250	200000000000000361	ファイ	83508
251	1400000000000048278	紺	83235
252	200000000000013456	あんまき	81863
253	400000000000001371	ロジット	81405
254	300000000000096132	homari	81161
255	1100000000000050211	凛	80906
256	1100000000000086373	春坂@HN相互交換同僚募集 求）美也HN	80705
257	500000000000085787	のーちぇ	80703
258	1500000000000085216	ZAN	80702
259	98394	Kare	79302
260	400000000000028756	たいたんぱー	79133
261	300000000000056092	nube	79078
262	700000000000007699	べのむ	78431
263	1200000000000056355	よっしーP	78354
264	100000000000000583	ちや	77841
265	100000000000024402	麦茶	77360
266	1200000000000046997	ランプキン	77138
267	300000000000025389	朝一	77077
268	400000000000001816	カイ	77020
269	800000000000001235	ヒロゲロ	76816
270	1200000000000003400	Co2	76645
271	1200000000000001507	ばし	76230
272	300000000000096117	はたは	75775
273	500000000000027348	ゆき	75176
274	700000000000003372	ゆんゆん	75024
275	1400000000000007268	LIAR	74589
276	1200000000000016945	はとばねぇ＠相互埋め同僚募集	74515
277	900000000000033850	逆走	74437
278	400000000000022915	鼻唄【要請×】	74283
279	1100000000000054086	黒怒虎	73966
280	300000000000003607	けさがため	73663
281	800000000000029957	KEL	73593
282	1400000000000072807	ぽんでにゃいおん	73172
283	600000000000000375	k	73048
284	1100000000000060170	いなみ	72680
285	1300000000000061652	はたけやま	71706
286	500000000000019057	どすこい喫茶@ウチ姫66763434	71493
287	100000000000040958	ウナギ	71324
288	700000000000029004	おのて	71251
289	300000000000055542	R団＠愛と真実の悪を貫くラブリ(ry	71052
290	1000000000000033214	さと	71031
291	800000000000096138	むん	70674
292	1000000000000054253	こむぎ	70630
293	700000000000093819	ayumep	70456
294	1000000000000095112	極東魔術昼寝結社の夏	70147
295	100000000000038046	えりちゃん	69981
296	1500000000000021959	ぷらむ	69923
297	800000000000007386	とくほ	68863
298	200000000000007542	古の幻獣モフルン	68765
299	200000000000062159	ナンチャン	68745
300	1000000000000083795	87	68376
301	1100000000000054276	ジュリアス	68235
302	100000000000081289	エニム	67982
303	400000000000051331	ストラト	67749
304	800000000000098325	パパ*ご協力ありがとうございます♪	67003
305	1200000000000094732	早埜	66792
306	1100000000000085562	triquetra@八番隊	66374
307	200000000000019900	ニョッキ	66164
308	1400000000000097437	カヴタロ@無言同僚募集	66027
309	1100000000000047071	ヒデック	65664
310	800000000000006759	しゃるる	65552
311	800000000000081853	Tonnura	65238
312	700000000000096921	ほしみ	65236
313	1300000000000077592	test	65052
314	1300000000000020839	"ｍｅｍ ""煉獄の変態"""	65050
315	96894	かわいいいぬ	64994
316	1300000000000016739	すわたま	64983
317	100000000000021655	44O	64923
318	96663	かき氷ψ(｀∇´)ψ	64892
319	400000000000044652	ＨＩ	64800
320	100000000000096069	こん絶	64573
321	1200000000000028528	ﾊﾟﾗｼｭｰﾄ部隊	64416
322	1000000000000080571	rai	64342
323	500000000000000711	ヒカル	64330
324	300000000000074311	1003036099	64233
325	100000000000051409	wasabi	63824
326	1300000000000080057	スピルバーグP	63772
327	800000000000030131	そういち	63548
328	1500000000000001153	tony105	63391
329	1000000000000052727	海乃凪紗	63026
330	1500000000000000423	すのぅ	62929
331	1300000000000098401	AnknP	62850
332	1300000000000078094	ゆう	62610
333	700000000000055534	ストーム1	62508
334	600000000000077888	あうぐぅ	62283
335	300000000000098099	クゥネル	61980
336	500000000000010556	ソンケル	61701
337	300000000000083854	てんぎらす	61633
338	400000000000046015	けんたっくばうむ	61472
339	1500000000000076331	クマの☆彡	61458
340	600000000000052066	かわうそ	61354
341	1200000000000053053	chihiro	61304
342	800000000000001666	マックス	61190
343	400000000000019104	キリツグ(うーろん)	61068
344	700000000000045530	Rev	61064
345	900000000000082060	コウキ	61058
346	100000000000060526	のーしー	61027
347	1000000000000001341	ケンタ	60892
348	300000000000004005	teyari	60662
349	1300000000000002244	星月@招待気にしないで下さい	60329
350	800000000000022779	ｹｲ	60312
351	200000000000045693	渚	60248
352	200000000000000848	小宇宙	60215
353	300000000000084598	愛染	60209
354	700000000000084843	ぐっとくる.com	60198
355	600000000000027730	はるか♪	60140
356	200000000000096671	kenta77	59918
357	1100000000000000635	3773	59809
358	1400000000000078529	ナオキ55555	59726
359	1000000000000003169	かとる(ぺん)＠同僚募集中	59708
360	900000000000005676	ネリヤマ	59625
361	1400000000000001529	門キャプターさ倉	59467
362	200000000000095433	陸	59410
363	1300000000000009715	あ	59152
364	600000000000096155	hirata0816	59029
365	500000000000022770	みやも	59027
366	500000000000095028	sleepsheep	58976
367	400000000000006569	智@楽しみたい	58495
368	200000000000004818	Zacky	58403
369	1500000000000035246	ユーザン	58316
370	200000000000001024	高須賀	58174
371	800000000000004173	guaca / ぐあか	58126
372	400000000000027932	okyan	58104
373	1000000000000004012	ホーリー	57971
374	1500000000000032535	Fuki	57494
375	700000000000099976	夕暮	57300
376	61666	夕凪	57075
377	1100000000000098403	七尾百合子COREA@P	56649
378	97813	つっ	56610
379	800000000000021848	あつを	56526
380	400000000000004112	おちょう	56516
381	1200000000000000018	姉崎	56408
382	1200000000000092998	たらこ飯	56314
383	1300000000000055725	勇者ponpon	56169
384	400000000000002446	八夜	55684
385	1000000000000074519	コイメ	55650
386	1200000000000027790	もやし	55519
387	800000000000007115	アキ	55457
388	1300000000000074343	やおあら	55406
389	1000000000000075888	柏	55310
390	100000000000077872	れふた	55294
391	100000000000098815	うらじみー	55270
392	1400000000000065161	いっちゃん	55263
393	900000000000001438	ﾊﾞｰﾄﾞ	55222
394	1500000000000093298	ノノ	55117
395	500000000000060946	ぎゃくおし	54909
396	1300000000000014955	ソラ	54719
397	600000000000096079	kukeko	54396
398	300000000000061923	スニケット	54363
399	400000000000007540	くんくん	54106
400	700000000000079493	秋葉凪人	54005
401	600000000000002953	Τ	53831
402	1400000000000052923	まさや	53766
403	1000000000000023148	秋司	53651
404	900000000000033509	ノン	53598
405	800000000000085122	天草	53407
406	1300000000000056272	シデン	53388
407	1300000000000047354	バン	53329
408	4989	エディ	53252
409	900000000000096337	うめうめこ	52912
410	500000000000057271	黒ちゃん	52735
411	200000000000023246	マーサン	52680
412	1200000000000057074	asa	52137
413	200000000000057145	パウダー	52021
414	1400000000000023131	Kite	51990
415	1500000000000007331	鍬形兜虫P	51987
416	1100000000000083382	鷹	51918
417	900000000000087218	みさきち	51826
418	1100000000000010937	クドわふ太朗＠育P	51736
419	600000000000026475	11EIJI	51675
420	1000000000000030339	シン	51641
421	900000000000006114	たかにゃ	51619
422	1100000000000052022	petrov@BMDイベお疲れさまでした	51445
423	500000000000046823	きむ	50701
424	600000000000029871	hiroshi	50525
425	1000000000000033359	だい	50516
426	600000000000015220	シェリー＠ラウメン募集中	50375
427	1500000000000000210	るー	49762
428	800000000000000103	しょうひら	49574
429	800000000000097429	ワールウインド	49497
430	300000000000008805	SuperCurtains	49360
431	800000000000000163	せいぱんだ	49276
432	1400000000000008596	谷岡P	49173
433	100000000000015441	らささべ	48979
434	1300000000000003795	ほー	48755
435	700000000000000935	スーパー	48562
436	500000000000016180	arista	48436
437	100000000000097865	カカオ	48153
438	1500000000000099136	ちょこら	48088
439	700000000000100346	千夜	47910
440	600000000000003545	煌きらり	47861
441	1100000000000000428	へりおん	47427
442	200000000000098126	X-FILE6	47263
443	300000000000084955	前森数規	46984
444	300000000000052384	龍牙	46792
445	1300000000000056027	ふくろっく	46605
446	800000000000039039	影花	46602
447	1300000000000021131	ながにい	46455
448	100000000000094978	Puroa	46183
449	1500000000000041909	いずみ@	46108
450	900000000000056841	のん	46090
451	1100000000000098501	宮永照	46069
452	100000000000058028	talk	46020
453	400000000000086667	こよみ	45408
454	200000000000078079	アリアリアリ	45162
455	81037	ｲｰｹﾝ	45123
456	100000000000050179	blank	45068
457	800000000000007972	バーガースケーター田尾寺	45054
458	1100000000000078031	ロクサス	45035
459	1200000000000053718	成田	44982
460	1000000000000076626	偽竈馬	44961
461	500000000000017593	ハルクスター	44933
462	800000000000035805	あすか	44845
463	500000000000035172	鳳雛	44831
464	1300000000000028167	秋月ナツキ	44705
465	100000000000030501	O・K@同僚募集中の平凡な無(理のない)課金P	44625
466	1200000000000050429	エルメキア	44622
467	1300000000000029732	キノ	44521
468	300000000000050773	koppi	44494
469	100000000000079065	どーん	44310
470	600000000000051886	はやさん	44305
471	1200000000000002850	リク	44055
472	900000000000082323	アリス１９	43994
473	600000000000004067	ほくそn	43605
474	300000000000011589	木戸	43568
475	200000000000011356	白蓮華教会	43282
476	200000000000066441	REX Telefon！	43120
477	1100000000000001788	†ARIA†	43059
478	1000000000000084658	A@K	42973
479	100000000000097999	ええかんじ	42891
480	400000000000072584	ryohasu	42658
481	200000000000036944	けん坊	42592
482	1500000000000097929	HEIGHT-8	42534
483	19677	幽月	42390
484	38985	もり	42274
485	900000000000078701	竹	42205
486	100000000000004579	リム	42031
487	1100000000000099734	マジマジ	41957
488	100000000000038147	きょー	41822
489	1200000000000058326	ケイスミス	41769
490	300000000000000281	ヘカブ＠木下式恥ずかしアトミックドロップ道場	41679
491	700000000000037942	馬並	41661
492	400000000000023481	リノハ@同僚さん募集中	41584
493	800000000000052383	ぴょんきち	41457
494	300000000000000032	もる	41306
495	1200000000000045220	アリシア	41011
496	600000000000005592	Curtains	41004
497	300000000000029972	ひさっち	40759
498	300000000000086534	苦悩の蜻蛉はフクスローを許しません	40345
499	100000000000085301	GTHM	40296
500	1100000000000017818	ジェイド	40151
501	1000000000000008458	まどの	40060
502	200000000000003412	ゆりしゃん	39990
503	500000000000071937	ジョン	39736
504	1200000000000096722	てっき	39682
505	900000000000082093	しんよ	39598
506	300000000000038234	炊飯じゃー	39520
507	700000000000055850	あずにゃら	39475
508	400000000000064648	Suzuka	39465
509	700000000000020343	wazui	39388
510	300000000000052160	ver.1000	39365
511	200000000000004274	N・A・Ga	39361
512	1500000000000098017	あるごー	39140
513	400000000000002847	metro	39076
514	200000000000055650	ゆきち	39063
515	1100000000000020790	おたわ	38958
516	700000000000062283	抹迷助	38918
517	400000000000000143	こんにゃく	38916
518	900000000000013757	ブシドー	38912
519	800000000000002227	やまぶき＠同僚募集中	38716
520	1000000000000087282	トレーズ	38679
521	1500000000000000914	nonokuro	38619
522	300000000000008460	みくり	38572
523	100000000000000584	ツバサ	38431
524	800000000000086254	allejo	38427
525	1100000000000004945	燕十郎	38351
526	1400000000000046114	マニゴルド	38343
527	1500000000000080462	りの	38179
528	300000000000054451	ながの	38159
529	100000000000012143	Baki	38056
530	300000000000027586	エイム	38053
531	1500000000000002664	ヒグラス	37969
532	400000000000074618	おけ	37935
533	1000000000000057114	スタップ細胞	37918
534	600000000000005209	へろゆき	37829
535	700000000000046480	エリザベス	37629
536	1400000000000081806	tyjohn	37589
537	900000000000094639	p	37533
538	96262	p	37521
539	300000000000002734	よっつー	37515
540	800000000000084900	たんそ	37326
541	1200000000000004479	コウ	37112
542	1300000000000086740	ngr2	37062
543	1300000000000082248	＼＞ω＜	36955
544	1000000000000062282	ryouochix	36902
545	1000000000000005240	らーめん屋ζ*'ヮ')ζ	36887
546	600000000000027996	けんけね☆ｶﾏﾝﾍﾞｰﾙﾁｰｽﾞ串ｶﾂにはﾊｲﾎﾞｰﾙを(*≧∀≦*)☆	36844
547	300000000000000559	まー坊	36778
548	800000000000086054	あくせすおにいさん	36741
549	600000000000025672	高月神	36627
550	500000000000081859	はっくしょん8801	36513
551	1200000000000085419	ハゲタカ	36472
552	700000000000034473	ぷちお	36336
553	900000000000068367	まこてぃ	36286
554	900000000000000017	左利きのリョーマ@ドラマシアター始めました	36214
555	78937	ペス	36118
556	1200000000000083963	ニディー	36074
557	23310	ありす	36067
558	200000000000051421	すいそ	35834
559	100000000000010735	たんたか@	35789
560	1500000000000054015	りあ	35649
561	300000000000003166	ｸﾙｰｶﾞｰ	35436
562	1500000000000007242	リックン	35434
563	6482	金太郎あめ	35417
564	1300000000000041315	御殿姫剣流るろうに殿門	35034
565	1300000000000005228	ユニオン56	35017
566	900000000000053417	ももちんＰ	34916
567	1100000000000074505	めがね松	34897
568	800000000000074037	マフティー	34808
569	1500000000000061964	ルキ	34736
570	1200000000000000347	超凄い中谷育	34316
571	1200000000000022490	みんちぃず	34214
572	1400000000000027701	Nacky	34209
573	100000000000003498	wnth	34189
574	300000000000002592	K	34087
575	1200000000000079985	る～に～	34068
576	1400000000000000035	なまうに	34038
577	1100000000000085550	マリオ・イグレシアス	34024
578	200000000000010793	雲鯨	33968
579	300000000000004297	カシミヤ	33787
580	500000000000002557	ひな	33534
581	1100000000000026357	ありぽん	33492
582	500000000000048911	よっしー	33453
583	1300000000000056204	ののわ	33405
584	900000000000044795	Ryu1	33331
585	1100000000000085359	ta-san	33211
586	1000000000000014354	ひんじゃくん	33110
587	4857	時間	33083
588	1200000000000086577	KASA	33033
589	96394	じゃん	32967
590	1200000000000009091	山　田	32922
591	900000000000003120	市藤勇美	32916
592	1400000000000003165	こんぽたP	32863
593	600000000000004758	ゆり	32847
594	1500000000000060699	artail	32809
595	700000000000052715	teralympic	32735
596	800000000000045005	翔吾	32599
597	1300000000000061805	ナオ	32579
598	900000000000015916	jinx	32578
599	28778	Henly	32547
600	1100000000000001205	ソランP@ありがとう仙台	32511
601	100000000000004557	よねこ	32413
602	200000000000045385	のん《招待は無視して下さい》	32277
603	400000000000099086	刻星蒼真	32272
604	1500000000000030323	チョコ	32256
605	400000000000000720	ブルーレモン	32180
606	500000000000030205	芳佳	32158
607	700000000000086234	琴阪 有馬	32032
608	400000000000031923	(ｱﾌﾟﾘ誘いお断り!!)なりぴ	31930
609	700000000000000002	Softcream	31817
610	300000000000079288	もひと	31803
611	600000000000051794	くると	31715
612	1200000000000062479	＼(^o^)／	31415
613	1500000000000100098	さりん	31410
614	1200000000000099871	関内駅一千歩の?野球観戦	31273
615	1400000000000005314	だし	31253
616	1400000000000012398	冷菓	31077
617	800000000000091122	かた	31003
618	1400000000000003593	ひめつば	30937
619	1400000000000051151	稲荷森	30934
620	900000000000007245	rin	30925
621	700000000000000895	黒野	30905
622	700000000000014272	ひろ	30772
623	800000000000085195	麦門冬湯	30690
624	200000000000032381	りょう	30687
625	1500000000000003438	キリオ	30663
626	99450	星丼美希	30659
627	700000000000016136	ｼﾞｮﾝ	30632
628	100000000000027307	たれうさ	30246
629	900000000000010671	まあ、なんでも、ちひゃーですけれど｡	30151
630	1500000000000025481	マリンズ	30146
631	1000000000000005657	chief4869	30118
632	1400000000000052268	キミドリ	30080
633	700000000000000120	かずぴー	29979
634	100000000000003642	あまんじゃ	29932
635	1400000000000055879	miami38	29918
636	500000000000094210	Player 1005999781	29866
637	1200000000000039210	ラッチョ	29845
638	1100000000000033994	ななころ	29752
639	1100000000000060044	水無月	29721
640	400000000000020207	にいな	29700
641	800000000000085033	りす	29553
642	1100000000000088117	カズ	29540
643	1500000000000055329	MIYA	29523
644	1400000000000056540	nek	29477
645	200000000000004105	mdgpmjtp	29414
646	200000000000098120	kozue	29354
647	1100000000000005978	マサオ☆ミ@霊花さん！BMD桃子	29346
648	1500000000000027634	nackt	29330
649	1200000000000014035	珈猫	29287
650	1000000000000096618	あなべる	29268
651	1400000000000049882	月亭八方塞がり	29242
652	1300000000000000065	粟生野	29240
653	1300000000000013709	おみつん	29225
654	200000000000036898	ＹＮ	29175
655	700000000000000284	多田野ただし(TDS)	29091
656	700000000000098720	つるぎ	29009
657	1500000000000078319	AVENGER	28977
658	400000000000000088	ひらひら	28917
659	800000000000054416	ディーサイル	28838
660	1200000000000056987	みーシャ	28834
661	100000000000000342	やなぎー	28746
662	800000000000073773	subtle P(さとる)	28722
663	1000000000000006176	磯辺焼き	28694
664	400000000000035317	白猫181	28560
665	1100000000000013136	saddle3	28530
666	300000000000079969	らーさ	28490
667	1500000000000056025	秋里	28350
668	92142	タッター	28303
669	400000000000006079	raiga_0	28215
670	200000000000080301	かもちな	28157
671	1500000000000006844	かたくら	28107
672	500000000000003488	宮月零	28095
673	300000000000077763	ジロ・ウォーカー	28010
674	57583	アマミク	28009
675	900000000000077299	sool	28001
676	200000000000088757	ようかん	27973
677	400000000000031103	にしやん	27964
678	900000000000043872	ks ドリギルメン募集中！	27937
679	1500000000000062324	shimogonn	27931
680	1400000000000000441	マグス	27930
681	100000000000004481	なで	27897
682	200000000000024924	ぐしょうきたい	27872
683	500000000000093985	カワこぼれ	27781
684	1000000000000017673	順平	27750
685	600000000000050621	n.k	27729
686	800000000000036474	どっちつかずＰ	27696
687	1200000000000083336	真美・にこ・ダイヤとTAKAの仲間達の部屋	27671
688	300000000000017072	つっきー	27642
689	300000000000003049	萩原雪歩	27617
690	100000000000006855	ぜに	27592
691	200000000000076508	パトラッシュ	27587
692	1300000000000081148	オーバー	27507
693	1400000000000000122	タラ	27503
694	400000000000085312	みょーぎ	27384
695	1200000000000035968	りょう	27300
696	500000000000002682	イナマー	27297
697	1500000000000085516	フィル	27193
698	100000000000008480	ＫＳ	27082
699	100000000000075007	うさみん	27003
700	500000000000021629	みゆ	26880
701	1500000000000046815	しきい	26837
702	800000000000080377	ヤスヤス	26829
702	1000000000000010419	hds	26829
704	1500000000000021611	ＭＩＤ	26735
705	600000000000006600	ユウキ	26620
706	1100000000000022382	tachibana918	26585
707	900000000000097203	RIN	26465
708	900000000000015481	いに	26390
709	300000000000027321	ハチミツ	26388
710	1400000000000020408	ギンさん	26365
711	700000000000045619	たくりん	26346
712	76398	原ゆかり	26345
713	100000000000053125	nary	26306
714	800000000000029131	しぇんまお	26291
715	100000000000005257	ざざみ	26241
716	1200000000000007675	ﾘｱ@	26138
717	1500000000000009681	のんぽ	26067
718	100000000000093900	スヴェン	26053
719	1500000000000004502	おさむ	26000
720	1400000000000061435	モッチー	25956
721	1100000000000023376	やんだ	25920
722	300000000000021657	相談P	25868
723	600000000000029678	いもけんぴ	25860
724	1100000000000098270	Suido	25826
725	900000000000080949	Ringstone	25790
726	900000000000000266	桶P	25656
727	200000000000003184	きほいる	25651
728	800000000000087618	しーや	25623
729	100000000000047509	くらら	25600
730	1500000000000009935	はやて	25568
731	300000000000008510	あかね	25533
732	800000000000001520	みぃ	25520
733	1400000000000030183	しょう	25410
734	500000000000085845	まつきち	25303
735	1400000000000075356	ガラスのチキンハート	25265
736	800000000000022065	うぇのっく	25256
737	1200000000000000854	らき☆缶P	25141
738	900000000000072795	くれ	25126
739	1300000000000073095	Whitetear	25074
740	900000000000079986	パラピー	24945
741	14950	みえすく	24851
742	1500000000000097056	マックイーン	24847
743	86809	よーこ氏	24759
744	800000000000096293	双瓜	24704
745	1500000000000001881	涼矢	24618
746	1500000000000019376	ZERO(Watch wish keen interest!)	24609
747	1448	tyKe	24601
748	1300000000000003337	マシュマロ	24566
749	1500000000000000193	とみぃ	24520
750	1000000000000053348	あふろ	24469
751	500000000000098137	LoLi9	24450
752	95937	のぶまし	24423
753	1400000000000026079	ししまる	24323
754	6059	れいるず	24318
755	1400000000000051000	ガガギゴ	24317
756	100000000000099112	ありしあ	24209
757	200000000000100727	、ショウ	24193
758	300000000000000764	まりん	24102
759	500000000000012156	あっち	23992
760	92189	765アマ	23935
761	700000000000005115	おとぎ	23915
762	1000000000000063143	くろしお	23912
763	1000000000000056161	もちを	23897
764	300000000000000625	入り口	23874
765	1300000000000052876	くたぱん	23841
766	600000000000079642	うー	23768
767	1000000000000037459	カイザーリング	23696
768	500000000000022812	アキラ	23672
769	600000000000100112	もぐたろー	23648
770	1500000000000001024	メネ	23641
771	1200000000000076074	tollon	23618
772	1000000000000024591	tauras	23601
773	900000000000022464	REDMOON	23458
774	400000000000029393	アッキー	23430
775	400000000000000050	Sei	23401
776	1500000000000006330	hata8823	23313
777	1300000000000001568	猫まる☆	23258
778	800000000000005148	nakaie	23256
779	1500000000000087420	Player 1005326751	23235
780	100231	ヤマみん	23210
781	1100000000000030462	りく	23097
782	900000000000076979	わんこ	23051
783	1300000000000015126	ＮＡＡＮ	23027
784	300000000000025474	イクヤ	23011
785	1300000000000096219	HoneyNoen = YuHanKim	22988
786	900000000000002716	のら九龍	22944
787	100000000000098589	zaru	22920
788	8074	メバル	22880
789	400000000000023212	アストレイ	22853
790	1500000000000005623	Ｅｖａ∽術式兵装｢氷の女王｣∽	22852
791	1300000000000052569	すいりゅう	22840
792	1100000000000028123	バリツ＼(^o^)／	22767
793	41136	シゲル	22700
794	1100000000000010846	蔦丸	22665
795	37774	nobnob	22583
796	17247	ひろっち	22575
797	1300000000000059997	しろちゃん	22503
798	800000000000005037	フェリックス	22451
799	1400000000000054432	ロリハンター	22387
800	800000000000098076	墨	22341
801	900000000000007325	ガガンボ	22309
802	600000000000005744	Aqua Regia	22267
803	100000000000013147	ちょめすけ	22237
804	400000000000001225	シゲG	22227
805	600000000000058668	駆汐	22019
806	600000000000036998	れんか	21982
807	900000000000013337	e_m_e_m	21971
808	1100000000000052321	らんぱに	21970
809	600000000000091025	ふろろん	21890
810	400000000000012966	ショウ	21879
811	1100000000000082901	たむそん	21868
812	700000000000000160	raydive	21825
813	1300000000000005145	ピザまん	21732
814	1100000000000035222	だめくん	21709
815	600000000000013398	たてお	21581
816	500000000000031490	ピカ通改	21545
817	1500000000000076295	アルスタ	21445
818	100000000000096505	マサキ	21411
819	900000000000057069	ゴエもん	21275
820	1000000000000011206	しるすた～	21253
821	200000000000027404	親方	21141
822	100000000000026912	アマツ	21120
823	1400000000000055637	Yana	21084
823	1500000000000047165	金城たま	21084
825	1500000000000052155	百式	21065
826	1300000000000095563	はんつき	21054
827	500000000000003576	こてつじろう	20997
828	800000000000025283	アルメイダ	20994
829	300000000000086890	めがろどん	20939
830	500000000000012674	ヒューバー	20860
831	500000000000053740	ごまえ	20844
832	1500000000000081962	ＧＯＬＤ	20799
833	69312	レイア	20717
834	900000000000078981	妄想＠デストロイヤァ！	20711
835	400000000000042107	けん	20608
836	1400000000000100229	TAP	20581
837	800000000000078047	ちあき	20538
838	1500000000000097343	籠原P	20515
839	300000000000098019	カニカマ	20504
840	1400000000000003228	ふっくん	20479
841	1500000000000034456	朔夜☆（カリメロ ）超深海①瞬殺ありがとうです最高のお仲間に感謝(^∧^)	20462
842	700000000000000236	ゆー	20401
843	100000000000083914	つけまい	20307
844	1100000000000043100	ベラヒア	20304
845	300000000000087913	雨傘	20301
846	300000000000002449	copepan	20225
847	1100000000000051369	れむ	20140
848	141	さとさと18	20067
849	700000000000021872	ゼファー	20046
850	400000000000097276	おが☆きん	20042
851	1400000000000075291	ヨーゼフ	20026
852	1000000000000002769	ナンジャラ	20022
853	1300000000000095402	ナギサ	20006
854	100000000000077838	林檎飴P	20003
855	1400000000000073194	いちよふ	20000
856	100571	あき	19997
857	1000000000000041738	saki	19994
858	500000000000028389	クマ	19910
859	500000000000075257	nao	19907
860	300000000000033393	けも	19890
861	1100000000000028338	ずきん	19828
862	3713	うつぼさんと兎さん	19811
863	600000000000080373	ふかっしー	19755
864	200000000000003513	ユタカ	19752
865	200000000000057416	丸まる	19723
866	100000000000018112	マサシ	19690
867	1200000000000007363	のりべん	19630
868	500000000000055951	ZMSK	19608
869	900000000000000109	こうちゃ	19559
870	300000000000045808	月よ星よと@月星雪道場	19542
871	1400000000000029551	ヨッチ	19537
872	800000000000000094	サイサリス	19522
873	500000000000078425	khelpa	19507
874	700000000000063375	いとたかわ	19491
875	800000000000081585	kogarashi	19464
876	900000000000015341	ミィ＠	19455
877	51903	kohei	19440
878	700000000000013552	アキ@レモネード	19428
879	500000000000079335	小豆嶋	19338
879	1000000000000039733	グリム	19338
881	200000000000004139	ジョン	19336
882	500000000000083322	ボマイェ	19305
883	100000000000000656	しぃ	19269
884	1000000000000000049	そらみみ	19233
885	800000000000025784	アイテル	19224
886	800000000000093071	Akari	19185
887	700000000000003220	猫又三郎	19104
888	1300000000000016385	hiroki	19009
889	1500000000000086660	平面歩行	18990
890	1300000000000020654	つづれ屋	18980
891	300000000000026129	yasu	18962
892	98960	みそしる	18941
893	600000000000000219	こうげつ	18899
894	300000000000001796	はねはね	18898
895	900000000000010180	kondratenko	18877
896	1500000000000081195	★スター★	18874
897	200000000000082650	ゆんた	18844
898	500000000000033143	ムンクさん	18837
899	800000000000011142	ゆ～たん＠みぃちゃんなう	18826
899	1400000000000063598	星立	18826
901	33118	ほっぱんさん	18823
902	700000000000005284	ばーた	18816
903	1400000000000097128	大誤算	18775
904	1100000000000056190	Jupiter	18770
905	400000000000053761	白玉	18762
906	600000000000000492	ﾏｷｼ	18756
907	1300000000000005307	けんこう	18743
908	1000000000000056684	れむ	18723
909	800000000000005754	yona47j チョット隠居？	18642
910	100000000000008056	コノハ	18594
911	500000000000062927	白玉	18584
912	80663	樹雪P	18558
913	900000000000052112	かず	18542
914	1500000000000083749	大和	18520
915	400000000000100247	ピー	18507
916	900000000000099485	ゆい	18416
917	1200000000000005575	エビ地理@グリマス	18290
918	800000000000078823	らっしゃい	18289
919	1300000000000100197	kiki71	18282
920	1300000000000075770	ギウラス	18278
921	800000000000090691	はるか	18137
922	300000000000005355	リョウガ	18075
923	1100000000000033991	ソラ	18048
923	1500000000000061536	みゆう	18048
925	1300000000000054689	generex	18019
926	400000000000061728	ソウ	17965
927	400000000000000915	こうしゅ	17951
928	1300000000000076343	むー	17903
929	200000000000007946	コルティ	17867
930	100000000000014642	テル@	17852
931	1400000000000057262	たむ	17782
931	1500000000000054655	バルーンP	17782
933	100000000000050764	水銀党雑用係	17766
934	600000000000045760	てん	17744
934	1200000000000094734	fumi	17744
936	1000000000000001742	*youth-K*	17676
937	800000000000008119	川-.川	17661
938	800000000000052755	おひれ	17631
939	600000000000052140	ゆい	17626
940	300000000000032089	ヒロ	17592
941	300000000000009564	あづき	17568
942	700000000000049263	弟切	17560
943	900000000000092523	みちたロンドン	17515
944	1000000000000054068	サンボル	17499
945	1100000000000049903	makoto	17477
946	400000000000096876	Ben Yau	17436
947	1500000000000022684	ミユ	17427
948	300000000000007491	アクセル	17362
949	900000000000051385	ふ～た@ラウメン募集	17356
950	1000000000000081262	あじゃぱー	17342
951	1400000000000051937	Snob	17321
952	1100000000000052367	すくみず	17282
953	300000000000007489	まるでぃーに	17226
954	200000000000006161	yukapanda	17136
955	600000000000035614	アン@イシイみき	17135
956	59091	鶉	17121
957	1100000000000001207	シンタナ	17054
958	900000000000001714	バジリスク@ドリお仲間さん募集中	16950
959	800000000000006439	いはつ	16850
960	1500000000000100296	take	16841
961	300000000000019670	いなちゃん（一年中眠い）	16840
962	100000000000097896	ユウギリ	16829
963	1400000000000097776	aki_hoiyan	16747
964	68830	ZERU	16745
965	500000000000000091	ＴＡＮＹ	16690
966	1000000000000037753	mitarashi421	16672
967	100000000000030567	えどがわ	16603
968	800000000000013539	odorimasho	16581
969	700000000000084351	ぬこ	16580
970	96713	Satie	16550
971	500000000000093241	リク	16536
972	1400000000000072159	puniyan	16516
973	700000000000000557	カナリアP＠大和撫子道場	16491
974	1300000000000038080	タク	16471
975	900000000000051474	haruka. (愚民)	16409
976	1500000000000041388	リョタ	16382
977	700000000000095549	カナーノ	16380
978	800000000000081581	エバラ	16356
979	2818	hihihi	16307
979	900000000000050889	ヤド	16307
981	1200000000000008381	iS@M	16268
982	800000000000017301	ﾏｰﾙ･ﾊﾟﾝｻｰ	16224
983	800000000000001311	ヴァディス	16214
984	800000000000099720	dora-misono	16203
985	600000000000093004	Grenade NA	16073
986	700000000000007384	れがりあ@フラッター現象の顛末と単一指向性の感情論	16058
987	600000000000047114	DCP	15932
988	1200000000000007058	すとれいと	15925
989	1300000000000051106	saiae	15914
990	700000000000098719	たぬき	15868
991	900000000000097459	izmy	15860
991	1000000000000008302	ユウキ(忙殺紳士)	15860
993	900000000000022986	いわし	15839
994	300000000000082670	ラッコ11号	15828
995	1400000000000081368	his@P	15812
996	1300000000000045701	エルセイド	15802
997	200000000000007248	おさとも	15770
998	700000000000057388	yu:ki	15758
999	300000000000083298	ハヤシライス	15696
1000	500000000000051645	峰	15655
1001	100000000000039634	オハンズ	15597
1002	1400000000000014289	Ccliys	15575
1003	500000000000002723	スティーブ７	15562
1004	400000000000023367	七瀬りん	15470
1005	900000000000078877	reomao	15410
1006	600000000000041847	まこと	15349
1007	1000000000000056019	ちるにゃん	15338
1008	1100000000000008885	カトラン	15299
1009	1200000000000006559	ぼちぼち。つっちぃ。	15279
1010	2566	枠番連勝複式（南蛇井）	15228
1011	300000000000000445	Fr	15106
1012	200000000000011936	歌音	15057
1013	900000000000011114	ほうでん	15011
1014	1500000000000060422	ルネ	14999
1015	1400000000000006117	尾てい骨	14997
1016	1300000000000087189	にぃちん	14939
1017	900000000000094953	らん	14938
1018	400000000000006908	へろ	14930
1019	800000000000052059	カプル	14926
1020	1500000000000080085	Sel	14922
1021	200000000000042295	こはね(アプリ招待禁止(`へ´*)ノ)	14832
1022	1000000000000013833	おーひら	14821
1023	1000000000000080573	伊藤伸恵	14786
1024	98525	pon	14765
1025	1500000000000073827	にらたま	14734
1026	300000000000094863	Steven	14712
1027	300000000000098792	スレプスクエズイランサ	14686
1028	300000000000009240	八神家（招待はスルーでお願いします）	14685
1029	1500000000000061200	霧風	14651
1030	400000000000035325	ウッチェラ	14639
1031	300000000000015352	赤オーブ	14629
1032	600000000000083966	オデンネ	14611
1033	1400000000000029563	こたつみかん	14597
1034	1200000000000091559	あぴ	14571
1035	900000000000061590	カツカレーＰ	14546
1036	56164	山手車掌	14528
1037	1200000000000091662	政駿	14525
1038	1100000000000004869	リステル	14524
1039	700000000000003307	周防 尊	14466
1040	900000000000000780	しんご	14433
1041	300000000000047857	黒田銭蔵(ピザブラック代表取締役)	14316
1042	1300000000000100842	ヤマノカッパ	14309
1043	72199	やよP	14234
1044	400000000000095584	ほりえ	14208
1045	100000000000001593	パン太郎	14205
1046	900000000000078053	もちょ	14198
1047	500000000000002898	ラズ・エルザ	14181
1048	1100000000000000652	わしじゃて	14138
1049	500000000000026887	こうちゃん	14099
1050	1000000000000002567	いな	14093
1051	200000000000090943	ワルダー	14063
1051	1200000000000006842	tonke	14063
1053	1400000000000081104	こばまる	14051
1054	1200000000000097233	i.c.e.9	14049
1055	1500000000000090449	Player 1005598703	14009
1056	500000000000056113	音ガエル	13988
1057	200000000000042689	ドリャ＠ちづエレ祭り開催中	13954
1058	900000000000004209	前立腺	13950
1059	700000000000099198	ゆなみ	13930
1060	900000000000081488	ゆーすけ	13925
1061	600000000000060052	ししゃも	13924
1062	200000000000082067	愚民	13923
1063	1400000000000075593	のん	13912
1064	500000000000002009	G-01s	13907
1065	200000000000093546	ぱらぱらぱらっぱ	13875
1066	300000000000080156	ピカリン	13838
1067	300000000000077412	もちみかん	13826
1068	300000000000096766	keen	13792
1069	400000000000038061	spawnfoxy	13776
1070	800000000000095804	nomoto	13744
1071	700000000000093636	青色ボタン	13732
1072	1100000000000094209	known	13693
1073	1300000000000009373	FOREST	13685
1074	100000000000046071	nao	13660
1075	1400000000000028679	シンヤ	13615
1076	800000000000095865	しゃけおにぎり	13529
1077	200000000000022342	もうだめ店長	13528
1078	1000000000000051740	マカク	13507
1079	400000000000030829	緑茶	13471
1080	900000000000080003	エイト	13425
1081	400000000000096377	ミリオンＰ	13410
1082	21675	あみん	13370
1083	900000000000001620	SHSH	13351
1084	1100000000000094629	torokan	13296
1085	800000000000056768	white	13277
1086	63093	たかすぎ	13276
1087	800000000000097600	胤怒 陣	13245
1088	500000000000007208	フロウディアン	13239
1089	400000000000005022	だむどむ	13202
1090	900000000000006877	miorin	13136
1091	1000000000000001350	ピカテツ	13099
1092	500000000000054565	ラギ@	13098
1093	1300000000000062059	ゆとり	12973
1094	18240	Q83	12948
1095	500000000000099017	イシワタ	12929
1096	1500000000000100057	スッキリ雨宮	12920
1097	300000000000052153	t3	12914
1098	1000000000000062314	あすか	12848
1099	400000000000091827	しょう	12844
1100	51319	ぽこ	12802
1101	1100000000000053672	かなち	12798
1102	1000000000000021544	アユカト	12754
1103	47684	まー	12749
1104	300000000000003013	ラモックス【ドリ細々と再開しますた。】	12735
1105	800000000000002878	occhan-L	12724
1106	1500000000000004414	なお	12672
1107	700000000000034889	へるり	12650
1108	800000000000059777	FFF (^^)	12589
1109	100000000000051072	ごつと	12541
1110	700000000000006665	ガンダールヴ  アイマス以外inしません	12526
1111	2908	ゆじ	12510
1112	1500000000000074779	キャスバルP	12502
1113	500000000000032232	ファーザー	12471
1114	21538	コウ	12463
1115	1000000000000099317	it	12439
1116	483	ささ	12431
1117	600000000000085455	むららん	12408
1118	500000000000078902	百合マイスター	12348
1119	500000000000005520	キミ	12306
1120	20626	くじらの	12302
1121	1100000000000096809	桜餡	12301
1122	600000000000003318	りっちゃん	12286
1122	1000000000000001850	琵琶速秀	12286
1124	900000000000004749	SON	12279
1125	800000000000096708	ぴぐろ	12267
1126	1400000000000085894	310号	12247
1127	500000000000009055	しっぽ@BMD相互	12184
1128	500000000000017325	幸夫	12083
1129	500000000000093341	風梨	12046
1130	100000000000042832	みかわ	12039
1131	1400000000000096500	utchi	12014
1132	400000000000012264	きくおうＰ	11994
1133	700000000000096774	のずみ	11987
1134	1500000000000010043	コッカー	11932
1135	500000000000008062	ほし	11761
1136	200000000000029572	まーむー	11736
1137	100000000000029782	ウィス	11724
1138	900000000000098562	Player 1007181625	11714
1139	1200000000000000587	ゴチボルト	11676
1140	800000000000004059	たけひろ	11653
1141	1200000000000072008	K14	11607
1142	400000000000002526	ちくたん	11579
1143	700000000000047351	きびす	11528
1144	300000000000071726	7ka/ナナカ	11472
1144	1000000000000003267	ハクロ	11472
1146	700000000000001435	青柳ユキ@つむぎ	11456
1147	200000000000098286	マカロン	11440
1148	600000000000051829	Hitokun	11408
1149	200000000000030488	桜野マリ	11402
1150	100000000000097072	ふぁい	11384
1151	100000000000052638	ryuka17	11352
1152	85289	BB	11323
1153	100000000000028090	きだきち	11314
1154	400000000000036056	タツ	11310
1155	900000000000001470	ルミ	11304
1156	1100000000000003928	Vita戦国乙女発売中@綾斗	11263
1157	1500000000000019161	まさ	11258
1158	1100000000000069934	おれんじまん	11254
1159	400000000000056937	華炎	11223
1160	1942	ゆ～とぴあ	11191
1161	600000000000006962	KOSSHI-	11140
1162	300000000000008395	りゅう	11131
1163	1400000000000047333	メタもる	11082
1164	75253	noname	11041
1165	22264	霧	11022
1166	700000000000100485	メル	11020
1167	100000000000002961	sash	11011
1168	300000000000083097	海月	10970
1169	600000000000048124	のぶしゃん	10928
1170	700000000000005105	おひつ	10892
1171	1400000000000006392	さの	10890
1172	1000000000000100613	みどりんご	10862
1173	1200000000000042411	カレーライス	10817
1174	2178	いーちゃん	10814
1175	100000000000015744	十六夜	10806
1176	1500000000000072700	フライングゴリラ	10780
1177	1300000000000037746	垣太閤 自発抑えてお仲間の加勢で全公演制覇(^^)	10766
1178	1200000000000062452	ジョージ	10745
1179	1300000000000004254	びは	10703
1180	1000000000000012085	ひろるん	10690
1181	700000000000095416	IOG	10649
1182	1100000000000098163	げん	10641
1183	1300000000000026642	ケントス	10639
1184	500000000000009615	手羽先	10530
1184	1100000000000056883	Takayama	10530
1186	700000000000026585	ｹﾝｹﾝ()	10520
1187	500000000000074384	ばっしゅ	10502
1188	1500000000000014424	fa_	10496
1189	800000000000003720	紅零～戦国大戦勢～	10425
1190	8232	パピー	10381
1191	500000000000006070	エクセリード	10360
1192	600000000000013966	まっすぐスパーク	10324
1193	1300000000000099936	トーマ	10293
1194	1100000000000002458	ハセリ	10285
1195	700000000000021454	maw-maw	10281
1196	600000000000000080	える	10276
1197	800000000000000124	さくらもち	10262
1198	1500000000000003295	三すず	10249
1199	400000000000073993	mickm	10239
1200	1400000000000054146	キリン(クジ友募集)	10208
1201	700000000000100665	紅蓮	10202
1202	600000000000098979	フィジャー	10194
1203	500000000000004906	どーじさん	10166
1204	400000000000081607	ムヨ	10165
1205	1400000000000056387	うどんどん	10162
1206	1100000000000005151	ディライト	10159
1207	99219	ペル	10156
1208	600000000000012841	ねじ	10129
1209	62367	シンヤ	10094
1210	1200000000000086309	あさみー	10056
1211	400000000000097845	ガン	10004
1212	1500000000000096635	Camus	9997
1213	700000000000095331	はっぷる	9987
1214	200000000000002923	うずら	9981
1215	200000000000098478	ジャック	9974
1216	600000000000000852	にわとり	9972
1217	30224	ちゃー	9960
1218	1300000000000087221	ナカピン	9951
1219	9536	ゆい	9908
1220	200000000000100182	namazu	9899
1221	400000000000002868	レイン	9894
1222	1100000000000021455	なおき	9850
1223	1500000000000071444	おたま	9848
1224	100000000000010242	桃夜	9810
1225	1000000000000053070	空太	9808
1226	1100000000000000826	Ｋ	9765
1227	87535	somewhatspecial	9745
1228	1000000000000098207	ナナシ	9730
1229	1000000000000100482	おーじゃ	9724
1230	900000000000002697	スバル	9722
1231	1300000000000081368	豊田大樹	9701
1232	1500000000000080750	hayate	9698
1233	400000000000011503	ネコロジー	9693
1234	200000000000055357	そうちゃん	9669
1235	600000000000050269	tako3	9659
1236	400000000000015470	リコッテ	9638
1237	600000000000086595	くろごま	9632
1238	500000000000001018	★	9631
1239	1500000000000035805	リョウ	9612
1240	1200000000000032246	ミュー	9611
1241	1000000000000038730	まさ	9603
1242	400000000000085400	のりお	9592
1243	400000000000028733	rkiho	9529
1244	1300000000000008939	かめちゃん	9528
1245	900000000000024451	かぐらんらん	9467
1246	600000000000088169	ぬこ	9401
1247	93635	まふ	9345
1247	500000000000005809	時継	9345
1247	1100000000000098313	mar。	9345
1247	1500000000000095809	WAKAKIN	9345
1251	700000000000003425	何残bot@ミリオン長期休止	9328
1252	600000000000035655	しろねこ	9300
1253	800000000000086618	み～	9289
1254	1400000000000088373	さとみつ	9279
1255	200000000000085628	ゆっきー	9275
1256	100000000000006261	かいわれ	9254
1257	100000000000098852	BREAK	9207
1257	1000000000000033888	虎河	9207
1259	500000000000027318	ＳＡＩ	9198
1260	600000000000074778	北風 雪華	9189
1261	400000000000081184	とむ	9185
1262	1400000000000054956	ならら	9172
1263	600000000000098213	しゅーじん	9150
1264	500000000000004264	だいなっきす	9134
1265	100000000000000711	シノヤマ	9108
1266	1100000000000020580	こかとりす	9103
1267	1400000000000030305	みそそ	9096
1268	600000000000046655	刈谷	9069
1269	600000000000061104	下歩	9063
1270	600000000000003275	あつたや	9058
1271	1100000000000078869	莉瑠	9054
1272	100000000000056949	Kyoro	9032
1273	700000000000002243	クラファー	9030
1274	200000000000000928	Gadget	9018
1275	800000000000026142	純銀	8995
1276	1300000000000004142	.*?どん@したらば	8993
1277	1300000000000086835	WPS	8947
1278	700000000000100832	ヤドン	8946
1279	3001	ながし	8943
1280	600000000000003993	ヒデ	8940
1281	200000000000037799	ぱまはぱまは	8928
1282	1300000000000087228	らいぬ	8925
1283	200000000000051334	はるさめゴーヤ	8916
1283	400000000000086614	ピローギ	8916
1285	1500000000000094460	こぴゃー	8869
1286	1000000000000076794	エナツ	8853
1286	1100000000000080700	mizuishi	8853
1288	300000000000043889	taka	8835
1289	800000000000029306	リリン♪	8820
1290	500000000000004528	アトラス	8815
1291	500000000000043918	えるこんどる 多忙中OFF	8800
1292	500000000000051216	姫理亜	8779
1293	1400000000000100486	ゆう	8763
1294	200000000000000010	ヴィ	8740
1295	600000000000067675	シグナレス	8736
1296	200000000000005129	月守	8723
1297	100000000000086013	ダーヤマ	8680
1298	500000000000006869	似鳥悠	8640
1299	100000000000080447	YY	8633
1300	1100000000000004537	JCVD	8628
1301	1400000000000034734	アシラさん	8612
1302	2423	ｾｲﾒｲ	8604
1302	1200000000000078843	T	8604
1304	800000000000093104	まこっち	8600
1305	1100000000000004808	冥ＡＤ	8580
1306	400000000000000244	えるがみお	8576
1307	800000000000029380	フォド	8570
1308	800000000000001488	くろスラ	8551
1309	800000000000027926	こうはいふれ	8548
1310	1500000000000004610	chapel721	8512
1311	200000000000097565	赤砲	8505
1312	1300000000000047210	轟雷	8498
1313	400000000000082144	Anna2010	8476
1314	592	france	8460
1315	600000000000075850	Player kanon	8435
1316	1300000000000082437	SASUKE	8404
1317	1400000000000098227	窓際のカーテン	8399
1318	53487	asts	8356
1319	1500000000000054051	ジョンX	8328
1320	1100000000000002600	こはらー	8323
1321	96997	zm	8308
1322	100000000000000668	star	8307
1323	1000000000000044673	みや （求む！応援申請   ）	8298
1324	700000000000083351	優樹	8294
1325	1000000000000094443	ささやんぽっぽこ	8293
1326	400000000000098967	スカイ	8289
1327	700000000000084059	ぼんぼん	8282
1328	400000000000059315	ふたば	8278
1329	1100000000000002651	かぷり	8250
1330	1200000000000031591	ロディエッグ	8249
1331	200000000000030297	アニー	8240
1332	300000000000098441	YUSA	8208
1333	500000000000051381	かおる	8188
1334	1000000000000006175	ダイオウグソクムシ	8182
1335	1000000000000062513	horse	8170
1336	1200000000000097342	キルシー	8169
1337	900000000000023387	ゲキ	8152
1338	1300000000000023734	ルベルト	8142
1339	1000000000000003461	灰色ぴかちゅう	8131
1340	1400000000000087451	ぽん	8091
1341	800000000000028845	トシアキ	8079
1342	500000000000100512	まめニトロ	8031
1342	1500000000000010443	暇人破壊	8031
1344	400000000000074306	SkyBlue	7997
1345	100000000000006511	じゆうじん	7978
1346	1300000000000004696	ひろに爺	7960
1347	900000000000035942	Lucina	7959
1348	900000000000000043	Ｄｅｎｋｅｃｙ	7949
1349	1451	稲葉物置#41	7947
1349	900000000000075593	LIN	7947
1351	500000000000050270	蒼空@逃れられないボーダー	7935
1352	900000000000052264	つかさ令	7913
1353	1000000000000023772	赤いきつね	7911
1354	1300000000000000626	ピクス	7910
1355	1100000000000000523	シンP	7908
1356	1100000000000003994	しゃみ1000	7905
1357	1000000000000001078	デニー	7899
1358	1100000000000030645	アオハナ	7879
1359	600000000000000086	りんりん太子	7872
1360	1000000000000007456	雪見川	7869
1361	1000000000000047548	貴者	7857
1362	1000000000000098219	傀儡	7849
1363	800000000000074899	アステリスク	7827
1364	400000000000098730	どんぐり	7820
1365	1500000000000082040	テッテレ	7807
1366	700000000000085917	折敷	7801
1367	1100000000000045576	jim	7762
1368	700000000000075754	麻	7740
1369	1000000000000012071	ひろP	7728
1370	800000000000009024	有希P	7705
1371	1000000000000050603	シュー	7697
1372	900000000000007228	φ シド φ【ｱﾊﾞｺﾝ投票感謝(｡uωu)♪】	7688
1373	300000000000099341	paveknedved_11	7681
1374	100000000000004876	ザァァァァァァァァァァァァムディン兎サンタ・エオストレのウサギフトLv25!!	7680
1375	84374	けいとら	7659
1376	1300000000000069878	ハシバ	7637
1377	300000000000028502	有楽町	7632
1378	400000000000000179	すもーくP	7620
1379	900000000000002555	弥(AMANE)†招待ﾇﾙｰでm(__)m†体調不良はデフォ†	7616
1380	800000000000076781	もりあ	7612
1381	1500000000000087168	たこ焼き	7610
1382	1300000000000096365	Y'n	7603
1383	300000000000086292	じゃじゃ馬AX	7571
1384	1200000000000034913	assault.waves	7548
1385	16862	卜途	7546
1386	400000000000006194	にっこっこ	7539
1387	700000000000074904	まくらぎ	7524
1388	79528	みっぷる	7522
1389	1500000000000028412	あたむん	7519
1390	4250	たびりす	7514
1391	500000000000079019	不自由	7500
1392	765	dex＠(求HN,R律子	7499
1393	10824	あっちゃん	7491
1393	1200000000000069380	仮免ライダー	7491
1395	1200000000000006904	べるぐ	7484
1396	800000000000037463	130★	7442
1396	1400000000000013651	make1192	7442
1398	400000000000045635	れいけつ	7441
1399	100000000000031592	くろくろ	7416
1400	900000000000081796	ねるねるねるね(ねるねP)	7403
1401	700000000000088189	TOMMY	7394
1402	3059	イインチョ	7392
1403	62032	ぷるーとぅ	7386
1404	1500000000000000115	九重	7373
1405	400000000000030365	ノブテル	7370
1406	800000000000033729	よるごみ	7365
1407	1200000000000082425	しめさば	7363
1408	500000000000086908	すずこ	7351
1409	1200000000000003345	芦屋虎之介	7339
1410	900000000000002823	ギャップ	7328
1410	1300000000000016178	じょい	7328
1412	800000000000098741	ヒラベルト	7302
1413	100000000000003328	イージェイ	7299
1414	200000000000011762	ガーナ	7283
1415	1400000000000020354	ウェイター	7268
1416	100602	大さじ小さじ	7259
1417	1500000000000086697	一平ちゃん	7250
1418	100000000000098877	安藤	7248
1419	1300000000000004516	エーアイスリー	7205
1420	500000000000075108	チノ	7197
1421	1300000000000085832	オルタラ	7173
1422	93537	insert	7161
1423	1200000000000097740	にく	7142
1424	832	フラムウルフ	7112
1425	100000000000010876	鈴鳴	7101
1426	4800	ブラックばりしあ	7056
1427	500000000000080433	まとり	7049
1428	100000000000003231	伝助	7044
1429	1200000000000010653	ちょこりんご	7042
1430	300000000000085348	やつしろ。	7020
1431	300000000000000142	ロロ	7010
1432	200000000000097542	うさうさ	7008
1433	1500000000000000736	水元 佑巳	7007
1434	200000000000087803	ハイパーＫ（ｱﾊﾞ女装中）	7000
1435	1500000000000003128	翠蓮	6999
1436	1000000000000009741	MEISTER	6987
1437	1400000000000022175	かなりあ	6984
1438	600000000000054974	ツネ	6976
1439	1400000000000100234	txc	6967
1440	800000000000000512	しろばやし@ｱｸﾃｨﾌﾞ同僚募集中	6954
1441	300000000000001649	★星☆≡	6948
1442	600000000000094863	novtan	6944
1443	500000000000077402	リオ	6920
1444	100000000000051595	col9	6901
1445	500000000000027328	AOBAOKA	6900
1446	1500000000000006342	のんこ	6890
1447	700000000000008352	kaneko	6888
1448	500000000000095037	rip	6864
1449	100000000000033438	ナオト	6860
1450	600000000000052366	c22b	6842
1451	700000000000051221	ハヤト	6833
1452	700000000000001000	たきのちゃや	6819
1453	1100000000000036138	逢ちゃん	6807
1454	200000000000031795	マックス	6784
1455	1100000000000099628	ヒトデ	6782
1456	1200000000000003688	マッツ	6776
1457	1400000000000095266	蚊遣豚	6765
1458	300000000000034530	アサケン	6746
1459	500000000000014763	SP白兎	6725
1460	200000000000076079	バッファロー	6717
1461	1000000000000052064	ﾘﾁｬｰﾄﾞ@Σaaya	6694
1462	600000000000013033	琴吹	6681
1463	600000000000099532	志	6673
1464	1200000000000025869	すみす	6659
1465	300000000000007444	*おおっと*	6637
1466	1000000000000069079	てっちゃん	6624
1467	900000000000096399	サンシュユ	6597
1468	500000000000097277	らいど	6593
1469	1000000000000007335	AWACS	6562
1470	1500000000000075175	shark	6549
1471	800000000000021407	フィーニクス	6548
1472	200000000000005062	しゃけ	6532
1473	1300000000000039866	hibikicking	6521
1474	200000000000029736	真理	6473
1475	900000000000008847	いーさん(^-^)ゝ゛	6457
1476	400000000000041538	リョーたん	6453
1477	500000000000100414	松本	6437
1478	700000000000033528	sakai5963	6432
1479	600000000000009551	Aoi ~ONE FOR ALL~	6409
1480	1400000000000061164	tnebou	6408
1481	1400000000000082183	泡盛*JJ*△	6399
1482	169	やにお	6388
1483	79717	たぬきち	6387
1484	97222	harunya	6378
1485	1300000000000003783	ふみ	6369
1486	900000000000042043	花子	6323
1487	1200000000000004228	あれい	6318
1488	1500000000000047257	いざらん	6314
1489	800000000000086733	かっきー	6300
1490	500000000000077986	ザジ	6293
1491	1500000000000097672	クルックス	6286
1492	600000000000059827	大	6256
1493	700000000000097850	オパオパＰ	6254
1494	1000000000000005111	ぷりきゅあ	6240
1495	400000000000004395	涼水	6214
1496	200000000000056879	半導体	6213
1497	200000000000058473	ねここねこ	6209
1498	500000000000099022	事務員	6206
1499	1400000000000071537	ゲンゴン	6203
1500	900000000000037133	ぬしおか	6195
1501	300000000000048812	PEL	6188
1502	1100000000000097706	みさか	6164
1503	1500000000000005172	(0M0)	6160
1504	300000000000075415	タカヒロ	6154
1505	300000000000057195	Blue	6152
1506	1300000000000076781	ロベルトうちの	6111
1507	600000000000084253	まぁ～ちゃん	6108
1508	700000000000006055	habotan	6105
1509	100000000000085119	socha	6099
1510	1400000000000060675	たかあき	6085
1511	1000000000000002988	noki	6080
1512	1000000000000077735	シャル	6069
1513	1200000000000039455	にと。	6057
1514	900000000000004586	なゆた	6040
1515	100000000000003612	サニー	5990
1516	500000000000023392	HARUNA86	5976
1517	400000000000098133	みんちょ	5966
1518	1100000000000040553	みらいパパ	5964
1519	300000000000018769	だい	5960
1519	1500000000000057504	悠煌	5960
1521	1200000000000098045	はどそん	5934
1522	100000000000002136	クロノッチ	5926
1523	100000000000094323	又四郎	5922
1523	1100000000000000475	やらかし侍	5922
1523	1100000000000003648	手乗りタイガー	5922
1526	400000000000082474	h136cm	5914
1527	1000000000000058936	waka	5909
1527	1400000000000087062	みっちん♪	5909
1529	200000000000003556	アルカード	5904
1530	100000000000071821	もちまつり	5900
1531	400000000000099657	獅子	5893
1532	55435	甘楽	5863
1533	800000000000054788	鷲羽	5852
1534	300000000000082136	ひつまぶし	5849
1535	900000000000074972	ミズ	5838
1536	800000000000095487	フォル	5826
1537	1200000000000095928	にっしぃ	5818
1538	700000000000008092	でんちゅ	5814
1539	400000000000086918	赤椿	5805
1540	1000000000000050320	ふくやん	5800
1541	700000000000004589	ほんがら	5792
1542	1400000000000059503	塩ナメクジ	5777
1543	500000000000086046	庄屋	5776
1544	200000000000076452	トッシー	5773
1544	1100000000000035938	ねぎだく	5773
1546	1200000000000099200	蟹沢きぬ	5760
1547	1400000000000009128	さわ	5756
1548	700000000000079739	YUIX真田	5745
1549	200000000000073974	すてぃーぶ	5739
1550	500000000000018149	ペーネロペー	5737
1551	600000000000098996	shankai	5733
1552	100000000000000379	MajiAngel	5732
1553	1500000000000055211	love_hurri	5727
1554	1498	Raben	5720
1555	300000000000078601	リュウ	5714
1556	100000000000075026	maukumana	5712
1556	600000000000000971	冬夜	5712
1558	1400000000000094587	しゅーと	5711
1559	1000000000000079490	マッハ	5694
1560	1500000000000098756	Soum@	5648
1561	1500000000000007983	くそもり	5646
1562	800000000000077347	Softboy481	5645
1563	600000000000001863	はいご	5630
1564	500000000000097110	対馬蝦夷守智典	5629
1565	700000000000003766	もりまる	5623
1566	1500000000000079040	にゅるん	5616
1567	300000000000029581	うらお	5607
1568	800000000000035472	鉄丸	5606
1569	1100000000000094246	わたA.I.E.N	5583
1570	100000000000014055	big-five	5572
1571	700000000000042184	ヨーダ	5546
1572	100000000000074936	ひお	5544
1573	1000000000000098058	にしぱらP	5539
1574	300000000000051123	すゞめ	5512
1575	1000000000000004776	こたつ	5504
1576	900000000000093194	城之内	5481
1577	600000000000079790	sui-un	5477
1578	1000000000000023288	キムﾍ( ＊´ｖ`＊ﾍ)))～	5467
1579	1300000000000022192	かずま	5458
1580	1100000000000095640	リンゴ	5451
1581	1300000000000057334	ばっかふ	5440
1582	300000000000008503	みつ@うみみSRアルバム埋募集	5436
1583	1500000000000029070	果心堂	5427
1584	1000000000000074705	GanahaHibiki	5424
1585	1000000000000004913	ミズ	5414
1586	200000000000085296	roooom	5412
1587	700000000000061285	ロビンソン島	5405
1588	1500000000000006928	はるたん	5404
1589	900000000000097691	シャバ	5394
1590	800000000000095955	オッキー	5382
1591	800000000000000116	焼豚プリエ	5379
1592	700000000000002420	yuk_k	5370
1593	1500000000000096865	平ナギ助	5362
1594	400000000000060544	わ	5360
1595	200000000000003206	いまい	5344
1596	200000000000085407	tora	5339
1597	700000000000045166	shin☆ta	5311
1598	1100000000000022855	あやしい男、ほーらいさん	5286
1599	500000000000100502	ライン	5269
1600	1300000000000093637	まるごとレタス	5267
1601	1400000000000097725	武士ハリネズミ	5265
1602	1100000000000096147	鯖サイダー	5263
1603	1300000000000080070	ナベック	5257
1604	700000000000012543	メグー	5213
1605	1000000000000048413	雪卍	5205
1606	700000000000051016	rewriter	5193
1607	100000000000055323	水瀬べるん	5190
1608	1300000000000011066	柚斗	5188
1609	200000000000000930	てんしろ	5171
1610	886	が～	5154
1611	100000000000051648	こなた	5149
1612	800000000000002189	あああ	5131
1613	1500000000000013065	†けん～	5124
1614	700000000000060928	六本木オーガ	5098
1615	200000000000003171	りっど	5097
1616	800000000000098836	Йоппэни	5061
1617	500000000000030591	西	5040
1618	1400000000000031553	こう	5035
1619	200000000000096982	むっく	5018
1620	300000000000003177	aki(秋はまだか)	5000
1621	500000000000061889	はるさん	4998
1622	1200000000000014548	LO-LI	4997
1623	100000000000075741	ラーマ	4967
1624	600000000000027123	マッドタダ	4963
1625	1500000000000097369	若	4947
1626	1000000000000097138	tkp	4946
1627	500000000000091218	ちびお	4943
1628	300000000000002799	minami	4936
1629	500000000000003423	カオス	4929
1630	300000000000099543	getset	4888
1631	100000000000014300	ﾜﾀﾙ	4871
1632	100000000000096661	やよかず	4867
1633	500000000000039054	ヤグルマ	4866
1634	900000000000000126	じゅんべえ	4860
1635	1200000000000004218	おいもさん	4848
1636	700000000000081172	ナンプラー	4847
1637	1000000000000030472	hanbee	4843
1638	900000000000097411	べーさん	4842
1639	800000000000094809	かっちゃそ	4838
1640	100000000000056612	tjdwns97	4816
1641	1000000000000007586	キン	4812
1642	1000000000000027912	ajen	4806
1643	200000000000010276	ミネルヴァ	4794
1644	800000000000083986	meke	4793
1645	1000000000000097282	荒木安野	4778
1646	300000000000061867	supakani	4773
1647	800000000000007033	しゅれん	4745
1648	400000000000001315	りゅういち	4739
1649	900000000000003226	北川☆燕	4711
1650	500000000000006960	ガナス	4704
1650	1300000000000077963	ひろろん長官	4704
1652	1400000000000001410	天下りの神様	4702
1653	91482	たからや	4676
1654	1400000000000100837	Onyx	4658
1655	1300000000000022781	coumei	4648
1656	600000000000075431	ミコト	4640
1657	1500000000000052868	あきかん	4635
1658	700000000000026753	チビ	4628
1659	900000000000097542	wpk	4612
1660	1300000000000100465	タイチ	4609
1661	600000000000083879	たこよん	4591
1662	700000000000100391	キャップ	4582
1663	300000000000093538	ｸﾛｸﾛｻﾝﾎﾟ	4555
1664	1000000000000036924	らいと	4551
1665	1100000000000077055	vol	4546
1666	400000000000093855	慎一郎	4521
1667	900000000000098472	花225	4494
1667	1300000000000043263	ontyan	4494
1669	800000000000052204	月代 慧	4465
1670	400000000000076510	香羽	4456
1671	900000000000010529	ムーニネック	4452
1672	700000000000100488	ぬちょやん	4442
1673	1400000000000094670	ニヤじぃ	4410
1674	400000000000001786	モヘ	4407
1675	800000000000042472	クロン	4406
1676	900000000000081808	キャトミュ	4404
1677	1000000000000005938	白の斑	4390
1678	1000000000000073950	障子が穴だらけ	4383
1679	1300000000000079359	Miluku	4374
1680	500000000000093956	Hisa	4372
1681	200000000000037992	よこやん	4366
1682	11735	ダイボノ	4365
1683	800000000000048867	Ｄ９０（釣り、ドリ放置します）	4350
1684	300000000000078396	より	4343
1684	1500000000000016817	サトー	4343
1686	96595	diarut	4330
1687	1300000000000015175	らむねや	4302
1688	1400000000000096781	ローズ	4289
1689	200000000000008106	くう	4284
1690	600000000000058699	hjy/踏み台	4276
1691	1300000000000099821	えこりん	4275
1692	300000000000035739	うちゅうそら001	4274
1693	75400	ガロ【蒼き狼隊】	4244
1694	100000000000038741	泡を吹く狂戦士  センチメンタル木戸修(17歳)	4236
1695	1000000000000001800	ますたー	4220
1696	1300000000000028755	でめきん	4214
1697	100000000000003671	がやん	4206
1697	1300000000000081413	南郷	4206
1699	700000000000016100	houchi	4199
1700	1400000000000076310	日ノ円	4193
1701	900000000000011282	けんざぶろーちょっと釣りをお休みしますm(__)m	4187
1702	900000000000096733	Player 1006527401	4184
1703	1300000000000100750	メガネ猫	4157
1704	1400000000000054724	TaiM@S（氷璃P）	4147
1705	300000000000098937	マロングラッセ	4142
1706	1400000000000052719	?玄 野(kuro_no)	4135
1707	8904	ようへい	4134
1708	1200000000000042722	ちーちゃん	4105
1709	1400000000000097336	しっくい	4099
1710	1100000000000074012	宮城こうや	4098
1711	1200000000000055234	GRASSFIELD765	4085
1712	300000000000021970	もろか	4077
1713	800000000000057321	ピグザム支配人兼任P	4066
1714	200000000000036529	tak-p	4060
1715	1000000000000038102	深紅	4029
1716	100000000000073239	rootan	4028
1717	1100000000000005348	ぱぺっと	4023
1718	1200000000000099563	ショマージ	4011
1719	500000000000096521	クー	4007
1720	900000000000000564	よさくら	4003
1721	800000000000000762	リッカ	3997
1722	1500000000000096788	Yuk1Ak	3991
1723	300000000000032562	天城龍慶	3964
1724	1100000000000055262	ぎあ	3944
1725	600000000000024294	こま	3932
1726	1300000000000019767	ハヅキ	3930
1727	600000000000005304	Hunter D	3926
1728	400000000000045668	ゴールド	3922
1729	100000000000055434	かえる	3902
1730	49342	なかりん	3900
1731	97728	紗音	3894
1732	1300000000000090912	坏人三	3888
1733	500000000000083743	やま	3885
1734	100000000000003858	NzD	3871
1735	900000000000005889	†Shigeっち†(as毒舌無頼党(*￣ω￣))	3860
1736	1400000000000075315	N.N.	3854
1737	1400000000000006139	hayate	3850
1738	700000000000080837	なべさん	3837
1739	800000000000013105	ろまね	3834
1740	1400000000000002708	マカロンP	3831
1741	1100000000000093830	Player 1006005387	3790
1742	500000000000082333	Xanavi	3784
1743	1300000000000022716	shaw	3771
1744	900000000000000623	キサラギ	3757
1745	1300000000000013827	わんわん	3744
1746	1400000000000052211	りあ@ブラックラボ	3732
1747	700000000000051311	聖ベルナルディー	3731
1748	700000000000047960	プラウラー	3729
1749	100000000000009409	まっこい	3725
1750	1400000000000001230	§ベッチ§【訳あって野菜生活】	3710
1751	1400000000000005286	なぐもん	3699
1752	1200000000000096682	η	3685
1753	400000000000002015	シンシンザン	3680
1754	200000000000005455	ｼﾉﾌﾞ	3678
1755	800000000000050408	ＢaG	3677
1756	900000000000055611	ふぁるこ	3676
1757	1100000000000020343	おーよそ	3669
1758	1200000000000092516	Player 1005764572	3633
1759	61920	タムゥ	3626
1760	1200000000000004664	あー	3602
1761	300000000000023395	かわぐち	3594
1762	200000000000100888	セキシン	3591
1763	1100000000000080750	どら	3589
1764	1200000000000098015	誠紀	3583
1765	400000000000000754	menzu	3570
1766	1400000000000037200	fang	3560
1767	1100000000000002270	いち	3552
1768	800000000000083522	ヴァイ☆ﾏｲﾍﾟｰｽで頑張ります	3550
1769	200000000000076597	りんご酢	3547
1770	600000000000050485	レン	3544
1771	1300000000000001868	Nao-Style	3516
1772	1200000000000082467	Veri	3514
1773	1500000000000097403	リュート	3513
1774	100000000000055185	うさこ	3504
1775	1500000000000025240	にゃんちゅう	3497
1776	1400000000000002956	たきざわ@コミュ更新	3491
1777	700000000000000328	ぺの	3480
1778	1400000000000100462	ノブ	3479
1779	1300000000000098767	Denebu	3474
1780	400000000000016046	くそむし	3468
1781	200000000000050192	さっつ	3446
1782	200000000000097995	mitsu	3432
1783	600000000000099612	ナカムラ  △	3427
1783	1000000000000000163	はどう	3427
1785	300000000000026189	フックー	3426
1786	400000000000073848	テル	3408
1787	600000000000012651	C.A.Zeppeli@4th2日目全力	3402
1788	84412	いとこん	3389
1789	1100000000000002304	mst	3375
1790	1000000000000052602	トム・ヒイロ	3370
1791	400000000000100107	Player 1007946708	3369
1792	700000000000056771	カキタミ	3354
1793	1500000000000006677	甘楽/黒沢 ルビィ/大切な天如さんとpair	3353
1794	1300000000000037222	あるふぁ	3344
1795	7997	一流	3341
1796	600000000000005474	フト・シエル	3325
1797	1500000000000023646	GOD橋本	3324
1798	600000000000077638	熱源P	3309
1799	900000000000009198	仁奈ちゃんprpr	3292
1800	730	星澪	3276
1801	6907	まーちゃん	3269
1802	300000000000078434	ゴブリン	3264
1803	300000000000092859	モシキ	3262
1804	300000000000083208	はるな	3261
1805	300000000000091200	asimo78	3252
1806	800000000000097064	なかじま	3245
1807	100000000000056479	すたあ	3241
1808	200000000000100712	巴午後	3233
1809	100000000000004871	Hisai	3232
1810	300000000000052128	20thセンチュリーボーイ@北カナ	3226
1811	1200000000000011717	ピースケ	3223
1812	400000000000055719	ひでくん	3220
1813	500000000000043348	azure	3208
1814	300000000000015864	民	3204
1815	1200000000000054048	クレシエンテ	3198
1816	5901	あすも	3176
1817	500000000000006157	89	3170
1818	600000000000007149	コン	3161
1819	1500000000000096931	オウジュ	3158
1820	4505	だぶちゃん	3148
1820	1500000000000091323	りか	3148
1822	1000000000000038953	キアリノ	3147
1823	500000000000000062	なっきー	3146
1824	900000000000057479	めめ	3144
1825	1500000000000005834	イージィ	3123
1826	100000000000050645	夢庵	3121
1827	1200000000000027172	かわせい	3120
1828	200000000000093089	銀	3105
1828	1100000000000002844	ミスター	3105
1830	100000000000092097	Player 1005725297	3090
1831	47669	マークツー	3076
1832	1400000000000075080	チャポン	3068
1833	1000000000000083469	オリカ	3065
1833	1400000000000000135	婿固め	3065
1835	1300000000000052300	如何せん	3053
1836	300000000000076112	NAGI	3050
1837	300000000000003959	タケちゃん	3030
1837	1400000000000073994	やこー	3030
1839	800000000000061143	おすし	3024
1840	400000000000029587	ふみ	3019
1841	100000000000096388	ぐう畜チック	3013
1842	200000000000007770	sanarara	2982
1843	700000000000005923	かぁくん	2977
1844	700000000000099440	いづみ	2967
1845	1500000000000005836	シェルパ	2952
1846	600000000000010416	ぐるめっと～	2946
1847	700000000000013428	ポチ	2940
1848	300000000000045412	ハラボー	2931
1849	700000000000100222	H.K	2926
1850	1000000000000100607	berry	2923
1851	300000000000000783	HCL	2916
1852	600000000000099577	ハイスピ	2904
1853	1200000000000001806	Uターン	2898
1854	1300000000000057165	でんちゅう	2893
1855	700000000000025022	ponno_e731	2885
1856	400000000000077106	とろ	2883
1857	1400000000000003650	STICK	2831
1858	700000000000088709	とし☆ゆっくり	2828
1859	1300000000000050286	ふひひひ	2812
1860	100000000000004638	HPL	2808
1861	1000000000000099605	Player 1007415578	2807
1862	500000000000052694	きゃし*申請事は一言下さい(T-T)	2792
1863	400000000000001600	☆Angel Bear☆	2779
1864	400000000000043229	サカス	2776
1865	1200000000000000682	綾波キョウ	2764
1866	1200000000000021444	こめおし	2759
1867	800000000000097356	JU87_D	2756
1868	1300000000000097023	Voldemort	2744
1869	1100000000000003773	かざ	2742
1870	700000000000002000	aster	2738
1871	400000000000011260	なまけもの(招待スルー	2732
1872	800000000000085319	みみりん	2730
1873	1200000000000100033	べ	2720
1874	1200000000000097884	山田英	2712
1875	500000000000100167	a4865213	2711
1876	1200000000000006282	枕と布団	2707
1877	400000000000098830	クライス	2705
1878	400000000000008857	Schlam	2696
1879	200000000000003880	エンペ	2682
1880	1500000000000073987	さら	2675
1881	1200000000000099842	わいけー	2654
1882	1500000000000023492	サイレントペッカリー二	2646
1883	1200000000000080690	音衿	2637
1884	800000000000072698	Wazata	2633
1885	100642	フウ	2625
1886	600000000000000862	のばら	2616
1887	1100000000000018139	sasasyu	2611
1888	400000000000097037	riki	2610
1889	1000000000000095916	kv.jr	2605
1890	200000000000001291	ゆーあ	2601
1891	600000000000077814	HORON	2599
1892	1300000000000079479	kuronaka	2594
1893	46817	あんこ	2591
1894	1500000000000023301	ウサミン	2590
1895	99572	ヴぁん	2585
1896	1400000000000093584	みえこ	2572
1897	400000000000003215	ky	2565
1897	800000000000077356	みつるん	2565
1899	1000000000000004244	clover	2560
1900	700000000000052246	そらきち	2553
1901	300000000000025423	柴水犬	2550
1902	300000000000001848	ヒロキ	2544
1903	1200000000000061744	KARURO	2529
1904	900000000000010590	ギー	2511
1905	1100000000000086331	燻製	2509
1906	800000000000053046	ファイ	2484
1907	300000000000097928	バレ	2478
1908	600000000000056810	ウェザー	2465
1909	800000000000042341	☆ひろっぴ～☆仲間整理中m(__)m	2464
1910	300000000000038439	凜祢	2456
1911	200000000000093866	デネブ	2454
1912	1300000000000021910	まりー	2453
1913	100000000000099454	和紗	2441
1914	600000000000000217	さ さ き@同僚募集中	2439
1915	800000000000099863	小耳P	2436
1916	100000000000000484	すず	2433
1916	200000000000082629	春風	2433
1918	1400000000000000954	ゾルダー	2429
1919	200000000000024782	タマゴルビー	2428
1920	900000000000040364	オッドボール三等軍曹	2423
1920	1500000000000024246	菓桜みい	2423
1922	1500000000000094462	お兄ちゃん	2420
1923	900000000000098113	mintiaholic	2410
1924	1100000000000076301	七海さが	2408
1925	800000000000099369	（仮）	2405
1926	800000000000083578	クルトン	2397
1927	400000000000081636	@湊☆	2394
1928	1100000000000013086	りん	2384
1929	100000000000098303	ろりあげ	2382
1930	1000000000000055501	キサラギ	2379
1931	100000000000003216	ﾌﾞﾗｯｸﾎｰｸ@協力感謝です(^ω^)	2376
1932	700000000000000456	きらりん☆	2369
1933	1000000000000005150	ハム	2363
1934	800000000000051288	(仮)	2358
1935	900000000000100133	サイコロ	2355
1936	1400000000000068515	モドル	2349
1937	500000000000060189	Nob	2348
1938	300000000000099724	チャー州MEN	2342
1939	100000000000033168	なお	2321
1940	200000000000001302	ばっくす	2315
1941	300000000000046677	リョウガ	2311
1942	500000000000074499	Bee8	2304
1943	1200000000000029329	ｋ	2301
1944	1300000000000033627	もぶこ	2295
1945	1500000000000062622	keizine	2253
1946	1100000000000074163	Polsy	2250
1947	800000000000002818	けんけん	2244
1948	100000000000038979	しろ	2234
1949	1300000000000000334	たかぱち	2226
1950	1000000000000085475	あんず	2222
1951	800000000000000502	masa	2214
1952	200000000000004340	はお	2204
1952	700000000000004729	鈴城なずな	2204
1954	200000000000047548	ヨヨヨ	2202
1955	500000000000015521	†流姫†	2199
1956	1000000000000043986	了太,ver♀、仕事多忙。当面グリー内各アプリログのみ&一部放置。	2196
1957	1300000000000081217	あいおい	2192
1957	1500000000000062632	ナハト	2192
1959	47619	Ｄｏｌｌ	2191
1960	100000000000085526	ココ	2179
1961	400000000000081385	deadcopy	2177
1962	1000000000000024631	まる	2176
1963	1400000000000080488	しのぶ	2175
1964	28210	†セフィリア†	2165
1965	900000000000095751	バルバロム	2163
1966	1200000000000005854	みお	2156
1967	300000000000077768	しんうち	2143
1968	400000000000073761	ホリ	2136
1969	900000000000096544	とるみす	2131
1970	100267	SHIKI	2119
1971	96556	rikkey	2116
1971	700000000000001102	チロル@亜利沙の道場営業中	2116
1973	900000000000061395	くま太郎	2109
1974	300000000000044148	ナベちはる	2108
1975	600000000000098598	合間 津奈さん＊低燃費っぴっぴー(ω`+).ｗ	2107
1976	1000000000000082265	アスベル	2103
1977	100000000000097972	閑野	2095
1978	700000000000052038	久那	2093
1979	1000000000000013691	紅芋タルト	2092
1980	1400000000000100466	ヤス	2091
1981	200000000000015248	なっし	2082
1982	1100000000000033039	ごんなかじま	2068
1983	1100000000000029065	ひーせ	2066
1984	600000000000084185	よっぴい	2065
1985	800000000000060756	ウィリープロ	2062
1986	200000000000003017	kar3	2057
1986	900000000000005228	ルージー	2057
1986	1100000000000023978	すみか	2057
1989	900000000000074296	みお	2036
1990	200000000000079594	mark	2034
1991	300000000000055753	ヒロ	2032
1992	1300000000000098172	よねぴーや	2025
1993	1100000000000085753	約束された勝利の剣	2016
1994	400000000000055593	ポグレ	2012
1995	900000000000091655	Kappa	2011
1996	700000000000098755	櫻魅	2010
1997	600000000000054704	☆めるる☆	2004
1998	800000000000068358	ぬみであ	1997
1999	300000000000084600	あるかす	1991
2000	800000000000078922	ヘルサイズ	1981
2001	1100000000000060582	リゼ	1971
2002	1000000000000096644	羅主斗	1970
2003	200000000000008112	おやどり	1966
2003	300000000000006258	白露	1966
2005	1000000000000056560	セルバ	1965
2006	1100000000000009011	ゆいん	1948
2007	1300000000000029340	ぱっそう	1940
2008	1500000000000035406	相沢くん	1932
2009	1000000000000058705	ハルン	1927
2010	1100000000000007290	10mo	1920
2011	1100000000000074774	じすた	1905
2012	900000000000001263	うみどり	1901
2013	819	SK	1900
2014	800000000000010713	†2号†	1890
2015	100000000000003135	Ring	1886
2016	900000000000070926	しかで	1884
2017	500000000000008035	きょう	1883
2018	1400000000000085061	そると	1874
2019	700000000000100194	step	1872
2020	800000000000097727	萩原	1863
2021	500000000000097950	Player 1006934069	1859
2022	1100000000000090875	桜子mk5	1856
2022	1400000000000088407	チョロ松( ・ε・)	1856
2024	900000000000000390	Ｍｒ．４	1852
2025	1000000000000098551	えとたま	1847
2026	100000000000042265	さとにゃん	1831
2027	200000000000088568	ミツナリッチ	1830
2027	500000000000028974	かしわば	1830
2027	500000000000097876	Jink	1830
2027	900000000000080609	きよ	1830
2031	1400000000000042099	歌が永遠	1800
2032	800000000000094785	えのみ	1799
2033	1000000000000081359	ぴょん	1793
2034	14309	ブルーズ	1791
2035	100000000000045876	うさぎたろう	1790
2035	100000000000076950	缶けり	1790
2037	600000000000053261	ｷﾝｷﾝ7878	1787
2038	900000000000085328	けしかす	1779
2039	800000000000068557	アイソン	1777
2040	900000000000028352	幻夢	1776
2040	1500000000000100282	雛乃	1776
2042	1400000000000059137	タイガ	1769
2043	1200000000000013042	とーふや	1767
2044	800000000000099726	Player 1007818968	1766
2045	62394	なる	1759
2046	400000000000061871	釣りバカ	1757
2047	700000000000100355	とのに	1753
2048	94990	Player 1006123568	1743
2049	1200000000000099435	Player 1007678716	1742
2050	500000000000000255	お湯	1738
2051	500000000000082867	Player 1004708245	1731
2052	800000000000037237	できたてEvo! Revo! 近藤大輔（ダイナモ感覚）	1728
2053	300000000000096007	ロココ	1725
2054	600000000000006108	びーる	1724
2055	1400000000000054186	レーリィ	1721
2056	17709	△ぬっくん 乙※相互割愛でよろしく(-人-;)参戦&お誘いありがと～(^o^)/	1720
2056	200000000000097401	Player 1006564194	1720
2058	700000000000062605	gos0721	1717
2059	600000000000031768	睦月	1713
2060	1100000000000071093	ゆめ@☆	1711
2060	1100000000000087061	清五郎	1711
2062	800000000000061704	masayan	1707
2063	500000000000054081	遥かなる蒼	1700
2064	500000000000051440	しゃんはい	1690
2065	700000000000079761	はちみつ	1686
2066	1200000000000033081	れた	1682
2067	22130	ブレモン猿丸	1677
2068	1200000000000060608	鬼の洗濯板	1676
2069	1400000000000100250	アキオ	1674
2070	76974	あたりめ	1665
2071	543	テスタロッサ	1662
2071	600000000000093110	ネコ鍋	1662
2073	300000000000100140	Redbox	1661
2074	1000000000000071519	ﾖｼさん	1656
2074	1200000000000095650	しろごま	1656
2076	1500000000000011986	たけお	1651
2077	800000000000005981	@k！＠はるか	1650
2078	86975	ツバキ	1649
2079	300000000000081745	クーニャ	1645
2080	900000000000086620	玲衣也	1640
2081	100000000000099100	ながすくじら	1638
2082	100000000000019779	いろは	1630
2083	1200000000000027595	koikaze	1627
2084	300000000000002896	はっく！	1624
2085	1200000000000009306	ケン	1620
2086	1400000000000043426	鷹月	1616
2087	500000000000001989	cruzkruz	1610
2088	1300000000000097739	吉永	1600
2089	600000000000072756	紫陽花	1595
2090	1400000000000044761	ナナシ・フィーユ・ドミナシオン	1588
2091	383	肉塊	1584
2092	600000000000053646	いいは	1582
2093	500000000000023450	かわまさ	1580
2094	1500000000000084022	リキすけ	1566
2095	1500000000000085273	シズノ	1557
2096	1400000000000038170	やまと	1556
2097	96681	タッソ	1554
2097	500000000000080556	musi	1554
2099	500000000000002541	きちん	1552
2100	800000000000002827	はとちぃ	1551
2101	200000000000086322	那亞瑠	1546
2101	400000000000082451	ikr	1546
2101	900000000000053375	humi	1546
2104	1400000000000073996	いわやじ	1544
2105	600000000000020072	テイル	1540
2106	10509	遊爽	1539
2107	100000000000083639	ブレイド	1537
2108	1100000000000007750	feimin	1533
2109	800000000000013427	コウノシン	1531
2110	600000000000056314	わーじ	1530
2111	1200000000000075346	横綱朝醤油	1529
2112	200000000000080150	Player 1004135618	1519
2113	1100000000000096611	みふ	1514
2114	1300000000000075368	ゆずこしょう	1510
2115	500000000000090587	いづみ	1508
2116	300000000000096633	の	1498
2116	1500000000000000221	ヤットP	1498
2118	200000000000087230	翠月	1489
2119	1100000000000026116	井手正太郎Ｐ	1485
2120	1500000000000003582	Ｒ.	1484
2121	800000000000002271	ひが	1476
2122	1300000000000052696	カミュ	1471
2123	1500000000000019539	ひめバパ	1470
2124	1100000000000097780	birth	1469
2125	300000000000013304	BOBO	1467
2125	900000000000081703	namizi	1467
2127	700000000000034360	nagi	1458
2128	73654	ラングドッシャリ	1452
2129	1000000000000100060	gokin	1441
2130	94223	灯	1439
2131	1400000000000053221	もじゃ	1432
2132	100000000000099830	マークネモ	1428
2133	700000000000032355	ゆうひ[ご協力ありがとうございます]	1423
2134	400000000000052883	レイウォール	1420
2135	500000000000073862	RAMU	1413
2136	1500000000000075799	はるき	1410
2137	1000000000000003420	す～	1404
2138	200000000000069370	飴くん	1402
2139	800000000000002448	ゴウ	1398
2140	800000000000091568	桜子mk10	1394
2141	600000000000037872	トトメス	1392
2142	1400000000000092456	ワッツ･ステップニー	1390
2143	400000000000076435	ながと	1387
2144	500000000000021422	さうっしゅ	1385
2145	800000000000099591	フラット	1377
2146	1200000000000003185	文月リライト@ちなヤク	1374
2147	800000000000098387	ドロリッチ	1372
2148	1300000000000014648	∠( 'ω')／	1368
2149	700000000000011868	さば	1367
2150	1000000000000005042	Ｋ	1365
2151	1100000000000099359	衣笠	1361
2152	100000000000099499	シンザンP	1343
2153	1200000000000094662	フィア	1336
2154	300000000000070867	スズム	1328
2155	200000000000059583	アクア	1320
2156	700000000000002072	真下Ｐ：道場はマイコメ参照	1318
2157	700000000000100561	なる	1317
2158	300000000000096105	ヒオ	1313
2159	700000000000100912	抹茶	1307
2160	300000000000029273	蒼井満月	1300
2161	600000000000072885	Ib	1299
2162	1300000000000000042	どんちきフラクタル@大橋彩香1stアルバム5月18日発売	1286
2163	600000000000010524	シロン	1284
2163	1100000000000022281	らずりさん	1284
2163	1100000000000045574	ぶちょう	1284
2166	1000000000000052320	ひょーえ。	1279
2167	500000000000093268	ヴァル	1278
2167	800000000000096195	エリア	1278
2167	1000000000000037335	lecica	1278
2170	700000000000063142	灘風	1277
2171	1500000000000002395	z6520	1276
2172	1200000000000034627	ペリドット《》	1273
2173	300000000000036409	せもぽぬめ	1272
2174	800000000000037919	Wildeyes	1271
2175	1000000000000083543	Pyxis好き夫	1270
2176	600000000000004041	バキューン	1269
2177	3764	Dan	1268
2177	77564	ヒロ	1268
2177	600000000000067400	ごま	1268
2180	1000000000000099936	Player 1007623994	1266
2181	600000000000075795	ぴかちゃあ	1265
2182	100000000000090203	夢で会えたら	1264
2183	1500000000000092584	Mizuki	1258
2184	500000000000086676	ハシ	1257
2185	800000000000025688	やまだ	1256
2185	1100000000000036136	MrCharon	1256
2187	700000000000004598	すばる	1246
2188	1000000000000027813	ｼﾀﾞﾝﾃﾞｨ	1243
2189	1500000000000083177	もず之助	1239
2190	300000000000081433	千早ちはや	1238
2191	200000000000050908	柚砂	1227
2191	300000000000019291	化野元	1227
2193	1400000000000099980	はいちん	1223
2193	1500000000000058354	ティクス	1223
2195	700000000000096257	KAT	1222
2196	600000000000098316	カザ	1213
2196	1300000000000001830	ライデン	1213
2198	1000000000000088405	いつー	1212
2199	1400000000000074728	つばい	1204
2200	1400000000000100511	ななし	1203
2201	100000000000097502	アロエン	1202
2201	300000000000051205	ふらっとぱいん	1202
2203	500000000000088004	マーブル	1197
2204	500000000000002048	どぶろっち	1195
2205	23226	ヤカン	1193
2206	600000000000096436	おやつ	1189
2207	700000000000096604	クロワッサン	1188
2208	1300000000000062258	ヘモグロビン	1187
2209	400000000000096722	りょう	1185
2210	300000000000092921	白メガネ	1182
2211	400000000000015435	マガジン	1177
2212	200000000000000109	ちら	1167
2213	1500000000000099291	ゆ	1166
2214	600000000000100321	赤豆	1165
2215	1500000000000051152	玄兎	1160
2216	1300000000000030097	tor	1159
2216	1400000000000004570	ゴクツブシ	1159
2218	1400000000000075413	しちみ	1158
2219	600000000000074399	伏見	1156
2220	1100000000000020582	ジャムパンサンド	1146
2221	1100000000000099616	陸	1143
2222	1500000000000039548	キクティム@冬眠中	1142
2222	1500000000000086901	M@SCON	1142
2224	700000000000083823	owlman	1140
2225	1000000000000005319	ピース	1139
2226	1500000000000079768	もぐら	1135
2227	1100000000000098196	よっしー６	1131
2228	1000000000000091275	こむぎむぎ	1123
2229	800000000000000571	ちくちくわ	1120
2230	300000000000006665	robonoco	1117
2231	400000000000013592	チャッピー	1111
2232	200000000000052523	はまち	1106
2233	500000000000079051	sorinam	1104
2233	600000000000100066	Player 710871542	1104
2235	1400000000000013776	紗凪きち	1102
2235	1500000000000020929	daiki52	1102
2237	1300000000000034701	あふひねこ	1093
2238	100000000000053864	まるはち	1090
2238	1300000000000034388	あだだちくん	1090
2240	1300000000000080500	8921	1085
2241	400000000000070840	くらもち	1082
2242	1200000000000058085	chiki	1080
2243	1100000000000081122	超弩級の蚊に怒る夏	1067
2243	1300000000000003915	かゆP	1067
2245	33399	未歩	1062
2246	800000000000010694	ピピン板橋	1061
2247	900000000000043512	たかさん	1060
2248	300000000000003132	ロストン	1058
2249	1100000000000097829	八位	1055
2250	800000000000004422	ちょp	1054
2251	800000000000029811	スケットライダー	1053
2252	700000000000030192	かつみ せいちゃん推し	1049
2253	2254	もち	1048
2254	1200000000000002251	いちのや	1043
2255	1000000000000075268	じんじゃ	1041
2256	1000000000000056156	ばすく	1039
2257	1200000000000003212	servis	1036
2258	4835	Tosy	1034
2259	1100000000000095530	タケノコ	1020
2260	500000000000025969	モヘロ	1016
2261	300000000000056383	あおいこ	1003
2262	200000000000016327	>゜))))彡	1002
2263	25170	Must	1001
2264	1100000000000005120	蕎麦粉	1000
2265	200000000000001166	なのは(イベお疲れ様でした(^o^)/)	998
2265	600000000000040892	黒猫∵フィア‡Endless Story‡	998
2267	200000000000004688	古手	994
2268	900000000000095701	たまぼこ	990
2269	1200000000000002737	ふぇるあ	986
2270	400000000000093005	でんぼω	984
2271	1400000000000051281	黒の油性ペン	973
2272	1000000000000008942	モーギ	970
2273	1000000000000099194	zyamtea	969
2274	900000000000100271	Player 1008098185	960
2275	1400000000000099514	わゆ	959
2276	700000000000098117	をたま	955
2277	1100000000000073560	ほたた	954
2277	1400000000000075826	カバンさん	954
2279	100000000000046285	スニー	952
2280	900000000000072785	はれるとイイナ	948
2281	600000000000100064	Ayu	947
2282	600000000000094231	ウロボロス	944
2283	1200000000000097916	よう	942
2284	200000000000096299	リュッペ	941
2285	1100000000000036452	ちゃま★:)	938
2286	1100000000000076565	催眠	934
2287	800000000000004118	青い子	927
2288	100000000000007731	もり（招待ﾒｰﾙｽﾙｰで	923
2289	300000000000051334	ひろ	921
2290	1300000000000000564	白ヶ崎	920
2291	100000000000075915	月見兎	917
2291	700000000000075420	ちかつ	917
2293	1500000000000080885	なこ	916
2294	200000000000013508	響	910
2294	400000000000046435	ぱないの。	910
2294	900000000000030202	コウ	910
2297	1400000000000009954	たこちゃん	909
2298	800000000000026573	きのっち	908
2299	900000000000007932	えんしゅう	896
2300	100000000000002732	たにゃとす	888
2301	1100000000000098917	Player 1007265723	878
2302	400000000000097720	たっく	875
2303	1100000000000094324	ぴょい	873
2304	300000000000005741	セイキ	869
2305	100000000000051538	修理	868
2306	300000000000010323	かんあき	866
2307	1100000000000097661	ぱるる	860
2308	1200000000000052310	ゆらるP	859
2309	76570	ちいた	858
2309	200000000000100333	ココア	858
2311	100000000000054305	GYM	856
2312	100000000000015254	まつどん	854
2312	1200000000000000843	みずしるば	854
2312	1300000000000062579	HARE	854
2315	1000000000000004665	Tomo	852
2316	1100000000000001538	HolyKnightAD	849
2317	1000000000000087050	海鮮戦士	846
2318	900000000000099640	Player 1007721689	844
2319	700000000000061932	い-じ-	843
2320	200000000000085315	なりれ～	842
2321	1200000000000094541	間宮	840
2322	200000000000074688	Σ(ﾟДﾟﾉ)ﾉ	839
2323	200000000000013427	みか	837
2324	900000000000075532	ryu	832
2325	100000000000100520	アホ毛天使	830
2325	500000000000096579	パーク	830
2327	1200000000000056279	來鵡	822
2328	400000000000000287	りぷとん	820
2329	1400000000000093530	猫先生(いなかっぺ大将より）	819
2330	400000000000015973	RR	817
2330	1300000000000023288	[空想ガール]アカンネ	817
2332	200000000000096539	あやか	816
2333	1000000000000051710	567	815
2334	800000000000051668	きくぱすてる	805
2335	300000000000080776	Nine@同僚募集中	803
2335	1200000000000002708	さっくん	803
2337	300000000000080237	やよい星梨花	802
2338	400000000000024127	たっくん	801
2339	200000000000000070	Mocke	799
2340	100000000000030646	ホリデイ	796
2340	1300000000000006470	藍	796
2342	34968	いりゆい	794
2343	1000000000000098854	すももあめ	792
2344	1200000000000056246	げん	790
2345	800000000000016727	葉水	789
2346	900000000000099366	SprouT0416	788
2347	700000000000003357	coconutsmilk	781
2348	800000000000005769	零崎	780
2349	700000000000095244	白原杏	778
2350	1300000000000039195	com	773
2351	300000000000008968	くまきち@のんびり参戦	772
2351	1400000000000049518	くりす。	772
2353	1000000000000096083	YOSSYFLAME	769
2353	1500000000000058340	jussim	769
2355	98175	りつ	768
2356	600000000000035392	ナベ	767
2357	1000000000000028122	としさん	763
2358	1300000000000077312	でない	762
2359	800000000000017952	かき	758
2360	300000000000035008	ハローボンドゥ	752
2361	1300000000000051149	葉須	751
2362	800000000000060989	えーき	750
2363	300000000000011608	ライオンK	748
2364	900000000000053017	お銀	746
2365	500000000000055830	ぷらねっと	743
2365	500000000000098441	kamiizumino	743
2367	1400000000000032336	冬青	741
2368	1200000000000037796	赤柳	740
2369	900000000000034386	きのした	739
2370	100541	きゆゆ	738
2371	900000000000024870	ＷＡ	735
2372	200000000000086824	ななふし	726
2373	1100000000000020605	ちわ	723
2374	200000000000073746	こむぎ	721
2375	700000000000080513	のぶたし	720
2376	1400000000000029816	Ｍarron	717
2377	1000000000000058774	はらP	716
2378	1300000000000093824	しうぞ	714
2379	96135	ゆーき@アラサー	711
2380	400000000000095670	hiro-2209	710
2381	4973	テトラミン	709
2382	1300000000000050974	久遠	708
2383	1100000000000004165	ウメコナタ	707
2384	1400000000000093529	famanto	705
2385	1500000000000077162	にゃいまる	701
2386	800000000000080738	れたすた	699
2387	800000000000085293	しゅうへい	696
2387	1400000000000052041	ごはんかいじゅう	696
2389	200000000000004390	すずこう	694
2390	400000000000006596	ケント	693
2390	1300000000000098316	SORASHI	693
2392	200000000000030029	またり	692
2392	1000000000000097205	ジーノ	692
2392	1100000000000097745	しっかりガード	692
2392	1300000000000002473	おりょう	692
2396	62104	砂泥棒	688
2397	800000000000098783	アキラ	680
2397	1300000000000100926	ぶみー	680
2399	200000000000006768	(泣)	679
2400	500000000000057200	チジ	676
2401	700000000000057252	きむ	675
2401	1400000000000029450	みやび	675
2403	1100000000000052466	ふぃればせ	674
2404	300000000000034370	キャメロン	670
2405	500000000000001480	Ly原	668
2405	1100000000000001779	ダルコア	668
2407	700000000000006418	トシ	666
2408	600000000000055649	g-boat	665
2409	1300000000000080447	山ハム	664
2410	1200000000000052503	あすか	657
2411	100000000000071802	fuku	654
2412	700000000000077862	Player 1003696743	653
2412	1400000000000047778	セイ	653
2414	80599	まりりん	643
2415	57193	リンちゃん	641
2416	400000000000087118	OREYADE	640
2417	800000000000078543	ハオ	639
2417	1000000000000034471	酢	639
2419	700000000000016067	なっと	638
2420	46791	にこれっと	633
2421	100000000000046450	グリーンオニオン	632
2422	79391	とくちん	630
2423	600000000000099839	oxalis	629
2424	1300000000000098885	Sig.	628
2425	1400000000000097432	キクシオン	626
2426	700000000000013261	レスＱ	623
2427	300000000000079901	toshi	618
2428	500000000000098085	さ	617
2429	1100000000000002228	くいんてっと	616
2430	600000000000013063	セシリア	614
2431	1300000000000067644	DJShin	610
2432	300000000000009856	ままたそ	605
2432	900000000000100113	大西P	605
2432	1300000000000051304	ぢゅん＠蹴られたいＰ	605
2435	99534	浮浪雲	603
2435	300000000000031720	baba	603
2435	500000000000100559	Player 1008081845	603
2438	500000000000000563	まななん	601
2439	1100000000000081419	フォン・スパーク	597
2440	99668	東雲	595
2441	1000000000000098901	akomi	594
2441	1100000000000010841	tnkttm	594
2443	1000000000000050975	みこっち	590
2444	900000000000096072	すなだ	587
2445	24820	手巻きですし	585
2445	600000000000096955	ＴＡＫＡ	585
2447	1100000000000074824	さそり	584
2448	1300000000000049349	レヴィ	583
2449	700000000000022372	ボンネット	579
2450	700000000000099108	金火水金金土土	578
2450	1500000000000004160	ダンプティ	578
2452	200000000000096660	ワーイ	577
2453	1300000000000029887	ランコペ	570
2454	1000000000000099484	遊兎	567
2454	1500000000000005136	釉	567
2456	300000000000000299	ビョウキ	565
2457	700000000000047500	mmrc	562
2458	400000000000099822	Crow	559
2459	300000000000073409	ブルー	556
2460	1500000000000030165	のぼっこ	553
2461	800000000000024379	諸枇	552
2461	900000000000086396	アトリ	552
2463	1200000000000052930	パセリ	550
2464	200000000000098210	らすく	540
2464	1500000000000061961	わがみ	540
2466	800000000000057189	おーたく	539
2467	800000000000099675	ブラッドリー・ロス・エルドレッド	532
2468	500000000000100554	KEiTO	527
2469	200000000000003753	葱豆腐	523
2470	500000000000099054	マキス	520
2470	700000000000002076	HACHI_ROCK	520
2472	1100000000000003266	はらぽん	516
2472	1200000000000082516	弓射 洸	516
2474	700000000000094205	玻璃月セピア	515
2475	500000000000100568	匿名	513
2476	100697	じんじん	510
2477	800000000000009656	ワタリング	504
2477	1000000000000051741	Naohiro	504
2479	1200000000000019743	ユズミ	500
2480	600000000000096936	sheryiu	499
2481	300000000000034632	ひなこ	493
2482	1100000000000085286	おとぎ話	492
2483	73835	29にっく(幸福こい)	491
2484	400000000000058704	DangerousDBZ	486
2485	100000000000066106	景央	480
2485	100000000000099153	k@naP	480
2487	1200000000000098378	mebachi	478
2488	500000000000095815	くま	477
2489	700000000000019072	SAKAMOTO	471
2490	600000000000011810	densuke	465
2491	700000000000050554	yu	464
2492	1100000000000008869	トモ	463
2493	800000000000053157	そら♪	461
2494	1200000000000023600	ユキネ	460
2495	600000000000100313	カモノハシ	459
2496	1300000000000098616	まさお	454
2497	93694	もつやま	452
2498	1400000000000017337	クリムゾン	450
2499	1100000000000100179	一姫	447
2500	900000000000082859	ちーぼー	446
2501	1100000000000099969	カッコ	437
2502	500000000000099721	T-765	432
2503	1000000000000098172	神鬼@	430
2504	300000000000015136	うづきん	426
2505	800000000000014945	田口山田	424
2506	200000000000085955	あとむ	423
2507	1300000000000100731	Козырёк	420
2508	8458	D助	419
2509	1400000000000075955	ジョルジュ	418
2510	300000000000000332	チン店長	414
2510	700000000000083260	yk	414
2512	200000000000002358	十手	413
2512	700000000000088568	ウェスタ	413
2512	1000000000000015015	詩乃	413
2515	600000000000082731	メガまさお	412
2515	1300000000000075750	ざくろ	412
2517	900000000000100294	むーつー	410
2517	1400000000000001852	にく	410
2519	1200000000000097049	あゆざき	408
2520	1000000000000057249	G	405
2521	200000000000100848	kazu	404
2521	1000000000000086041	みぃ	404
2521	1000000000000097896	☆輝きの向こう側へ☆はるちはP	404
2524	1100000000000076602	pocket	402
2525	400000000000099464	IKU	400
2526	1000000000000066433	のり	399
2526	1500000000000095756	なこ	399
2528	700000000000025849	ブキャナン	396
2529	500000000000004757	すぃーぺん	393
2530	1500000000000049662	塩焼きそばマン	386
2531	500000000000006542	シャルティエミラージュ☆	384
2531	500000000000091669	エンペラ	384
2533	300000000000090984	ケルベロス	380
2533	700000000000061765	narutara	380
2535	500000000000039471	Nata	379
2536	300000000000057428	Yuki	377
2536	1000000000000020088	祐弥	377
2538	81197	Ko師	374
2538	900000000000002179	しろ	374
2540	1500000000000082530	マーシュ	373
2541	300000000000000068	さばとら	370
2541	1100000000000085512	ゲルマン忍者	370
2543	700000000000073076	ゆう	369
2543	1000000000000009857	まさおの森	369
2545	46034	リリィ	368
2546	400000000000007367	☆零式☆神威☆@偉人伝心	365
2546	1200000000000099732	リサ	365
2548	200000000000096289	ソルティ	364
2549	56603	イルカチャン	363
2549	800000000000019655	サンゾー	363
2551	500000000000050779	はると	361
2552	100000000000096567	よく噛んでもカマンベール	360
2552	400000000000098524	ぺりーぬ	360
2554	200000000000099982	ふろりだ	359
2555	800000000000098775	Fryght21A	358
2556	1000000000000096898	Player 1006467834	354
2557	99565	ふぐ	352
2557	400000000000000883	ko16	352
2557	1200000000000099257	ぐっち	352
2560	800000000000053401	fumiz	344
2560	1400000000000098109	五臓六腑	344
2562	300000000000070600	〓AvoiD〓	343
2562	500000000000100351	Player 1007934133	343
2564	83872	LANGTAL	342
2564	500000000000086609	Yuu	342
2566	300000000000002933	どび	338
2566	900000000000016119	れじぃな	338
2568	100000000000100578	なし	337
2569	1500000000000097900	Player 1006946271	336
2570	79373	Player 1004075840	334
2571	600000000000000344	長月	332
2572	1300000000000001474	TobyHuang	323
2573	400000000000085572	Ken	321
2573	1300000000000027699	オケアノス	321
2575	500000000000075250	Alec	319
2576	500000000000050203	ユキヒロ	318
2577	900000000000057711	怒髪天劉雄	315
2578	700000000000003833	☆お餅子★	314
2579	700000000000050235	うこん	312
2580	700000000000002538	スティル	308
2580	1400000000000065068	Player 1002081262	308
2582	1400000000000025729	キザリン	307
2583	200000000000100825	サトシ	306
2584	1500000000000076255	ああああああ	305
2585	99777	バラード	300
2586	500000000000004367	冷し中華(EDF隊員)	296
2587	98841	作業台	295
2588	1000000000000068865	朱鳥	293
2588	1400000000000082177	りっか	293
2590	1400000000000000819	怪盗K	292
2591	1000000000000087191	おかゆのすけ	288
2592	900000000000078579	コブランだ	286
2593	900000000000095913	ゆべし	284
2594	200000000000051212	tyfic	283
2595	200000000000080513	もく兄	281
2596	200000000000093490	siruban	279
2597	1000000000000009850	しんちゃん	278
2597	1100000000000000948	てけてん	278
2599	1000000000000051667	大吉	276
2600	1100000000000005060	あだるさ	272
2601	200000000000099952	ヴァル原	270
2602	1100000000000008756	うにゃにゃ	269
2603	700000000000100959	広瀬真也	267
2603	800000000000010459	YS10	267
2605	600000000000003064	Yang!	265
2605	800000000000076386	hogehoge	265
2607	400000000000099904	大埼	264
2607	1300000000000100736	キヨヨシ	264
2609	900000000000081483	アーランド	263
2610	300000000000084984	霧ヶ峰	260
2611	1500000000000100479	ぴぃちく	259
2612	700000000000013179	橘花	258
2612	1300000000000052094	コッペ	258
2614	400000000000083661	Yuha	257
2615	500000000000100386	Player 1007954693	255
2615	600000000000085430	yosegt	255
2617	1200000000000009645	じっちゃそ 肉	253
2618	800000000000095973	しおしお	252
2619	300000000000019252	ひこ	249
2619	600000000000003378	三年二組	249
2621	1100000000000009894	らまな	248
2621	1300000000000010446	ミキ	248
2623	100000000000084918	涌井奏多	247
2624	800000000000099511	うずらP	246
2624	1100000000000092927	なわ	246
2626	400000000000009878	はぱぱす	244
2627	200000000000019426	トガリィ	243
2627	1000000000000050550	ロール	243
2627	1400000000000009979	Water	243
2630	1400000000000002268	きさ空○要請△～×	242
2631	97316	shibu	241
2631	500000000000095855	bun	241
2633	56106	花梨P	240
2633	500000000000082844	ブレイブリー	240
2635	800000000000002156	鈴集	239
2636	1500000000000099732	初雪	238
2637	300000000000057480	CAMEL	234
2638	900000000000100072	Player 1007975241	232
2639	900000000000045675	ハンサム	231
2640	500000000000026393	プーさん	230
2640	800000000000080108	あそびべ	230
2642	94060	だーしま	227
2642	600000000000031973	コージー	227
2644	800000000000098983	kwei	226
2644	1100000000000042501	しん	226
2646	900000000000056562	Pepelon	224
2647	900000000000098535	ペン三	221
2648	700000000000012126	しん	220
2649	51698	STR	219
2649	1500000000000051127	ひじかた	219
2651	1500000000000045900	澤P	218
2652	900000000000098937	しょうちん	216
2653	1100000000000097000	デイビー	214
2654	1100000000000006305	akila	213
2655	400000000000087249	いあ	212
2656	99215	ハミヤ	211
2657	1200000000000099087	大河内成訓	210
2658	800000000000100109	ぎょま	208
2658	900000000000056918	keropaki	208
2660	400000000000009034	蘭	205
2661	100000000000081373	atily17	202
2661	400000000000042184	秋月凉	202
2663	1400000000000081323	よどるふ	201
2664	200000000000058965	ななとら	200
2665	500000000000082778	smile	196
2666	600000000000100423	Player 1008091670	195
2666	700000000000099321	夏目桜	195
2668	800000000000006075	D.wilson	192
2669	800000000000100159	葵	191
2670	800000000000025911	みるこ	190
2671	200000000000100940	Keuna	189
2672	900000000000095714	やくると	186
2673	500000000000046078	Nell	185
2674	400000000000100324	ωωωω	184
2675	800000000000010182	蒼月うしお	182
2676	100000000000000499	ふじの	178
2676	1300000000000080076	ばし	178
2678	400000000000032416	ss.record	177
2679	300000000000031284	舞雨(放置ゲーム多し)	176
2680	100088	はちしの	174
2681	200000000000086330	Hrd	173
2682	500000000000013861	あんず	171
2683	400000000000007314	アヴリル	167
2684	1100000000000000319	若大将	165
2685	800000000000022190	ロンドン	159
2686	100000000000100294	光緒	156
2686	300000000000099334	穿	156
2688	100737	取得できませんでした	155
2689	100698	鞠莉	152
2689	500000000000100314	すやふみ	152
2689	700000000000033658	せなりあ	152
2689	1400000000000076980	アリアス	152
2689	1400000000000100826	はる	152
2694	1100000000000050437	ドクP@BMDお疲れ様でした！	150
2694	1200000000000086773	ミッキー	150
2696	600000000000093279	ネコサンダー	149
2697	1100000000000000255	悠凪	147
2698	100674	八九寺	143
2699	100748	ヒュッケ	138
2699	200000000000001327	ろまんしんぐ	138
2701	700000000000085801	サラダうどん	132
2701	1400000000000100872	Player 1008109742	132
2703	700000000000034021	なほち	131
2704	900000000000096932	ライジング	130
2705	1200000000000078727	ROT	128
2706	900000000000076880	tales	126
2706	1000000000000084267	あかき	126
2706	1300000000000100473	部長	126
2709	1400000000000097399	Player 1006564238	124
2710	1000000000000053393	ゆーじ	123
2711	1200000000000098852	Player 1007321932	122
2712	1500000000000100511	KAMIYA	121
2713	300000000000043860	いち	120
2713	900000000000085776	ナウ	120
2713	900000000000100201	舟子	120
2713	1400000000000093775	クリス	120
2713	1500000000000005702	Ｄ.ゆたか	120
2718	800000000000078736	ごま	119
2719	200000000000020886	一宮　彰二：キャラデザ中	118
2720	1300000000000080441	bigplas	117
2721	1300000000000099154	Player 1007141533	116
2722	500000000000055886	Sandvvich板	115
2722	1300000000000031194	餡堂	115
2724	1100000000000095330	みやこ	114
2725	800000000000100185	のりこ	113
2726	1400000000000100791	ぴにゃこら太	110
2727	1500000000000046370	ぬくさり	106
2728	400000000000052491	オルビー@果たして俺の勉強不足	104
2729	700000000000085838	ウイング	101
2730	400000000000092969	愛菜	100
2730	1100000000000080460	けいと！	100
2730	1200000000000023729	johnP	100
2733	900000000000000518	Suzuki	99
2734	300000000000097061	もちたいやき	96
2735	1400000000000048509	Nene	93
2736	300000000000023855	うぃん	90
2737	1200000000000100014	プリひか	89
2738	300000000000010474	ととと	86
2739	100000000000031388	banpei	84
2739	100000000000098833	れあ	84
2739	200000000000100722	ボタック	84
2742	100000000000056132	krtrs	82
2743	100000000000042502	チャン	80
2743	300000000000050897	くままま	80
2743	1000000000000092893	せいちゃん	80
2746	800000000000010544	どん兵衛	78
2747	1200000000000004137	どむっち	76
2747	1200000000000100155	デク	76
2749	100000000000100339	ぱちこ	75
2750	34928	にゃん太	74
2751	800000000000100110	Player 1008090824	72
2752	300000000000009398	トキノ	69
2752	300000000000023346	るる	69
2754	83970	swallowtail	66
2754	700000000000098850	Player 1007074087	66
2754	900000000000099660	Player 1007731481	66
2754	1300000000000000721	UDN	66
2758	800000000000099542	@マンゴーかき氷	64
2759	600000000000077520	Player 1003713718	63
2760	900000000000018630	フヒト	60
2761	300000000000077773	はなくそまる	59
2762	1400000000000100720	SARU	58
2763	1000000000000085476	かななん	56
2764	600000000000100444	Player 1008102486	53
2764	1300000000000100982	Player 1008092205	53
2766	300000000000093754	秋	51
2767	19111	たゆうら	50
2767	1200000000000097988	Player 1007041452	50
2767	1300000000000049899	まゆ　ｲﾀｽﾞﾗｼﾃﾈ	50
2770	100000000000001542	ニャス零弐	46
2771	4878	phys	45
2772	400000000000100322	Player 1008094276	44
2772	1500000000000099962	取得できませんでした	44
2774	500000000000046656	江戸言葉	42
2775	300000000000085612	まゆまゆ	41
2775	500000000000100584	クー	41
2777	500000000000096398	Y字路	40
2777	1100000000000083248	はるひゃん	40
2779	1400000000000006388	公魚	39
2780	500000000000051501	海鴨	38
2780	1500000000000014729	リーダー	38
2782	720	ショウイチ	37
2782	500000000000051226	留守	37
2784	300000000000067271	くれは	35
2784	500000000000093231	Player 1005781349	35
2784	600000000000100400	ダブルオー(^o^)	35
2787	300000000000005798	タイガーミッキー	32
2787	1000000000000075434	くだま	32
2789	1200000000000097722	おい、本田ァ	29
2790	67762	はるか	28
2791	500000000000100656	クリームパン	27
2791	1200000000000097789	Jacqueline	27
2793	28699	ask02	26
2793	900000000000099413	ZUN.B	26
2793	1100000000000020475	☆星のおうじさま☆ポリン☆【夜勤中(((^^;)】	26
2796	98832	つっきーP	25
2796	400000000000008068	たかちゅー	25
2796	600000000000042516	ゆきんこ《桜花繚乱》	25
2799	1300000000000101042	アカツキ	24
2800	1500000000000081049	アイス	23
2801	100000000000055769	gut	22
2801	200000000000015301	ピルクル	22
2801	300000000000079283	ゆう	22
2804	200000000000100215	Player 1006902482	21
2805	600000000000100410	Kimseol	20
2805	700000000000079978	リオル	20
2805	800000000000045581	蘭芳	20
2805	1000000000000005107	ぱぴ	20
2809	200000000000100932	Player 1008100418	19
2810	200000000000009357	マーシー	18
2810	200000000000100975	零	18
2810	800000000000087091	★甲賀☆	18
2813	79451	つきもも	16
2813	100000000000061150	ユキ☆	16
2813	800000000000000476	けえ	16
2813	900000000000100315	Player 1008121769	16
2817	1100000000000036767	ゆめみん	15
2817	1300000000000015142	かとっち☆	15
2819	200000000000023157	アニマ	14
2819	200000000000100980	桜御前	14
2819	600000000000099315	sum	14
2822	100000000000038946	派遣	13
2823	400000000000100367	Player 1008115188	12
2823	500000000000100587	ジャック	12
2823	1100000000000100363	みぞ	12
2826	300000000000100097	Player 1007955971	11
2826	400000000000001541	ほりべあ	11
2826	1400000000000009755	あきみ	11
2829	400000000000056775	かーるおじちゃん☆彡	10
2829	400000000000093055	かがみP	10
2829	800000000000026331	なーしぇる	10
2829	900000000000100258	TOMOKI	10
2829	1500000000000097104	ちゃわん	10
2834	500000000000100619	Player 1008107157	9
2835	1000000000000003831	たけC	8
2835	1000000000000006740	NPUG	8
2835	1000000000000013700	おらんぎ	8
2835	1000000000000093209	めんたいぱすた	8
2835	1400000000000067995	さつき	8
2840	47915	非国民プレゴ×	7
2840	1000000000000046168	雪盆之助	7
2842	200000000000033414	八朔 つゆり	6
2842	200000000000100927	Player 1008099410	6
2842	300000000000096343	こつぶ	6
2842	300000000000100332	Player 1008114835	6
2842	500000000000003205	ねっく	6
2842	500000000000098136	いい男	6
2842	500000000000100597	Player 1008100053	6
2842	600000000000061878	るみそ	6
2842	600000000000099840	Player 1007732662	6
2842	1000000000000100367	Player 1007861946	6
2842	1500000000000056747	ケンちゃん	6
2842	1500000000000100598	Player 1008125471	6
2854	98310	オオサンショウウオ	5
2854	400000000000097783	GGG	5
2854	700000000000079939	まいしお	5
2854	700000000000085941	Lon ２６７	5
2854	1200000000000097868	Quick Queen	5
2859	400000000000033122	榎黒	4
2859	400000000000042877	にゃみお	4
2859	400000000000086709	RBR	4
2859	600000000000047713	艦隊指令長官	4
2859	600000000000091257	しららら	4
2859	1100000000000022236	かっちぃ	4
2859	1100000000000099367	Player 1007476763	4
2859	1200000000000100201	Player 1008124300	4
2867	82132	すみとし	3
2867	400000000000099975	箱	3
2867	500000000000097679	ＧおｘなQい	3
2867	500000000000100607	Player 1008103285	3
2867	500000000000100617	Player 1008106853	3
2867	600000000000100164	Player 1007906054	3
2867	800000000000053726	きんどん【G級】	3
2867	900000000000085223	Player 1005001113	3
2867	1200000000000082464	ギョーザ3号	3
2867	1400000000000011115	オセアプ	3
2867	1500000000000095154	和永	3
2878	500000000000097689	殴ったら怒る	2
2878	900000000000093584	セイン	2
2878	1000000000000027134	ﾄｼ	2
2878	1200000000000086376	ゆか	2
2878	1300000000000086106	マグロ	2
2878	1400000000000099854	での・ブレン	2
2878	1400000000000100574	くるみ	2
2878	1500000000000028880	きむにぃー	2
2886	49672	まーやん	1
2886	100000000000097875	y/G	1
2886	400000000000073226	スヌーピー	1
2886	500000000000100640	大基具志	1
2886	600000000000062374	レオ	1
2886	600000000000086579	フ宮	1
2886	700000000000025790	マスター	1
2886	700000000000094588	コモ	1
2886	1200000000000002285	レン	1
2886	1300000000000100959	ヒヨ	1
2886	1500000000000081391	大英博物館	1
