1	1100000000000021850	無限いぬ	592070
2	1100000000000018803	やす	475769
3	400000000000001371	ロジット	447239
4	600000000000013763	紅のアイヌ	321660
5	600000000000002902	でぃむ	310086
6	300000000000017589	ただすめん	271320
7	300000000000085748	ささむ	267819
8	1300000000000018475	ひぽぽ	265299
9	1000000000000075343	ちゃんまんじ＠同僚さんラウメンさん募集中	259145
10	500000000000053074	ぽん	256285
11	1300000000000004641	矢印	255296
12	1400000000000047416	もちるこ	249324
13	200000000000005078	紙スコップP	243401
14	1100000000000002632	グリグリ	237674
15	900000000000027233	るるーしゅ	236471
16	300000000000077153	ニーチェ	235193
17	300000000000003950	闊歩(BMD相互埋行い中	232004
18	700000000000087207	厨ニート	229171
19	200000000000074531	がなみるは	219526
20	900000000000022464	REDMOON	218924
21	1200000000000094477	なな	218447
22	1100000000000014855	羽柴はく	216827
23	1300000000000001015	疾颯	207166
24	1000000000000007308	ひろゆき	206045
25	100000000000015088	MIDDLE〆	204692
26	5196	タクミ	200470
27	500000000000013661	めがれ！	197109
28	199	コガラシ	195271
29	100000000000100946	ゆり	194403
30	600000000000004043	でぃーぷくりあー@かじゅある勢	189076
31	400000000000000286	のぅむ	180826
32	400000000000003972	ちるの⑨	178932
33	400000000000006736	さぐ	176639
34	200000000000078057	めぐりむ	176064
35	300000000000008958	まるこ	171604
36	800000000000026981	sei	170795
37	200000000000101227	星咏	168185
38	1000000000000097753	GO★MI	165688
39	1000000000000096568	まどか	160055
40	1100000000000050753	まつし	158626
41	800000000000053822	えそ	158094
42	700000000000029127	陣内龍神	158021
43	100000000000001867	ろっくP	157671
44	1400000000000101207	あびる	154976
45	200000000000008762	kokky	154903
46	100000000000057292	色弱P @予備役	153709
47	1000000000000098024	くらぱら	151980
48	500000000000018777	けんぼーぐん	151653
49	1400000000000006698	marl@ラウメン募集中	151513
50	200000000000066441	REX Telefon！	147594
51	500000000000000240	うにお	147010
52	1000000000000000109	バルス	143008
53	300000000000098854	moto	143000
54	600000000000001694	みるてぃ	140199
55	600000000000007311	yyy	138642
56	1000000000000051401	ひゅん	138406
57	1400000000000013672	まぐとん	138137
58	300000000000086899	Avaloki	135636
59	1400000000000001498	多砲塔きろぴょん	135453
60	700000000000097191	Plmokn	134169
61	1000000000000011506	おゆ	131328
62	1400000000000075792	よっし～	129960
63	32336	トモ	129438
64	900000000000001461	spk	129090
65	600000000000060877	JJ	127210
66	100000000000006261	かいわれ	125641
67	1300000000000013238	たかこ	125088
68	1100000000000005978	マサオ☆ミ@ガシャ先行	124578
69	1200000000000094803	自称ジミヘン	124545
70	100000000000004557	よねこ	124165
71	1100000000000000271	はくはく	124041
72	400000000000000449	前川	123753
73	100000000000014747	ペタジーニ	123618
74	100000000000004818	宇凪	123410
75	200000000000092225	ぼんごれあっぷる	122370
76	1000000000000003289	東都の不沈艦	122124
77	400000000000099577	るちえ	121353
78	100000000000072201	tarou tanaka	120738
79	400000000000095807	龍	119433
80	100000000000021208	atata	119417
81	900000000000004978	えぷ	118022
82	1000000000000006671	みすみ＠同僚さん募集中～	117623
83	600000000000002481	おーか	116574
84	700000000000025841	りゅう@ミリ4th全通	115125
85	1200000000000022693	ハティ	115115
86	300000000000013039	シャパニア	114132
87	500000000000087402	大空寺	112402
88	600000000000003513	サギーたん	110999
89	800000000000096738	奈覇	110898
90	800000000000098474	エンスモア	110715
91	400000000000021917	ダイ	110353
92	1000000000000028730	しもつかれ	110329
93	1500000000000078311	はるや	109850
94	1500000000000080702	ぐりふぃす	109080
95	200000000000000632	魔攻破邪神ザルビオス	108833
96	1000000000000000928	さか	108107
97	800000000000037061	PRケイ	107724
98	100000000000011944	根なし草	107124
99	1500000000000086444	zoome	106708
100	54656	CHARGE	105744
101	300000000000059857	レン	104439
102	700000000000100222	H.K	104396
103	1400000000000081289	ヒノ	104010
104	1200000000000087056	参Ⅹ碁	103956
105	800000000000057766	さっこ	102907
106	1300000000000098419	ぴりい	101889
107	1100000000000050765	ポテマヨ	101213
108	100000000000000441	涼風	99220
109	500000000000077741	とるた	99188
110	400000000000028856	ぬれせん	99056
111	1200000000000009546	なむ	97657
112	1400000000000067692	player	97610
113	700000000000021530	スナメリＰ	96717
114	1500000000000053890	も	96100
115	1100000000000050468	ぽぴっと	94283
116	26425	きょうこ	93750
117	1100000000000013136	saddle3	92554
118	1286	☆くらぴ☆	92486
119	400000000000046622	Zogok	92279
120	500000000000017112	wat	91072
121	96555	らる	90504
122	1100000000000037221	hiro	90069
123	1000000000000075353	Yoh	89839
124	300000000000098099	クゥネル	88967
125	1400000000000002665	†ｱｰｻｰ†	88730
126	400000000000014880	モスト	88729
127	1400000000000032436	ひたぎエンド	88667
128	800000000000101033	monif	88596
129	1500000000000036232	Satoshi	88532
130	900000000000003857	（◇）	87885
131	1100000000000095640	リンゴ	87770
132	800000000000008518	もりひと	86692
133	1500000000000013882	うみがめ	85996
134	1500000000000101514	るちゃ	85719
135	1200000000000002575	リリウムP	85554
136	600000000000000853	K	85155
137	500000000000057271	黒ちゃん	85090
138	800000000000025191	結露	84879
139	1100000000000004801	nnk	84826
140	1100000000000009998	コスモ	84573
141	100000000000017097	つるちゃん♪	84390
142	700000000000063148	BUD	84315
143	100000000000024268	ウサオ	83406
144	900000000000098987	鋼鉄カラス	83360
145	600000000000000663	YKK	83186
146	700000000000002460	二段階左折	82350
147	1300000000000056705	かんらく	82294
148	1200000000000052360	もよP	81947
149	1300000000000002892	ダングルフ	81716
150	27670	slip	81045
151	300000000000055607	ピッタリ	80762
152	400000000000026850	ひろ	80754
153	700000000000000096	くし	80742
154	1000000000000069172	邁進	80663
155	1300000000000062198	増桝はるかさん	80060
156	400000000000100769	カサブラ	79684
157	800000000000062755	あぇー	78810
158	1400000000000001718	なのの	78666
159	1500000000000093179	ブー	78490
160	900000000000005302	御霞月	78453
161	300000000000021557	roll57lily	78180
162	400000000000050808	ロバタミヤ	78097
163	400000000000001896	ホームズ☆	77910
164	1300000000000063569	ポピー	76768
165	1500000000000053818	蜂が飛ぶ♪	76747
166	1500000000000005504	迅雷	76664
167	1100000000000002964	さんけん	76418
168	300000000000004005	teyari	76381
169	1500000000000087809	toa	76249
170	800000000000073486	molybdenum1701	76191
171	300000000000086890	めがろどん	75750
172	700000000000053066	クサリヘビ	75560
173	800000000000036602	Yn	75081
174	100000000000099100	ながすくじら	74961
175	900000000000008188	八五郎	74591
176	1000000000000083543	恐山のPyxis狂	74541
177	200000000000074766	sukeishi	74433
178	44	にきんご	74432
179	100000000000101527	いずみな	74346
180	1300000000000099702	しあ	74165
181	87535	somewhatspecial	73434
182	100000000000090203	夢で会えたら	73297
183	1300000000000003954	ふみみ	72856
184	200000000000098162	BBA	72746
185	1000000000000006384	kamikusa	72638
186	100000000000097865	カカオ	72621
187	900000000000076650	えあ	72448
188	1300000000000063165	uruna	72143
189	1100000000000077209	タヌキ	72119
190	1100000000000001984	Alice Carroll	71974
191	1200000000000003616	ぢょぎん	71825
192	1000000000000002809	エニ	71511
193	300000000000053851	AKI	71306
194	1200000000000023729	johnP	71188
195	1000000000000026700	OTO	71017
196	85541	鉄扇(枝ヶ茶)	70966
197	1500000000000052147	Or@nge	70856
198	600000000000045760	てん	70641
199	200000000000008732	Lata	70622
200	200000000000001365	にしん	70439
201	500000000000074542	shadowof	70118
202	600000000000097708	A2B	70116
203	300000000000083295	フクナガ	70072
204	1500000000000099296	hayo	69617
205	300000000000082524	ＤＡＩ	69255
206	700000000000028194	clmt	69054
207	900000000000050457	ぺたんこ	69024
208	100000000000085560	た～なん	68936
209	1000000000000051472	ライノラット	68709
210	22333	ユキ	68688
211	5838	イブキ	68518
212	100000000000052291	nomeaning	68481
213	700000000000000396	太郎改め一番緑茶	68295
214	600000000000038504	ぜんら待機	68244
215	1200000000000014540	日高	68071
216	1400000000000008157	キジマ	68060
217	1500000000000001561	さんごしとう	67837
218	1100000000000097600	7匹のドドブランゴ	67798
219	1100000000000050975	コセト	67745
220	1200000000000053053	chihiro	67683
221	1400000000000100373	Pt	67491
222	700000000000084843	ぐっとくる.com	66496
223	600000000000057445	おかとじ	66438
224	1200000000000000703	ジョナサンジョーンズ	66257
225	100000000000003135	Ring	66252
226	1400000000000057262	たむ	66203
227	100000000000011293	白詰草	66094
228	100000000000003498	wnth	66009
229	1400000000000037108	アヤ	65956
230	800000000000055813	しゃあぽ	65874
231	500000000000012674	ヒューバー	65506
232	1300000000000098412	FF	65175
233	1300000000000009715	あ	65045
234	9506	ぽこん	65040
235	1200000000000099724	かざみどり	65038
236	900000000000062391	ななか	64536
237	1400000000000098355	まわしげり	64116
238	800000000000032157	パイセン	64077
239	300000000000010264	モリサン	63941
240	800000000000002899	リセル＠同僚募集	63797
241	400000000000044739	あゆすて	63619
242	1500000000000012534	ゲンシュウ	63485
243	500000000000020800	がく@律子全所持	63480
244	1100000000000002744	ベーガン	63372
245	16528	じょん	63341
246	1200000000000097988	こけー	63169
247	1400000000000047809	三畳	63030
248	1000000000000012423	ケンター・フライド	62847
249	500000000000018343	たかひろ	62779
250	700000000000050915	はるはる	62733
251	1000000000000007767	うい	62655
252	700000000000052696	せりざわ	62432
253	400000000000096027	あか	62340
254	100000000000007145	くまく・らげ	62204
255	400000000000097783	GGG	62203
256	600000000000055630	めい	62171
257	101004	ユキタロウ	62060
258	1400000000000006808	ぶるすぴ	62051
259	85879	春凛	62042
260	1300000000000077946	コト	61877
261	1500000000000019231	吹雪	61630
262	100000000000093561	シェリルz	61355
263	800000000000028147	るかぱい	60800
264	900000000000091091	Shimoneko11	60629
265	1400000000000000362	KTZ	60483
266	1000000000000032696	ひーいち	60407
267	500000000000055230	しょくしゅ	60035
268	600000000000052123	お年玉テロ投げ鳥	59945
269	200000000000099765	カイ・ウィザード	59869
270	500000000000010305	Roli	59582
271	600000000000095843	すのさわ	59517
272	1000000000000101785	まんじ	59480
273	1300000000000069878	ハシバ	59318
274	100000000000097463	イシカカ	59296
275	300000000000028506	capchar	59271
276	1500000000000052327	ラーメンマン	59032
277	200000000000003040	Ryuy@	59003
278	400000000000000088	ひらひら	58955
279	600000000000085402	さらあらい	58918
280	1300000000000037115	Ｂ	58676
281	200000000000081746	宇宙秋桜	58418
282	200000000000032540	仮面ライダー884号	58408
283	1000000000000044448	ほしまる	58163
284	100000000000085558	ながにゃん	58023
285	1100000000000003557	Xisi	57865
286	1200000000000003400	Co2	57719
287	800000000000039039	影花	57620
288	1000000000000005433	drzzub553	57617
289	1000000000000020156	T.M.	57507
290	1200000000000007272	フォーシーム	57107
291	700000000000047351	きびす	56861
292	600000000000028346	ゆうみな	56830
293	5177	ビンティP	56689
294	1200000000000000710	アイアン・P	56687
295	37175	駒鳥	56651
296	800000000000100148	くみちゃん	56602
297	400000000000097450	クラネ	56530
298	200000000000004688	古手	56123
299	1300000000000072740	おにく	56115
300	300000000000072684	トキ兄	56004
301	400000000000051331	ストラト	55975
302	300000000000001942	ﾑｰﾐﾝ3rd	55950
303	200000000000052036	DAIKI	55908
304	700000000000022230	ユッP	55847
305	1100000000000008327	八武ゆとり	55813
306	1400000000000100229	TAP	55674
307	100000000000008391	きくこ	55602
308	200000000000018800	chcl3@同僚募集中	55433
309	1500000000000005134	東山イーストマウンテン　伊万莉まりあ魂	55425
310	200000000000051716	Rainoh	55319
311	1500000000000002105	たくあん	55183
312	600000000000100223	64	55164
313	600000000000013909	おそらmm	55097
314	500000000000049322	リヴ	55014
315	600000000000078365	ドルべ	54803
316	1200000000000101150	ソティー	54634
317	200000000000058578	素ゴック	54620
318	1200000000000006830	とら	54583
319	300000000000049846	らんぷ	54565
320	1300000000000000911	明智	54561
321	300000000000081870	多摩ひより	54343
322	700000000000028036	くろまさん	54284
323	1400000000000025188	ひぽぽたますP@同僚募集	54021
324	500000000000018497	niyairu	53888
325	100000000000045736	ふむう	53741
326	500000000000076806	スプリング	53554
327	800000000000079180	drake	53483
328	1500000000000022377	鈴七	53395
329	1100000000000059883	まるねこ	53303
330	800000000000050570	ミートアクロス	53287
331	38197	ばった	53231
332	800000000000000320	flavus	53203
333	90103	忠一	52884
334	82456	バーババラ	52816
335	1000000000000010938	ウィル	52728
336	1200000000000000018	姉崎	52727
337	1000000000000094395	病葉	52663
338	800000000000086087	楽聖	52536
339	200000000000074425	もろ	52484
340	500000000000095028	sleepsheep	52426
341	600000000000095088	たかいち	52064
342	1400000000000030183	しょう	52039
343	1400000000000014428	takaiman	51832
344	1200000000000086457	カフェ丸	51670
345	900000000000093558	アイム	51496
346	900000000000058042	伴田野	51452
347	600000000000045964	らいとにんぐ	51383
348	500000000000086704	さくま	51348
349	1200000000000081545	チワワ	51263
350	171	ガラクタ	50971
351	96713	Satie	50709
352	600000000000096020	ろー	50525
353	800000000000034080	マキノ	50470
354	1100000000000012228	のんやま	50445
355	200000000000003751	じゃも	50401
356	1000000000000023715	こだぬきっど	50400
357	100000000000096074	Fumi2	50335
358	100000000000053759	雨宿り	50300
359	600000000000028144	あおい	50281
360	400000000000027075	山電クルミ	50213
361	1200000000000062260	武藤P@韓国P,追放者	50131
362	900000000000087980	kabu-	50010
363	1300000000000000221	ぽそ	49924
364	1500000000000091826	ぴの	49867
365	300000000000072170	wonderwall	49846
366	300000000000003607	けさがため	49769
367	1000000000000014966	うみくん	49676
368	1300000000000032980	くしょうP	49575
369	1300000000000088339	石川速人	49570
370	1300000000000056204	ののわ	49501
371	400000000000009358	どらすけ	49500
372	800000000000007881	おすわ	49440
373	200000000000087169	ハウキャン	49147
374	500000000000085646	ラツマ	49131
375	600000000000054228	よっち	49127
376	1300000000000101636	low	49102
377	800000000000096138	むん	48847
378	800000000000007577	ルキアス!	48758
379	1100000000000100405	ぶーん	48734
380	1200000000000043502	よっち	48714
381	700000000000039024	シレンP	48480
382	100000000000084123	みすてー@同僚募集中	48376
383	85974	そこ	48372
384	1300000000000081147	北見道人@同僚募集中、気軽にどうぞ～	48259
385	600000000000015947	ハイド	48004
386	100000000000017056	笹来	47938
387	200000000000006592	平成しごき合戦 珍ぽこ	47852
388	1100000000000004012	ゼンダイ	47769
389	1200000000000029471	よんけ	47746
390	700000000000030952	シグΣBMD相互埋め同僚募集中	47678
391	1000000000000012883	ﾁｮﾁｮ	47568
392	400000000000081704	合歓木	47476
393	400000000000009054	だんほい	47462
394	700000000000011006	たばねこ	47407
395	100000000000099733	ユーティラ	47367
396	1100000000000000697	kaji	47125
397	800000000000093256	quark	46898
398	100000000000006701	stky	46868
399	300000000000046431	ろっくま	46826
400	1000000000000057114	スタップ細胞	46688
401	700000000000082841	まっとん	46636
402	1500000000000030798	たっく	46357
403	800000000000000353	しろしき	46004
404	600000000000030151	Sporogum	45938
405	1500000000000006405	マツヤス	45912
406	100000000000000031	ゆきぴょん	45729
407	700000000000004191	はるぱぬ	45684
408	700000000000080607	奏P	45516
409	1100000000000002490	梛誼	45443
410	500000000000004917	kasilva	45410
411	1100000000000004082	きりたんぽ	45379
412	300000000000061576	う茶	45241
413	1300000000000007436	さるびゃー	45149
414	4157	シキ	45068
415	300000000000093940	ライス大盛り	45064
416	200000000000079547	佐久間 まゆ	45041
417	600000000000006410	うげらら	44929
418	1100000000000094672	とーおか	44570
419	900000000000001520	ルル	44519
420	200000000000096893	さいふぉん	44496
421	1000000000000076794	エナツ	44428
422	96000	まらかす	44332
423	1400000000000000307	ドナマクp(代理)	44233
424	99351	なぎうぃぎー	44108
425	700000000000047571	さおり	44064
426	53487	asts	44029
427	1100000000000074931	藤井konoよ	43928
428	700000000000054233	らむ	43876
429	200000000000044875	ジャイロ	43640
430	96997	zm	43562
431	800000000000073773	subtle P(さとる)	43518
432	100000000000083914	つけまい	43131
433	1400000000000073548	ろうべえ	42934
434	100000000000085740	パンにはジャム	42918
435	600000000000099090	フレンチカンカン	42685
436	300000000000080474	モップ	42632
437	27378	ウェルテル【空◎要△】	42423
438	1300000000000043232	由乃(よしの)	42334
439	700000000000000935	スーパー	42241
440	1000000000000093641	ハゲ	42185
441	800000000000021664	ima	41740
442	1500000000000025052	なかやん	41563
443	200000000000000048	ドコデモ	41498
444	300000000000013276	コータロー	41363
445	500000000000056606	ブロッサム	41344
446	1400000000000043289	J	41232
447	1100000000000050603	ぽわっぽわ	41158
448	700000000000002264	しゅまい	41152
449	1400000000000061760	山奥の谷底	40944
450	500000000000047375	サダノリ	40840
451	800000000000004193	林田	40719
452	300000000000081679	とっても	40611
453	1000000000000033685	のぐ	40576
454	900000000000002306	アクシス	40569
455	1400000000000028924	you@相互募集中～	40466
456	1000000000000003760	ハァハァ	40394
457	1200000000000036086	ColorCopy	40371
458	500000000000097216	やどん	40295
459	500000000000005053	伊澄	40266
460	900000000000098519	さば	40248
461	1400000000000001696	きなこ	40237
462	100000000000029949	すみれ	40187
463	800000000000007734	橋本奈々未	40160
464	1100000000000011396	まっきー	40120
465	8074	メバル	40032
466	100000000000020224	モルガ	39994
467	1400000000000057499	otakon	39982
468	1300000000000075891	みむ	39980
469	1400000000000037799	かーず	39973
470	800000000000097451	リッツ	39960
471	98909	だほん	39900
472	200000000000096802	めちみ@同僚募集中	39819
473	800000000000001996	フミオ@茶々丸商店二号店	39784
474	200000000000003306	よね@のんびり活動中	39743
475	600000000000005349	ハセヲ＠鉄也Ｐ	39700
476	800000000000008899	ぬこたゃん	39664
477	1300000000000056311	abare	39645
478	400000000000007727	凍耶	39516
479	400000000000002341	ま(日記に所有リスト)	39512
480	100000000000049011	兵庫侍	39348
481	900000000000100312	Player 1008121177	39320
482	1000000000000072794	ふみづき	39312
483	1200000000000016228	フリウリ主任	39230
484	600000000000057620	hiradon	39180
485	200000000000009058	くまちゅう	39163
486	1400000000000030866	やまたろう	38914
487	100000000000085766	れう	38713
488	700000000000056946	くらしく	38672
489	1400000000000056387	うどんどん	38619
490	100000000000097450	るぷ	38611
491	1000000000000083795	87	38491
492	35909	しらす	38371
493	1500000000000013065	†けん～	38352
494	100000000000100242	ぱんだ	38300
495	1500000000000006989	URIKI	38132
496	1100000000000050171	creuz	38052
497	400000000000086457	健一郎	37923
498	300000000000096300	France犬	37840
499	600000000000015151	香々美	37699
500	1500000000000085639	川合	37675
501	1300000000000073095	Whitetear	37505
502	800000000000073768	rikku	37476
503	300000000000100357	てんてん	37435
504	1000000000000008579	こっぺもん	37363
505	700000000000056309	あすぱら	37296
506	300000000000099948	クマナメ	37237
507	1300000000000087052	ひよこ	37231
508	600000000000003545	鰯	37123
509	400000000000074190	金田雷	37120
510	1500000000000030710	NINJA BLADE	37019
511	900000000000037659	みっし	36952
512	1500000000000078625	でんでん	36795
513	400000000000001816	カイ	36522
514	1500000000000052061	アリゾナ	36489
515	1200000000000004935	パクマンさん	36447
516	1200000000000015242	koubai@同僚募集中	36406
517	1500000000000058022	アトゥム	36396
518	1400000000000051202	123	36240
519	400000000000095780	水無月 空	36210
520	600000000000023263	パトテン	36170
521	300000000000004137	うっぴー	36024
522	200000000000043086	おかず【まったり(*´-`)】	35757
523	700000000000003460	ときくこ	35749
524	1500000000000055708	けにゃま	35724
525	1000000000000017673	順平	35600
526	5093	どどいち	35549
527	600000000000030363	そこら辺伝説	35468
528	200000000000088443	Malate	35315
529	600000000000061554	A-RU＊2	35172
530	99848	フェアリス。	35109
531	700000000000086090	ゆるば	35007
532	1400000000000074106	あっくん	34996
533	300000000000051974	ｊ	34963
534	400000000000006569	智@楽しみたい	34956
535	100000000000049608	ヘイグン	34919
536	200000000000091746	akasa	34721
537	1200000000000002920	ケーエフP	34678
538	600000000000091308	???	34648
539	1500000000000000928	ゆうちん	34490
540	200000000000059331	にき	34485
541	1000000000000093672	がさき	34353
542	200000000000044817	アキ	34324
543	700000000000027237	Sharlotka	34305
544	1000000000000011891	アオハル@エレナP	34273
545	1000000000000001742	*youth-K*	34164
546	800000000000014054	ﾛｼﾞｬｰ	33992
547	1500000000000097421	Player 1006717775	33984
548	100000000000074897	おすし	33929
549	300000000000002214	yu-kon	33862
550	1000000000000074838	rAm	33655
551	57023	えんすけ	33550
552	1200000000000062083	サラ	33538
553	1400000000000021502	Q-P	33437
554	700000000000077028	モヒカン	33268
555	700000000000000963	れんこん	33262
556	400000000000026208	うに	33226
557	800000000000098594	卯月	33152
558	1100000000000056190	Jupiter	33105
559	200000000000003540	べっち	33020
560	800000000000025138	ジョルノ	32976
561	500000000000000999	蕎麦	32917
562	1100000000000053323	が	32819
563	900000000000046985	ひよこ丸	32796
564	500000000000063028	dondoko	32792
565	700000000000053361	チョロミ	32773
566	100000000000005703	瀬高巻く尼あ舞うタータ。゛を祭真裸身や	32748
567	700000000000000768	とみやん	32563
568	800000000000002211	ねこだ	32526
569	1300000000000007808	たっくん	32468
570	400000000000059488	Karu@軽	32451
571	300000000000036956	ぱぷたん	32409
572	900000000000013337	e_m_e_m	32285
573	1500000000000070171	シノン	32273
574	1300000000000088059	アドリ	32247
575	77924	jiiko	32168
576	1200000000000022324	ななな	32152
577	100000000000057365	ハシオ	32041
578	82765	ｹﾞｷﾃｷ！ﾑﾃｷ！ちゃぶりたい！	31968
579	400000000000000125	鴉	31946
580	800000000000000512	しろばやし@ｱｸﾃｨﾌﾞ同僚募集中	31879
581	800000000000029131	しぇんまお	31866
582	800000000000016098	タルト	31864
583	1500000000000000043	からふる	31805
584	900000000000085114	穿兎	31768
585	600000000000004758	ゆり	31767
586	1400000000000012536	巽	31739
587	100000000000011604	だねこ	31688
588	1300000000000007143	ごっさむ	31639
589	1200000000000039825	DJ OZMA	31572
590	700000000000079044	綿飴	31541
591	1200000000000052183	タンベ	31528
592	1100000000000027549	宇宙的脳髄入金属筒	31496
593	100000000000093171	ミッチー	31493
594	1400000000000052923	まさや	31440
595	700000000000000271	みさき	31391
596	300000000000029316	シゲ	31324
597	700000000000007090	矢野	31308
598	600000000000035452	もじのの	31193
599	1300000000000093683	プロトジン	31083
600	1200000000000004735	くろあり	31046
601	500000000000039348	ぶー	31019
602	100000000000028677	JT	30974
603	1200000000000096284	YK	30924
604	800000000000033729	よるごみ	30864
605	100000000000004278	ディスガイア	30834
606	800000000000002063	アロマカレー	30830
607	300000000000005837	ワット(みんなｱﾘｶﾞﾄｳ無言でｺﾞﾒﾝ)	30819
608	1500000000000100917	よみ	30798
609	800000000000006473	紅葉橋	30792
610	200000000000004487	tizuna	30784
611	300000000000078496	とりすた	30678
612	500000000000008125	アニキ	30657
613	400000000000011980	ひこ	30629
614	1500000000000029823	IKUMAX☆にじのん(虹野)	30533
615	1300000000000020654	つづれ屋	30405
616	92142	タッター	30368
617	900000000000020885	マサキ.A.	30312
618	1200000000000045220	アリシア	30297
619	400000000000029985	ミネ	30217
620	300000000000000692	兵十	30154
621	1200000000000007531	surround7.1ch	30080
622	800000000000074017	ryouman	30056
623	1000000000000051507	myon	30039
624	52103	kana	30033
625	700000000000038774	リツカ	29988
626	1300000000000094016	ロベルト	29736
627	1000000000000001090	みつば♪+ﾟ*ﾟ	29719
628	800000000000003094	游希	29714
629	900000000000023582	由紀Ｐ	29590
630	200000000000030488	桜野マリ	29480
631	900000000000022979	ぽんた	29478
632	800000000000000628	スピノザ	29452
633	800000000000075500	まてり	29412
634	1300000000000015013	かざはな＊	29380
635	1100000000000015894	きりしま	29363
636	900000000000053343	棗 妾華	29332
637	1500000000000091939	ぽんちょ	29319
638	900000000000097014	Player 1006656121	29244
639	600000000000086674	TheBigN	29226
640	1400000000000085989	エータ	29172
641	900000000000044431	ハイハイム	29114
642	300000000000096249	Manbou	29046
643	1300000000000005726	ショウギ	29020
644	100000000000037557	Isabelle	28883
645	100000000000002858	あきや	28868
646	500000000000000007	ho-mi	28812
647	72138	いんとんさん	28778
648	1400000000000000766	つぶあん	28631
649	1300000000000098401	AnknP	28624
650	96399	はらよわ	28600
651	1000000000000002690	さっちゅん*ｶﾞﾝﾀﾞﾑﾏｲｽﾀｰ*	28599
652	900000000000046917	くになが	28534
653	100000000000013563	taka2	28420
654	900000000000002057	タトラ	28331
655	400000000000000143	こんにゃく	28305
656	700000000000040401	抹茶ラテ	28275
657	400000000000080552	ゆきぺでぃあ	28224
658	300000000000056120	火咲P	28214
659	49243	ミッチー	28174
660	1300000000000001055	ねっしー	28072
661	1400000000000001063	サクラララ	28026
662	1300000000000092460	なべねこ	28020
663	800000000000051903	タピオカ大魔神@同僚募集	27977
664	700000000000002599	時雨	27972
665	1300000000000082448	MTM	27967
666	200000000000052646	カーくん	27964
667	700000000000002243	クラファー	27956
668	1100000000000047113	クッキー	27943
669	300000000000055492	しんのすけ	27895
670	1500000000000097844	ルーラン	27773
671	1500000000000075927	まりも	27751
672	44941	kazu	27728
673	800000000000023815	しゃけプラス	27720
674	900000000000021228	あんけろ	27662
675	1400000000000059385	梛朱茄	27650
676	900000000000003583	シャナ	27584
677	4857	時間	27565
678	700000000000007051	roko	27543
679	1100000000000020790	おたわ	27532
680	100000000000099118	リドリー	27496
681	300000000000009813	wktksan_	27452
682	100000000000008480	ＫＳ	27333
683	400000000000039017	エスカル	27328
684	100000000000020665	チェン爺	27323
685	800000000000010311	カミナシ	27320
686	1300000000000024575	かた	27309
687	200000000000050370	しょーか@後回しの達人	27304
688	1400000000000027675	キリト	27282
689	800000000000055295	ゆーだろ	27204
690	400000000000005508	アフター	27088
691	86769	lumiere	27076
692	900000000000079842	Kiari	27036
693	1300000000000101667	熊猫	27020
694	6021	モノラル	26968
695	100000000000006816	カカセオ	26955
696	1400000000000005605	蟻澤美咲	26936
697	500000000000007461	AIMﾏﾝ	26926
698	500000000000052634	のら	26924
699	500000000000055970	関拓	26817
700	1500000000000007514	日向小麦	26799
701	1200000000000081799	なたみ	26780
702	1100000000000050538	NON-s	26778
703	200000000000047869	すてご	26776
704	700000000000008202	アケやん	26752
705	1500000000000004502	おさむ	26736
706	1500000000000001967	ピーマン太郎	26632
707	200000000000037992	よこやん	26528
708	300000000000038234	炊飯じゃー	26517
709	500000000000037374	ORANGEPEKO	26485
710	1300000000000083752	bal	26428
711	1000000000000080480	かもにゃそ	26398
712	900000000000000268	くろ	26365
713	1500000000000025579	ケイト	26317
714	1100000000000042659	dead-parrot	26236
715	1500000000000003414	mgskmb	26231
716	800000000000011802	玄米	26164
717	1300000000000077270	あんみょう	26127
718	11851	ironfish	26097
719	1300000000000059121	kei	26053
720	1000000000000002215	千秋聖夜	26035
721	200000000000043286	ひづき	26026
722	400000000000002869	TATSUYA	26002
723	600000000000086461	モアイ	25950
724	1000000000000000540	オリン	25905
725	300000000000000497	加賀城	25897
726	500000000000011995	べるべっと	25861
727	1000000000000014354	ひんじゃくん	25840
728	1300000000000000708	らとす	25768
729	700000000000053395	クワシマ	25763
730	400000000000040785	マーガレット	25723
731	700000000000003598	ファントム	25718
732	300000000000094863	Steven	25704
733	900000000000002031	あめのこ	25689
734	1100000000000024844	ななねこ	25680
735	900000000000026092	小鳥木	25614
736	100000000000021314	おでん缶	25575
737	1100000000000059671	こえたから	25482
738	500000000000002557	ひな	25450
739	100000000000002563	月影白兎	25420
740	8711	Ｋ	25417
741	1100000000000073911	Xross-fade	25411
742	1200000000000004551	シダレザクラ	25351
743	1000000000000014997	楓	25312
744	1400000000000101119	Player 1008170254	25292
745	1200000000000004479	コウ	25284
746	300000000000050852	タバスコ	25266
747	400000000000053968	あお	25130
748	600000000000000272	ぬん	25055
749	1500000000000009344	サンパロ3860P	24970
750	78937	ペス	24954
751	700000000000095212	ｻﾀﾞｵｶ	24941
752	600000000000074665	tairamune	24913
753	1500000000000044592	くま	24896
754	1000000000000008146	てぃは	24884
755	200000000000065064	しやこうこう	24807
756	81662	朱雀	24751
757	400000000000045365	保登心愛	24724
758	400000000000010058	namtop	24722
759	94238	よーろー	24705
760	1200000000000096684	Lita	24672
761	700000000000022036	藍	24644
762	20109	ToT	24602
763	1100000000000086331	燻製	24597
764	1500000000000072409	rabit	24488
765	300000000000097922	ダライアス	24452
766	1400000000000007571	hide	24449
767	100000000000076935	ツリーダイア	24376
768	300000000000006415	月ヶ瀬	24246
769	1500000000000035515	シュン	24231
770	1200000000000062691	才駕	24228
771	600000000000001173	るるんてっと	24164
772	1300000000000003596	ケケワン	24137
773	1000000000000100149	しまこ	24105
774	800000000000080738	れたすた	24090
775	1400000000000051937	Snob	24060
776	300000000000050773	koppi	24007
777	600000000000015201	Twilking	23988
778	600000000000011505	BACKMAGIC	23952
778	800000000000013105	ろまね	23952
780	600000000000099108	ハザザ	23850
781	1400000000000024757	ABAYO	23827
782	200000000000051421	すいそ	23821
783	700000000000086726	暖かいな雪＠求）HHPまつり 姫P同僚募集中	23760
784	400000000000009964	リンクス	23747
785	600000000000009385	さかも	23591
786	900000000000001081	片桐繰生	23556
787	1100000000000095330	みやこ	23488
788	900000000000082419	ネギー太	23478
789	900000000000073631	そうる	23443
790	600000000000079601	越乃苗床	23438
791	900000000000056049	javajaP	23280
792	1100000000000030749	廿五里P	23212
793	800000000000035472	鉄丸	23200
793	1200000000000077676	もーとん	23200
795	600000000000025000	スノードロップ	23112
796	100000000000027853	きりこ	23103
797	1200000000000004105	犀牙	23092
798	1000000000000093645	よし	23072
799	500000000000023582	じるぁP	23032
800	1200000000000082898	ゆう	22980
801	1400000000000101228	ミネラル綾野	22976
802	1300000000000001024	しゃおろん	22962
803	1300000000000012266	ーノ	22894
804	600000000000004448	真影	22884
805	600000000000052925	あるふぁ	22872
806	700000000000006905	はにわ	22828
807	1300000000000054296	マサナリ	22809
808	1200000000000006762	かずま	22791
809	1300000000000060519	ここな	22782
810	900000000000038512	ふるた.すてっぷ	22763
811	1100000000000097547	ジュニオールになりたいびっきー	22758
812	1300000000000085845	びーえす	22735
813	100000000000079436	柴田杜彦×	22728
814	1500000000000055171	あおじぇいそん	22708
815	1000000000000003484	弘志	22624
816	1428	鼈甲仮面	22571
817	1100000000000002968	あさ	22500
818	300000000000074378	セツミ先生	22457
819	1300000000000081413	南郷	22440
820	800000000000072698	Wazata	22420
821	1300000000000098045	らて	22396
822	300000000000097254	raluce	22391
823	700000000000086092	名無し	22374
824	1200000000000055819	ケビン	22360
825	1000000000000004132	真宵	22352
826	500000000000077402	リオ	22242
827	800000000000036493	Rewriter	22232
828	300000000000001263	そらちよ	22218
829	600000000000005153	ネア	22186
830	900000000000076880	tales	22112
831	1000000000000036369	じゃす	22078
832	1500000000000086901	M@SCON	22046
833	600000000000051812	てらちゃ	22039
834	300000000000057480	CAMEL	22019
835	500000000000006698	ナッシー二世	21945
836	800000000000008151	ドナルド脱臼	21942
837	700000000000020178	はくつる	21927
838	1200000000000076534	junn	21908
839	1200000000000016953	けい	21891
840	1000000000000005882	MISAWA PT-27C	21864
841	800000000000022221	下克上	21860
842	1200000000000009966	IYANARD 要請△	21856
843	1200000000000000347	超凄いマリオ	21840
844	300000000000007898	トニゴウ	21761
845	700000000000000557	カナリアP＠大和撫子道場	21724
846	900000000000004933	タムローン	21702
847	900000000000014714	からくれ	21695
848	700000000000000844	あさ	21676
849	400000000000003683	けるん	21641
850	1200000000000055968	ドミノ	21608
851	1400000000000080140	なな	21544
852	900000000000086335	える	21529
853	1500000000000031566	subaru	21454
854	500000000000006042	おとあ@麗花さんラウンジできました	21444
855	57198	和人	21424
856	1200000000000054707	松音さん	21300
857	1500000000000000119	なかよし仮面	21227
858	1500000000000062324	shimogonn	21155
859	1100000000000014384	さわーとまと	21116
860	1100000000000040069	ゆずき	21076
861	1100000000000011302	トシ	21021
862	300000000000097426	くぅ	21004
863	600000000000086648	ダブル	20830
864	1300000000000082961	重騎師	20799
865	500000000000096838	atzgr	20596
866	700000000000006801	シュウ	20580
867	300000000000099279	Player 1007485491	20568
868	500000000000030561	かいそう	20520
869	700000000000055925	ヘラクロ	20505
870	1400000000000004057	ＫＡＴＳＵ	20448
871	1000000000000002769	ナンジャラ	20445
872	900000000000003882	さふぁいあ	20404
873	1100000000000031782	プレイヤー1	20288
874	500000000000004919	いけ	20233
875	400000000000077400	じゃんじゃかいも	20183
876	1400000000000040295	辿榎	20169
877	1100000000000004539	うちはイタチ【玉狛支部】	20164
878	1300000000000056310	うらがれ	20143
879	1400000000000101108	たいやき	20134
880	300000000000062375	newcts	20077
881	900000000000050699	楽の字P	20064
882	300000000000085295	零	20057
883	300000000000096296	かも	19997
884	1500000000000051271	スラバス	19984
885	600000000000029815	びるど	19978
886	4354	なんじゃらほい	19950
887	1300000000000062510	零	19917
888	700000000000004392	hinyari	19830
889	500000000000099022	事務員	19756
890	1400000000000049529	ﾙｰｸ Dｺﾚ･しろつく中心	19728
891	600000000000077097	nogz	19676
892	26388	春波	19669
893	14586	genica	19656
894	1000000000000053430	Cassini	19652
895	500000000000057027	風船moyashi	19632
896	1500000000000012285	あげは	19614
897	1300000000000091258	るりは	19589
898	700000000000006291	咲都	19586
899	600000000000050269	tako3	19538
900	700000000000015064	げど	19500
901	200000000000002780	みうる（アルモニカP）	19487
902	1400000000000000143	すぬしー	19469
903	900000000000004540	絹糸	19440
904	1000000000000007726	フーＰ	19404
905	600000000000083966	オデンネ	19394
906	1000000000000056573	ガイユーP/俺ターン/諸先輩方！光の力、お借りします！	19368
907	1400000000000078165	Tenkai	19336
908	1500000000000057561	rept	19330
909	15363	Moly	19300
910	600000000000079642	うー	19292
911	100354	Lunar★	19289
912	500000000000056085	sunbeam	19244
913	500000000000000666	文楽先生	19243
914	1100000000000005675	アールー	19240
915	1500000000000085516	フィル	19149
916	800000000000086437	umin5571	19112
917	100000000000074927	いそらん	19105
918	1000000000000081369	まつ◎	19024
919	100000000000052941	aerozawa	18980
920	31530	こま	18968
921	600000000000098285	Emma	18966
922	1000000000000004771	かすがしん	18959
923	400000000000046672	チャーリー・ユキ	18947
924	1000000000000101767	芹沢淳矢	18912
925	1100000000000016658	よーた	18906
926	600000000000007650	芋	18840
927	800000000000060267	ヤマト	18798
928	400000000000094318	Null	18764
929	1300000000000043684	剃屈白瀧	18709
930	700000000000062269	おさかな	18697
931	1000000000000098551	えとたま	18616
932	1400000000000002881	たる豆腐	18601
933	400000000000003356	14И3	18578
934	500000000000000706	ヒルト	18568
935	100000000000012363	豊葦原みづほ	18556
936	100000000000062271	つきのかける	18538
937	100000000000026912	アマツ	18480
938	700000000000003164	霧月	18446
939	1400000000000077647	さわけん	18383
940	100000000000000686	メアラス	18357
941	1500000000000002146	リスケ@BMD海美、育、ジュリア埋め対応可能です	18343
942	1300000000000046304	あっとまーく	18332
943	800000000000078366	nnnk	18329
944	400000000000072405	渡部P	18267
945	900000000000011987	スバル	18216
946	1100000000000074788	sinzi@ＢＭＤ亜昴　求）最未杏朋宮佐琴歩福姫憐風ジ瑞　以外	18214
947	1500000000000074125	tosh_p	18203
948	1000000000000008906	カヤ	18145
949	500000000000096551	108	18128
950	200000000000016760	イシマサ	18101
951	500000000000053158	bmg	18074
952	1100000000000021141	やーやん	18060
953	1300000000000019118	ひー	18045
954	600000000000049491	へきあ	18044
955	500000000000010331	TK@トレード募集中	18020
956	1100000000000021476	白米@グリマス同僚募集中	18018
957	800000000000013539	odorimasho	17978
958	1400000000000043221	pikoton	17872
959	800000000000004143	税理士のくず	17866
960	400000000000091684	きゅり	17832
961	1000000000000003596	イチ	17830
962	1000000000000093429	そらいぬ	17829
963	1500000000000002090	Kyoju	17819
964	1100000000000074457	BeerP	17784
965	1400000000000028910	よいぴりおど	17750
966	96595	diarut	17709
967	300000000000024173	きーちゃん	17664
968	1100000000000051959	やがら	17547
969	800000000000093469	ユキマサ	17544
970	1300000000000004449	皆威	17516
971	1400000000000004802	ゆっきー	17503
972	600000000000000175	ざんにょー	17433
973	1500000000000096315	オーシャン	17400
974	700000000000015775	桐原葵純	17365
975	1400000000000056384	金子EX	17335
976	900000000000023568	ﾐｽﾞ	17244
977	1300000000000052946	つきかげ	17220
978	300000000000099554	ヒロ	17217
979	200000000000039861	くろねむ	17203
980	1100000000000002789	さおめろ	17200
981	900000000000079224	M@N@K@	17137
982	100000000000052523	いとるあ	17118
983	1100000000000065745	ライダー	17096
984	1200000000000046827	MATASAWA37	17056
985	800000000000092811	歩く感動の嵐	17047
986	1000000000000098273	J	17026
987	300000000000092845	ぱか	16988
988	1500000000000074587	相沢祐一	16956
989	500000000000059488	Makinari	16945
990	1300000000000094958	Player 1006082509	16936
991	900000000000026956	わ～や	16927
992	900000000000042882	ババゴリラ	16919
993	1500000000000097699	clear	16860
994	100000000000004638	HPL	16848
995	1400000000000052431	ユウ2	16812
996	1300000000000022192	かずま	16788
997	1000000000000058539	まっつ	16776
998	1200000000000055071	Qururu	16717
999	500000000000008769	madoka@BMD相互・海美	16708
1000	100000000000002026	猫目	16698
1001	900000000000045814	シゲノヴ	16695
1002	1000000000000082329	さしゃ	16654
1003	1400000000000003593	ひめつば	16640
1004	700000000000085917	折敷	16620
1005	200000000000098900	とうもろこし	16418
1006	700000000000001219	ネパーﾉﾚ	16392
1007	500000000000032440	Castanea	16352
1008	200000000000000638	だーこー	16350
1009	1300000000000051167	まくま	16335
1010	1500000000000031982	ひげくじら	16331
1011	700000000000054539	ＤＡＩ	16255
1012	500000000000096539	ベル	16229
1013	1500000000000031790	ゆう	16192
1014	900000000000002841	ぷっぴ	16169
1015	300000000000034113	めえさん	16150
1016	1000000000000005632	ミコト	16140
1017	400000000000050641	迷亭	16128
1018	500000000000097096	ヨッシー３	16098
1019	900000000000085279	つねてる	16080
1020	400000000000099226	純米大吟醸	16071
1021	1100000000000036264	アユ	16065
1022	500000000000064759	まっすー	16063
1023	600000000000076211	Medhurst	16051
1024	1100000000000009411	index	15946
1025	900000000000098472	花225	15933
1026	600000000000000852	にわとり	15906
1027	600000000000011531	時の魔術師	15888
1028	1100000000000050889	oDen	15877
1029	300000000000034839	ムギ	15876
1030	200000000000020169	フォルテ	15860
1031	800000000000081746	123	15854
1032	400000000000083603	51mm	15817
1033	700000000000075754	麻	15815
1034	200000000000004916	白島ブルー	15760
1035	1500000000000074957	うすしお	15736
1036	1400000000000052921	ガマオ	15715
1037	100000000000009431	pachimon	15708
1038	600000000000001772	烈夢	15661
1039	900000000000052175	Syu	15588
1040	600000000000024476	クッキー@ラウメン募集中	15493
1041	1300000000000022676	m78	15470
1042	100000000000000250	たきまさ	15447
1043	1400000000000082531	もちに	15420
1044	900000000000000264	キシリッシュ	15400
1045	1300000000000042758	ＷＲＩＮＥ	15386
1046	300000000000056458	五月雨	15385
1047	1500000000000010470	燈穂	15356
1048	81467	Gyuri	15325
1049	1500000000000010443	暇人破壊	15308
1050	1100000000000090540	炎真	15282
1051	1000000000000001764	regiosu	15276
1052	200000000000086794	ダメヨシ	15216
1052	800000000000051113	みほ	15216
1054	800000000000100668	Player 1008308808	15202
1055	200000000000094873	モルスァ	15198
1056	900000000000008238	くったり	15191
1057	1200000000000002426	tamtn	15169
1058	1400000000000059117	ゆしゃ	15153
1059	1400000000000097348	原PECO	15132
1060	1500000000000010496	獅子闘十嵐	15118
1061	1300000000000054253	karn	15084
1062	1100000000000085562	triquetra ～ A.t	15078
1063	1000000000000052345	朝影	14979
1064	1100000000000020707	緋狩	14960
1065	700000000000017385	ワリオ	14926
1066	200000000000080513	もく兄	14920
1067	200000000000002228	はるの	14894
1068	700000000000101618	ミルナ	14861
1069	1000000000000079182	ジタン-バタン	14852
1070	700000000000004495	楠木@BMD相互埋め募集(出まつり美也)	14845
1071	800000000000097065	Player 1006711688	14806
1072	800000000000085195	麦門冬湯	14800
1073	700000000000020077	もりわき	14789
1074	300000000000072975	こいし	14784
1075	1500000000000086522	HANLINE	14756
1076	1000000000000055794	やすひら	14712
1077	1500000000000022054	ウォルター・ウルフ	14683
1078	400000000000097034	fial	14630
1079	1200000000000086131	でぃあ	14624
1080	300000000000004962	ANA	14616
1081	200000000000000008	よう	14611
1082	1100000000000000009	fishbone	14586
1083	200000000000085872	T.F26	14544
1084	400000000000080627	FK	14542
1085	100000000000001103	レコ	14532
1086	800000000000001171	datte～ｲｨﾔｧｯｯﾌｫｵｫｫｵｫｳｩ～	14518
1087	1100000000000002443	ぷる	14508
1088	800000000000078449	ロキ	14491
1089	1200000000000081857	りこぺん	14484
1090	1100000000000025224	裁きの龍	14470
1091	100000000000085301	GTHM	14441
1092	300000000000006732	キングK	14426
1093	900000000000096188	千の字	14406
1094	900000000000005490	智	14366
1095	1400000000000003729	ねろ助	14345
1096	1400000000000004747	ジョニーJr.	14317
1097	400000000000097594	もちぼん	14316
1098	1200000000000005578	うけ	14285
1099	700000000000000160	raydive	14284
1100	800000000000023173	はいひ	14272
1101	1000000000000082530	タコス	14269
1102	900000000000016121	須賀	14225
1103	100000000000085531	ラスティ	14173
1104	400000000000013202	かもや@【?あけおめ＆ことよろデス?】	14156
1105	1300000000000031568	りぃ	14131
1106	1300000000000021951	しげみつ	14113
1107	200000000000012022	とてとて	14097
1108	1100000000000052165	ジャックス	14066
1109	1500000000000024852	ぷっか	14048
1110	1200000000000034159	ko201	14047
1111	100000000000014082	一斗	14044
1112	1400000000000096259	su_tan	14030
1113	800000000000086618	み～	14013
1114	900000000000092976	ちゅん	14008
1115	800000000000093138	真	14007
1116	100000000000006363	める	14004
1117	200000000000003762	カノ	14000
1118	900000000000074400	なまこなひと	13962
1119	1000000000000010255	ロビン	13945
1120	1500000000000015990	ちった	13888
1121	200000000000074383	エルザム(ﾉｰﾏﾙ+)	13831
1122	800000000000016349	ヨナシキ	13752
1123	500000000000062798	薩摩の黒豚×	13736
1124	900000000000085776	ナウ	13732
1125	80327	しゃお	13710
1126	100000000000077358	ほ	13659
1127	800000000000013275	朝倉由夢	13583
1128	500000000000051364	青犬	13549
1129	500000000000058703	はせぽ	13532
1130	500000000000000126	刺身包丁さん	13528
1131	100000000000000954	ひじき	13522
1132	700000000000102015	ただのヒミヤ	13521
1132	1200000000000093866	こうの	13521
1134	50337	がるみ	13466
1135	500000000000097238	2arrows	13457
1136	400000000000010120	DEKKER	13450
1137	400000000000025321	とｇ	13448
1138	900000000000012230	fyoshi3	13424
1139	400000000000086840	りゆ	13419
1139	900000000000021816	しめさば	13419
1141	400000000000021217	サムライ	13416
1142	1100000000000011745	かにみそ	13392
1143	200000000000077435	ちゃり	13380
1144	1000000000000000378	三郎	13368
1145	600000000000004519	さかな	13347
1146	1500000000000097190	よっしー２	13345
1147	500000000000034494	クラビス	13320
1148	1000000000000086125	ちーまっくす	13305
1149	1400000000000080801	アセラ	13300
1150	1100000000000062673	しん	13289
1151	1000000000000097510	時雨☆	13241
1152	96632	よしやす	13153
1153	1000000000000097208	nVi	13140
1154	700000000000020200	キョウスケ	13124
1155	300000000000100919	のぶ	13080
1156	800000000000008623	イバラキ	13075
1157	1400000000000022535	ﾊﾘｳｯﾄﾞｻﾞ供子	13068
1158	1300000000000038835	蕎麦	13032
1159	700000000000097520	Msk	13020
1160	75964	民	13005
1160	500000000000002961	西村ひろゆき	13005
1162	1300000000000082437	SASUKE	13000
1163	600000000000000061	あぐ	12991
1164	800000000000083578	クルトン	12975
1165	1100000000000010135	セセリ	12968
1166	1500000000000005005	ヒロシ	12960
1167	1200000000000021704	S~最後のP~	12920
1168	100000000000037251	ユキ	12882
1169	1100000000000002304	mst	12880
1170	600000000000004576	サーディ	12825
1171	1500000000000083536	鳩ぽっぽ	12788
1172	400000000000095974	深影アキラ	12775
1173	1100000000000085542	式	12744
1174	100000000000079599	テスコボーイ	12736
1175	300000000000037274	いずみ	12728
1176	500000000000017745	ドカポンド	12714
1177	97005	Fedorova	12689
1178	500000000000097430	ぬーもちょ	12678
1179	700000000000101754	Bibli	12672
1179	1200000000000020994	ジュン	12672
1181	800000000000097064	なかじま	12668
1182	600000000000015505	くさ	12664
1183	200000000000018681	権蔵	12640
1184	900000000000001438	ﾊﾞｰﾄﾞ	12616
1185	400000000000000788	ひかげ	12606
1186	100000000000045543	赤枠	12556
1187	100000000000033034	セレッソ	12521
1188	1300000000000025502	ウィズ	12500
1189	1400000000000003618	bluenako	12480
1190	900000000000046347	檜本P	12445
1191	300000000000003547	さいろ	12437
1192	1200000000000007866	大	12428
1193	600000000000026475	11EIJI	12423
1194	900000000000053417	ももちんＰ	12402
1195	200000000000006958	眠兎	12392
1196	1500000000000010756	もる	12368
1197	1300000000000020798	チロりん	12320
1198	100000000000031940	ｺﾝﾄﾞﾙ（）	12272
1199	600000000000007175	オニック	12247
1200	800000000000054442	Wohagi	12233
1201	100000000000030567	えどがわ	12212
1202	300000000000002449	copepan	12195
1203	1400000000000000227	あお	12174
1204	900000000000029746	ﾍﾟﾝｽｹ（旧ｶﾗｷｦ）	12120
1205	400000000000061492	リタリン	12041
1206	1000000000000006291	パクマン	12034
1207	300000000000012089	お月見＠雪うさぎ	12033
1208	1500000000000020953	P2P	12029
1209	600000000000055122	爆発士=サン	11987
1210	400000000000002001	ジャスティス	11984
1210	400000000000053921	カンザキ	11984
1212	600000000000002410	たむ	11979
1213	500000000000000367	ミアキス	11978
1214	1300000000000029816	piro-pike	11938
1215	300000000000052106	レス	11936
1216	1000000000000019895	花村	11912
1217	1400000000000075971	永遠の7	11904
1217	1500000000000100309	信長	11904
1219	600000000000001744	omochy	11899
1220	900000000000051622	きゃみ	11880
1221	1200000000000055735	行泰2	11875
1222	500000000000072645	田中まさる	11861
1223	1100000000000092984	ma-chin	11844
1224	400000000000049819	銀紙	11803
1225	500000000000079768	冷や麦	11781
1226	200000000000065402	もぃ	11704
1227	400000000000038040	sparkler【ﾐﾘﾏｽ】HN・R交換募集	11688
1228	700000000000013246	ファブレ子爵	11664
1229	400000000000051951	ルンパッパ3V	11642
1230	600000000000096866	よっしー	11636
1231	5549	イケランダル	11635
1232	1100000000000010762	ヨヘイ	11622
1233	300000000000024617	うにゅ	11561
1234	600000000000095933	エル	11536
1235	600000000000006108	びーる	11533
1236	1300000000000006572	Mei	11519
1237	800000000000000148	カキー	11515
1238	500000000000061171	そら	11512
1239	700000000000015723	赤白	11487
1240	800000000000073004	てっちゅう	11452
1240	1400000000000060815	ｏｚｙ	11452
1242	400000000000085781	Dかんたー	11447
1243	1400000000000030305	みそそ	11433
1244	1400000000000072827	クリチェナ	11416
1245	1200000000000055485	じい	11403
1246	1200000000000084658	ぽん塩	11368
1247	500000000000054482	ヘリウム	11321
1248	1500000000000001903	ドラ	11316
1249	600000000000003240	あかげ	11303
1250	900000000000031593	えんび	11296
1251	1000000000000001350	ピカテツ	11290
1252	200000000000052020	megaro	11288
1253	200000000000056023	我愛羅ちゃん♪	11277
1254	600000000000004107	をか	11232
1255	1000000000000097297	POTATOCHIP	11219
1256	1300000000000056296	シェフィー	11154
1257	100000000000101090	ﾋﾞﾙﾀﾞｯｼｭ	11152
1257	200000000000081437	春城	11152
1259	100000000000074105	夕葉【葡萄:10/18 11:35全植替済】	11143
1260	700000000000054367	しろやま	11138
1261	900000000000004033	エルモア	11130
1262	1000000000000060316	BNP	11118
1263	600000000000101175	ぐっソン	11104
1264	700000000000006881	液体ムヒ	11088
1265	700000000000101952	こうちゃん	11075
1266	1300000000000051078	あを	11016
1267	100000000000099674	Dopier	10984
1268	28215	ささぱん	10980
1269	100000000000101666	リフレイン	10972
1270	1400000000000101152	pri0932	10961
1271	1000000000000000780	たけりってぃ	10953
1272	500000000000052821	やみウサ	10944
1273	1100000000000004420	white head	10888
1274	1200000000000002940	タイラー	10872
1275	1000000000000085621	ピーなす	10850
1276	1200000000000079354	じょー	10848
1277	400000000000018304	Zande40	10815
1278	800000000000101135	とーま	10805
1279	600000000000011703	とん	10721
1280	800000000000076024	hirobee	10625
1281	1300000000000019239	かわらけ	10600
1282	800000000000058260	ｺﾀﾂdeﾐｶﾝ	10577
1283	14595	松田@青羽根Ｐ	10573
1284	1000000000000051723	てらじ	10543
1285	300000000000001984	たっくん。＠亜利沙・麗花埋めさせてください	10539
1286	100000000000004965	あき	10532
1287	1500000000000059031	ケンボー	10524
1288	200000000000010785	つな	10467
1289	1000000000000009788	ゴック	10456
1290	400000000000052323	ミリ＠踏み台P/1FA	10362
1291	100000000000101668	Player 1008495937	10357
1292	300000000000002782	あらんどロン	10348
1293	100000000000093584	ヨートン	10344
1294	200000000000085407	tora	10322
1295	8433	すとら	10318
1296	600000000000079790	sui-un	10305
1297	800000000000004308	卓球	10265
1298	600000000000023357	夜鳥	10244
1299	1200000000000080481	ふんどし	10238
1300	1000000000000080621	Cycrop	10218
1301	700000000000095214	卵太郎	10207
1302	1000000000000011363	かめーぷる	10174
1303	900000000000051042	カカポ	10170
1304	200000000000083759	雨海	10166
1304	1100000000000016165	にゃんこ	10166
1306	1300000000000077111	かなえじゅん	10156
1307	800000000000035805	あすか	10127
1308	101035	たか	10112
1309	1100000000000009955	ABYSS	10094
1310	900000000000003319	とらこ	10080
1311	1400000000000074619	銀	10075
1312	1000000000000002497	さくら	10070
1313	1400000000000024114	ユーリ	10016
1314	1300000000000002502	ふるむーん	9973
1315	200000000000045609	点々	9948
1316	600000000000086286	たけお	9933
1317	900000000000060882	tei9999	9930
1318	400000000000003812	アカギ	9920
1319	1200000000000022490	みんちぃず	9878
1320	600000000000006924	さがる	9876
1321	900000000000061700	元旗	9860
1322	100000000000018181	黒	9853
1323	200000000000052922	のらだ	9851
1324	100000000000075007	うさみん	9832
1325	900000000000011456	まきば	9816
1326	1000000000000056965	bookshelf	9804
1327	400000000000000958	あたま@琴葉ﾗｳﾝｼﾞﾗｳﾒﾝ募集中	9745
1327	600000000000041446	でるた	9745
1329	1100000000000032790	白☆	9742
1330	700000000000003357	coconutsmilk	9736
1330	900000000000056614	はちのす	9736
1332	1400000000000056690	ざぶとそ	9730
1333	1300000000000002226	もふ	9729
1334	400000000000080462	樋塚	9671
1335	1500000000000041388	リョタ	9647
1336	1200000000000098088	えだてつ	9636
1337	1500000000000076335	まる	9622
1338	700000000000036038	佳乃	9613
1339	800000000000050569	ぴにゃ大福	9612
1339	1100000000000013791	らいな/ﾊﾟﾁｪP	9612
1341	1500000000000005044	つがい	9599
1342	500000000000003035	kazuki	9595
1343	700000000000010497	鵺	9590
1344	101012	Tanow	9589
1345	1200000000000040650	こん	9568
1346	800000000000004173	guaca / ぐあか	9528
1347	1000000000000002988	noki	9509
1348	300000000000000483	クロコダイル	9477
1349	600000000000100218	くもじぃ	9459
1350	1300000000000074489	アルジェント	9440
1351	1100000000000009216	KOU	9400
1352	400000000000003620	kowa	9399
1353	200000000000044318	ケンタッキー	9396
1354	100000000000014221	キョンシー	9376
1355	200000000000008334	マリア…これでいいんだろ？	9371
1356	1200000000000092774	nns	9356
1357	700000000000006680	【超高校級の】零崎化識【代替品】	9352
1358	500000000000029418	千刀 巡	9344
1359	1400000000000074125	マサコフ	9337
1360	300000000000096214	しめす	9270
1361	75056	まだらおみ	9262
1362	1000000000000001312	まウサ	9254
1363	600000000000013197	さが錦	9208
1364	500000000000074196	若鷹	9207
1365	1200000000000094172	ニッシー	9177
1366	800000000000051642	なかやま	9172
1367	1300000000000006842	サンセットP	9160
1368	300000000000101203	あはとし	9133
1369	500000000000055951	ZMSK	9132
1370	1200000000000005877	しょうゆ@流川市民	9123
1371	800000000000003653	kkkk	9097
1372	1000000000000029590	☆+゜左之助 +☆″	9088
1373	1300000000000096365	Y'n	9053
1374	300000000000100636	穀物	9035
1375	200000000000097768	denzel	9004
1375	900000000000085338	さにーれたす	9004
1377	1000000000000051740	マカク	8968
1378	1000000000000050879	まの	8960
1379	99443	テオト	8959
1380	1200000000000081322	桜花	8951
1381	1300000000000010553	ひつじ	8924
1382	1200000000000000355	がいこ	8912
1383	500000000000009760	るあ	8904
1384	200000000000001358	ノノノ	8895
1385	1500000000000062654	くみゃ	8887
1386	300000000000000167	yo.	8870
1387	7450	ちいか	8850
1388	100000000000053247	おっことぬし	8804
1389	1500000000000018233	?船長	8800
1390	800000000000100409	ななきそ	8794
1391	800000000000079417	霧崎	8757
1392	600000000000021241	猫跨ぎ	8755
1393	1500000000000000748	ユー	8744
1394	600000000000088169	ぬこ	8742
1395	1400000000000045756	忠	8736
1396	1100000000000095709	m	8730
1397	700000000000022388	小鳩	8712
1398	500000000000087027	マコト	8692
1399	900000000000098562	Player 1007181625	8688
1400	700000000000033776	ヒロ	8669
1401	1300000000000081240	ヒツジ	8666
1402	1000000000000017193	あきら	8613
1403	1400000000000026079	ししまる	8610
1404	1300000000000002707	津花沙	8606
1405	61667	LinKs	8588
1406	700000000000009700	ゆぐざん	8572
1407	53775	富士さん	8568
1408	200000000000006005	どらわん	8554
1409	900000000000076528	たま	8538
1410	400000000000039506	たまご	8535
1411	1200000000000002176	おまだら	8534
1412	100000000000014550	ﾃﾞｸｽ_皆に感謝、マイペースです〈仕事多忙〉	8528
1413	1500000000000098781	うんすけ	8521
1414	700000000000003595	かわーの	8464
1415	200000000000051045	卯月	8460
1416	500000000000052560	さとさとし	8449
1417	800000000000082383	サトー	8443
1418	1400000000000005314	だし	8416
1419	1400000000000085894	310号	8384
1420	1200000000000037102	けぃたぃ刑事	8372
1421	1300000000000079479	kuronaka	8370
1422	1000000000000098058	にしぱらP	8357
1423	2937	高瀬　みずき	8330
1424	1400000000000096404	林芳樹	8328
1425	100000000000041513	くまモソ	8325
1426	1300000000000081217	あいおい	8324
1427	200000000000072491	クシャラビラ	8310
1428	700000000000020173	MA	8294
1429	500000000000053740	ごまえ	8270
1430	200000000000045105	tetsuya	8218
1431	1100000000000091208	らすの	8191
1432	1300000000000053525	最弱男	8190
1433	600000000000000286	trecri	8166
1434	96665	ハシラ	8152
1435	100000000000079928	河童巻き	8122
1436	200000000000005513	ももた	8056
1437	1100000000000002119	key	8033
1438	1300000000000098427	Ｙ	8010
1439	300000000000094708	Player 1006183699	7998
1440	75163	成月	7994
1441	700000000000016065	めんべい	7976
1442	1000000000000082422	つばき	7959
1443	900000000000049619	ミロ	7944
1444	700000000000075993	ザト@ラウマスからのお年玉に感謝です！	7932
1445	600000000000015220	シェリー＠ラウメン募集中	7910
1446	1400000000000058516	ハル猫	7899
1447	800000000000005482	薫	7896
1448	1100000000000085273	たこくらげ	7891
1449	1500000000000011790	chiguhagu	7888
1450	800000000000018499	しゅぐる②	7878
1451	900000000000002331	じょん	7854
1452	900000000000096733	Player 1006527401	7836
1453	400000000000097527	ユリック	7816
1454	300000000000094847	葡萄	7779
1455	800000000000030157	てらもっち	7776
1456	300000000000004541	ハル	7742
1457	1400000000000000367	you	7736
1458	300000000000012638	こはく	7735
1459	1300000000000087590	黒うさ	7722
1460	5737	ベルモット	7680
1461	28446	公社	7671
1462	1300000000000002244	星月@招待気にしないで下さい	7652
1463	200000000000098210	らすく	7630
1464	700000000000005189	ガーツー	7604
1465	100000000000097793	みそおでん	7592
1466	1000000000000025849	佐藤	7580
1467	700000000000000966	ハードケース	7554
1468	800000000000010646	純情かれん	7545
1469	300000000000096795	りんりんりん	7543
1470	1500000000000075131	のの(蓮)	7517
1471	400000000000003615	スミ	7497
1472	400000000000001463	ちゃいな	7488
1472	600000000000011810	densuke	7488
1474	400000000000011081	ドバム	7487
1475	1200000000000000965	CROW	7478
1476	1300000000000036126	地方妖怪ウィリー	7477
1477	74310	AkurahEX｜ヘカーティア・ラピスラズリ「三界の地獄女神（ウェルカムヘル）」	7472
1478	200000000000003513	ユタカ	7392
1479	800000000000024037	レイスト	7378
1480	200000000000001302	ばっくす	7372
1481	1400000000000020144	痴又	7360
1482	100000000000056465	エレコーン	7359
1483	1200000000000007798	はるにれ	7356
1484	100000000000081967	ルホホー	7342
1485	100000000000092104	ハルハラ	7330
1486	200000000000019384	ASG	7326
1487	200000000000053809	ぬがっさ	7292
1488	700000000000001168	ヨッシー*ﾏｲﾍﾟｰｽお仲間に感謝!	7287
1489	500000000000080597	黒ちゃん	7280
1490	7202	モリー	7211
1491	1200000000000095475	オルテンシア	7201
1492	1400000000000025540	ペペロンチーノ	7175
1493	300000000000012679	まこち♪	7168
1494	1100000000000035086	げさみ	7165
1495	1000000000000054250	もひ	7159
1496	100000000000074275	タイタン	7153
1497	1300000000000037496	やじろべー	7152
1497	1400000000000067385	Player 1002125758	7152
1499	700000000000100566	orange	7124
1500	500000000000013245	リン	7104
1501	500000000000002428	アインツ	7103
1502	500000000000093268	ヴァル	7085
1503	200000000000001328	アカツキ	7080
1504	1500000000000039016	朝。	7066
1505	100000000000003582	めふ@HHP志保探し	7052
1506	600000000000008204	フィリー	7024
1506	700000000000097185	asuharu	7024
1508	1000000000000000173	草々	7015
1509	700000000000019075	どんこ	7010
1510	1000000000000076056	くしおが	7003
1511	1200000000000093791	Player 1006028156	6996
1512	600000000000021026	邪風	6985
1513	1400000000000097908	矢崎	6972
1514	500000000000058947	なっちゃん	6963
1515	200000000000024924	ぐしょうきたい	6962
1516	1400000000000093064	タゴサク	6919
1517	100000000000080705	Shibuya	6918
1518	100000000000003885	きくの	6880
1519	700000000000051016	rewriter	6867
1520	1300000000000005709	らどちょう	6866
1521	1400000000000040526	rance	6858
1522	1400000000000052041	ごはんかいじゅう	6852
1523	1400000000000059503	塩ナメクジ	6840
1524	300000000000004716	あ	6825
1525	1500000000000031181	lotte	6822
1526	900000000000054067	しずかん	6787
1527	1000000000000050333	うにゅうううううう	6784
1528	200000000000057702	野獣先輩	6769
1529	1500000000000086660	平面歩行	6752
1530	1000000000000085674	名塚	6750
1531	900000000000094953	らん	6726
1531	1200000000000074963	おきやん	6726
1533	1300000000000057334	ばっかふ	6722
1534	1100000000000051911	秋月風鈴	6664
1535	100000000000074478	しろくまこ	6661
1536	600000000000098316	カザ	6632
1537	600000000000097828	きしわきじじ	6608
1538	500000000000023392	HARUNA86	6600
1539	800000000000080388	乙哉	6588
1540	500000000000055614	鳩子	6587
1541	400000000000076450	Mako	6582
1542	400000000000000055	ノア	6570
1543	300000000000011799	そら	6552
1544	200000000000093754	Player 1005850562	6542
1545	54830	あず	6531
1546	1300000000000004499	まんじゅう	6519
1547	1500000000000055211	love_hurri	6516
1548	1400000000000001246	しらたまこ	6510
1549	600000000000003010	タカピロ	6488
1550	400000000000002909	クワトロバジーナ	6473
1551	98249	キンタ	6472
1552	200000000000098375	たがねん	6469
1553	1400000000000097834	まなお	6428
1553	1500000000000076960	あさひ	6428
1555	1200000000000003255	jakalope	6413
1556	83398	いも	6407
1557	100000000000062289	みやび	6400
1558	800000000000087359	和泉	6390
1559	1300000000000083672	あきにぃ	6367
1560	500000000000097211	らっこ	6365
1561	500000000000073983	ヤックル	6364
1562	1100000000000081122	ロコフライヤー	6343
1563	1500000000000009672	勇者	6330
1564	300000000000052970	あきぽん(スマホの新ハコニワに移転しました)	6323
1565	500000000000059674	ぷろい	6321
1566	300000000000079295	にゃん吉	6310
1566	600000000000056108	ともとも	6310
1568	1000000000000085803	狗鷲	6281
1569	600000000000054929	サギリ	6274
1570	800000000000099656	たいふ	6273
1571	1100000000000003815	カイト	6272
1571	1500000000000024277	ゆうちゃん	6272
1573	1300000000000016178	じょい	6234
1574	600000000000082348	フレディ	6232
1575	1100000000000080299	志龍	6224
1576	900000000000000253	リュウセイ	6208
1576	1500000000000080262	けん怠	6208
1578	400000000000000006	煉瓦	6184
1579	1500000000000077560	ギャバソ[ZUNTATA]	6169
1580	1300000000000099705	astute	6144
1581	1000000000000074561	FTK	6132
1582	300000000000076836	断空我	6125
1583	1000000000000097138	tkp	6088
1584	1300000000000079212	睡眠不足	6080
1585	50942	ストラトス	6064
1586	1400000000000008662	はちぽち＋	6029
1587	200000000000061991	泰之市川	6016
1588	1200000000000094734	fumi	6000
1589	400000000000055809	ゆあ	5992
1590	1100000000000082910	タヌキさん☆同僚さん募集中♪	5971
1591	300000000000003959	タケちゃん	5961
1592	600000000000000079	ペヤング	5955
1593	1200000000000087725	Ketchap_2	5918
1594	1100000000000001075	ミノリ	5904
1595	1000000000000091526	さんご	5888
1596	1500000000000005836	シェルパ	5871
1597	700000000000053506	ざわざわ	5868
1598	1400000000000096444	倉里	5850
1599	600000000000004509	抹茶オレP	5837
1600	400000000000000105	PG	5823
1601	500000000000074070	ソウリュウ	5814
1602	1300000000000102126	ぽんの字“346,315も兼任してます”	5810
1603	700000000000010367	きいち＠同僚募集中	5806
1604	1000000000000016122	∵マサ※流m(_ _)m	5804
1605	1200000000000036881	オリオン	5800
1606	500000000000097876	Jink	5792
1607	1200000000000003594	ぱれっと	5778
1608	400000000000025361	シン	5775
1609	100725	あおき	5770
1610	1400000000000080875	ハッチ	5760
1611	1400000000000094616	noribean28	5748
1612	700000000000092324	サブロク	5734
1613	1100000000000076203	こうめちゃん	5728
1614	100000000000049316	A-5	5709
1615	1200000000000001738	れーせん	5708
1616	1300000000000037049	マイケル	5698
1617	200000000000078290	ゴリオ	5696
1618	200000000000050425	16AK	5672
1619	1300000000000050178	松平友一	5656
1620	1000000000000026563	カズ	5650
1621	200000000000099072	Player 1007151554	5634
1622	1100000000000037919	おおとり	5598
1623	700000000000098331	Gai	5588
1624	1100000000000018820	かわしゃん	5586
1625	300000000000043860	いち	5584
1626	1100000000000010956	猫のテブクロ	5580
1627	600000000000004526	ttss3	5554
1628	1000000000000021130	Wang	5553
1629	1000000000000095916	kv.jr	5552
1630	62455	ごしゅＰさま	5547
1630	200000000000094473	霧島	5547
1632	1400000000000053895	かもや	5537
1633	1100000000000080116	だれか	5500
1634	1200000000000003334	峯來	5480
1635	1200000000000000142	nagasu	5454
1636	600000000000001056	けもあき	5432
1636	1200000000000007861	宝樹ﾔﾏﾄ<嘘>	5432
1638	400000000000005547	ﾄﾓ♀	5425
1639	400000000000013236	ちくわ(ん)超多忙ちう(T ^ T)	5418
1640	1200000000000054201	おくーン	5394
1640	1400000000000000649	ぽってp	5394
1642	1200000000000094732	早埜	5376
1643	600000000000093665	はくまい	5374
1644	1300000000000061805	ナオ	5344
1645	100000000000003042	Moca	5336
1646	1400000000000007217	日夜‐ひよ∞(体調不良・アプリ招待×)	5312
1647	1400000000000008459	あおはる	5289
1648	700000000000019651	カズ	5280
1649	1500000000000012987	来栖川芹香	5278
1650	200000000000051998	かざみあきら	5272
1651	500000000000008352	座敷わらし	5248
1651	900000000000013090	Mr.MAR	5248
1651	1100000000000029454	てんちゃん。【女装中】	5248
1654	600000000000066869	ねぎとろまき	5246
1655	1300000000000004958	もやし	5238
1656	1100000000000008170	ひとりボート	5237
1657	1000000000000048921	クマのP	5236
1658	300000000000083693	ねこゆた	5213
1659	800000000000003285	クダン	5208
1660	200000000000061102	あるか	5200
1661	1100000000000009419	エルナー	5190
1661	1300000000000079292	しもきょー	5190
1663	1200000000000000976	ごんぞ	5185
1664	1300000000000006500	Aみん	5184
1665	200000000000004570	ユーゴ	5183
1666	1400000000000042146	綾香206	5173
1667	300000000000042241	ゆうきん	5130
1668	200000000000001582	じゅんく	5118
1669	49821	かぼたん	5117
1670	1200000000000003629	しゅがい	5106
1671	500000000000007990	みりん@シシジ	5075
1672	600000000000091270	ぺっけたん	5074
1673	1100000000000018983	トモ	5068
1674	1300000000000007081	りぬ	5043
1675	500000000000061589	わんちゃん	5039
1676	100000000000084405	雷電 電光石火	5024
1677	51604	むるふ	5022
1678	200000000000100418	ちっさいひつじ	4998
1679	900000000000004941	いなほ	4995
1680	900000000000001304	レーゼ	4992
1681	100000000000023265	牛乳に相談だ	4991
1681	800000000000042472	クロン	4991
1683	1200000000000051700	油屋	4990
1684	200000000000003819	ジョリアン	4978
1685	900000000000077574	アイウエオン	4944
1686	1400000000000043426	鷹月	4919
1687	1500000000000101261	トラリオン	4916
1688	1000000000000077049	さかとも	4900
1689	200000000000037346	こちか	4869
1689	800000000000003928	息吹	4869
1691	1200000000000010349	SeA※Ｓ※	4842
1692	700000000000072696	いぬこ	4832
1693	600000000000002602	鳥谷瑠美	4829
1694	1400000000000058003	よい	4818
1695	300000000000077384	あらん	4816
1696	1200000000000001454	真土	4798
1697	800000000000088403	ヘンリーマーシャル	4795
1698	700000000000032388	木雲楓	4788
1699	500000000000085872	矢田ピーマン	4785
1699	1400000000000101434	Leo_I_imas	4785
1701	1400000000000010887	オワタＺ	4766
1702	300000000000055598	サニーマン	4736
1703	1100000000000019451	かみにん	4713
1704	200000000000088370	ともp	4664
1705	1000000000000062475	せら	4615
1706	800000000000007661	ペイター	4612
1707	1000000000000003932	ブルコギ井(GEE)@ラウメン募集中！	4608
1708	19111	たゆうら	4605
1709	200000000000031988	シモサン	4590
1710	1300000000000013827	わんわん	4586
1711	1200000000000032989	氷＊アバプリ失礼します。	4577
1712	900000000000002697	スバル	4572
1713	1100000000000052873	久坂	4570
1714	800000000000008368	鹿島	4544
1715	1300000000000079884	甘狐P	4515
1716	800000000000040592	ポイズン	4500
1717	800000000000099068	逆襲の瘋子	4478
1718	1000000000000008431	えんぞお	4473
1719	700000000000100069	茶輪	4464
1720	100000000000096018	ユッキー	4462
1721	80215	みつこ	4460
1722	800000000000031413	yui	4456
1723	900000000000098155	のらせ	4454
1724	1300000000000093904	Asche	4412
1725	13851	しずく	4380
1726	94393	ラギヒ	4377
1727	600000000000002200	さくせす	4368
1728	1400000000000101801	やそまる	4367
1729	900000000000100933	あまつき	4354
1730	75224	むーさん	4352
1730	700000000000003918	ゆうじ	4352
1732	500000000000008473	がくてん	4328
1733	200000000000076234	みるくここあ	4321
1733	1500000000000027041	ローム	4321
1735	1500000000000038879	七武衆	4314
1736	1300000000000101807	そらちゃん大好き	4306
1737	800000000000024921	たつ	4282
1738	700000000000051058	しばしん	4272
1739	200000000000004481	しぐ	4238
1740	500000000000000563	まななん	4230
1741	200000000000052921	haru	4225
1742	1400000000000056068	コマイヌ	4220
1743	1300000000000096896	ヤシロク	4218
1744	1400000000000026323	タック	4208
1745	800000000000100620	Player 1008298680	4205
1746	1000000000000073361	いろは	4200
1747	100000000000023252	七海	4196
1747	400000000000098998	Player 1007308708	4196
1749	1500000000000029546	ウグルグ@美也フラスタ	4190
1750	1500000000000035574	はぬ	4186
1751	600000000000004843	げん	4180
1751	800000000000077347	Softboy481	4180
1753	300000000000100998	be	4178
1754	1400000000000000024	nashu	4160
1755	1300000000000033367	日和	4158
1756	1400000000000080674	エフテテ	4150
1757	42716	キレイなジャイアン(笑)	4148
1758	700000000000029063	ミント	4113
1759	200000000000081191	katsumi	4089
1760	1300000000000057680	新兎	4086
1761	1100000000000101189	せいたか	4080
1762	1300000000000000137	リバ	4072
1763	500000000000075905	摩耗	4070
1764	200000000000012289	とかみすちー提督P	4056
1765	700000000000087760	東方定助	4032
1765	900000000000015882	永久音	4032
1767	800000000000045763	ロシアＰ	4020
1768	200000000000039795	ポストレス	4012
1769	100000000000094270	悠介	3989
1770	300000000000100281	Player 1008086147	3967
1771	1100000000000022825	Splendens	3965
1772	600000000000052299	ぽち	3962
1773	1100000000000046123	陽	3960
1774	200000000000000593	生識	3952
1774	1100000000000007290	10mo	3952
1776	1000000000000001850	琵琶速秀	3946
1777	1000000000000095297	山中ヤング	3930
1778	900000000000005852	生ビリーさん	3929
1779	1200000000000009616	ヘルミーネ	3927
1780	1200000000000099448	Mira	3924
1781	300000000000101280	(ゅ・ω・)＠ピ･Θ･	3904
1782	800000000000024549	トモツ	3896
1783	100000000000005819	GREEN	3878
1784	900000000000006655	もーりー()	3870
1785	300000000000027796	くま???????	3868
1786	1300000000000000659	やぎ@幼なじ美奈子	3816
1787	1000000000000004936	ぶるん	3810
1787	1000000000000007382	焼き鯖	3810
1789	500000000000062440	wyi	3801
1790	1500000000000038171	ちはや	3796
1791	600000000000101582	きはら	3786
1792	1200000000000059047	ゲイボルグ	3750
1793	700000000000034473	ぷちお	3736
1794	900000000000033257	がく	3735
1795	1500000000000095896	あきとん	3729
1796	1100000000000095988	ゼロ	3712
1797	800000000000027497	紫桜	3710
1798	200000000000059064	とっつぁん	3708
1799	600000000000093729	ｷｼﾏ	3704
1800	1300000000000074311	ダビー	3700
1801	700000000000004589	ほんがら	3672
1802	952	Spears	3670
1803	300000000000012203	清兵衛	3666
1804	300000000000001499	MEGANE	3664
1805	500000000000095037	rip	3648
1805	700000000000003766	もりまる	3648
1807	200000000000081419	サイト	3646
1808	1000000000000096983	Player 1006488170	3644
1809	1300000000000080153	もやしP	3623
1810	600000000000056249	おはせ	3612
1811	1500000000000051076	vier	3592
1812	500000000000094592	ちとせ	3587
1813	200000000000000586	JIRO丸	3584
1814	200000000000006782	スプーキー	3579
1815	600000000000051016	菊丸☆	3570
1815	1000000000000101049	リコジャガ	3570
1817	600000000000097953	木の梢	3550
1818	800000000000058604	杯戸	3541
1819	200000000000078413	Water Field	3539
1820	300000000000001673	ニンジン	3538
1821	400000000000000010	★がんぞう★	3535
1822	1500000000000027362	エンペラー	3524
1823	1400000000000099347	サツキ	3508
1824	1200000000000093875	FFF	3483
1825	600000000000009523	せっか	3477
1826	1000000000000038140	SWITCH『TEAM360°』	3459
1827	1300000000000072804	ウーパー	3458
1828	600000000000001110	モアダッカ	3443
1829	300000000000096130	河埜	3426
1830	200000000000001815	橘朔也	3420
1831	400000000000007697	切札	3391
1832	400000000000071248	umi	3390
1832	800000000000028845	トシアキ	3390
1834	300000000000000016	くまのすけくまのすけ	3345
1834	800000000000085464	弱気	3345
1836	4579	ねおち	3343
1837	200000000000081246	カクリコン	3321
1838	1400000000000063407	のっく	3316
1839	900000000000059370	テバサキ	3315
1840	500000000000009116	kotaP（アイモバ	3312
1841	200000000000009347	かに雑炊	3278
1842	200000000000098014	ThunderUP	3269
1843	1200000000000101101	まちがえさがしP	3220
1844	900000000000011282	けんざぶろーちょっと釣りをお休みしますm(__)m	3219
1845	300000000000100481	kwn	3198
1846	1500000000000096221	マドラー	3189
1847	600000000000079670	霊葉	3184
1848	200000000000101275	直江 直鷹	3166
1848	300000000000003534	プワワ	3166
1850	400000000000042118	WadaFuku	3136
1851	1500000000000086003	Foxa	3131
1852	200000000000050801	ついおぃ	3117
1852	700000000000004786	はぷこ	3117
1854	400000000000061066	とぅ～がし	3112
1855	700000000000002369	ののたん	3084
1856	169	やにお	3072
1856	600000000000004041	バキューン	3072
1856	600000000000004078	蒼兎	3072
1856	900000000000002669	ミム	3072
1860	700000000000081476	ニックネーム	3058
1861	100000000000101245	ハッピースケ	3054
1862	1400000000000096759	ぐまー	3036
1863	1400000000000100279	黒刃	3018
1864	500000000000016349	しゃむ	3003
1865	200000000000001852	牙王	3000
1866	500000000000026748	どらりおん@ﾏﾀｰﾘと営業ちぅ(・∀・)	2988
1867	100000000000100076	スズミズ	2975
1868	1400000000000059651	BeBe	2971
1869	1200000000000004228	あれい	2968
1870	1100000000000035222	だめくん	2963
1871	101039	:みちもよ 三千百四	2961
1872	1300000000000008107	しとりん	2951
1873	100000000000005494	けやき	2944
1873	800000000000001837	百華	2944
1875	1100000000000021205	CO@	2935
1876	1300000000000082217	ツルギ	2920
1877	500000000000098614	ましかく	2916
1878	1500000000000073584	れがーど	2910
1879	300000000000006324	ストーム叉焼（またやき）	2905
1880	400000000000099746	F.Cyber	2884
1881	1100000000000098313	mar。	2882
1881	1300000000000083110	ニシンＰ	2882
1883	600000000000037104	高さ危険太郎	2880
1884	200000000000075934	きうい	2864
1885	500000000000037247	チー	2849
1885	900000000000074817	メガネ	2849
1887	300000000000002799	minami	2847
1887	1000000000000006619	yoi	2847
1889	1100000000000094250	ロコハート	2842
1890	1000000000000101060	Sue	2834
1891	1400000000000082217	wnforu	2832
1892	1200000000000070868	はるたん	2825
1893	1100000000000071754	conbina	2812
1894	200000000000073188	かずら	2806
1895	100000000000099780	星斗	2791
1896	1200000000000034361	urban	2790
1897	1200000000000006703	ねね	2788
1898	500000000000026582	しんどー	2787
1898	800000000000013703	yuki_P	2787
1900	1100000000000029065	ひーせ	2785
1901	800000000000000116	焼豚プリエ	2778
1902	600000000000005474	フト・シエル	2770
1903	500000000000061435	マオ	2752
1904	500000000000054501	Yuuu	2751
1905	800000000000021398	三枝3G	2739
1906	100000000000085338	Mog	2736
1906	800000000000000126	まかろに	2736
1908	31762	さかな	2733
1909	200000000000101514	いがらしけい	2731
1910	700000000000096466	ずんだ	2729
1911	400000000000001439	たけち	2715
1912	100000000000054038	トリプルデイP	2695
1913	1100000000000053451	k-shin	2690
1914	1100000000000005912	きりんさん	2689
1915	1200000000000080952	ずかもと	2684
1915	1300000000000074566	うい	2684
1917	800000000000054114	Hiroshi	2682
1918	800000000000097606	ジュリアン	2665
1919	1000000000000012888	けよりな	2664
1920	900000000000097226	ししだ	2660
1921	500000000000083731	うい	2643
1922	200000000000093410	だんな	2628
1923	1100000000000051298	クラッシュ	2622
1924	800000000000005640	Masa-G	2620
1925	200000000000097824	nonta	2618
1926	600000000000097088	つばさ	2607
1927	100000000000096661	やよかず	2606
1928	1100000000000052022	petrov@BMDイベお疲れさまでした	2602
1929	500000000000006094	馬超	2600
1930	900000000000061860	あお	2584
1931	200000000000077681	悠	2562
1932	300000000000079699	1000	2560
1932	500000000000057239	コレスケ	2560
1934	800000000000030674	しゅん	2558
1935	400000000000031910	たー	2556
1936	900000000000072208	Popofu	2528
1937	900000000000051147	ドヤP	2524
1938	1300000000000022716	shaw	2514
1939	300000000000023002	おぱぴょん	2496
1939	700000000000032179	marcia	2496
1939	1500000000000000641	Caspian海	2496
1942	700000000000078137	shino	2491
1943	1300000000000032104	コウスケ	2490
1944	900000000000000352	ニイヤマ	2472
1945	700000000000085749	ハク	2470
1946	1100000000000041227	トモルー	2460
1946	1300000000000097397	k.k	2460
1948	200000000000059097	なや	2456
1948	500000000000101013	Player 1008270485	2456
1950	100000000000021701	ゆが@ミリマス	2445
1951	500000000000079372	不楽十流トオル	2443
1952	200000000000037036	かいしゃむ	2436
1952	200000000000100825	サトシ	2436
1952	600000000000099688	ダイセン	2436
1955	1200000000000003845	なお	2432
1955	1300000000000055408	白いの	2432
1957	1400000000000032428	胡苺	2424
1958	1200000000000000324	つぐみん	2422
1959	1500000000000035910	タカオニ	2416
1960	800000000000101171	さう	2415
1961	500000000000025402	きちへす	2402
1962	800000000000093858	ゆずな	2395
1963	200000000000086164	メタル	2394
1964	1500000000000093764	mikio	2373
1965	1200000000000010598	涼ちん	2370
1966	1500000000000094887	ほそだ	2366
1967	1000000000000080686	ヒース	2353
1968	1300000000000012129	とろろ	2341
1969	1400000000000055368	雪丸	2314
1970	1500000000000054081	ぶてぃ	2310
1971	300000000000066209	まろんちゃん	2304
1971	600000000000012877	不知火	2304
1971	1200000000000002512	きゃすー	2304
1974	300000000000067751	アクア	2288
1974	800000000000100976	ワカジュ	2288
1976	100000000000000711	シノヤマ	2277
1977	400000000000043592	あげはち	2269
1978	1500000000000007189	くろいち	2268
1979	300000000000009620	ナイアシン	2260
1980	1200000000000004865	ねこまる	2259
1981	300000000000000240	sc29	2256
1982	200000000000003843	かわいそうな	2254
1983	1200000000000022493	もる	2247
1984	700000000000097659	サンチェス	2245
1985	900000000000039244	じゃこ	2240
1985	1100000000000095705	まさ	2240
1987	200000000000093857	bystander	2218
1988	1500000000000093106	ピコハン	2217
1989	1100000000000074907	赤の守護神	2205
1990	600000000000026934	どうみてもオレ	2202
1991	1500000000000011496	ゆき@日替り雪歩可憐道場	2180
1992	1300000000000013531	もりそば	2175
1993	500000000000069806	モモモト	2147
1994	1400000000000082118	八重桜	2142
1995	1100000000000006621	F.S.S(^_^)v『CLOTHO』………	2138
1996	800000000000005007	あすぱじーらす	2112
1996	1100000000000085742	SAK	2112
1998	1200000000000006281	ハクア	2111
1999	200000000000098469	スラア	2094
2000	1200000000000019743	ユズミ	2088
2001	1100000000000094748	しょうけん(承賢)P	2084
2002	400000000000101180	ゆゆんんこここんんん	2077
2003	700000000000095415	あすらー	2074
2004	1400000000000034656	くまりーにゃ	2036
2005	1200000000000004567	マオ	2033
2006	500000000000031173	キャンサー	2027
2007	1400000000000077612	トリケン	2012
2008	800000000000055838	和解の印	2005
2009	1100000000000021111	月・影・舞・華NANA 極遊會救援*	2000
2010	800000000000098817	なっすぃ	1972
2010	1300000000000058894	のんび…	1972
2012	300000000000008968	くまきち@のんびり参戦	1970
2013	1400000000000101524	Yong_Ki	1969
2014	1000000000000099317	it	1968
2015	1500000000000000882	あららぎ	1960
2016	800000000000100613	TheWorld♪@どっと吐く//SIGN	1958
2017	300000000000061592	ぷろきおん	1944
2018	800000000000032077	グレイソン	1932
2019	200000000000100413	竹間月	1924
2020	100000000000073917	なむる	1920
2021	500000000000074499	Bee8	1917
2022	800000000000058872	ツッｼｰ	1914
2023	700000000000099440	いづみ	1908
2024	500000000000097144	あきんぬ	1898
2025	1200000000000086661	パブロ	1892
2026	500000000000099574	ハンジ	1891
2027	800000000000068557	アイソン	1888
2028	1500000000000005722	こた（アイモバ）副	1884
2029	700000000000003202	ゆべし	1880
2030	500000000000059617	TOD2ｼﾞｭｰﾀﾞｽ	1870
2031	500000000000075108	チノ	1868
2031	900000000000033341	くれの82	1868
2033	1100000000000097151	燕	1863
2034	1100000000000005798	wobbly☆	1862
2035	300000000000093066	如月拓実	1860
2036	500000000000086644	ひぃ	1856
2037	4610	カリスマ養分	1850
2038	300000000000079141	ishimoty	1845
2039	200000000000020716	ぐちちくP@BMD志保	1832
2039	1200000000000014548	LO-LI	1832
2041	1500000000000094155	sugiko	1828
2042	1400000000000004168	無洗米	1824
2043	600000000000080598	生田	1820
2044	700000000000043303	はちみつクマ	1818
2045	500000000000012738	クルジイ	1816
2046	300000000000017517	青山	1814
2047	1300000000000030576	たこ	1811
2048	100000000000037168	H22A	1806
2048	1300000000000034318	うどん	1806
2050	100000000000085119	socha	1800
2050	1000000000000000834	Yasami	1800
2052	400000000000094751	よしだ	1792
2053	200000000000009870	たとみ	1784
2054	1000000000000011062	えなじ～	1764
2054	1300000000000095563	はんつき	1764
2056	400000000000075872	タイム	1753
2057	1500000000000006664	スライダー道場	1752
2058	1200000000000078843	T	1751
2059	100000000000006573	ゆう	1742
2059	1500000000000023301	ウサミン	1742
2061	900000000000003379	OKA	1740
2062	100000000000004564	ふっく	1734
2063	100000000000091983	kahuna	1730
2063	1300000000000024856	睡魔er＋	1730
2065	500000000000101297	安登	1729
2066	700000000000099333	山吹 凱治	1704
2067	700000000000064432	てめぇ	1683
2068	1100000000000091643	アサヒ	1682
2069	1000000000000101784	ゆん	1681
2070	700000000000097822	MTD	1680
2070	1200000000000000963	なべっこ	1680
2072	1100000000000101124	つめ	1669
2073	200000000000001978	大黒天ですが、何か？	1664
2073	400000000000077921	Ponta	1664
2075	400000000000064084	もえ	1650
2076	900000000000028954	グンジ	1645
2077	1200000000000027595	koikaze	1643
2077	1500000000000092009	り	1643
2079	900000000000087989	マツ	1639
2080	100000000000000756	たいつ	1636
2081	500000000000099670	田宮宗一郎	1630
2082	1300000000000068014	オヤスミン	1626
2083	600000000000055649	g-boat	1624
2084	600000000000061030	ワタハ	1616
2085	900000000000101314	Player 1008499817	1615
2086	900000000000086465	はやま	1613
2087	100000000000097927	佐々木	1610
2088	700000000000016051	ROSBETH	1604
2088	1200000000000005181	かず	1604
2090	700000000000057251	らいとさん	1603
2091	92837	はやぶさ	1600
2091	400000000000032521	カオス	1600
2091	1000000000000005520	★抹茶☆	1600
2091	1100000000000037415	ポップコーンの弟子	1600
2091	1200000000000013042	とーふや	1600
2096	600000000000001816	マッキー	1598
2097	700000000000057032	北のさむらい	1590
2098	1500000000000095756	なこ	1586
2099	1400000000000050680	のーすはむてる	1573
2100	200000000000000066	トトキチ	1562
2101	1000000000000032839	kamecycle	1560
2102	200000000000005327	CHIK@	1554
2103	1100000000000100789	マロノン	1542
2104	1100000000000099539	リョウタP	1536
2105	300000000000073685	ASカラス	1531
2106	400000000000101111	とい	1528
2107	1400000000000053713	vit-symty	1525
2108	700000000000096839	Jay	1524
2109	1100000000000049810	ひめかわP	1523
2110	500000000000033986	ﾏｯｻﾙ	1505
2110	1000000000000000005	ドラムン	1505
2112	1400000000000048278	紺	1495
2113	14001	村人A	1494
2114	600000000000052780	白井Ｐ	1492
2115	500000000000002670	なまぶ	1485
2115	600000000000101315	kisayomi	1485
2117	800000000000022044	たこやき	1482
2118	900000000000100557	またたび	1478
2119	1300000000000055137	男大阪	1476
2120	51007	ゆのすけ	1472
2120	500000000000056250	はる	1472
2122	600000000000022703	らい	1438
2123	1400000000000037266	ほ？	1436
2124	200000000000031709	トモロヲ	1424
2125	300000000000085155	蛇道楽	1423
2126	200000000000004217	風杜Ｐ	1422
2127	200000000000087254	涼蘭 P	1408
2127	400000000000096918	ヨテ丸	1408
2129	100000000000055769	gut	1406
2130	500000000000070895	アイム	1398
2131	500000000000016079	kuro	1396
2132	1100000000000099607	Imoheihe	1389
2133	200000000000078397	角の丸いまな板	1388
2133	300000000000001967	（・x・）	1388
2135	600000000000017644	のん	1384
2136	2528	優曇華院ｲﾅﾊﾞ	1380
2137	1100000000000099311	ジュンP	1375
2138	1000000000000032940	まい時雨	1374
2139	500000000000101676	昕緯	1371
2140	500000000000006975	takeudon	1368
2141	300000000000036740	紫騎☆(明けましておめでとうございます♪	1365
2142	1000000000000015015	詩乃	1354
2143	700000000000081880	キッド	1352
2144	200000000000082409	アララギ	1350
2145	400000000000052826	ポリアネス山田	1344
2145	500000000000000471	たくやん	1344
2145	600000000000022018	ふぇい	1344
2145	1200000000000042072	藤	1344
2145	1200000000000096566	わや	1344
2150	700000000000096962	もんたん	1338
2151	86750	十六夜 月兎	1331
2152	1300000000000005492	bessyo	1318
2153	900000000000098937	しょうちん	1308
2154	1000000000000018225	たくに	1298
2155	600000000000000866	ナスっこ	1296
2156	30316	ベージュ	1290
2157	200000000000085982	Player 1005010402	1288
2158	62201	Osushi	1280
2158	1000000000000004885	syu	1280
2158	1300000000000084090	甘楽	1280
2158	1400000000000005091	sapa	1280
2162	300000000000022706	ぼーず	1270
2163	500000000000099692	こっしー	1266
2163	1400000000000065068	Player 1002081262	1266
2165	600000000000060530	のほ	1260
2166	100000000000014604	lain	1255
2167	1200000000000099063	筋子鱈子	1245
2168	100000000000004876	ザムディン	1234
2168	400000000000004104	ヒナ	1234
2170	500000000000051645	峰	1213
2171	400000000000082451	ikr	1211
2171	1300000000000087140	まかろん	1211
2173	600000000000081586	なべ	1209
2174	100000000000057390	屋久潮	1204
2174	600000000000086595	くろごま	1204
2176	400000000000024620	あぱちこ	1196
2177	700000000000071627	オレンジ	1194
2178	100000000000009181	るう	1192
2178	500000000000100066	のびのび	1192
2180	1200000000000086797	ハック	1189
2181	97121	ゆーさん	1180
2182	400000000000007766	アサカル＠BMDお疲れ様	1166
2183	900000000000098784	きっしー	1164
2184	1200000000000080992	トトリ	1156
2185	1100000000000076301	七海さが	1153
2186	200000000000003184	きほいる	1150
2187	400000000000096201	HaL	1144
2188	1300000000000025291	シャオ	1142
2189	100000000000054734	みのる	1140
2190	100000000000046895	もにこ	1139
2191	1500000000000100719	あすぱよ	1134
2192	600000000000059385	てぃえ	1129
2193	600000000000004711	つっちー＃	1121
2194	1000000000000073963	ボン	1119
2195	1300000000000100664	ちょと	1113
2196	1400000000000047818	ぐる	1111
2197	200000000000079228	ウラタミ	1110
2198	1000000000000101756	日奈	1094
2199	200000000000036673	史@浜風P	1092
2200	100000000000101691	のりまき	1091
2200	700000000000010938	GG【☆☆★】	1091
2202	300000000000051334	ひろ	1088
2202	600000000000079454	kasiopy	1088
2202	1000000000000088545	ココ	1088
2205	200000000000096014	Player 1006241042	1084
2205	1200000000000001806	Uターン	1084
2207	1500000000000060660	ぴの	1080
2208	500000000000007085	ポムポム	1078
2209	1000000000000033942	ログイン	1074
2210	1500000000000000166	シナクス	1073
2211	300000000000009336	湯月	1070
2212	900000000000028840	Scifo	1065
2213	1400000000000101899	空色	1060
2214	900000000000101292	ニケ	1059
2215	300000000000037918	トム	1053
2216	300000000000003275	スターぴー	1050
2217	1400000000000000027	Николай	1048
2218	1400000000000088544	ろる	1046
2219	800000000000056847	ラト	1043
2220	900000000000000815	アルビレオ	1037
2221	600000000000044519	鉄線	1036
2221	900000000000006431	バゼゼだん	1036
2223	1000000000000019528	すなき	1033
2224	300000000000099967	Player 1007883523	1029
2225	200000000000097006	カジ	1024
2226	600000000000101517	Player 1008479830	1022
2227	30260	なる	1020
2227	1300000000000095611	ヒロ	1020
2229	86661	LoRita	1018
2230	600000000000100611	つかさ	1012
2231	400000000000041733	クリアランス	1008
2231	400000000000050799	我愛李@mnb	1008
2231	600000000000097231	れてえ	1008
2231	1000000000000001136	MTank	1008
2235	1500000000000056048	コミュ	1001
2236	400000000000060306	匝	1000
2237	500000000000002682	イナマー	999
2238	700000000000002517	リガティード	995
2239	900000000000022085	STYLLUS	988
2240	200000000000013496	○藤P	986
2241	900000000000000300	せいや	980
2242	1500000000000072700	フライングゴリラ	979
2243	1300000000000040787	プランクネス	970
2244	700000000000080569	sHoot	969
2245	700000000000054156	島村睦月	965
2246	400000000000032461	エアロード	960
2246	700000000000001973	Ｎｙ人	960
2246	1300000000000004704	ハトさん	960
2246	1300000000000098678	サチェル	960
2250	200000000000077259	ハチニー	950
2251	900000000000100896	yuy	948
2252	1300000000000001474	TobyHuang	946
2253	900000000000034114	suma	945
2253	1000000000000056652	くるーく	945
2255	700000000000035259	ケンざえもん	940
2256	500000000000002234	だてっこ	936
2257	200000000000000792	うしのこく	914
2258	1300000000000094975	健全王	910
2258	1500000000000074152	なーさん	910
2260	100000000000002017	magic あけましておめでとうございます	908
2260	1200000000000072113	アメ	908
2262	100000000000055098	ミハエル	901
2263	1100000000000033468	ネシンバラ	900
2263	1200000000000091317	スワ	900
2263	1300000000000073685	ジョン3	900
2266	1300000000000087049	toshisita	896
2266	1400000000000100466	ヤス	896
2268	100712	walker	895
2269	1500000000000008634	秋瀬	892
2270	1100000000000010841	tnkttm	891
2271	1100000000000013789	とみみつしょう	888
2272	100000000000053155	kuzukita	884
2273	300000000000081975	あかはら	882
2274	700000000000088391	taat	861
2275	500000000000050952	brq@プリン体	853
2276	700000000000015450	みなと	852
2277	400000000000094358	SA AD	850
2278	300000000000036409	せもぽぬめ	848
2279	600000000000093031	ヒロ0813	842
2280	1000000000000013642	ゼボク	840
2281	1400000000000054115	そいや	839
2282	400000000000100966	いさ	834
2283	300000000000098250	miel	832
2283	600000000000033075	カレハ	832
2283	1200000000000052084	マジかよ	832
2283	1400000000000004196	AKINO	832
2287	1000000000000057155	べったん	828
2287	1100000000000000948	てけてん	828
2289	101559	DarkNeon	825
2289	400000000000091880	ShihoP	825
2291	101349	のし	823
2291	1200000000000049304	My_ray*	823
2293	400000000000076820	ぼーるぺん	821
2294	700000000000008338	くさ	819
2294	1400000000000093530	猫先生(いなかっぺ大将より）	819
2296	29842	しさいた	807
2297	1300000000000091962	秋島	798
2298	1300000000000008746	らくたむ	789
2299	700000000000026842	コウセイ	779
2299	1000000000000082265	アスベル	779
2301	900000000000047254	クローバー	773
2302	500000000000101695	取得できませんでした	768
2302	1100000000000084949	きくらげ	768
2302	1200000000000097108	ちーこΘεΘ	768
2302	1400000000000004757	なでほ	768
2306	800000000000099859	あゆぴち	760
2307	600000000000094309	yyy	758
2308	900000000000000382	しんさん	751
2309	1100000000000097165	マンボウ	748
2310	1500000000000018008	ラン	746
2311	1100000000000008556	SOSO	745
2312	44812	ARCRA	733
2313	700000000000002000	aster	726
2314	500000000000098992	ヴェルシア	720
2315	1100000000000080506	かも	717
2316	1000000000000098210	こんぐ	711
2317	500000000000011211	ゴーズ	709
2318	8232	パピー	704
2318	100000000000097759	よこ	704
2318	800000000000093091	Player 1005891592	704
2318	1100000000000003189	詩形	704
2318	1200000000000023849	ガットゥーゾ	704
2323	800000000000003788	のんばる＠ののん	700
2324	200000000000080755	ケンケン	683
2325	1500000000000058473	rumba	680
2326	1100000000000097621	いそたろー	667
2327	1200000000000078199	なちよ	666
2328	400000000000086723	iris	660
2329	91292	レタス	651
2330	95816	まったりねこ	640
2330	400000000000101452	くすり	640
2330	700000000000097650	熙	640
2330	1200000000000062452	ジョージ	640
2330	1500000000000034694	ざわわ@紅蒼黄	640
2335	500000000000007353	Wize	639
2336	300000000000100443	?枚	635
2337	500000000000004165	鎚/メアスケ攻略中†猫屋敷メア†	632
2338	99348	ひかがみ	628
2339	100000000000045192	来夢	625
2340	1400000000000025391	85	623
2341	1000000000000034471	酢	622
2342	600000000000084253	まぁ～ちゃん	611
2343	1300000000000001280	ちこくちこく	604
2344	200000000000085879	みずのん	602
2345	600000000000059853	とも	601
2345	1100000000000001445	赤井	601
2347	300000000000008233	ＴＥＮ	600
2347	600000000000002617	ﾏｻﾉﾘ	600
2347	900000000000098762	ジョー	600
2347	1100000000000005477	８９０	600
2351	1200000000000011975	remy	599
2352	500000000000097418	Y.K.K.	589
2353	101655	ペルセウス	587
2354	200000000000078431	のり	576
2354	700000000000052950	大豆	576
2354	800000000000080683	Return	576
2354	1200000000000077749	おもち(o・∇・o)	576
2354	1300000000000021614	kaon	576
2359	1300000000000088142	まつこ	562
2360	1400000000000101869	ソーダ	555
2361	1000000000000042787	はっぴい	544
2362	1200000000000052930	パセリ	541
2363	400000000000057721	プロ雪歩Ｐ	540
2363	400000000000096236	ｔｇｒｎ	540
2363	1400000000000040858	ポケ	540
2366	800000000000085090	eco	533
2367	500000000000048056	サエコ	531
2368	1100000000000004537	JCVD	525
2369	200000000000100369	ちび紳士	521
2370	500000000000101577	さみー	515
2371	100000000000014355	☆iM@S(今年も宜しく)☆	512
2371	100000000000098817	みやよし	512
2371	200000000000011012	Wreathlit Noel Love	512
2371	500000000000002048	どぶろっち	512
2371	700000000000084695	yune	512
2371	1100000000000003695	うなじ	512
2371	1400000000000038970	青い団子	512
2378	3479	アッシュ	504
2379	54735	Raimu	500
2379	200000000000011099	AGK	500
2379	400000000000073996	ライライ	500
2382	900000000000096379	たんぼ	496
2383	1400000000000018112	チルチル	495
2384	1000000000000100855	kasekey	494
2385	900000000000051979	トマ村＠CGではPassion	492
2386	800000000000101133	かれん	489
2387	300000000000004055	もぴ	480
2388	800000000000035258	ﾙｰｼｨ	473
2389	1000000000000098915	キストリン	470
2390	200000000000080932	彼方	468
2391	1300000000000098049	このこねこのこ	460
2392	1400000000000100723	猿ｩ	459
2393	1400000000000100277	Ivy Tong	454
2394	1400000000000097098	くろ	453
2395	400000000000054998	zene	452
2396	700000000000101826	ふらい	449
2396	1500000000000079330	イチロー	449
2398	78325	腐蜜柑	448
2398	101444	わらびもち	448
2398	400000000000015936	にこにこにー	448
2398	700000000000019721	むらっち	448
2398	900000000000000433	きょんこ	448
2398	1300000000000004629	ケイ	448
2398	1500000000000091880	あめんぼ	448
2405	400000000000023388	チッカーmoba	446
2405	1000000000000100082	ドルフィン	446
2407	900000000000056776	シロ	441
2408	1400000000000069607	Sejou	438
2409	600000000000077176	Player 1003650470	428
2410	100000000000098303	ろりあげ	427
2410	200000000000074035	CSP	427
2412	300000000000046400	佳保里	426
2413	100000000000077271	きりや	425
2413	300000000000101248	meri	425
2415	1500000000000054086	ししる	411
2416	200000000000101274	BLACK	408
2416	700000000000004508	＼(≧∇≦)／	408
2418	1300000000000088642	けみちょす	406
2419	1200000000000097338	一片	401
2420	98450	こときんらいなぁ	394
2421	19358	ゆきぽP	384
2421	200000000000036854	zenden	384
2421	200000000000049003	♪ぷっち☆	384
2421	700000000000101352	Player 1008240279	384
2421	900000000000100581	Player 1008227897	384
2421	1200000000000092712	NAMIDA	384
2421	1200000000000100795	TAKA	384
2421	1400000000000101679	タニシ	384
2421	1500000000000099021	びっきーちゃん	384
2430	1400000000000027357	ひかる	380
2431	1200000000000099232	シング	378
2432	1000000000000083321	gallo	371
2432	1100000000000072363	カラジオ	371
2434	100000000000042770	rexs	367
2435	400000000000100309	AIM	363
2436	300000000000032116	ウラハ	360
2436	900000000000003106	かもめ	360
2436	1200000000000052785	颯風	360
2436	1300000000000093697	ジャカ	360
2440	500000000000046684	ぽめこ	355
2441	300000000000076034	train	348
2441	1000000000000078611	チョコバナナ	348
2443	300000000000080816	mikiYM	332
2444	91616	ケティ・モーリス	329
2445	1200000000000034105	ヌルハチ	327
2446	74150	さとりん	320
2446	200000000000031247	こたつ	320
2446	400000000000002045	イルカディア	320
2446	600000000000101428	Player 1008438086	320
2446	1400000000000094692	クラウド	320
2451	1000000000000003589	湿気猫	319
2452	300000000000099451	Player 709701971	316
2452	500000000000100022	iou	316
2452	1300000000000027183	ハル	316
2455	101291	ささみ	313
2456	300000000000024820	如月亮	311
2456	700000000000003833	☆お餅子★	311
2458	5899	お父さん	309
2459	1200000000000100490	jky	304
2460	100000000000097866	千賀	301
2460	600000000000056449	クロエ	301
2462	76574	ヒロ(招待メールスルーお願いします)	300
2462	1100000000000022334	ティキ	300
2462	1200000000000052214	ぽなぎ	300
2462	1200000000000096135	DoKuPe	300
2462	1400000000000041958	フルコート	300
2467	1000000000000008110	123P	297
2468	200000000000101942	pasta	286
2469	400000000000056046	Juntan	273
2470	79982	看板	271
2471	300000000000069448	麦戦車	267
2472	200000000000023611	Minglee	266
2473	1500000000000098563	zkl	259
2474	1400000000000101907	エクレア	257
2475	300000000000077415	アリア	256
2475	400000000000004309	えんどry	256
2475	900000000000004784	彩伽	256
2475	900000000000037613	とっつあん	256
2475	1000000000000053176	りさりん	256
2475	1100000000000000811	快盗レトルト	256
2481	600000000000100941	タマトス	252
2482	1000000000000029163	ああs	249
2483	800000000000101070	今井一	248
2484	75479	美咲	245
2485	600000000000035614	アン@イシイみき	240
2485	800000000000011653	えこ	240
2485	1400000000000004606	フーリエ	240
2488	1000000000000101518	みつ	238
2489	51578	鈴花	236
2490	1500000000000097398	ナデクロ	233
2491	1000000000000101705	はにはに	229
2492	1200000000000087991	つけもの	220
2493	1100000000000007239	yuya*	219
2494	400000000000100333	池沢	217
2494	1200000000000101261	すふ	217
2496	1100000000000008896	ジャム	216
2497	1500000000000093337	小豆	209
2498	1000000000000098556	シエル	205
2499	500000000000052903	エステル	204
2499	900000000000093287	AZオオカミ	204
2501	1500000000000097017	じゃがり子	199
2502	600000000000101507	Player 1008476502	196
2503	600000000000010534	レクスター	192
2503	600000000000055862	まんじ～P	192
2503	900000000000080434	うえこ	192
2503	900000000000099485	ゆい	192
2503	1200000000000098324	スマ	192
2503	1400000000000075535	カツ丼さん	192
2503	1500000000000100420	タザキ	192
2510	1300000000000100181	なななつ	191
2511	4886	shiro	186
2512	700000000000016889	ヘイ	184
2513	76797	ゎさび	180
2513	1000000000000000584	ダディんね	180
2513	1100000000000003150	ﾉｯｸｽ	180
2513	1100000000000008863	ジャックrb	180
2513	1100000000000036087	チョコネコ	180
2513	1400000000000084552	ルナ	180
2513	1500000000000005454	10years afterブロア	180
2520	98841	作業台	171
2521	300000000000002059	kazu24	168
2522	96908	マキサ	166
2523	1500000000000093279	あんずおぢさん	165
2524	1100000000000075597	FRACTAS	163
2525	200000000000101469	Dermang	162
2526	1200000000000099223	RPG	158
2527	700000000000094472	きなこ	157
2527	1300000000000098512	まさる	157
2529	97607	ルーイ	154
2530	300000000000094852	遥也	149
2531	1400000000000076819	渋皮	144
2532	1000000000000026834	からたま	139
2533	500000000000026393	プーさん	138
2534	1500000000000082653	きざる	135
2535	100000000000099119	ゆっこ	133
2535	800000000000036771	ターボ	133
2537	1500000000000101651	Player 1008496831	132
2538	101800	るた	131
2539	400000000000099200	もとひら	130
2540	400000000000094848	那智	128
2540	900000000000101343	Player 1008512553	128
2540	1100000000000008337	メンマ	128
2540	1100000000000050421	奈倉	128
2540	1400000000000022352	ミカン	128
2540	1500000000000055102	にと雛鍋	128
2546	1500000000000079729	九ノ瀬遥	127
2547	200000000000008030	たなおろし	124
2547	700000000000000628	石ノ森	124
2547	1200000000000097509	Player 1006930988	124
2547	1500000000000100619	しんでぃ	124
2551	61252	sch	120
2551	200000000000031278	ちょこ	120
2551	500000000000033959	ありょさん	120
2551	500000000000086576	ヤス	120
2551	700000000000051305	tucky03	120
2551	900000000000003214	zzzubrowka	120
2551	1000000000000022137	Gyg	120
2551	1000000000000055597	いろいろ	120
2551	1000000000000082989	yu	120
2551	1200000000000003583	ハル☆☆	120
2551	1200000000000020935	からだ春人P	120
2562	900000000000062349	めいぷるしろっぷ	117
2563	300000000000099620	しょーた	113
2564	1100000000000097684	モズ	111
2564	1500000000000078958	庵	111
2566	1200000000000061750	左ゆう	105
2567	800000000000059723	うほ丸	104
2568	1000000000000101665	雷哲 Raizer	101
2569	1500000000000002255	銀杏。[]	95
2570	300000000000097335	優希	90
2570	1000000000000099976	湊。	90
2572	800000000000085611	りらく	88
2573	1000000000000098816	たなぎ	87
2574	900000000000085088	はるこん	84
2575	1400000000000100588	Player 1007909726	83
2576	200000000000101973	Player 1008479810	79
2577	300000000000101107	かずぼ	78
2578	500000000000075817	とうきびα	77
2579	34922	マミコ	71
2579	900000000000085328	アクション仮面	71
2581	500000000000101714	Player 1008505653	65
2582	300000000000096461	あみ	64
2582	400000000000015299	oem	64
2582	400000000000078934	スコッチ	64
2582	400000000000100816	Player 1008284676	64
2582	500000000000080530	とろ	64
2582	500000000000096329	きゃん	64
2582	600000000000000744	やぎちゃん	64
2582	600000000000045016	ワタ	64
2582	700000000000028028	フジサン	64
2582	700000000000052588	あらみ	64
2582	900000000000010330	シロー	64
2582	900000000000020060	つかさゆい	64
2582	1100000000000098853	さとう	64
2582	1200000000000057427	ウツボ	64
2582	1300000000000058692	ジェりすP	64
2582	1300000000000101816	さくら	64
2582	1500000000000098013	すだこ	64
2599	100000000000003726	Ken	60
2599	100000000000019150	クロネコ	60
2599	300000000000008652	ｱｯｶﾘｰﾝ	60
2599	400000000000007552	のんのこ	60
2599	400000000000012401	はじめ	60
2599	500000000000001661	ぱっそぁ@HNﾙﾐﾅｽﾋﾟﾝｸCDSR貸出可	60
2599	500000000000059864	ぐんじょう	60
2599	500000000000079259	つきはみ	60
2599	600000000000051305	ムック	60
2599	700000000000006646	アァイ！《△》	60
2599	900000000000004371	スノーマン	60
2599	900000000000026831	キリカリクト	60
2599	1000000000000088369	そる	60
2599	1100000000000045538	RALS	60
2599	1200000000000099171	じゅん	60
2599	1300000000000006222	゜・：＊雪森りんご＊：・゜	60
2599	1300000000000089513	松本	60
2599	1300000000000100778	チャボ【東北へ帰省Go！】	60
2599	1400000000000015742	キリンリキ	60
2599	1400000000000070052	ぼいじゃ	60
2599	1500000000000005321	土竜	60
2599	1500000000000030312	SSDMP	60
2599	1500000000000097469	Player 1006733359	60
2622	400000000000045057	くら	59
2623	700000000000093224	Player 1005764455	57
2623	1100000000000085280	ゆかな	57
2625	300000000000005650	藤堂	50
2626	1000000000000101331	kaeru-san	48
2627	1100000000000101401	むっちゅ	46
2628	700000000000098587	へぷたん	44
2629	1500000000000056638	Ｒｉｎ	40
2630	38954	ケン《ﾂﾝ旅ﾏｷﾏｷ旅中～》	38
2630	200000000000099037	Player 1007143794	38
2630	900000000000081808	キャトミュ	38
2633	400000000000100450	えぐちくんボチボチ	35
2633	400000000000100616	Player 1008182356	35
2635	1400000000000100959	☆ﾁｬﾝﾋﾟｵﾝ☆	34
2636	1100000000000098457	Player 1007120795	33
2637	1000000000000073666	Player 1002661706	32
2637	1000000000000101624	( ?° ?? ?°)	32
2639	1200000000000100230	よし(放置ぎみ)	31
2640	900000000000098493	かず	30
2641	1100000000000032499	キアズマ	29
2642	900000000000098093	スイミー	28
2642	1300000000000079395	Player 1003498765	28
2644	1200000000000101146	Usa	27
2645	500000000000007639	一夜	26
2646	400000000000084659	ちふり	24
2646	1100000000000101412	Kaito	24
2648	700000000000098394	51	21
2648	1400000000000101822	SHU?	21
2650	500000000000076039	鳩に餌	20
2650	1200000000000101264	Player 1008503436	20
2652	600000000000100595	Player 1008137926	15
2653	100000000000099748	柔らかすぎ	12
2653	300000000000101229	Micco	12
2655	400000000000100549	ユーマ	9
2655	600000000000101417	ゆうや	9
2655	1200000000000098741	ぴょん	9
2658	400000000000101392	Player 1008492932	7
2659	400000000000101405	Player 1008499092	6
2659	500000000000101696	Player 1008494789	6
2659	1200000000000100384	たいよ―♪	6
2662	1400000000000098375	竹倉誠一	4
2663	100000000000101695	Player 1008504993	3
2663	900000000000101146	Player 1008434153	3
2663	1100000000000020160	ななせるふ。	3
2663	1100000000000101493	Player 1008511051	3
2663	1500000000000094873	Player 1006161071	3
2663	1500000000000098253	みなみ	3
2669	600000000000052140	ゆい	2
2670	500000000000026705	悪源太	1
