1	1500000000000000475	ありあ	757549
2	1100000000000018803	やす	427744
3	900000000000059311	uchoten	393080
4	400000000000091402	翠楓	330961
5	1000000000000097336	なぎさ	311044
6	1100000000000095631	テツ	280295
7	700000000000057360	ビアンキ	278548
8	500000000000013661	めがれ！	263111
9	200000000000063167	水と炎	261440
10	1000000000000075343	ちゃんまんじ＠同僚さんラウメンさん募集中	259145
11	900000000000072985	みうら	237779
12	1000000000000029025	みんみん	236507
13	78059	泉カラビナ	230096
14	400000000000030769	バンザイ先生	218054
15	1500000000000056742	こーの。	211551
16	1400000000000025033	ｙｏｕ－ｓｕｋｅ@日記に埋めリス有m@s	210636
17	16372	リムコ(園田)	210199
18	700000000000086903	藤乃丘	206629
19	100000000000015088	MIDDLE〆	204692
20	300000000000003491	シリウス	200939
21	400000000000100642	やきう	189084
22	700000000000097191	Plmokn	184274
23	500000000000087050	おみそ＠同僚募集中	183922
24	700000000000014862	霙	177550
25	700000000000084085	ユウサイP	176747
26	1500000000000045068	谷繁	173501
27	900000000000087779	na ka	171554
28	200000000000094869	はるまき	167230
29	600000000000003480	398ss	166352
30	1200000000000004543	すぎ	158550
31	1200000000000050000	蠍座のアキ	155907
32	500000000000039046	コジコジ	154355
33	500000000000018777	けんぼーぐん	151653
34	1100000000000055308	けーらん	150236
35	1400000000000020879	TOMO	150178
36	200000000000000062	Ryo@かなさよことは♪*o(≧▽≦)o*♪	149887
37	800000000000011068	じゅう	149157
38	1500000000000065796	Player 1002107087	148833
39	1400000000000012005	そぉい	147751
40	1500000000000005076	よこさん	147212
41	1000000000000080188	Kon	145368
42	100000000000009628	kani	145115
43	800000000000031213	ほしくん	145024
44	800000000000007580	高司真也	145019
45	800000000000051280	nike	144186
46	900000000000078647	みみ	142730
47	1500000000000047027	セツナ#	142661
48	600000000000059646	キノピオ@同僚募集中	140527
49	1000000000000051401	ひゅん	138406
50	400000000000024992	DA	136151
51	1400000000000004665	cleval	134792
52	1500000000000096931	オウジュ	134013
53	1000000000000101370	LynX	131034
54	1500000000000024202	半兵衛	130932
55	1000000000000029874	える	130579
56	1200000000000005922	MH35	127820
57	900000000000082375	アーサーP	126646
58	900000000000014089	ブレンディ	126325
59	1000000000000073442	みかん	126318
60	300000000000085748	ささむ	125877
61	1100000000000003697	koneko	125863
62	100000000000006261	かいわれ	125641
63	1100000000000096233	美星	125350
64	1300000000000095681	ヌンチャク	125256
65	1500000000000086678	morisoba	124456
66	400000000000008226	もじゃぴん君	124108
67	800000000000025929	宮国 朱璃	123892
68	300000000000079960	ジレたハートP	121567
69	100000000000004818	宇凪	120484
70	1400000000000012168	ぢる	119428
71	600000000000046085	虹	117789
72	500000000000003553	l-m-l	117732
73	1000000000000018418	ハガー市長	117309
74	654	wtnb	117095
75	700000000000099422	ゆきの	114263
76	1500000000000010290	Blaze	112743
77	1500000000000000422	PT	111757
78	1300000000000056705	かんらく	111751
79	100000000000052573	andywu876	111402
80	400000000000037142	漆喰	110593
81	1100000000000052777	あるまA	109542
82	200000000000001812	なんと	108663
83	900000000000094784	チヌーク	108352
84	600000000000007175	オニック	107606
85	1200000000000100366	ムササビ	107329
86	1200000000000074336	an	106897
87	200000000000003356	ゆきのふ	106563
88	500000000000077750	いったく	106511
89	1500000000000060537	しゃこ	105763
90	1400000000000015523	花海さん	104500
91	1100000000000003921	ゲスマイル	103223
92	500000000000003133	みお	102984
93	600000000000092995	リトル	102940
94	1000000000000004130	でん	102934
95	900000000000009014	みど＠同僚＆ラウメン募集	102198
96	1000000000000074398	えっくす	102103
97	1300000000000043139	レックス♪今年もよろしくお願いします(^3^)/	102091
98	400000000000060652	いつき	101941
99	1500000000000000573	Earl	101734
100	1300000000000054427	kksm	100720
101	1500000000000085269	タウリン	100659
102	700000000000041045	fide	100142
103	500000000000098235	ゴレムス	99502
104	400000000000028856	ぬれせん	99056
105	200000000000002425	黒猫＠HN他引き取り手募集中	98445
106	600000000000078187	ジョン	98159
107	1100000000000000928	AGP	97176
108	100000000000072758	SCSI	97039
109	15129	くっすん	96928
110	300000000000082615	さなやた	96689
111	1100000000000026152	みか	96329
112	500000000000002317	みかにゃん	95921
113	1300000000000007802	タクティー	95190
114	1300000000000080871	夕樹	94819
115	85340	うまそう	94487
116	1200000000000030400	かん	94075
117	300000000000005718	BEGG(ﾍﾞｯｸﾞ)	93844
118	1300000000000098826	ナギ	93627
119	800000000000000686	もちりん	93008
120	100000000000060318	librasta	92422
121	1100000000000052595	カチ	92016
122	500000000000031983	くある	91726
123	1200000000000008361	くすのき	91521
124	500000000000017112	wat	91072
125	1500000000000099258	アステル	90786
126	500000000000093183	レドル	89992
127	800000000000015033	きいち	89008
128	700000000000073279	くまきち	88335
129	23549	筋肉盛男	88115
130	900000000000003857	（◇）	87885
131	600000000000081764	琢磨	87842
132	400000000000007314	アヴリル	87582
133	1400000000000009171	ぐぎゅるるる	87508
134	500000000000094409	Sac	87388
135	700000000000098719	たぬき	87243
136	1400000000000047625	雪野路	86848
137	1000000000000094395	病葉	86565
138	1200000000000054833	カツG	85894
139	400000000000008268	カメメカ	85690
140	500000000000032260	山ちゃんのﾎﾟﾜﾚ～ゆず胡椒醤油仕立て～	85485
141	1000000000000010616	はむ	85452
142	1100000000000085617	のーち	85344
143	1100000000000046826	毛玉	84910
144	400000000000000105	PG	84427
145	1500000000000052636	Nohaea	84326
146	98506	ミアン	84242
147	800000000000073774	まじっくさん	83430
148	1400000000000007244	モーリー	83402
149	700000000000082215	Kiku	82822
150	1500000000000001984	エイテ２１	82575
151	1000000000000000034	ヒトコト	82540
152	700000000000084124	風森	82472
153	600000000000002102	しょうっち	81663
154	600000000000000188	あかまる	81239
155	1100000000000024017	mikeneko	80915
156	1400000000000037919	焦げ鮪	80008
157	100000000000001337	ゆゆ	79809
158	700000000000091605	こんがり生肉	79718
159	1300000000000086406	ちーぷ	79333
160	300000000000068071	ツキヨザト	78914
161	800000000000071543	まさと	78904
162	1200000000000002755	ホウシ	78816
163	300000000000028529	びぞん	78801
164	100000000000005842	板口久雄	78589
165	1000000000000008458	まどの	78496
166	700000000000045530	Rev	78340
167	1300000000000037451	ふっさん	78286
168	1300000000000051051	ネモフィラ	77782
169	300000000000087465	gwanchan	77609
170	100000000000008717	カレルレン	77018
171	900000000000000043	Ｄｅｎｋｅｃｙ	77014
172	400000000000093855	慎一郎	76939
173	100000000000026172	skta14	76673
174	300000000000010777	ノラ	75699
175	20859	ポンチョコ	75484
176	200000000000052463	boxer4@同僚募集	75041
177	700000000000012426	ﾏﾃｨｽ	75031
178	800000000000096251	尾道	74308
179	400000000000072584	ryohasu	73637
180	200000000000075580	コウ	73600
181	1400000000000050775	けらてん@おはD@同僚募集中	73538
182	87535	somewhatspecial	73434
183	1100000000000007085	のんけ	73393
184	900000000000004754	ふく（C）	73204
185	32336	トモ	73102
186	300000000000094874	earth	73012
187	200000000000006877	bell	72984
188	500000000000002009	G-01s	72930
189	1000000000000098007	ゆきゆき	72900
190	1300000000000074943	ののか	72862
191	400000000000035952	ペヤング	72628
192	1400000000000091800	ダダダン	72228
193	400000000000008200	みずっち	72074
194	300000000000075145	メグミ	71940
195	400000000000002922	グレータ	71835
196	85541	鉄扇(枝ヶ茶)	71734
197	1500000000000061240	おおいし	71705
198	400000000000099318	路人9527	71047
199	1500000000000052147	Or@nge	70856
200	300000000000005123	113	70799
201	900000000000052773	Docpe	70541
202	1200000000000057882	piro	70525
203	600000000000087866	tong@mi	70502
204	1100000000000101475	なんでしょねー	70472
205	800000000000100227	そのか	70434
206	1400000000000003589	kgy	70344
207	900000000000000187	Drewin	70252
208	900000000000062690	A	70178
209	1100000000000044660	k2	70168
210	1300000000000097975	おもち ( メンタル超合金 )	70053
211	600000000000085371	まーくん	69813
212	1500000000000058253	にーよ	69570
213	5131	may star	69504
214	800000000000085932	ゆう	69281
215	800000000000096738	奈覇	69248
216	200000000000053543	たは～(;D)TZ	69202
217	600000000000004569	yuyu	68509
218	200000000000001135	大之輔P(しるこサンド)	68440
219	500000000000015575	ヴァン	68407
220	500000000000099328	小鷹P	68396
221	3225	すばP	68258
222	1400000000000002078	さかずき	68092
223	1300000000000062564	１３ぷとう	68090
224	1100000000000002718	doing	67770
225	73271	ペス	67736
226	400000000000037471	コウヘイ	67698
227	1000000000000059849	misa.	67411
228	100000000000032185	ムギ	67409
229	1300000000000027886	カメ	67399
230	1200000000000024974	政繁	67389
231	1200000000000000563	R_C	67284
232	900000000000027233	るるーしゅ	67263
233	1200000000000005375	werkstra	67120
234	1500000000000097858	コロ助	67099
235	600000000000003098	MATCHY	66913
236	300000000000055810	ゆいな	66898
237	400000000000005950	秋灯♪(=^･ω･^=)	66854
238	600000000000027996	けんけね☆まずはビール(*´∇｀*)☆	66631
239	900000000000004428	しおっち	66198
240	100000000000093234	勝	66114
241	1200000000000003093	スーズー	66052
242	500000000000093985	カワこぼれ	65832
243	800000000000016604	もっちー	65787
244	800000000000003094	游希	65642
245	200000000000039578	ASH	65596
246	1300000000000072553	`kito	65279
247	700000000000003372	ゆんゆん	65247
248	700000000000100398	しんしゃー	65121
249	1300000000000061652	はたけやま	65103
250	1300000000000005492	bessyo	65071
251	1100000000000052668	mk2	65064
252	1100000000000001639	てすて	65043
253	600000000000047850	ぐらん	65007
254	1400000000000001880	あやたか	64830
255	600000000000052066	かわうそ	64790
256	36340	はや	64735
257	500000000000058154	Nerium（可奈ラウ探）	64720
258	800000000000000098	タク	64706
259	300000000000080414	ジャン	64681
260	600000000000058285	にやり@BMD出:可奈、亜利沙 EH出:可奈 相互埋め募集中！	64620
261	600000000000000219	こうげつ	64552
262	500000000000008569	すみなり	64292
263	1400000000000004898	zemsel	64123
264	900000000000031202	IQ	64026
265	400000000000096217	マァァァァック	63896
266	1500000000000002777	koisi	63740
267	100000000000002455	レモン	63641
268	300000000000051883	ザクスキー	63540
269	500000000000020800	がく@律子全所持	63480
270	600000000000054960	ぬま	63386
271	1000000000000093268	練馬区民	63323
272	1300000000000031983	みっさわ	63049
273	400000000000086667	こよみ	63025
274	300000000000062017	二期決定	62627
275	100000000000031598	こーいち	62603
276	700000000000076354	フロル	62452
277	1300000000000039448	みょん	62351
278	600000000000055674	tonDon	62097
279	4836	駄犬ペガサス	62016
280	1200000000000080580	Sの字	61636
281	1100000000000041435	道尊	61612
282	1000000000000001568	まどか	61428
283	700000000000010706	ほしょりひ	61074
284	500000000000054910	きっしー@765歌劇場	60977
285	200000000000062560	嘉神川エルト	60752
286	100000000000008480	ＫＳ	60664
287	1500000000000067965	10126P	60549
288	700000000000026417	k	60541
289	12953	はいんど	60385
290	16039	鷹ため	60135
291	400000000000098304	ひろみ	60045
292	500000000000055230	しょくしゅ	60035
293	74304	いいんちょさん@同僚募集	59992
294	500000000000072866	朝露	59927
295	100000000000010414	ryo	59845
296	1400000000000100229	TAP	59549
297	700000000000073551	☆ 輝きの婿 小川A ☆	59501
298	800000000000062215	左道	59496
299	1120	ひで	59466
300	600000000000006790	ペンギン	59463
301	1200000000000095913	ゆたろ	59443
302	100000000000100021	nubilum	59352
303	1500000000000096608	funtopp	59305
304	700000000000099195	サマリ	59142
305	1200000000000003255	jakalope	59054
306	1000000000000095422	グリル	58960
307	1000000000000092406	Sopure	58753
308	800000000000092862	するめいか	58684
309	300000000000003166	ｸﾙｰｶﾞｰ	58630
310	1100000000000014537	もち入りピノ	58416
311	500000000000099965	一通	58297
312	400000000000072405	渡部P	58237
313	500000000000054232	ムネオP	58209
314	300000000000097165	秘密	58200
315	62161	mlZ2	58138
316	600000000000028623	おむすびまん	57956
317	1300000000000009272	TKR.N(休養中)	57833
318	100000000000098815	うらじみー	57742
319	34835	コジロー	57505
320	1100000000000055414	アレグロ	57323
321	1500000000000055702	たくあん	57001
322	700000000000040401	抹茶ラテ	56835
323	1100000000000086676	ojita	56810
324	200000000000023288	そばつゆ@BMD相互埋め	56647
325	900000000000001190	すかわら	56543
326	300000000000094215	まくらくま	56481
327	700000000000096962	もんたん	56456
328	1000000000000098207	ナナシ	56440
329	400000000000094758	ハッチー	56334
330	300000000000005067	きんたろう	56304
331	80328	やぎヒゲ	56275
332	500000000000086821	atsusan&おがもと	56233
333	1500000000000050228	しるさる(銀しゃけ)P@陸WT乗り	56027
334	96013	八九寺	56011
335	900000000000003531	NBSK	55986
336	900000000000077299	sool	55979
337	1500000000000055162	武熊 豊	55921
338	1200000000000061662	コルチャック	55820
339	1500000000000003486	煌きらり	55810
340	1500000000000011081	HAGE	55785
341	300000000000019317	はちこう	55559
342	300000000000097926	水島一純	55484
343	92194	鋼	55439
344	800000000000098474	エンスモア	55372
345	400000000000003198	みっくん@ζ*'ヮ')ζうっうー！	55237
346	1500000000000002105	たくあん	55183
347	900000000000002983	はにまる	55173
348	100000000000076126	ツッツー	54512
349	1300000000000047215	EMMA	54487
350	600000000000013763	紅のアイヌ	54455
351	1200000000000051023	KenKEN@HP,EH,BMD相互募集	54454
352	800000000000002070	らう	54391
353	1100000000000099462	ニトロベンゼン	54234
354	1200000000000003953	パーカー	54121
355	58984	三度の飯は甘いもの	54061
356	600000000000053572	ムッキー	54023
357	600000000000051610	かじきまぐろ	53740
358	400000000000023590	あっちゃん	53690
359	1000000000000022436	ふえひこ	53627
360	200000000000063347	あるぅ	53525
361	100000000000001262	ﾊｲﾃﾞﾏﾘｰ	53504
362	1100000000000047071	ヒデック	53439
363	1500000000000000816	ムム	53396
364	1500000000000050204	素敵な音色Ｐ：every?ing!３９公演千秋楽！木戸ちゃん、エリイちゃんに感謝	53378
365	300000000000085152	える	53375
366	1100000000000076740	Dong	53362
367	800000000000024190	しり☆うす	53336
368	100000000000097130	こう	53320
369	1000000000000070195	すぴ	53311
370	800000000000050570	ミートアクロス	53287
371	200000000000007542	さいとぅー	52922
372	1400000000000000550	みすてゐルカ@4th待機	52901
373	90103	忠一	52884
374	1500000000000079660	John.k.c.harding	52878
375	800000000000004075	赤宝石P	52771
376	1300000000000099959	もふけもP	52749
377	600000000000051367	エツ	52704
378	45234	昴	52652
379	1100000000000046647	DeQ	52651
380	400000000000044824	助兵衛	52359
381	1100000000000000238	次郎	52332
382	700000000000063310	ひでき	51956
383	1000000000000011139	かなた	51905
384	800000000000029131	しぇんまお	51882
385	1100000000000053002	プチ	51816
386	700000000000096834	HI I AM YUI	51764
387	400000000000077887	しゃれあむ@ラウメン&同僚募集	51672
388	700000000000008821	まさ	51640
389	1000000000000052263	わんた	51472
390	500000000000028017	モモたん	51426
391	1200000000000098024	佑@可奈ちゃんと共に	51358
392	200000000000020808	歌音P	51310
393	1000000000000008578	ヲカジ	51242
394	500000000000082430	成増のイタい	51194
395	300000000000000260	カミクズ	50920
396	1100000000000100499	猫又さん	50915
397	600000000000025824	月見蕎麦	50796
398	500000000000078535	dash7	50712
398	1000000000000075888	柏	50712
400	100000000000079631	ふるけん	50704
401	200000000000061492	かいじゃりん	50586
402	39312	デフォ子	50352
403	1000000000000056006	らくだん	50211
404	200000000000011691	ハナコ	50196
405	700000000000096825	koko	50192
406	1200000000000097714	まっちゃ	50160
407	900000000000012323	フリテン	49803
408	100000000000087949	やっさん	49645
409	900000000000002252	nova	49470
410	300000000000078557	鰻とタラバガニ	49420
411	1400000000000085867	ジャンプー	49332
412	200000000000075480	Hill_Grizzly	49319
413	1500000000000080460	テレス	49269
414	1300000000000101636	low	49102
415	800000000000011213	伍段	48975
416	1300000000000099137	ひふみ	48887
417	1500000000000081187	fact'-(ミリ4th初日)	48639
418	400000000000093185	ユキ	48569
419	1000000000000023397	☆マサ☆	48437
420	1000000000000094111	YEBISU	48420
421	77972	かずき	48384
422	500000000000061223	はこ	48267
423	500000000000038572	シロワニ	48216
424	1000000000000007438	ゆきぽん	48176
425	100000000000000112	貧血ヒヨコ	48171
426	700000000000053053	Hina	48108
427	4396	くずもち	48072
428	500000000000058950	さっちまん	47728
429	1500000000000001015	しゅんころ	47694
430	400000000000005987	楊@ミリオン4ht全滅orz	47611
431	200000000000000949	Bob	47432
432	1400000000000006808	ぶるすぴ	47338
433	300000000000079288	もひと	47294
434	400000000000002909	クワトロバジーナ	47103
435	800000000000004782	ラズロ	47050
436	1000000000000101136	Player 1008274394	47021
437	700000000000082064	れいあ	46981
438	1000000000000003778	レン/親指姫杏奈	46859
439	300000000000046431	ろっくま	46826
440	100000000000004541	かおちゃん	46598
441	100000000000022940	KAI-KUN	46344
442	1300000000000101729	ゆうじ	46326
443	500000000000018343	たかひろ	46316
444	700000000000008736	のきあ	46313
445	600000000000003015	もち	46213
446	200000000000079689	よしぽん	46210
447	1500000000000005504	迅雷	46056
448	1400000000000002774	バンチ	46053
449	200000000000055501	如月祐（ダーツエンジョイ勢）	45780
450	1685	ヒトデ	45774
451	300000000000029127	ゆっきー	45738
452	1100000000000006854	霜	45705
453	800000000000056592	イロイロ	45600
454	100000000000050991	デスなおぽん	45588
455	1200000000000000350	みやの	45443
456	1100000000000023966	くろう	45425
457	300000000000042572	ストレスによる過食症	45414
458	600000000000049622	expo	45398
459	1000000000000003861	マキィーテP	45376
460	5346	あじへい	45342
461	97649	くずてつ	45216
462	1300000000000013694	ギョウ	45166
463	1200000000000053053	chihiro	44941
464	300000000000096840	ヌンチャク２号	44809
465	1500000000000061335	わさびもち	44647
466	1300000000000004547	かず～	44493
466	1500000000000001174	バスター	44493
468	800000000000097390	harry	44460
469	1500000000000002897	じゃが	44312
470	1400000000000046114	マニゴルド	44238
471	543	テスタロッサ	44036
472	1200000000000056987	みーシャ	43984
473	900000000000054728	にゃ	43980
474	300000000000094254	まゆり	43957
475	600000000000097953	木の梢	43882
476	400000000000062517	ファインマン	43856
477	200000000000051586	ひまっち	43845
478	900000000000000169	りょうの	43667
479	500000000000081498	りく	43578
480	500000000000050941	国士無双	43460
481	700000000000015806	はるき	43424
482	600000000000050520	ジン	43355
483	1100000000000001685	歩道橋	43350
484	100000000000054598	明星弐号	43275
485	900000000000076310	水獺P	43164
486	300000000000006103	まくわうり	43084
487	200000000000087169	ハウキャン	42997
488	700000000000033928	Yotti	42982
489	100000000000085740	パンにはジャム	42918
490	200000000000002906	悠輝	42848
491	600000000000004932	灰色の虹	42706
492	900000000000033392	じゅん	42497
493	600000000000099906	Elwood	42476
494	600000000000039369	OzMa	42340
495	700000000000017212	あけおめ！ことよろ(^-^)◆ミツ◆	42306
496	1200000000000006416	たごさく	42286
497	500000000000096564	太田浩司	42280
498	1500000000000005806	いーちゃん	42268
499	800000000000023109	ウオマサ	42213
500	100000000000001981	くさだんご	42092
501	200000000000098228	かぼちゃ	42027
502	1200000000000097868	Quick Queen	41904
503	900000000000074104	Kaaaaaaaaan	41891
504	400000000000002154	.ioa	41885
505	500000000000025835	MFP	41824
506	700000000000054694	おとこむらた	41716
507	1000000000000022834	猫茶	41609
508	1400000000000097298	すごあるな	41593
509	100000000000060038	きもり	41589
510	900000000000053455	赤坂さな	41553
511	100000000000009604	ヲレンジ	41519
512	600000000000086791	もっきー	41475
513	1200000000000017951	Name-M@【謙虚】【感謝】【本心】	41439
514	100000000000009422	なま	41428
515	100000000000078356	SSR	41393
515	1500000000000079985	DIC	41393
517	200000000000077526	L.C.	41356
518	600000000000002615	Phantom	41283
519	1500000000000052509	まこP	41219
520	1500000000000082264	poke	41204
521	400000000000054497	さち	41191
522	300000000000073915	まき	41175
523	1200000000000050907	いっき～	41128
524	300000000000008510	あかね	41124
525	1000000000000010992	biscemark	41122
526	1500000000000051848	す～	41043
527	500000000000010310	タナユウ	41036
528	1500000000000054492	カスタード	41005
529	1500000000000000403	ぱけ@ULA真美	41002
530	100000000000029330	碧ちゃん	40973
531	1200000000000076074	tollon	40960
532	1000000000000003349	ごん	40927
533	28215	ささぱん	40917
534	900000000000015409	yamaki	40880
535	1300000000000037890	刃付きのゴロシチ	40776
536	1000000000000009807	あらすみ	40765
537	800000000000008935	悠	40693
538	1000000000000002357	ゆぼ@愛美世代	40655
539	1000000000000004602	コースタン	40602
540	500000000000014250	快姫	40441
541	500000000000094246	ナビスコ	40315
542	1300000000000055990	鳳	40100
543	600000000000094437	auau	39846
544	200000000000009294	F.S	39823
545	1500000000000053581	すかい	39794
546	700000000000000034	カルチャー＠(＊＞△＜)	39779
547	600000000000005349	ハセヲ＠鉄也Ｐ	39700
548	300000000000002222	春菜	39696
549	1100000000000034348	うーさー	39639
550	100000000000099917	キョン	39596
551	1200000000000000274	かる	39538
552	700000000000081475	シテン	39536
553	400000000000046229	時雨	39505
554	100000000000012363	豊葦原みづほ	39478
555	600000000000101237	moonchild	39342
556	100000000000062968	ターミナル	39322
557	1000000000000053502	ほく千代	39264
558	200000000000054444	飴細工のパンダ	39082
559	100000000000080451	鈴木	38953
560	1000000000000097325	ハルラン	38885
561	1500000000000081978	黒糖ﾐﾙｸⅡ	38883
562	100000000000009152	ドラゴン社長	38821
563	500000000000052284	ぴむす	38808
564	1400000000000100234	txc	38789
565	700000000000096247	サワー	38784
566	500000000000082102	おれき	38726
567	700000000000075639	ほろ酔い侍	38673
568	1000000000000007726	フーＰ	38637
569	1300000000000097678	フジータ	38600
570	100000000000057292	色弱P @予備役	38558
571	10194	コウメイ	38480
572	800000000000004150	036	38416
573	900000000000013358	まるるー	38342
574	1400000000000007584	Tamoto	38242
575	1100000000000003261	ゾエP	38213
576	1000000000000100744	ロビンソン	38157
577	700000000000057657	音瑠	38072
578	1300000000000049726	桃太郎	38024
579	800000000000000333	*'ω'){なぎにゃん†白亜なぎさ☆〕	37986
580	500000000000057916	れんこん	37965
581	500000000000002048	どぶろっち	37936
582	300000000000010825	まさヤン	37893
583	700000000000054233	らむ	37868
584	800000000000073434	瓢箪	37819
585	500000000000052069	赤坂	37811
586	600000000000004613	Eisuke	37780
587	100000000000030501	O・K@同僚募集中の平凡な無(理のない)課金P	37749
588	149	はる	37693
589	15405	ブリ	37653
590	500000000000020786	あやと	37542
591	1400000000000027267	請真	37528
592	61666	夕凪	37379
593	1100000000000091211	うわばみ	37333
594	200000000000000245	o-ku	37270
595	1300000000000010290	モズグス	37255
596	400000000000001373	Kaiton	37230
597	1100000000000003404	aki1919	37104
598	300000000000078396	ゆのさぎ	37065
599	800000000000093831	いち	37064
600	200000000000005782	か～ねるん	36990
601	200000000000087230	翠月	36955
601	800000000000075282	まーしゃ	36955
603	1400000000000099299	るい	36895
604	14065	ひふみ	36828
605	300000000000002314	arishi	36508
606	500000000000000443	だご	36485
607	500000000000003834	オモイカネ	36465
608	300000000000078969	mnhr24	36437
609	1500000000000015431	櫛枝真☆(アイマス!!)	36416
610	1000000000000030246	一方通行	36378
611	1400000000000054207	ぺーたー	36357
612	1000000000000001707	ヒナミライ	36221
613	800000000000086524	白さゆ	36208
614	500000000000033528	牛たん	36111
615	1200000000000076452	tenko0305	36083
616	300000000000043860	いち	36000
617	300000000000056120	火咲P	35943
618	1500000000000061306	うおのめ	35941
619	800000000000022905	矢須乃介	35936
620	1400000000000023131	Kite	35906
621	300000000000012987	たく	35893
622	300000000000054562	ドランゴMk-Ⅱ	35881
623	200000000000074480	●	35867
624	900000000000004967	十六夜	35804
625	200000000000036944	けん坊	35733
626	1500000000000002364	むささび	35665
627	1400000000000061133	ミキツバ@セキト	35656
628	700000000000006419	epo	35649
629	1100000000000048639	時野邦人	35648
630	1000000000000017673	順平	35600
631	1100000000000050344	かずにゃ	35517
632	900000000000014495	おいじゅーす(寝落ち失礼(;´д｀)	35503
633	900000000000050920	セロトニン24	35174
634	800000000000085076	くるみ	35128
635	1400000000000056013	アキ	35086
636	1000000000000005940	S†S	35046
637	900000000000101285	もやし	35021
638	300000000000001890	Cierny_Orol	34997
639	800000000000076724	えるもってぃ	34977
640	1100000000000074788	sinzi@ＢＭＤ亜昴　求）最未杏朋宮佐琴歩福姫憐風ジ瑞　以外	34976
641	200000000000026987	マルマル	34942
642	1200000000000086700	いぷーのしっぽ	34922
643	1400000000000003530	しき	34803
644	1300000000000020839	"ｍｅｍ ""煉獄の変態"""	34792
645	1400000000000062282	カムチェ	34786
646	1300000000000014433	デンター	34682
647	400000000000003758	BEC	34630
648	900000000000079842	Kiari	34606
649	1100000000000049646	敏葉	34544
650	400000000000001238	多楠	34440
651	400000000000031014	だそりん	34249
652	1500000000000001683	むみん	34126
653	400000000000009605	鳩ジョ	34112
654	600000000000100223	64	34078
655	600000000000098212	るね	34056
655	800000000000081426	バルキー	34056
657	600000000000053013	snow	34042
658	1200000000000065367	しうい	34010
659	400000000000004994	フロン	33968
660	700000000000007294	Shinya	33948
661	1400000000000012111	にんにん	33910
662	900000000000074683	ketty578	33825
663	100000000000077272	risu820	33809
664	1200000000000074733	ダイ	33725
665	1000000000000006548	Zone.	33647
666	400000000000011707	ネメシア	33575
667	900000000000068367	まこてぃ	33533
668	1200000000000081651	さくさく	33385
669	500000000000003897	ひろ	33304
670	700000000000077028	モヒカン	33268
671	400000000000098967	スカイ	33267
672	1500000000000004625	Dorado	33263
673	700000000000093819	ayumep	33249
674	12374	えなころ	33218
675	1000000000000011830	かまぼこ	33162
676	1200000000000022693	ハティ	33161
677	100000000000005427	夕焼け空	33156
678	400000000000020207	にいな	33075
679	600000000000085771	ひとせ	33063
680	60834	むせき@同僚募集中	33040
681	600000000000085129	やっすー	32972
682	900000000000073662	もじもじ君	32948
683	800000000000002247	ユニロデ	32916
684	86743	うきわ赤草	32890
685	500000000000051148	八神紗樹	32828
686	200000000000098614	KAS	32790
687	700000000000042163	ヨシ	32777
688	1200000000000034361	urban	32772
689	200000000000081455	ペンギン	32711
690	800000000000071257	ふぁんとむ	32655
691	1100000000000070989	みっちん	32600
692	1100000000000057760	ﾍｲﾛｰ!	32504
693	100000000000003354	四音	32461
694	700000000000011820	社員	32447
695	28446	公社	32424
696	1500000000000101514	るちゃ	32406
697	200000000000079631	かた	32363
698	800000000000002586	Hide	32302
699	1500000000000070171	シノン	32273
700	900000000000076979	わんこ	32210
701	1400000000000010746	Rin@手づくりのぶどーかんへ！	32180
702	1100000000000000009	fishbone	32154
703	100000000000006520	影山 瞬	32150
704	32282	DL	32141
705	96594	ma-sa	32138
706	600000000000074665	tairamune	31972
707	400000000000000125	鴉	31946
708	100000000000001479	和沢	31936
709	900000000000001263	うみどり	31874
710	1200000000000051915	hideka	31866
711	300000000000052406	ヒダネ	31865
712	1500000000000101560	Player 1008470911	31766
713	1100000000000025121	Ko	31606
714	600000000000001186	まと	31600
715	700000000000052711	ろくげん	31599
716	76023	倉石	31529
717	1400000000000052867	2代目隊長	31442
718	200000000000004861	あたたん	31424
719	1100000000000096895	てくてくペンギン	31368
720	100000000000074101	遠山悠夏	31307
721	1500000000000100797	真実の赤	31270
722	800000000000014099	鷹丸	31219
723	300000000000099554	ヒロ	31217
724	600000000000101214	Player 1008363206	31156
725	1200000000000005578	うけ	31135
726	1400000000000093452	ROSA	31100
727	800000000000000106	伝千	31075
728	1400000000000095527	どぐま	30981
729	700000000000001691	らっこ先輩	30894
730	800000000000004193	林田	30791
731	200000000000006522	茄子男(TS中)	30790
732	800000000000049893	乃羅猫	30717
733	300000000000077560	ダイヤ	30704
734	1200000000000070826	sword	30661
735	900000000000002007	karma	30628
736	700000000000056166	ユージィ	30600
737	98845	涼	30581
738	1400000000000004393	あな	30576
739	600000000000050960	ワラブキP	30572
740	92780	わたな	30530
741	700000000000100419	ねねちゃんちー@サブ垢	30408
742	900000000000020982	はなまるです！	30341
743	400000000000099203	Player 1007409028	30252
743	600000000000050293	Kanely	30252
745	1400000000000000122	タラ	30235
746	100000000000080125	なりはら	30210
747	600000000000027449	H@NK	30175
748	700000000000080143	P	30097
749	500000000000051245	サルベージ	30072
750	400000000000018213	yeku	30063
751	600000000000041714	拳剛	30030
752	500000000000018931	しげ	30020
753	1400000000000086124	Zenonz	29912
754	400000000000082197	jhon	29876
754	800000000000000870	町長	29876
756	20130	すらん	29868
757	900000000000004197	塩バター	29750
758	100000000000008229	やん	29744
759	1000000000000001090	みつば♪+ﾟ*ﾟ	29719
760	700000000000045600	ハル	29689
761	86211	落葉宿	29680
762	1200000000000087726	ふーちん	29622
763	100000000000039753	マロン@招待スルー友募集中	29529
764	600000000000010945	TMR	29518
765	900000000000022979	ぽんた	29478
766	400000000000001320	春流紫苑@飛べない子豚ちゃん	29472
767	1000000000000050320	ふくやん	29408
768	100000000000031577	しんごん	29392
769	1000000000000059359	りんこ	29352
769	1300000000000030454	ブチ撒け	29352
771	1000000000000085722	もちもちきなこ餅P	29300
772	600000000000003642	風葉　	29289
773	1200000000000074542	ボー ・ブランツェ	29226
774	200000000000083872	koushi@P	29123
775	1000000000000005677	emanon	29119
776	1300000000000051036	Per	29086
777	1200000000000083226	とりっP	29081
778	600000000000012872	くくなぎ	29078
779	700000000000061765	narutara	29059
780	1100000000000030445	CCC-AXE	29051
781	300000000000039800	ルパン20世	29038
782	800000000000096708	ぴぐろ	28968
783	1200000000000099447	アサギ	28942
784	1200000000000007375	やすちぇい	28920
785	600000000000000172	アキ	28915
786	500000000000080717	白栗	28876
787	1500000000000003223	アカツキ	28859
788	800000000000038672	B-LAST	28839
789	1300000000000008046	シマリィ	28786
790	1500000000000005702	Ｄ.ゆたか	28784
791	500000000000005423	ペエ★	28766
792	1200000000000094910	漆黒の翼	28744
793	1200000000000049895	きこう	28719
794	1200000000000005002	TD	28700
795	600000000000097614	ナマクラ	28699
796	100000000000006822	とくとく	28665
797	800000000000076076	あか丸	28595
798	1100000000000009930	ANIMER	28588
799	1227	さたもに	28584
800	1500000000000093163	yyu	28440
801	900000000000080212	よこよこ@同僚募集中！	28402
802	300000000000101241	ナマヲ	28350
803	1200000000000032989	氷＊アバプリ失礼します。	28279
804	1100000000000000897	snow	28251
805	86845	とも	28183
806	1400000000000023238	しましまニャンコにゅにゅ★	28118
807	1100000000000050765	ポテマヨ	28098
808	300000000000058373	八雲	28037
809	500000000000093396	autumn	27927
810	17817	たみぃ	27918
811	1200000000000001529	がぷりす	27914
812	800000000000071837	itgeek96	27912
813	300000000000043463	深春	27902
814	400000000000027007	ひでっちFC	27764
815	700000000000000742	ｻﾞﾝ	27702
816	100000000000054122	プロペラヘッド	27681
817	500000000000097951	ut2	27672
818	200000000000000690	くらあく	27639
819	5401	ゆや	27612
820	200000000000084251	8月9日	27567
821	200000000000000759	かお	27497
822	1100000000000085021	moyashi1111	27492
823	600000000000003450	ナナヤ	27468
824	800000000000031133	aqua	27458
825	1000000000000062649	カガク@リク無視でｵﾅｼｬｽ	27454
826	900000000000076498	イノッタ	27328
827	700000000000004191	はるぱぬ	27204
828	200000000000021455	ばぐたろー	27199
829	400000000000074691	さとち	27162
830	101831	とし	27152
831	1500000000000100898	玄葉	27138
832	1300000000000044214	とーくん:[平日in率低下]	27135
833	1100000000000002443	ぷる	27134
834	600000000000000681	いなんな	27128
835	100000000000074380	のん	27113
836	1200000000000076495	行火	27049
837	300000000000062101	ローバー	27022
838	500000000000003073	ロロコロ	27008
839	100000000000062946	まるヒロ	26926
840	1500000000000004221	いちこ	26880
841	400000000000003157	バラム	26845
842	1400000000000052066	atm012	26834
843	1500000000000007514	日向小麦	26799
844	1500000000000087809	toa	26777
845	400000000000055633	tople	26752
846	200000000000055357	そうちゃん	26717
847	1100000000000055334	ジャガイモポテト	26658
848	900000000000055496	シーヴァ	26653
849	100000000000101401	Rath	26648
850	300000000000051893	Qoo	26647
851	1500000000000001967	ピーマン太郎	26632
852	1500000000000006844	かたくら	26628
853	300000000000017945	zeyo	26625
854	1300000000000000657	夏追P	26501
855	1100000000000010699	すりー	26432
856	100000000000027439	Xeno	26390
857	600000000000088118	やくもくん	26385
858	1000000000000083469	オリカ	26376
859	1100000000000027610	ダイス	26336
860	200000000000024507	まここ	26286
861	1200000000000098955	じゃがいも太郎	26240
862	1500000000000054015	りあ	26227
863	300000000000057679	アルス	26216
864	74038	くぅたん　	26190
865	800000000000011802	玄米	26164
866	1300000000000077270	あんみょう	26127
867	300000000000095705	ハル	26028
868	1200000000000006240	むつみ	26020
869	900000000000003649	ルミ	26013
870	200000000000094356	ジャンガリー	25948
871	800000000000022775	よっしー	25917
872	1200000000000081322	桜花	25911
873	1000000000000098024	くらぱら	25862
874	700000000000005760	げっと	25726
875	800000000000031667	ソキソキ	25655
876	1100000000000032110	まきば	25639
877	1300000000000096843	VIVID	25597
878	1100000000000005730	因果応報	25586
879	500000000000039140	ブスとん	25556
880	700000000000076578	かまたす民	25536
881	1500000000000081962	ＧＯＬＤ	25459
882	100000000000012762	チハ	25441
883	1300000000000018678	モモ	25426
884	1400000000000000492	アオモグラ	25361
885	800000000000080377	ヤスヤス	25350
886	32197	イチ	25344
887	500000000000051872	しおみせな	25336
888	1100000000000003459	なべお	25298
889	600000000000000705	咲来	25275
890	99852	rind@P	25272
891	500000000000004264	だいなっきす	25240
892	900000000000041340	ゆっこ	25210
893	200000000000089151	lop	25131
894	200000000000100749	ラボR	25128
895	400000000000073549	リュカ	25105
896	600000000000079642	うー	25045
897	600000000000040308	やまやまたん	24979
898	1500000000000097369	れな	24951
899	900000000000009502	ハマジンP	24940
900	500000000000007549	雪の宿	24872
901	600000000000053554	Atomu	24861
902	1200000000000000367	ライシン	24847
903	700000000000035769	おサカナさん	24840
904	1400000000000061183	【シヴァ（765レインボー☆彡）】	24838
905	200000000000086435	朱雀	24812
906	1300000000000060519	ここな	24768
907	400000000000045365	保登心愛	24724
908	100000000000013147	ちょめすけ	24584
909	1100000000000000592	える	24577
910	900000000000053566	chrono	24573
911	100000000000013563	taka2	24528
911	900000000000053507	ぴんたろう	24528
913	200000000000055762	チャナガブルP	24488
914	1000000000000097616	黒鷺	24468
915	1500000000000101534	石原勇人	24455
916	400000000000081927	デゴ	24444
917	100000000000001995	ヨシキP	24402
918	1400000000000082183	泡盛*JJ*△	24244
919	1400000000000097842	音舞小烏	24200
920	1000000000000078091	ノワール	24042
921	800000000000051988	すすき	24033
922	1100000000000062528	セント	24024
923	300000000000076795	すみちゃん	24016
924	1000000000000016738	与次郎	23998
925	1300000000000003337	マシュマロ	23983
926	900000000000043872	ks ドリギルメン募集中！	23957
927	100000000000012053	oox18999	23952
928	100000000000017297	チーボー	23916
929	1100000000000094311	こま	23876
930	700000000000096291	衛士	23851
931	1200000000000080542	たけし	23832
932	500000000000095037	rip	23816
933	900000000000095306	ノリシオ	23712
933	1500000000000006384	キク	23712
935	100000000000000441	涼風	23635
936	900000000000002196	夜刀神‡～GOD～‡	23632
937	1500000000000078942	徳川まつり	23552
938	700000000000004302	S-Syou	23550
939	47222	ヒューズ	23444
940	600000000000002610	ｶｲ	23436
941	1400000000000061203	シモシモ	23393
942	1200000000000001384	taku-o	23391
943	100000000000009833	なやんす	23373
944	1500000000000082868	からぽん	23295
945	700000000000094560	m.	23247
946	1200000000000078872	ショウ	23168
947	800000000000000033	*	23130
948	600000000000025000	スノードロップ	23112
949	1200000000000004105	犀牙	23092
950	600000000000028818	jojo	23069
951	100000000000007535	つぶあん	22976
952	600000000000085381	ウエケケケ	22950
953	79982	看板	22833
954	300000000000049849	mp1pgmw	22816
955	1400000000000098419	あかちの	22812
956	10769	くうこ	22796
957	73420	dante	22770
958	1100000000000004806	とん吉	22767
959	1500000000000041120	ワタル	22736
960	700000000000079323	ハコP	22720
961	1500000000000035455	ガイタ	22712
962	1400000000000011301	しのぐ	22675
963	1200000000000000577	オリロー	22659
964	1000000000000011393	eg	22620
965	700000000000085386	きしより	22572
966	1400000000000079446	とも	22561
967	500000000000050977	mayers	22525
968	1100000000000080076	テイル	22431
969	600000000000026475	11EIJI	22356
970	96000	まらかす	22300
971	800000000000000628	スピノザ	22284
972	251	ナーシュエ	22264
973	1100000000000049546	ぽかぽか	22136
974	400000000000091746	鈴	22059
975	200000000000000276	トシ	22048
976	55398	かささ	22034
977	1200000000000095336	カズト	21970
978	1300000000000054061	ジュカイン	21944
979	10832	紗里@真美と桃子のお姉ちゃん	21936
979	1400000000000058658	たか	21936
981	800000000000086463	アトレティ	21920
982	1400000000000001462	トモ	21915
983	1500000000000095896	あきとん	21884
984	600000000000051510	モモケン	21858
985	1100000000000080674	ゆみ	21850
986	500000000000077402	リオ	21794
986	700000000000000825	ﾓﾝﾃﾞﾝｷﾝﾄｼﾞｬﾊﾟﾝ ｱｲﾄﾞﾙﾏｽﾀｰ課 課長	21794
988	700000000000085886	九条綾瀬	21792
989	300000000000077384	あらん	21757
990	500000000000029830	クックン	21725
991	400000000000001290	ﾕｰﾀｽ SprouT	21717
991	1100000000000088864	bookt	21717
993	1100000000000098196	よっしー６	21646
994	1300000000000080244	ひでと	21633
995	1200000000000016006	じたK	21626
996	1300000000000020549	しょ～ぢ	21603
997	1300000000000094296	ららら	21590
998	1500000000000002866	かたなし	21568
999	600000000000002467	からから	21524
1000	1500000000000061253	アイザック	21486
1001	1400000000000001089	リングドラ	21462
1002	1400000000000092332	dama	21411
1003	94014	もなか	21409
1004	1000000000000037670	ryoryo2	21381
1005	800000000000021829	すぱいく	21307
1006	100000000000018112	マサシ	21274
1007	600000000000049491	へきあ	21251
1008	400000000000034238	そら	21225
1009	300000000000061743	涼季の季節@ラウンジメンバー募集	21080
1010	1400000000000008662	はちぽち＋	21061
1011	1300000000000056837	Bauer	21018
1012	1500000000000080214	新月	20978
1013	300000000000002683	紫奈（しな）	20911
1014	1300000000000100596	Player 1007848653	20908
1015	400000000000024904	フラット	20855
1016	1400000000000003794	けめけめ	20843
1017	1300000000000056061	アズサ@メソタニア勢	20829
1018	200000000000086794	ダメヨシ	20807
1019	1400000000000062587	璃音	20752
1020	1300000000000017744	ギンタ	20700
1021	1500000000000076669	綾人	20698
1022	1400000000000009160	KO	20648
1023	1500000000000058619	パンナコッタ	20640
1024	800000000000058394	Con	20601
1025	600000000000073068	らいあっと	20600
1026	500000000000096838	atzgr	20596
1027	300000000000080950	オルト	20588
1028	100000000000073636	ふみ	20580
1029	800000000000014185	新年快楽	20562
1030	1500000000000036844	世界の生たぬき	20526
1031	600000000000099167	ゆーむ	20517
1032	900000000000095787	ひろき	20506
1033	1200000000000006464	サガ	20501
1034	300000000000009636	ドンちゃん	20491
1035	1200000000000101189	アルカ	20405
1036	800000000000060567	透珠	20399
1037	1200000000000029621	みづの	20394
1038	600000000000074778	北風 雪華	20392
1039	1500000000000073318	だーまえ	20356
1040	1000000000000073958	jeter2	20340
1041	100000000000004188	hidexel	20337
1042	300000000000084990	ﾊｽｷｰ	20307
1043	1000000000000088166	もち	20275
1044	500000000000077986	ザジ	20274
1045	600000000000061030	ワタハ	20256
1046	1500000000000010216	さか	20244
1047	600000000000062360	カハル	20208
1048	600000000000035392	ナベ	20176
1049	800000000000006876	アッキー	20125
1050	1200000000000079155	れんびん	20116
1051	300000000000021590	アース	20086
1052	400000000000091684	きゅり	20076
1053	1200000000000099278	クラウド	20073
1054	1200000000000001328	こアみ	19971
1055	800000000000006966	サツマゐモ	19959
1056	300000000000051148	カニツ	19957
1057	200000000000062266	capi	19949
1058	1300000000000062510	零	19917
1059	300000000000051205	ふらっとぱいん	19916
1060	1400000000000097500	ざわ	19841
1061	400000000000002805	黒西瓜	19792
1062	1500000000000000193	とみぃ	19733
1063	1400000000000003563	あまさ	19728
1064	1000000000000096959	ムギココア	19704
1065	500000000000078623	まろ	19690
1066	1000000000000074530	Player 1002949130	19646
1067	700000000000000002	Softcream	19617
1068	1200000000000027634	さまさる	19608
1069	1500000000000051652	とめ	19549
1070	500000000000083474	ゆ～の	19498
1071	500000000000000559	なき	19470
1072	700000000000013244	ウコン	19454
1073	1200000000000085002	よしのん	19450
1073	1500000000000002953	ho	19450
1075	1300000000000052616	ばるきゅりあ	19404
1076	1000000000000052064	ﾘﾁｬｰﾄﾞ@Σaaya	19394
1077	1500000000000011938	TAKANM	19330
1078	1300000000000011465	ぱこ	19316
1079	1300000000000082205	バタシラ@受験のためガチ勢一時引退、マイコメント必読、春香イベやりきったよ！	19307
1080	1100000000000061473	水尾炭	19267
1081	500000000000097277	らいど	19216
1082	700000000000051145	falai	19168
1083	1100000000000061636	ふみ	19151
1084	300000000000002517	ヒロ	19136
1085	700000000000061032	ハチドリ	19093
1086	200000000000097578	なつめ	19084
1087	600000000000099533	フワッシィー	19065
1088	1500000000000001693	シモタロー	18999
1089	1300000000000005709	らどちょう	18956
1090	9187	つきゆP	18930
1091	400000000000058798	チョコボール(^_^)	18921
1092	1300000000000004115	めろん A	18900
1093	400000000000045422	さっぴー	18898
1094	400000000000005403	you	18876
1095	700000000000097279	刺さる毛髪	18842
1096	1300000000000006572	Mei	18827
1096	1400000000000054216	ずめさん	18827
1098	1300000000000007209	バイト戦士	18825
1099	100000000000000028	いまち@同僚さん募集中	18800
1100	1300000000000096858	ささみ	18787
1101	1500000000000047021	チル～	18784
1102	1000000000000024898	きよもり	18767
1103	1500000000000048644	お昼さん	18753
1104	1400000000000100706	Southcity582	18739
1105	700000000000021793	ひろ	18725
1106	500000000000095230	光吉	18722
1107	700000000000004721	GSXZ	18704
1108	1100000000000099809	TS	18697
1109	1200000000000072008	K14	18682
1110	1100000000000097547	ジュニオールになりたいびっきー	18645
1111	400000000000003356	14И3	18578
1112	1300000000000099153	アルフォート	18574
1113	1400000000000094692	クラウド	18552
1114	100000000000086706	キー[改]ﾎﾞﾁﾎﾞﾁ成長中	18545
1115	1500000000000099136	ちょこら	18513
1116	1500000000000083713	dai invent03(　ﾟдﾟ)	18418
1117	700000000000002563	kennp	18410
1118	578	マーク	18402
1119	100000000000050764	水銀党雑用係	18395
1120	600000000000056649	マサキ	18376
1121	700000000000015790	只野因幡	18326
1122	1500000000000003036	夜月P	18307
1123	900000000000046761	切龍	18291
1124	400000000000086761	miki10	18242
1125	900000000000027624	maha	18228
1126	500000000000026887	こうちゃん	18221
1127	100000000000013988	まっこー	18184
1128	500000000000083970	トウテツ	18180
1129	100000000000035394	みなと	18176
1130	1000000000000056183	とある杏里沙の超電磁砲	18162
1131	1500000000000000837	柳木枕	18136
1132	900000000000050889	ヤド	18057
1133	1100000000000021476	白米@グリマス同僚募集中	18018
1134	600000000000053992	shuz041222	17985
1135	200000000000050370	しょーか@後回しの達人	17976
1136	800000000000074819	夏希	17952
1137	1300000000000001031	サイズ	17936
1138	1100000000000000475	やらかし侍	17928
1139	800000000000100613	TheWorld♪@どっと吐く//SIGN	17880
1140	600000000000097515	ででで	17864
1140	1400000000000005175	たかあーる	17864
1142	1200000000000096895	桐松心夜	17812
1143	1500000000000001092	ちい	17794
1144	900000000000002306	アクシス	17757
1145	500000000000097094	よっしー１	17745
1146	800000000000005884	寿亮＠Mr.メトロ	17736
1147	200000000000010170	sasahira	17710
1148	96595	diarut	17709
1149	200000000000036529	tak-p	17690
1150	500000000000013787	がんちん	17680
1151	400000000000005460	⊂(・∀・)⊃ブーーーン	17625
1152	1000000000000001836	アフロ	17603
1153	1200000000000052295	ミミズク	17586
1154	1100000000000010846	蔦丸	17581
1155	1200000000000006810	にけや	17580
1156	800000000000093469	ユキマサ	17544
1157	2934	あたる	17540
1158	15456	とり	17539
1159	800000000000078823	らっしゃい	17511
1160	700000000000022825	尾張3104	17472
1161	400000000000024127	たっくん	17461
1162	600000000000100005	電光値	17439
1163	900000000000049398	カンベエ	17416
1164	900000000000006767	オマリ	17392
1165	1500000000000035418	彩乃	17368
1166	700000000000038876	ばかモン	17347
1167	1200000000000009306	ケン	17344
1168	1200000000000018518	いち＠	17247
1169	100000000000006236	観鳥	17240
1170	400000000000096503	3501F	17182
1171	600000000000036118	20円	17179
1172	1500000000000053983	だし巻き卵	17133
1173	600000000000056814	よっぴサンド	17113
1174	800000000000092811	歩く感動の嵐	17047
1175	700000000000001676	みおみみお二型目	17040
1176	400000000000053598	Licht	17034
1177	900000000000012192	Ω	17006
1178	101379	おだのぶもこ	17005
1179	1100000000000011396	まっきー	16978
1180	1100000000000100670	ゆう	16958
1181	200000000000062308	アマスク	16936
1182	1100000000000080833	タユナム	16921
1183	500000000000022728	OOPS	16912
1184	1000000000000093641	ハゲ	16901
1185	1500000000000097699	clear	16860
1186	1100000000000031782	プレイヤー1	16848
1187	1400000000000024381	もやし	16847
1188	400000000000007334	鎖骨にBAN	16744
1189	1100000000000060414	梨花	16717
1190	1400000000000051676	フヌケ	16648
1191	400000000000000150	澄義	16636
1192	100000000000055769	gut	16623
1193	700000000000055515	田中直樹	16622
1194	700000000000094597	メイツ	16599
1195	600000000000051348	りとな	16553
1196	1100000000000004537	JCVD	16505
1197	800000000000001094	えだまめ@同僚募集中	16488
1198	900000000000001194	文弥	16464
1199	1300000000000004499	まんじゅう	16448
1200	800000000000073762	翡翠	16436
1201	400000000000019104	キリツグ(うーろん)	16412
1202	3650	MAST	16382
1203	1400000000000069607	Sejou	16372
1204	1100000000000003091	せえもあ	16359
1205	400000000000006908	へろ	16280
1206	400000000000005155	ジーニアス	16275
1207	40919	とぅり吉	16253
1208	1000000000000015603	そぉい	16251
1209	1300000000000058891	たまき	16236
1210	1000000000000093672	がさき	16199
1211	1100000000000051455	トアニカ	16184
1211	1300000000000079500	ちゃけ	16184
1213	500000000000005940	カッミ	16165
1214	1400000000000011853	音浦	16146
1215	400000000000096468	Rik	16109
1216	400000000000024695	リサキラ	16072
1217	400000000000004143	ジミー	16028
1218	900000000000051938	ぷらてゐ	16025
1219	300000000000096645	みげろん	16024
1220	400000000000096377	ミリオンＰ	15926
1221	1500000000000023828	ナノナノ ＠豊川休憩中	15923
1222	1400000000000034439	ｹﾝﾀﾛｳ	15912
1223	1400000000000030523	ｵｰﾉ	15884
1224	14616	Are	15842
1225	800000000000084936	Player 1004974008	15811
1226	300000000000032138	たもり	15782
1227	700000000000005284	ばーた	15768
1228	1000000000000001944	萩原フヒ歩	15763
1229	200000000000074122	びお	15751
1230	100000000000023265	牛乳に相談だ	15610
1231	100000000000031757	キヨコ	15555
1231	500000000000042385	陸奥	15555
1233	1000000000000082580	Player 1004646986	15532
1234	1500000000000003526	Gabeni	15513
1235	1300000000000097496	ざっかやP	15508
1236	800000000000100976	ワカジュ	15502
1237	1100000000000016358	ﾁﾊﾀﾝ	15499
1238	400000000000098331	やすオンライン	15480
1239	200000000000100479	唾石	15458
1240	500000000000006014	KAI	15456
1241	800000000000095991	琴音☆kotone	15442
1242	400000000000004193	観葉植物	15440
1243	400000000000001126	タイガ	15438
1244	1500000000000028880	きむにぃー	15370
1245	1400000000000021858	カモフラージュ	15368
1246	700000000000080607	奏P	15364
1247	1000000000000007280	みゃあ	15340
1248	101559	DarkNeon	15335
1249	1000000000000019681	kei	15330
1250	81467	Gyuri	15325
1251	1400000000000026917	ねこポチ	15318
1252	500000000000085320	ぴろりん	15308
1253	1400000000000022691	Shino	15307
1254	500000000000000206	れるふ	15305
1255	1500000000000010751	たか	15279
1256	600000000000005131	まめちき	15276
1257	300000000000046787	桜衣_望夢	15180
1258	300000000000021767	になにな	15170
1259	100000000000006360	KOBA	15163
1260	700000000000086092	名無し	15138
1261	1100000000000099271	カタツムリ	15127
1262	300000000000014075	どんべぇ	15108
1263	1500000000000002664	ヒグラス	15067
1264	1400000000000053740	雪炎	15057
1265	800000000000080738	れたすた	15042
1266	400000000000059372	ヒグえもん	14980
1267	1000000000000052345	朝影	14979
1268	900000000000048285	ちゅうや	14968
1269	300000000000078434	ゴブリン	14960
1270	700000000000096774	のずみ	14921
1271	800000000000048046	☆～花桃燈～☆大物お休みしますm(_ _)m	14920
1272	500000000000062349	nabemi	14831
1273	500000000000022812	アキラ	14798
1274	300000000000038485	夕凪	14775
1275	1300000000000059121	kei	14742
1276	300000000000000281	ヘカブ＠木下式恥ずかしアトミックドロップ道場	14721
1277	400000000000099146	空	14709
1278	1300000000000014915	うちなん@歩のHN募集中	14646
1279	1300000000000059022	剛	14624
1280	600000000000044562	7371	14586
1281	1300000000000053259	ジョーカ～	14585
1282	1002	アソビ	14543
1283	900000000000007054	えんたろ	14526
1284	300000000000000009	ぐわす	14448
1285	500000000000005956	うどんこ	14438
1286	100000000000091983	kahuna	14408
1287	100000000000006158	山吹	14396
1288	700000000000004400	河城にとり	14389
1289	1400000000000037817	ＡａＡ	14377
1290	400000000000097594	もちぼん	14316
1291	500000000000096551	108	14296
1292	100000000000097096	mizuki	14270
1293	200000000000021349	たなばた野郎	14253
1294	400000000000098190	Ｍｏｍｉ	14246
1295	800000000000002271	ひが	14241
1296	99652	千歳	14225
1297	900000000000045699	めんたい	14196
1298	400000000000060900	キング	14192
1299	8433	すとら	14188
1300	1200000000000053718	成田	14186
1301	2470	がるー	14166
1302	1300000000000080500	8921	14161
1303	200000000000097368	gon	14158
1304	1300000000000007463	おぐ	14154
1305	300000000000099900	ピヨ将軍	14152
1306	200000000000086110	夏月	14098
1307	1000000000000035908	リスイア	14074
1308	1300000000000056315	鈴木安寿	14027
1309	1500000000000000759	ダイヤ	14014
1310	700000000000028751	ＢＬＵＥ　３	14008
1311	400000000000091806	Alto	13999
1312	1500000000000024553	mechyl	13992
1313	1500000000000030323	チョコ	13974
1314	1000000000000000519	こばきゃのんmk2	13946
1315	300000000000002900	ユウスケ	13945
1316	800000000000005033	ミラクル田中	13944
1317	100000000000099209	ball	13943
1318	200000000000000648	シュウ	13939
1319	3940	みぷれ	13899
1320	200000000000100559	マスクドイマイチ	13840
1321	700000000000030637	ふーみゃ	13792
1322	400000000000022563	シン	13748
1323	800000000000087846	望月杏奈COREA@P	13747
1324	900000000000003438	プニム	13743
1325	1000000000000002735	ちーのすけ	13680
1326	1300000000000012266	ーノ	13664
1327	100000000000077358	ほ	13659
1328	100000000000060891	三村マサカズ	13632
1329	700000000000001409	hikaru	13614
1330	400000000000001439	たけち	13575
1331	1000000000000009503	伊織悪紅疾	13555
1332	900000000000008238	くったり	13552
1333	1500000000000091939	ぽんちょ	13544
1334	1500000000000058354	ティクス	13528
1335	400000000000000239	ビタミン	13497
1336	100000000000079585	悪魔でくま	13496
1337	500000000000004168	ギー太	13474
1338	900000000000000109	こうちゃ	13452
1339	1300000000000029268	アスベルP	13443
1340	400000000000097333	かなこ	13409
1341	94238	よーろー	13384
1342	1400000000000002491	吉良吉影	13380
1343	200000000000011099	AGK	13356
1344	1000000000000003688	篁	13320
1345	600000000000005787	ヒロヒロリン	13296
1346	1300000000000082961	重騎師	13274
1347	600000000000003010	タカピロ	13272
1348	200000000000001649	咲P	13270
1349	1500000000000029573	指揮官B	13262
1350	98722	さえ	13240
1351	99489	ももぱぱ	13228
1352	500000000000018014	ヤマグチ	13205
1353	500000000000043723	ゆぅ	13198
1354	800000000000086980	ブリキ	13178
1355	300000000000094813	ぶれたん	13176
1356	1100000000000095330	みやこ	13160
1357	1400000000000031387	ネコまっしぐら	13140
1358	1500000000000021611	ＭＩＤ	13139
1359	1400000000000101119	Player 1008170254	13094
1360	1500000000000073745	はせ	13079
1361	60561	こじま	13069
1362	400000000000012842	つっき	13064
1363	900000000000077769	おっこ	13025
1364	600000000000096095	USK	13021
1365	700000000000051342	しよ子	13016
1366	1000000000000052652	MZ	12926
1367	200000000000060179	ichi@同僚募集中	12922
1368	1500000000000007356	いなみ	12920
1369	700000000000009194	Gri	12890
1370	1000000000000003461	灰色ぴかちゅう	12888
1371	400000000000024503	縄引き	12856
1372	300000000000000958	kuroneko0401	12840
1373	400000000000099734	みや	12824
1374	1500000000000005313	はると	12815
1375	1200000000000025454	ホクティ	12797
1376	1300000000000033930	ふく	12776
1377	95278	しょーかき	12761
1378	1500000000000020234	オーズ	12755
1379	900000000000098155	のらせ	12754
1380	1200000000000028704	dorae1234	12711
1381	1500000000000040254	みゆう	12704
1382	1200000000000000761	恐怖の72	12698
1383	1300000000000085832	オルタラ	12666
1384	300000000000096937	ういろう	12665
1385	1500000000000085067	やぶねこ	12644
1386	1200000000000075500	でし	12636
1387	500000000000096539	ベル	12608
1388	500000000000074499	Bee8	12568
1389	1000000000000002708	藍田彰(AkirA)	12517
1390	800000000000098282	らずべりい	12505
1391	200000000000033400	カツオ	12448
1392	1400000000000072992	Haruka	12432
1393	700000000000086206	Amon	12411
1394	400000000000035913	nero＠	12400
1395	1500000000000096749	ROWAYANG	12390
1396	700000000000035216	わかみず	12345
1397	79235	えびもと	12317
1398	800000000000093142	フェニックス	12314
1399	500000000000003987	at《ワイド》	12313
1400	400000000000025321	とｇ	12307
1401	100000000000030567	えどがわ	12287
1402	100000000000006245	やまと	12279
1403	200000000000032790	Ｍ氏	12265
1404	300000000000004397	ﾒﾛﾝﾊﾟﾝ	12256
1405	700000000000019692	えるに	12248
1406	200000000000023157	アニマ	12199
1407	600000000000004032	Oscar	12188
1408	1500000000000076791	Player 1003531455	12152
1409	1000000000000091253	月村	12143
1410	100000000000062710	はるび	12140
1411	100000000000101450	楠坂	12115
1412	1100000000000004403	SHOU89	12114
1413	900000000000097411	べーさん	12091
1414	100000000000075007	うさみん	12086
1415	500000000000006747	Puccaリボン	12057
1416	400000000000061492	リタリン	12041
1417	1300000000000003589	gatoh10	12029
1418	1400000000000056384	金子EX	11956
1419	500000000000049116	しのひで！(SM)	11950
1420	300000000000028883	YOS	11927
1421	300000000000046987	銀さん	11917
1422	700000000000098186	シャンプー	11877
1423	1100000000000083536	ばーら	11873
1424	1100000000000080144	氷雨	11833
1425	200000000000005523	蒼の譜旋律	11817
1426	100000000000096333	カーズP	11811
1427	1400000000000095272	和来陽もち	11796
1428	400000000000091912	kdst	11769
1429	200000000000084641	碧羅	11731
1430	1200000000000007363	のりべん	11715
1431	1300000000000095576	Berlioz	11704
1432	93316	南北	11688
1433	1400000000000051918	もくせい。	11672
1434	1000000000000054322	絶刀 天羽々斬	11646
1435	1100000000000094290	ミッシェル	11606
1436	400000000000078723	マシュマロうどん	11605
1437	500000000000061939	うむー	11598
1438	600000000000005393	古河	11588
1439	1100000000000004420	white head	11565
1440	1100000000000050394	れみす	11555
1441	1000000000000022252	Dagoth-Ur	11510
1442	1400000000000074350	レイ@	11496
1443	1200000000000055867	椎名阿香	11464
1444	1200000000000073949	PPP	11410
1445	800000000000000476	けえ	11392
1446	500000000000031869	ユウ	11388
1447	600000000000096508	べっちゃん	11376
1448	200000000000007751	小太郎	11360
1448	1300000000000057567	らい	11360
1450	200000000000012494	アサバス	11352
1451	200000000000080513	もく兄	11288
1452	1000000000000091556	よしひろ	11281
1453	98484	古川	11264
1454	600000000000055445	華村翔真	11252
1455	1400000000000003559	カド	11210
1456	300000000000083539	清隆	11203
1457	200000000000033203	コバ	11178
1458	1200000000000057503	Ne	11170
1459	1300000000000076343	むー	11144
1460	700000000000021872	ゼファー	11130
1461	700000000000006881	液体ムヒ	11088
1462	1100000000000097708	みそでんがく	11080
1463	300000000000079687	YUKI-P	11070
1464	900000000000002133	マッキー	11040
1465	1200000000000096206	txexp	11031
1466	1000000000000029365	ろーじな	11004
1467	1300000000000100904	ルイ	10978
1468	1500000000000018666	ジュンーシュ	10972
1469	1500000000000099549	B	10954
1470	900000000000058810	稀乃子	10891
1471	1500000000000096944	にっしー	10890
1472	500000000000057027	風船moyashi	10860
1473	300000000000002499	KYON	10856
1474	1500000000000073987	さら	10848
1475	100000000000031688	マックス	10819
1476	300000000000094523	UME	10816
1476	1400000000000075291	ヨーゼフ	10816
1478	1300000000000082928	bomdom	10783
1479	1400000000000100835	雨天中止	10756
1480	400000000000083278	大佐	10712
1481	900000000000097459	izmy	10681
1482	500000000000095052	ドム_ニコニコ	10579
1483	88425	暮坂	10559
1484	785	ポリアネス@4thチケット譲ってください	10544
1484	1200000000000003274	まこちー	10544
1486	100000000000052932	atbt	10543
1487	900000000000062391	ななか	10531
1488	1200000000000096011	うた	10518
1489	400000000000010206	マジカル少女みかん	10517
1490	1200000000000051432	ぐんまちゃん	10506
1491	1000000000000056573	ガイユーP/俺ターン/諸先輩方！光の力、お借りします！	10477
1492	200000000000096243	-幽-	10468
1493	1500000000000051690	Bee	10432
1494	300000000000083208	はるな	10415
1495	65546	mi_nakano	10399
1496	400000000000077921	Ponta	10396
1496	1400000000000086004	ぴぃ	10396
1498	1500000000000035557	レツトアイズ	10370
1499	400000000000004140	さんく	10359
1500	1000000000000013563	ケチなグリー	10352
1501	700000000000079466	ArKLupin	10324
1502	1000000000000023836	ゆーむ	10305
1503	700000000000000638	じぇふ	10296
1504	800000000000027414	ショシ	10272
1505	100000000000096074	Fumi2	10256
1506	1300000000000095307	おにぽて	10198
1507	500000000000098053	久瀬	10180
1507	1100000000000002789	さおめろ	10180
1509	900000000000071888	ハッスル	10178
1510	1300000000000005734	カザミドリ	10148
1511	300000000000050801	みぃ	10140
1512	700000000000098713	ますお	10110
1513	600000000000074802	dddd	10104
1514	600000000000037190	ktktktre	10082
1515	600000000000051418	かなりん（天海さやか）	10070
1516	600000000000096254	ヒラタツ	9980
1517	1300000000000003772	でっこ	9963
1518	1100000000000077877	Ryohto	9929
1519	1300000000000009177	有馬☆駿一	9920
1520	900000000000050477	ぴ～(o・∇・o)	9915
1521	1100000000000012973	ちゃば	9908
1522	200000000000018800	chcl3@同僚募集中	9891
1523	1300000000000000282	ひつじ雲	9862
1524	700000000000004344	黒太陽@Wてつを	9858
1525	800000000000037604	ぬるたん	9844
1526	1200000000000036340	やおはち	9782
1527	1400000000000023441	ユウ（・ω＜）	9776
1528	1000000000000051740	マカク	9768
1529	600000000000041446	でるた	9745
1529	1500000000000000784	バルタンZ	9745
1531	1100000000000031884	臥瑠獅唖	9734
1531	1400000000000060430	ブルーオメガ	9734
1533	1500000000000008980	GOTTWOZ	9696
1534	100000000000009724	ＨＩＲＯ	9676
1535	800000000000020361	カロリーメイト	9668
1536	800000000000002847	Wish	9658
1537	383	肉塊	9648
1537	300000000000002074	苧環  大也	9648
1539	300000000000039154	うさぎ温泉	9640
1540	500000000000014081	モモＰ	9604
1541	600000000000073774	とらゴリ	9600
1542	1000000000000072728	天使突抜乂儿	9568
1543	500000000000074384	ばっしゅ	9558
1544	1100000000000029631	モノクロ物語	9554
1545	300000000000017589	ただすめん	9553
1546	600000000000013369	藤	9546
1547	800000000000003511	ぴろ	9543
1548	1500000000000052501	ごっきー	9540
1549	200000000000056332	いっち	9539
1550	400000000000002136	ほっちょ	9537
1551	1100000000000096638	夕里	9514
1552	700000000000084898	鈴蘭	9512
1553	1300000000000002704	ドライブ	9510
1554	1300000000000097866	つるったー	9507
1555	600000000000086353	タック	9499
1556	900000000000018123	オータケ	9485
1557	200000000000087803	ハイパーＫ（ｱﾊﾞ女装中）	9456
1558	800000000000002184	Twinkle	9450
1559	200000000000098956	カルシヨウム	9424
1560	900000000000097672	どっこい	9398
1561	400000000000100248	とりけんP	9394
1562	1500000000000051152	玄兎	9389
1563	1500000000000081680	イサム	9372
1564	1100000000000098313	mar。	9365
1565	600000000000074062	やきとり	9310
1566	1200000000000017734	メリー	9292
1567	1100000000000036278	ロビ	9282
1567	1300000000000096365	Y'n	9282
1569	100000000000007007	木門。	9259
1570	45082	束子くん＠	9256
1571	300000000000078388	こーた	9238
1572	600000000000021239	のっち	9226
1573	500000000000096676	えぷそん@同僚募集中	9216
1573	900000000000000429	かすが	9216
1575	500000000000099437	クー	9213
1576	1300000000000025528	ドギグ	9201
1577	1400000000000101485	Yoshi91	9198
1578	1000000000000005425	恭也	9156
1579	200000000000000273	５２４	9152
1580	500000000000032308	蘭舞	9148
1581	1100000000000018453	ほむら	9137
1582	600000000000101599	ももち	9132
1583	4579	ねおち	9108
1584	1500000000000080376	かんな	9083
1585	81929	ウダラッシュ	9069
1586	13177	noriben	9065
1587	900000000000050886	かみえ	9043
1588	800000000000051398	泡箒	9027
1589	1300000000000074413	だんち	8985
1590	1400000000000024751	まこ	8980
1591	1200000000000021499	みやびん	8974
1592	3059	イインチョ	8972
1593	400000000000003876	tkm@デレステ/WLW勢	8966
1594	500000000000005232	タムちゃん	8964
1595	900000000000053809	ひいらぎ	8939
1596	300000000000051939	ミカト	8936
1597	1500000000000079357	ゼロツー	8931
1598	1200000000000011717	ピースケ	8928
1599	800000000000086733	かっきー	8912
1599	900000000000093243	Nyuro	8912
1599	1500000000000044801	こな	8912
1602	200000000000037829	ao34-143782	8895
1603	500000000000027487	hawgle	8882
1604	700000000000092405	ぽぅ	8869
1605	300000000000080298	march	8816
1606	800000000000010175	伴造	8810
1607	1300000000000001757	つくね	8772
1608	200000000000059130	イェーガー	8768
1609	38502	レナ	8760
1610	700000000000022388	小鳩	8712
1611	600000000000053524	しばしば	8708
1612	1300000000000000118	四泡ゆう	8696
1613	800000000000100672	地雷＠静岡	8686
1614	500000000000020634	datetosuikyo	8680
1615	1200000000000013042	とーふや	8673
1616	1200000000000075852	Ryo	8668
1617	500000000000005462	ＴＶ君です。	8664
1618	414	タリナリズム	8644
1619	100000000000004101	めーぽー	8617
1620	600000000000030663	新郷 京　お宝プレゼント感謝m(_ _)m	8603
1621	1200000000000003455	ふーと	8596
1622	200000000000006782	スプーキー	8567
1623	400000000000076373	ver.38N	8549
1624	200000000000051950	カクリン	8547
1625	100000000000014550	ﾃﾞｸｽ_皆に感謝、マイペースです〈仕事多忙〉	8528
1626	400000000000073666	しばさき	8522
1627	1100000000000002458	ハセリ	8506
1628	1100000000000000836	ＰＩＸＳＥＬ	8491
1629	1000000000000023047	ゴローさん	8490
1630	600000000000037153	ねこすけ	8487
1631	800000000000015721	しめじ【道場営業:マイコメ参照】	8475
1632	100000000000020126	りょう	8470
1633	1200000000000001523	ｲﾉｲﾉ(ｺﾒ返せない時はｺﾞﾒﾝﾅｻｲ)	8465
1634	800000000000030904	しらたまみる	8448
1635	300000000000081421	ほせ	8432
1635	600000000000005232	詩音	8432
1637	1200000000000002062	とまちゃー	8424
1638	200000000000044982	カエルくん	8400
1639	600000000000100459	mami p	8359
1640	1300000000000025763	凱龍輝	8358
1641	600000000000079469	Mamma Luce	8350
1642	500000000000041175	えいえい	8340
1643	1300000000000081217	あいおい	8324
1644	1100000000000005348	ぱぺっと	8294
1645	1400000000000020221	CASSI	8279
1646	1000000000000001922	こうたろ	8276
1647	800000000000055781	NT	8271
1648	1200000000000010116	あかい/×in率低	8250
1649	900000000000020258	Yusuke	8234
1650	1500000000000051281	ごるどす	8225
1651	400000000000081607	ムヨ	8222
1652	300000000000003906	椋	8220
1653	800000000000008667	みくなつ	8217
1654	100000000000019833	鈴子	8192
1655	1500000000000055465	田中良和	8154
1656	400000000000071898	夏哉	8128
1657	400000000000085852	ＨＫ	8120
1657	1500000000000001040	にゅーとろん	8120
1659	900000000000098784	きっしー	8119
1660	1400000000000006386	ろっぷ（招待・カムバックメール無視してください）	8100
1661	1100000000000061562	ありあ	8099
1662	1300000000000098702	Player 1007009549	8080
1663	93286	長月	8070
1664	900000000000013210	Ｈ２ｏ	8065
1665	1000000000000015103	renew	8056
1666	800000000000096671	Solmalia	8040
1667	1000000000000054638	じんましん	8030
1668	800000000000032077	グレイソン	8023
1669	1500000000000001153	tony105	8017
1670	1200000000000096696	きな粉	8012
1671	700000000000001197	§黒雪姫§	8010
1672	47069	わっしー	8001
1673	101442	やち	7994
1674	1300000000000094956	toto	7989
1675	700000000000016065	めんべい	7976
1676	1100000000000080054	ねこにん	7950
1677	300000000000099834	Player 1007812483	7912
1678	600000000000015220	シェリー＠ラウメン募集中	7910
1679	1400000000000027140	大政奉還	7896
1680	1200000000000022865	アキラせんぱい	7880
1681	500000000000004478	ショウータ	7851
1682	200000000000076686	フォスター	7820
1683	1300000000000099517	kMHr	7796
1684	800000000000095585	タタミ	7787
1685	100000000000086753	まなみん	7785
1686	1200000000000087535	765&346	7774
1687	1500000000000005172	(0M0)	7752
1688	200000000000001665	なあ	7744
1688	300000000000037454	なかむら	7744
1690	1100000000000101455	Player 1007111019	7740
1691	1100000000000081563	木くず	7739
1692	900000000000093604	だく	7738
1693	400000000000000136	ゆーぎりP	7731
1694	800000000000079613	おしさん	7730
1695	1000000000000007456	雪見川	7727
1696	1200000000000002626	こう	7700
1697	800000000000077622	潤海	7678
1698	1500000000000004333	mabi	7672
1699	400000000000002991	つくだ	7671
1700	900000000000026956	わ～や	7643
1701	1400000000000037266	ほ？	7632
1702	200000000000019207	ときちゃん	7613
1703	200000000000032783	パト	7600
1704	300000000000002801	ひろ吉	7576
1705	1000000000000055585	サヤ	7570
1706	400000000000001526	閑人(基本無言)	7534
1707	1400000000000040295	辿榎	7528
1708	1200000000000078843	T	7514
1709	300000000000011315	山田	7504
1709	1300000000000005486	とんこつＲ	7504
1711	47864	ぽぽのたん	7490
1712	500000000000003925	Gorigan	7488
1713	100000000000090920	qqq	7482
1714	1200000000000000965	CROW	7478
1715	300000000000000306	ガンバス	7472
1716	400000000000081143	リポビタン	7470
1717	800000000000053222	はなみ	7464
1718	1100000000000003767	柚木水	7463
1719	1000000000000006628	えるえす	7458
1720	100000000000009261	木村卓球屋	7437
1721	1100000000000002304	mst	7425
1722	1300000000000037746	垣太閤 悪友どもと明治神宮で初詣&のんだくれ（笑）	7416
1723	1500000000000101419	はてなっち	7411
1724	500000000000001953	ダウランド	7389
1725	1300000000000079361	夏野菜	7380
1726	200000000000001302	ばっくす	7372
1727	1300000000000009765	ゆーかり	7328
1728	1100000000000002652	でってにー	7315
1728	1500000000000000844	五十鈴くろはる@はるちはマーチ	7315
1730	500000000000101013	Player 1008270485	7296
1731	1400000000000061164	tnebou	7290
1732	200000000000001485	メンソール	7275
1733	600000000000006341	konnbann	7272
1733	800000000000050562	れどてん	7272
1735	400000000000079023	どろ	7254
1736	700000000000078143	エイプリル	7248
1737	1500000000000061862	とらふぐのちくわ	7246
1738	500000000000097202	ぽいー	7240
1739	1500000000000041604	ハズキ	7232
1740	900000000000081733	ユキチカ	7218
1741	300000000000087913	雨傘	7216
1742	300000000000077058	マサ	7215
1743	1500000000000051251	天野真志郎	7178
1744	1400000000000002309	デンジャラス漁師	7144
1745	1300000000000087292	コロン	7131
1746	300000000000099543	getset	7130
1747	1300000000000005666	にじめも	7128
1748	1300000000000007187	ゆずたそ～	7104
1749	400000000000002554	ジェリー@冬眠中	7100
1749	1300000000000098620	ひどらじん@同僚さん(　´∀｀)ゞ ｲﾗｯｼｬｰｲ	7100
1751	300000000000003232	ししゃも	7099
1752	600000000000091855	くまきち	7083
1753	1000000000000085836	見斬り	7061
1754	1400000000000032083	りんりん＠さうすぽぉ	7044
1755	300000000000003899	Calci	6966
1756	300000000000080905	Hitoto	6965
1757	1300000000000072435	くろねこ	6945
1758	1500000000000033254	のわ～る	6942
1759	400000000000000131	京乃ジュン	6900
1760	500000000000077985	森キッキ	6897
1761	1500000000000027456	タッツー	6872
1762	400000000000097483	瓶	6869
1762	500000000000060344	水野	6869
1764	200000000000003131	ダイ	6856
1765	1500000000000098153	YMZK	6823
1766	300000000000097928	バレ	6816
1767	200000000000001488	ｽﾓｰｸﾁｰｽﾞ	6810
1768	1100000000000026511	倫理	6783
1769	800000000000027424	ryof	6768
1770	600000000000013797	jin2141	6760
1771	200000000000003513	ユタカ	6726
1772	300000000000096365	近所の犬	6723
1773	500000000000001930	雪歩@未来ちゃんのために	6720
1774	800000000000101182	ibara	6712
1775	600000000000013694	おろろ	6704
1776	500000000000097151	アレス	6701
1777	1000000000000023772	赤いきつね	6680
1778	1100000000000045839	ユウ	6666
1779	500000000000001981	雨蛙on美也の手のひら	6654
1780	1400000000000008778	つむじまき	6620
1781	300000000000001049	2416	6605
1782	1500000000000011493	ツグ	6599
1783	1300000000000071977	ツバサ	6592
1784	600000000000006108	びーる	6581
1785	76285	刃内基籍	6577
1786	800000000000049307	とんとん	6560
1787	1500000000000027041	ローム	6547
1788	300000000000075943	レミア・シロ	6542
1789	800000000000026888	ｱﾒｼｮｰ(震災支援活動中)*全遅*	6531
1790	300000000000032562	天城龍慶	6528
1791	800	がりりん	6520
1792	100000000000002988	ヤジン	6508
1793	700000000000026249	レオニクス	6495
1794	1500000000000003582	Ｒ.	6492
1795	1300000000000050252	ふじ	6460
1796	1100000000000004889	みかぜ	6456
1796	1100000000000081645	こましん	6456
1796	1100000000000094324	ぴょい	6456
1799	700000000000096840	りーしゃ	6446
1800	100000000000101586	Player 1008474993	6414
1801	83398	いも	6407
1802	1400000000000060100	豆電球野郎	6386
1803	1100000000000088828	優希	6380
1804	500000000000093315	十式	6359
1805	100000000000081102	コウ	6336
1805	300000000000003668	さとしP	6336
1805	600000000000048389	ユセリア	6336
1808	1200000000000000259	こばると	6325
1809	700000000000056962	KT	6282
1810	1100000000000000234	T-Tomonori	6272
1810	1500000000000097960	siba	6272
1812	1300000000000013827	わんわん	6268
1813	200000000000056210	LUCK	6260
1814	1100000000000075464	かるほ	6241
1815	400000000000055344	マヤ	6228
1816	1100000000000099539	リョウタP	6225
1817	1100000000000039818	十六夜八雲	6222
1818	300000000000003959	タケちゃん	6219
1819	100000000000004845	Miya.D	6216
1820	200000000000099547	ごーれむ	6195
1821	1500000000000091826	ぴの	6132
1822	40005	まさP	6125
1823	1300000000000080481	に゛	6123
1824	1300000000000008586	ｎｏｎｏｎｏ	6116
1825	100000000000073611	scl701	6094
1826	1400000000000068244	健太	6088
1827	500000000000054252	あすみP	6066
1828	500000000000037781	kc	6056
1829	700000000000069956	ジーマ	6050
1830	700000000000020178	はくつる	6036
1831	1300000000000004641	矢印	6026
1832	400000000000009249	ぺこち	6000
1833	200000000000005414	あめっち	5989
1834	600000000000100024	Player 1007837526	5981
1835	100000000000080668	milk	5956
1836	98755	りっか	5952
1836	100000000000052115	ナナ	5952
1838	900000000000096733	Player 1006527401	5943
1839	900000000000051005	ぬいめ	5922
1840	4596	みっち	5916
1841	800000000000098741	ヒラベルト	5915
1842	400000000000080237	tokobie	5908
1843	1500000000000011133	ことりみどり(･8･)同僚&HN取引先募集	5900
1844	1200000000000029031	六道	5888
1845	1000000000000025849	佐藤	5872
1846	600000000000073398	seken	5832
1846	900000000000000126	じゅんべえ	5832
1848	1300000000000057141	ガースー	5809
1849	1300000000000080901	おかず	5798
1850	200000000000024860	牛尾ルート	5792
1851	900000000000033257	がく	5788
1852	1200000000000001507	ばし	5775
1853	600000000000050526	幻礼亜	5764
1854	300000000000056139	可奈翼美希	5762
1855	1400000000000078445	せうへひ	5755
1856	900000000000004709	しょっく	5751
1857	1200000000000001738	れーせん	5708
1858	1000000000000097138	tkp	5698
1859	900000000000041586	あらこめ	5666
1860	800000000000099144	ワホ	5644
1861	900000000000040679	ディアーチェ	5632
1862	1100000000000023576	帆立貝	5598
1863	1100000000000062597	ゆっぴん	5584
1864	1300000000000093631	ゆきんこ	5575
1865	700000000000087011	ようかん	5562
1866	1500000000000004775	グッピー	5539
1867	300000000000015353	レインシア	5496
1868	1400000000000000121	shackP	5492
1869	1000000000000077903	空野	5490
1870	1000000000000058458	アリスもふもふ	5477
1871	600000000000096405	エスカマリ	5455
1872	300000000000008300	DEKi	5446
1873	800000000000005185	鯖ス	5440
1874	500000000000006026	あきちん	5425
1875	800000000000042472	クロン	5424
1876	400000000000096097	DD67	5422
1877	500000000000085845	まつきち	5393
1878	1400000000000072827	クリチェナ	5390
1879	1400000000000045246	ゆん	5368
1880	17413	たけこV2	5339
1881	800000000000052137	閃鬼	5322
1882	300000000000030246	とりとり	5316
1883	900000000000074477	taku	5312
1884	1000000000000005514	スマ歩	5306
1885	400000000000051157	スピンス	5300
1886	900000000000008404	日向	5272
1887	1000000000000018225	たくに	5264
1888	100000000000006344	morio	5260
1889	1500000000000094462	お兄ちゃん	5233
1890	700000000000016840	ﾅｵ	5230
1891	900000000000097070	Player 1006473673	5220
1892	1400000000000000569	(`ェ´)	5214
1893	200000000000062065	一刀＆しお	5211
1894	600000000000041428	ハジメ	5208
1895	8323	コウ	5155
1896	100000000000079072	カルロス	5121
1897	400000000000009951	むららぎー	5120
1898	1100000000000002651	かぷり	5112
1899	1200000000000003629	しゅがい	5106
1899	1300000000000081148	オーバー	5106
1901	800000000000008744	Co.Panda	5104
1902	53436	うどん	5103
1903	1100000000000005798	wobbly☆	5102
1904	800000000000097965	ドマ	5093
1905	800000000000080388	乙哉	5090
1906	400000000000009506	choco	5082
1907	1200000000000051326	れん	5075
1908	900000000000061185	花桜	5051
1909	1100000000000045574	ぶちょう	5031
1910	100000000000003042	Moca	5024
1911	25127	かにごん	5023
1912	400000000000007552	のんのこ	4984
1913	700000000000010304	kawasonic	4980
1914	100000000000099311	つばさ	4968
1915	800000000000005356	ボギー	4966
1916	900000000000095751	バルバロム	4928
1917	1500000000000032097	たみー	4920
1918	1400000000000043426	鷹月	4919
1919	200000000000001291	ゆーあ	4908
1920	100000000000068210	カン	4905
1920	1200000000000062452	ジョージ	4905
1922	1500000000000055070	サボテン	4898
1923	1400000000000007469	アローズ	4893
1924	300000000000003469	トレイン	4879
1925	600000000000002602	鳥谷瑠美	4876
1926	1100000000000003963	みつ	4857
1927	500000000000013245	リン	4855
1928	600000000000003318	りっちゃん	4840
1929	900000000000051041	しげち。	4832
1930	300000000000053590	海運ポートレート	4826
1931	500000000000079042	しーざす	4800
1931	1500000000000074442	ハチロク野郎:->(^-^)v(^^;(*_*):-<	4800
1933	300000000000000458	グソ	4796
1934	1300000000000001868	Nao-Style	4752
1935	600000000000005386	tekken	4736
1936	700000000000096610	みどり	4734
1937	300000000000074111	禁書	4726
1938	93200	ごまお	4725
1939	900000000000011282	けんざぶろーちょっと釣りをお休みしますm(__)m	4703
1940	1300000000000030113	エリコスキー	4672
1941	200000000000080843	ゴン太	4669
1942	700000000000074033	トキワ	4660
1943	1500000000000013668	紅	4610
1944	58531	としお	4596
1945	1200000000000022493	もる	4590
1946	1500000000000015289	くまねこ（国際保護動物）	4560
1947	1000000000000058019	皇帝	4544
1948	1400000000000004292	くるみ	4543
1949	100000000000003671	がやん	4539
1950	700000000000077862	Player 1003696743	4536
1951	93692	とつか	4530
1952	200000000000079504	ゆっけ	4516
1953	1200000000000100165	ぷちぷちオレンジ	4507
1954	600000000000078782	7g569d	4499
1955	800000000000065200	でぃーぷ	4476
1956	3084	さわぼっち	4458
1957	500000000000018530	ななさ	4430
1958	1500000000000097672	クルックス	4420
1959	98751	りんぱぅ！	4417
1959	200000000000003501	オニさん	4417
1961	700000000000101232	アレン	4416
1962	500000000000037405	ささっぱ	4412
1963	1400000000000097450	りっP	4401
1964	700000000000002264	しゅまい	4400
1965	1300000000000039021	てきとう	4393
1966	100000000000007827	A･RA･KO･U	4392
1967	1400000000000054912	kim	4390
1968	300000000000001068	ちー	4377
1969	800000000000049292	レオン	4365
1970	800000000000001301	ワタル	4352
1971	100000000000096000	ふぇざみ	4343
1972	700000000000005626	きょん†｡｡	4335
1973	1100000000000025230	たま(招待スルーしてください(｡-人-｡))	4326
1974	300000000000009398	トキノ	4284
1974	800000000000011978	にぱ	4284
1976	1200000000000100462	ルナニャン	4276
1976	1400000000000055937	ＧＧＰＤ	4276
1978	300000000000013556	とた	4275
1979	100000000000026432	わんわん	4267
1980	43182	玄米	4260
1981	400000000000096993	高順	4258
1982	1400000000000049634	めーめー	4256
1983	200000000000017199	桃夫	4254
1984	1400000000000040929	いろ	4242
1985	1200000000000037459	黒須	4240
1986	800000000000061699	ikishichi	4224
1987	1200000000000025026	dee　	4223
1988	500000000000087149	ツバキ	4222
1989	1200000000000009090	TAKA2000	4170
1990	400000000000009932	P	4164
1991	800000000000034370	あいな	4160
1992	300000000000045970	しろくも	4158
1992	900000000000077525	かもねぎ	4158
1994	100000000000057052	のん	4155
1995	600000000000082149	風谷ジン	4123
1995	700000000000005800	ヒロリン	4123
1997	1500000000000000223	desire	4057
1998	1100000000000004742	ネル子	4054
1999	500000000000096980	飛葉	4052
2000	500000000000009853	雨釣木	4032
2001	1100000000000054770	テセ	4012
2002	1100000000000002963	ボッスン	3990
2003	1100000000000094748	しょうけん(承賢)P	3966
2004	700000000000016051	ROSBETH	3960
2005	900000000000094630	トワ	3952
2006	900000000000078961	ユート	3948
2007	1400000000000057108	ナイトP	3936
2008	900000000000005852	生ビリーさん	3929
2009	1200000000000009616	ヘルミーネ	3927
2010	1400000000000075522	もんぴす	3923
2011	100000000000021509	しもすがり	3918
2012	700000000000052121	ATT	3908
2013	1100000000000049636	柴犬P	3904
2014	800000000000034675	リズ(LHYTH)	3895
2015	1400000000000028710	ヒムラ～！！！	3873
2016	1100000000000010261	you♪	3867
2017	1500000000000075799	のむぴ	3860
2018	1500000000000033374	Aはる	3850
2019	80081	Raisiren	3846
2020	1200000000000089246	かなどこ	3843
2021	100000000000077763	JBK	3840
2022	1400000000000044034	ろんP	3835
2023	100000000000045117	☆ケント￡☆	3815
2024	700000000000033831	ふとまゆ	3811
2025	7546	天苗	3804
2025	1100000000000005095	マタスー	3804
2027	1500000000000100562	ウェーイ	3802
2028	900000000000005178	ラテじぃ	3800
2029	900000000000050432	あかひろ	3785
2030	200000000000101666	Player 1008360306	3776
2030	500000000000005362	イツキ	3776
2032	1100000000000007290	10mo	3768
2033	500000000000100941	古文単語	3763
2034	600000000000059025	そりー	3754
2035	600000000000061277	オックン	3738
2036	700000000000054278	つだぬん	3736
2037	1000000000000015910	二藍ニャガ	3734
2038	800000000000097670	sdoka	3732
2039	85648	ひろなお	3730
2039	400000000000075944	くぼち	3730
2041	1100000000000018820	かわしゃん	3722
2042	26489	prestar	3720
2043	4610	カリスマ養分	3699
2044	96512	こたろー	3698
2045	1500000000000028827	き～む…仕事多忙につき※無しm(__)m	3695
2046	700000000000036209	ユキ	3692
2047	1500000000000005344	ソル	3691
2048	800000000000029961	エンカー	3672
2049	300000000000096449	やす‐Ｉ	3663
2050	1500000000000056961	アッシュ	3654
2051	200000000000009009	あいかわ	3624
2052	100000000000097450	るぷ	3611
2053	900000000000007095	こうすけ	3605
2054	400000000000007295	シュラ	3600
2055	1400000000000101274	シマゴン	3584
2056	100000000000024701	あきパッチ	3576
2057	500000000000101234	Safenllcas	3557
2058	900000000000045576	ココア	3542
2059	1300000000000000239	さりゅーと	3539
2060	200000000000030986	TNT	3535
2061	800000000000094785	えのみ	3530
2062	700000000000003766	もりまる	3528
2063	600000000000101507	Player 1008476502	3524
2064	700000000000099943	ルシア	3520
2065	700000000000002312	あずはる	3492
2066	600000000000084857	nature09	3458
2067	900000000000073688	序章	3456
2068	100000000000030414	ゲノム	3437
2069	300000000000098994	かび	3436
2070	200000000000094568	ジョニこ	3432
2071	300000000000100998	be	3430
2072	63093	たかすぎ	3429
2073	300000000000055807	星吹	3420
2074	600000000000001878	鮭＠捕獲中	3399
2075	300000000000096714	ひかるん	3398
2076	500000000000094283	kyo	3392
2077	100000000000091281	石地蔵のお雪	3375
2078	1300000000000075903	Seung Jae Lee	3344
2079	1100000000000015618	真美	3333
2080	200000000000075775	たんくん	3330
2081	1100000000000050561	mattun	3328
2082	1400000000000063407	のっく	3316
2083	1100000000000001207	シンタナ	3308
2084	1500000000000001134	MΩ	3304
2085	60323	Xanavi	3300
2086	800000000000005336	EIM	3288
2087	800000000000074752	ゆきのん	3286
2088	200000000000098014	ThunderUP	3269
2089	1500000000000004256	APTX	3252
2090	1200000000000050091	あるつ	3251
2090	1300000000000001538	ラックル	3251
2092	100000000000027651	はる	3234
2093	800000000000018576	KINSAN	3233
2094	400000000000002885	いっちゃん＠(ｏ・∇・ｏ)＜和三盆～～ﾍ( ＊´ｖ`＊ﾍ)))	3230
2095	700000000000094172	フォート	3225
2096	500000000000023699	エバンス	3222
2097	600000000000008204	フィリー	3210
2098	500000000000097534	あぴおん	3205
2099	400000000000100336	ウンディーネ	3200
2100	900000000000093983	salt40	3198
2101	200000000000099485	Player 1007291666	3179
2102	600000000000029705	ヤス	3178
2103	200000000000006948	ヤスダ	3177
2104	1400000000000003026	ないと☆めあ	3151
2105	1000000000000052552	若さん	3150
2106	800000000000071107	ニカ	3145
2107	300000000000092953	crow	3136
2107	800000000000024174	霧雨茶太郎	3136
2109	700000000000047464	あわんこ	3099
2110	900000000000081626	踊る三日坊主	3096
2111	1000000000000004785	アッキー	3066
2112	1500000000000059211	かぼす	3065
2113	1300000000000001952	kashin	3047
2114	200000000000021070	凛	3046
2115	100000000000096829	しいろ	3041
2115	400000000000008942	KKND@同僚募集	3041
2117	500000000000052305	mapleocean	3008
2117	800000000000101196	しなもん	3008
2117	1400000000000009124	ｱｻ	3008
2117	1400000000000057577	higHHopes	3008
2121	1100000000000076565	催眠	3000
2121	1400000000000004110	のーねーむ@ラウメン募集	3000
2123	1500000000000005836	シェルパ	2990
2124	700000000000044963	ナオ	2984
2125	600000000000012416	あずさ	2976
2125	1300000000000097363	k	2976
2127	1500000000000010521	テリー	2970
2128	51320	k	2958
2129	94399	Alfred	2950
2130	700000000000020173	MA	2942
2131	900000000000021788	さっちん＠こしみず	2939
2132	800000000000010694	ピピン板橋	2922
2133	700000000000019151	バフィー	2916
2134	400000000000099746	F.Cyber	2884
2135	20626	くじらの	2880
2135	500000000000052342	yuuri*	2880
2137	1500000000000096440	ナオ♪	2875
2138	100000000000002194	ばめ	2854
2139	800000000000014077	ゃす	2852
2140	900000000000039249	はる	2847
2141	500000000000009760	るあ	2845
2142	400000000000062191	抹茶オレ	2818
2143	3126	エリーゼ	2816
2143	200000000000053870	だんご	2816
2143	700000000000088391	taat	2816
2143	1200000000000056279	來鵡	2816
2147	200000000000072665	わふー☆	2812
2148	1300000000000046167	ぐっさん	2808
2149	900000000000091006	ばた	2792
2150	1100000000000029065	ひーせ	2785
2151	100000000000098764	ジェントk	2780
2152	500000000000050070	ムギ介	2778
2153	500000000000091669	エンペラ	2773
2154	500000000000092034	ポピハム	2768
2155	1300000000000063569	ポピー	2764
2156	1000000000000099536	ねこみみ	2756
2156	1400000000000046526	kanata	2756
2158	700000000000051759	トニー	2754
2159	1100000000000047091	かみさと	2752
2160	92837	はやぶさ	2747
2161	400000000000005117	夏陽	2744
2161	1100000000000072929	ごん	2744
2163	1100000000000091223	ニシモ	2742
2164	200000000000074688	Σ(ﾟДﾟﾉ)ﾉ	2737
2165	100000000000101346	Camille	2719
2165	1000000000000056825	古葉。	2719
2167	400000000000030369	yn	2717
2168	1500000000000008751	かめきち	2708
2169	74437	水陸両用	2702
2170	400000000000014650	せきお	2698
2171	900000000000100269	あさお	2697
2172	1300000000000060746	yuyuyukari	2690
2173	700000000000088608	Player 1005547863	2688
2174	1300000000000074566	うい	2684
2175	100000000000095201	黒鉢	2673
2175	1000000000000025184	うなぎん	2673
2177	1000000000000000718	ｎａｓｉ	2668
2178	81398	セイファー	2665
2179	500000000000087416	ひっきー	2660
2180	600000000000062204	mkt001	2652
2181	400000000000052226	けいせき	2643
2182	500000000000098668	とんかつ	2641
2183	400000000000015223	真織	2640
2184	1000000000000021544	アユカト	2632
2185	1400000000000003593	ひめつば	2624
2186	300000000000057399	藤やん	2621
2187	1500000000000025438	asa	2616
2188	500000000000003624	みかんろくすけ	2611
2189	600000000000004519	さかな	2601
2190	200000000000101536	Player 1008320946	2588
2191	1300000000000001024	しゃおろん	2582
2192	800000000000041988	ぱぱちゃ	2577
2193	600000000000011754	如月	2568
2194	500000000000095040	ついんて	2560
2194	500000000000100568	匿名	2560
2194	1400000000000039762	朝倉にゃむ	2560
2197	800000000000097727	萩原	2532
2198	700000000000052246	そらきち	2527
2199	1500000000000074152	なーさん	2520
2200	900000000000037464	カツキ	2519
2201	200000000000023965	スマイルリン	2517
2202	400000000000101425	YoshiMoon	2502
2203	900000000000051332	げん	2496
2203	1500000000000000641	Caspian海	2496
2205	1400000000000037504	棚から牡丹餅	2484
2206	900000000000005508	フィリピン海P@EH相互募集中 出)可奈志保	2480
2207	500000000000003565	シト	2455
2208	600000000000101570	ソボロデサイド	2453
2209	900000000000078818	タクミンゴス	2450
2210	969	電波	2448
2211	1300000000000002473	おりょう	2432
2212	1100000000000079498	ふぉくす	2429
2213	1300000000000081388	四畳半	2421
2214	100000000000094609	藤	2407
2215	600000000000086579	タイヤキクン	2402
2216	700000000000039159	☆りいな☆	2395
2217	600000000000100786	Player 1008216998	2394
2218	300000000000047857	黒田銭蔵(ピザブラック代表取締役)	2388
2219	1000000000000020451	タケル	2386
2220	100000000000005494	けやき	2384
2221	900000000000002031	あめのこ	2370
2222	1500000000000087368	モス	2368
2223	1500000000000000115	九重	2358
2224	900000000000059010	zoo＆joe⊿(※男装中)	2355
2225	700000000000062605	gos0721	2340
2226	400000000000003506	六花	2338
2227	700000000000032016	きよちゃん	2320
2228	1000000000000087100	sakita-4	2318
2229	300000000000054260	ボクデン	2304
2229	400000000000096401	ケンシロウ	2304
2231	700000000000099391	うらぬす	2300
2232	200000000000000568	フォーニ	2291
2233	1200000000000021955	スワット	2289
2234	600000000000075156	わと	2288
2235	500000000000058758	saturn	2286
2236	800000000000052466	れい	2266
2237	900000000000097612	UーHA	2259
2238	400000000000087075	クロ	2240
2239	1100000000000051074	リュウ	2234
2240	300000000000052245	じゃあ	2230
2241	200000000000099072	Player 1007151554	2206
2242	700000000000048889	青りんご	2202
2243	1500000000000002734	八神ハヤテ	2189
2244	200000000000038973	リタP	2185
2245	300000000000004602	如月もやし	2176
2245	1200000000000005383	まつたく	2176
2247	500000000000099509	ぺーた	2166
2248	200000000000023851	アザトース	2147
2249	500000000000037448	はんぺん	2138
2250	1100000000000092424	渋谷*.横山とpair	2129
2251	1200000000000101249	Player 1008497804	2115
2252	1200000000000055319	カーレ センリノアルゥ	2114
2253	600000000000004107	をか	2112
2253	600000000000026708	凌駕	2112
2253	600000000000093665	はくまい	2112
2253	1400000000000081791	リョウ	2112
2257	500000000000076423	ぐっち	2106
2258	500000000000029947	RyO	2100
2259	1000000000000011921	ボボ	2088
2260	1100000000000002755	ひょほはーは	2070
2261	700000000000032815	山電	2069
2262	400000000000002010	源罪値	2046
2263	1100000000000096996	さかさかP	2040
2264	800000000000000141	江川法人	2034
2265	1200000000000100784	ルネッツ	2033
2266	55660	ノバス	2032
2267	600000000000037912	ゆっけ＠ふっちーちゃん	2012
2268	300000000000080916	なる	2008
2269	1300000000000060324	しょーた	2004
2270	1500000000000059010	なお	2000
2271	300000000000098940	Shin	1988
2272	800000000000027026	千姫	1985
2273	200000000000099680	社会人	1984
2273	900000000000060827	ミナト	1984
2275	300000000000001382	フリアー	1976
2275	1200000000000100705	みなかみ	1976
2277	800000000000098817	なっすぃ	1972
2277	1300000000000058894	のんび…	1972
2279	700000000000082242	まつげん氏	1970
2280	100000000000000197	ナル	1964
2280	1100000000000045118	要兎 .	1964
2282	100000000000036760	ちょちょ	1956
2283	1400000000000006890	鵜簿田２号	1950
2284	200000000000042985	あさぱん！	1949
2285	700000000000075682	ユウ	1941
2286	400000000000085162	エヴｧンゲリｦン	1920
2286	1200000000000101284	ごはんオカズ	1920
2288	900000000000002841	ぷっぴ	1908
2289	100000000000018583	日高仁志	1904
2290	600000000000000059	H@LL	1900
2291	100000000000058768	てめきち	1892
2292	95814	かあくん	1888
2293	36929	アオバ	1879
2294	1200000000000004667	こひえモン。	1878
2295	400000000000015470	リコッテ	1874
2296	300000000000000167	yo.	1865
2297	400000000000099247	クロ	1864
2298	100000000000101245	ハッピースケ	1856
2298	900000000000047254	クローバー	1856
2300	100000000000001190	蟻の子	1848
2301	1200000000000027595	koikaze	1840
2302	800000000000079295	十六夜	1835
2303	1200000000000082516	弓射 洸	1832
2304	800000000000028147	るかぱい	1825
2305	300000000000101311	ジャッキー	1824
2306	800000000000049775	ノリテン	1823
2307	100000000000072201	tarou tanaka	1821
2308	100000000000003269	ede-pyon	1820
2309	500000000000094623	檜笠	1810
2309	800000000000052000	ばんぞう	1810
2309	1500000000000007336	シグ	1810
2312	200000000000031080	ajwajw	1804
2313	400000000000094751	よしだ	1792
2313	900000000000093256	ナナ	1792
2313	1000000000000001140	軍鶏	1792
2316	400000000000020103	ニコン	1788
2317	1400000000000055649	伍長	1784
2318	200000000000079080	タチ	1780
2319	600000000000100465	ケイト	1776
2320	300000000000092921	白メガネ	1773
2321	1200000000000049685	アハト	1769
2322	1300000000000095563	はんつき	1764
2323	7209	庵	1760
2323	1500000000000032276	Naomi	1760
2325	1300000000000027031	たかよし	1744
2326	800000000000082258	ゆのき	1742
2327	200000000000005745	絶屯	1740
2327	800000000000056377	さんてふ	1740
2329	500000000000075493	votepavd	1737
2330	600000000000084185	よっぴい	1734
2330	1500000000000101083	エンマ次郎	1734
2332	800000000000068557	アイソン	1730
2333	300000000000051103	UG	1724
2334	900000000000026580	ぺんた1980	1720
2334	1500000000000002439	杜若	1720
2336	700000000000008092	でんちゅ	1712
2337	700000000000061285	ロビンソン島	1708
2338	100000000000050307	まめ	1704
2339	900000000000015183	こうちゃん	1702
2340	1400000000000004367	ふく	1696
2341	1400000000000075413	しちみ	1688
2342	4800	ブラックばりしあ	1686
2343	700000000000064432	てめぇ	1683
2344	57198	和人	1680
2344	600000000000096804	シー@新たな光に会いに行こう	1680
2346	900000000000023387	ゲキ	1676
2347	200000000000073974	すてぃーぶ	1672
2348	1100000000000100602	ゆた	1669
2349	1500000000000100798	拓	1664
2350	400000000000083364	たまにん	1660
2350	1100000000000074774	じすた	1660
2352	1100000000000038169	しょーきち	1657
2353	99237	パパイヤ	1651
2354	200000000000022495	みなとも	1646
2355	200000000000094473	霧島	1630
2355	1000000000000101168	10KE	1630
2357	1400000000000001410	天下りの神様	1621
2358	83857	むつきち	1600
2358	100000000000005227	りんどう	1600
2358	100000000000098315	Kei	1600
2358	1400000000000000136	ヤマタケ太郎	1600
2362	1100000000000058347	72羊	1592
2363	300000000000009564	あづき	1591
2363	700000000000025841	りゅう@ミリ4th全通	1591
2365	86975	ツバキ	1587
2366	1500000000000048336	ちいた	1578
2367	1200000000000083336	真美・にこ・ダイヤとTAKAの仲間達の部屋	1568
2367	1300000000000076293	もっと	1568
2369	600000000000013051	nobita	1561
2370	600000000000076095	オルフェ	1560
2370	1300000000000088120	くにたか	1560
2372	300000000000034057	むかひにかひ	1556
2373	1100000000000100450	Hindo	1536
2373	1400000000000080126	冬葉	1536
2373	1500000000000002677	よっぴぃ	1536
2376	1200000000000001181	えのき	1516
2377	500000000000020288	あづま	1510
2378	500000000000014339	なのは	1509
2379	300000000000019537	月詠	1505
2380	700000000000020541	ガニヤ、桃色師団11番隊平社員	1498
2381	200000000000030488	桜野マリ	1496
2382	1400000000000065068	Player 1002081262	1495
2383	900000000000034386	きのした	1478
2384	1400000000000094688	ふゆいろ	1476
2385	600000000000004016	さどっち	1475
2386	51007	ゆのすけ	1472
2386	500000000000088192	Player 1005506757	1472
2386	1500000000000057400	masa	1472
2386	1500000000000098216	もくもく	1472
2390	73102	Player 1002598224	1466
2391	1200000000000007929	ラウダ	1460
2392	1500000000000076175	おちんP	1459
2393	500000000000051086	ミーツ	1452
2394	1500000000000098331	しの	1440
2395	700000000000001545	ぴんころ	1428
2396	1100000000000099804	こしたけ	1427
2397	77201	モリタク≪m(__)m≫	1426
2398	700000000000053964	ヒロ	1423
2399	1100000000000065745	ライダー	1420
2400	1300000000000096823	瑞永	1418
2401	1000000000000054774	よこしゃん	1414
2402	900000000000098431	としちゃん	1412
2403	1100000000000048895	眠兎	1411
2404	1000000000000000311	ざる蕎麦	1408
2404	1200000000000001824	ひらへい	1408
2406	1200000000000056355	よっしーP	1382
2407	500000000000050983	雪羽	1373
2408	600000000000081488	かわらや	1357
2409	900000000000092872	かえる*冬眠中*ｺﾒ無しｽﾐﾏｾﾝ	1352
2409	1000000000000027823	アキカンP	1352
2411	1300000000000102162	Player 1008518045	1344
2412	1200000000000085762	フォルテ	1343
2413	1100000000000015285	ジャミラ@ラウメン絶賛募集中よー	1341
2414	300000000000053068	anonymous	1333
2415	100000000000031382	リラックマ	1330
2416	800000000000096138	むん	1329
2417	600000000000100203	あげもの	1326
2418	1500000000000023492	サイレントペッカリー二	1324
2419	400000000000075230	ダンダンゴ	1318
2419	700000000000008117	gausho	1318
2421	500000000000012869	菊の天ぷら	1316
2421	1300000000000075368	ゆずこしょう	1316
2423	1200000000000072072	プラスタP	1314
2424	1000000000000078037	御伽の国のサラリス	1310
2425	1000000000000038040	ひめじたろう	1305
2426	200000000000004964	篠ノ之 束《私が天才の束さんだよ ハロー》	1297
2427	900000000000033818	みっちー	1280
2427	1100000000000011148	マキバオー	1280
2429	800000000000002506	そら@きりりん	1272
2430	101012	Tanow	1269
2431	300000000000016882	マタンゴ	1268
2432	1400000000000073996	いわやじ	1266
2433	900000000000099619	かわせみ	1260
2434	200000000000000792	うしのこく	1248
2435	800000000000060756	ウィリープロ	1236
2436	1000000000000057311	まえたか	1229
2437	600000000000094417	ガーディアン	1228
2438	1000000000000098065	にみや	1218
2438	1300000000000019099	きりお	1218
2440	200000000000061827	カズマ	1216
2441	1000000000000073950	障子が穴だらけ	1212
2442	46802	Chung-UnCha	1210
2443	1000000000000064260	亜萌☆	1200
2443	1300000000000021300	ハル	1200
2445	100000000000076950	缶けり	1188
2446	200000000000094564	由結由幽々	1181
2447	1100000000000020358	super_takatyan	1174
2447	1500000000000051364	りある	1174
2449	600000000000101582	きはら	1173
2450	1200000000000080992	トトリ	1156
2450	1500000000000051271	スラバス	1156
2452	1200000000000001806	Uターン	1154
2453	700000000000096802	蒼海P	1152
2454	500000000000060313	パール	1150
2454	1300000000000056286	Schwarz	1150
2456	1400000000000059594	杏仁豆腐☆	1148
2457	600000000000057975	ギーチ	1143
2458	800000000000053822	えそ	1140
2458	1500000000000027499	やんまゆ	1140
2460	1300000000000061951	ひとりめし	1135
2461	300000000000015723	北習志野	1124
2461	1200000000000004581	asu@su	1124
2463	400000000000101301	PaPaRaPa	1122
2464	600000000000097530	ﾌﾗﾜﾊﾊ	1098
2465	700000000000101874	Player 1008425783	1096
2466	700000000000076960	空水	1095
2467	300000000000057428	Yuki	1094
2468	76974	あたりめ	1089
2469	100000000000098798	えぬ	1088
2469	1300000000000032416	tom	1088
2469	1500000000000079881	ちくわ	1088
2472	700000000000074986	こまち	1085
2473	100000000000024256	ハネナシバチ	1076
2474	300000000000001199	☆みぃにゃω☆ 明けましておめでとうございます。今年もよろしくお願いします	1071
2475	700000000000026939	トモ	1056
2476	1000000000000096748	ヤヤ	1049
2476	1100000000000005414	Ulick	1049
2478	400000000000008761	yuu	1046
2479	101647	タカチキ2	1037
2480	4835	Tosy	1034
2481	100000000000062727	姫亞@招待シカトして下さい	1024
2481	1100000000000100798	バスターズ	1024
2483	500000000000099703	syikk	1020
2484	400000000000050799	我愛李@mnb	1008
2484	1000000000000001136	MTank	1008
2486	1100000000000099616	陸	1005
2487	900000000000099120	鳴牙	999
2488	1000000000000024040	PINE	997
2489	1100000000000101259	柿	991
2490	1000000000000085387	なむなむ	981
2491	800000000000098387	ドロリッチ	980
2492	400000000000046612	ぷれあです	975
2493	200000000000033950	スネーク	973
2494	500000000000029944	クリぼう	970
2495	200000000000004600	えんすい＠こたつが私をダメにする	960
2495	300000000000004798	としもん	960
2495	500000000000034494	クラビス	960
2495	900000000000014557	超ハニカミ玉子♪仕事多忙(ToT)	960
2495	900000000000073674	二号	960
2495	1200000000000056592	yasukeru	960
2495	1400000000000007254	小坂井	960
2502	800000000000006075	D.wilson	956
2503	1400000000000027027	アラン．AR	946
2504	100000000000071821	もちまつり	945
2505	200000000000022279	バンちゃん	936
2506	1100000000000084949	きくらげ	935
2507	1300000000000058119	ましろ	928
2508	800000000000096676	おおとり	917
2509	96894	かわいいいぬ	914
2510	500000000000098450	ドリームトラベル	910
2511	37774	nobnob	909
2512	1200000000000099716	雨水	902
2513	83640	オコジョ	899
2514	300000000000010851	ティロフィナーレ	896
2514	400000000000093050	Johnny	896
2516	800000000000047222	storch	894
2517	1500000000000008607	あづさ	883
2518	400000000000005740	マッキー	870
2519	100000000000015379	キーミマ	865
2520	200000000000056020	ジット	863
2520	1100000000000038830	もすくわ	863
2522	900000000000100533	クミ	861
2523	300000000000006780	ヤマびこ	852
2524	1300000000000098777	うたみず	840
2525	600000000000085430	yosegt	834
2525	1400000000000101516	kou	834
2527	600000000000053646	いいは	832
2527	600000000000096802	おいどん	832
2529	300000000000000184	SxHxR	829
2530	700000000000026601	抹茶っちゃ	827
2531	600000000000055437	ねぎ	824
2532	600000000000020486	ジーコ	822
2533	500000000000072270	希唯	820
2534	600000000000074595	ザキM@S 手作りのぶどうかんから本物の武道館へ	818
2534	800000000000010027	イチロー	818
2536	600000000000075640	みみ	817
2537	5371	OzMi	816
2538	1200000000000004027	尽一	815
2539	1300000000000051825	ごーれむ	807
2540	200000000000050675	兄	805
2541	1300000000000008746	らくたむ	789
2542	100254	蒼そいびん	786
2543	300000000000004928	ﾐｽﾀｰ紙袋	775
2544	300000000000100874	tシャツ	774
2545	800000000000083571	猛虎トラキチ	771
2546	100000000000072486	やまびこ	770
2547	200000000000046128	めて	768
2547	1100000000000037026	みかん	768
2547	1100000000000079431	ラキョウ	768
2547	1300000000000102121	ガーナ	768
2547	1400000000000074007	ゆん	768
2552	600000000000000827	ハナビ	767
2553	500000000000000785	プレシャス	765
2554	400000000000098226	kino	753
2555	100000000000083829	みゃみゃP	745
2556	800000000000098940	ぺんぐぅー	743
2557	500000000000098103	レノン	735
2557	700000000000060571	こしひかり	735
2559	300000000000073685	ASカラス	733
2559	800000000000096020	patorikku714	733
2561	4414	はれ	730
2562	1400000000000101816	ゼロ	728
2563	500000000000037120	誠	718
2564	1100000000000096737	やまお	715
2565	100000000000006816	カカセオ	704
2565	300000000000032116	ウラハ	704
2565	400000000000055726	さら	704
2565	500000000000101659	リュウ	704
2569	800000000000081791	青汁大尉	702
2570	500000000000085822	みゅう	697
2571	900000000000074573	王道を征く	693
2572	600000000000075041	Trench	688
2573	800000000000061910	飛翔	687
2574	200000000000028129	ＰＨＴＭ	684
2574	600000000000095092	古月恋姫	684
2576	200000000000101995	Player 1008485778	683
2577	600000000000051307	ビビアン	681
2578	400000000000098051	権左衛門	675
2579	1400000000000101524	Yong_Ki	671
2580	800000000000008097	クロム	668
2581	1400000000000014348	カニ	667
2582	6278	風ひな	660
2582	700000000000000924	ひなたむら＠タイフウ	660
2584	300000000000071821	にゃごる	655
2585	100997	ぎぶそん	653
2586	97607	ルーイ	652
2587	900000000000101028	ゆきみち	651
2588	400000000000100022	Player 1007886756	643
2589	44864	フェイ	640
2589	100000000000101263	eopeu	640
2589	200000000000000895	ゆうりん	640
2589	1200000000000008381	iS@M	640
2593	1100000000000070270	カサタク	639
2594	400000000000067790	むっと	622
2595	400000000000076435	ながと	619
2596	800000000000007133	奇策士@七転びっぱなし(>_<)	611
2597	1300000000000001280	ちこくちこく	604
2598	1100000000000001445	赤井	601
2599	1200000000000053226	*	600
2600	1000000000000043002	180	598
2601	700000000000017154	ぐっちー …明けましておめでとう(*^.^*) ｺﾄｼﾓ ﾖﾛｼｸ ♪【1月】	596
2602	1100000000000097714	mochico	593
2603	1000000000000101749	Player 1008494490	590
2603	1300000000000100213	お米	590
2605	200000000000051542	jerry1397	584
2606	300000000000099975	優雨	582
2607	1000000000000099453	utatamin	581
2607	1400000000000101965	八雲	581
2609	200000000000009801	しんど～	579
2610	300000000000058161	まみこ革命δ(゛=゛δ)	578
2611	68579	Player 1002168384	576
2611	99281	かみはて	576
2611	700000000000047781	あき	576
2611	1000000000000021331	キララP	576
2615	1000000000000067988	あおいP	573
2616	800000000000100916	Player 1008397240	572
2617	500000000000006663	バタコ	562
2618	700000000000025775	鈴カステラP	560
2619	800000000000027497	紫桜	553
2620	1000000000000075491	ポイズン	550
2621	200000000000101894	torque-wrench	541
2621	600000000000016077	いだうゆ	541
2623	300000000000093199	ブチャラ	540
2624	500000000000048056	サエコ	531
2625	500000000000076798	コトネ	523
2626	500000000000100437	まろにー	513
2627	400000000000009777	ミヤ	512
2627	600000000000094103	うどん粉	512
2627	1100000000000074907	赤の守護神	512
2627	1500000000000094964	すくすく	512
2631	800000000000050670	よりりん♪	511
2632	200000000000084444	きち	508
2632	1000000000000098441	コザクラ	508
2634	400000000000025600	永遠	507
2635	400000000000071467	北P	499
2635	1100000000000056861	さんもつ	499
2635	1200000000000100326	ゆ (皆様、いつもありがとう。ドリ仲間募集中。)	499
2638	500000000000053524	お～の@雪歩親衛隊	498
2639	1400000000000101923	まなぶ	487
2640	1000000000000055974	さとう	480
2641	700000000000100573	Mirucchi	473
2642	700000000000010701	プリン	471
2642	800000000000003947	DAI	471
2642	900000000000098535	ペン三	471
2645	800000000000096465	あかつき	460
2645	1300000000000098049	このこねこのこ	460
2647	400000000000097577	old_moon	456
2648	500000000000098043	へも	455
2649	101168	かなヤン	448
2649	400000000000075857	黄紙	448
2649	700000000000011689	のーしー	448
2649	700000000000019721	むらっち	448
2649	800000000000091681	わこう	448
2649	900000000000051447	dai0802	448
2649	1000000000000074596	オクラホマ	448
2649	1400000000000091568	クリムゾン	448
2657	1000000000000080938	たくてぃ	443
2658	1100000000000052085	りんご5s	434
2659	100000000000098303	ろりあげ	427
2660	100000000000077271	きりや	425
2660	1400000000000056297	HARU	425
2662	900000000000052408	100th	424
2663	100000000000051002	√1/2	421
2664	1100000000000009778	kyou	420
2664	1100000000000056427	おかの	420
2666	300000000000084609	おこぜ	419
2666	1300000000000099274	なお	419
2668	400000000000004169	季苺	418
2669	200000000000098688	悠	408
2670	300000000000099378	Wiz6	406
2670	400000000000099441	HACK	406
2672	600000000000025754	シノガ	405
2673	500000000000047882	クロ ★月華蝶★	393
2674	99816	やーま	392
2675	1400000000000077893	リョウト	385
2676	500000000000004852	TPB	384
2676	500000000000076591	ふしき	384
2676	500000000000100455	Player 1008013717	384
2676	600000000000080144	シュート	384
2676	800000000000002397	Fran	384
2676	900000000000075699	ふとん	384
2682	200000000000086330	Hrd	364
2683	300000000000086918	柏崎せもぽぬめ	360
2683	1100000000000092382	ﾀﾞｲﾅﾏｲﾄ†漆黒	360
2683	1200000000000039825	DJ OZMA	360
2683	1300000000000056204	ののわ	360
2683	1400000000000030305	みそそ	360
2683	1500000000000050128	xia	360
2689	1500000000000027454	懐中時計	355
2690	500000000000095176	蒼刃	353
2691	1100000000000023978	すみか	352
2692	1100000000000101459	上の方	350
2693	300000000000076034	train	348
2694	900000000000075448	vol	346
2695	300000000000080816	mikiYM	332
2695	600000000000095704	楓夏@はるたん	332
2695	700000000000098921	ルダンゴト	332
2698	1000000000000100149	しまこ	329
2699	800000000000097496	リョウト	328
2700	500000000000088068	殺虫剤	325
2701	1200000000000101169	Player 1008466364	323
2702	100000000000081447	awa	320
2702	100000000000082019	ウダラッシュ	320
2702	500000000000009582	とも	320
2702	600000000000021056	ひらっち	320
2702	600000000000050228	ブレイブ	320
2702	1000000000000072334	Player 1002335914	320
2702	1400000000000038297	天狗の隠れ蓑	320
2702	1400000000000099612	j6651	320
2710	900000000000045315	マイム	309
2711	1400000000000100780	まかろん	303
2711	1500000000000077186	Player 1003651855	303
2713	600000000000021574	なすたる@復帰P	302
2714	1200000000000085472	realea	300
2715	1300000000000100473	組長先生	296
2716	400000000000096303	たこわさ	294
2716	1000000000000045835	まらたた	294
2718	1300000000000095651	Takashi	291
2719	400000000000098524	ぺりーぬ	290
2720	1000000000000101730	Player 1008485898	289
2721	50657	剣玉	273
2722	50656	ネロ	267
2723	1000000000000025995	グリリン	265
2723	1300000000000096293	我妻由乃	265
2725	19198	ままももー	256
2725	200000000000001863	あきちゃん	256
2725	200000000000073103	うり	256
2725	200000000000087081	blank	256
2725	400000000000059012	取得できませんでした	256
2725	400000000000090871	Player 1005616372	256
2725	400000000000097990	byorori	256
2725	500000000000001464	賢者？	256
2725	700000000000002537	サボり	256
2734	1300000000000056780	砂糖	254
2735	200000000000026191	≪弓ム≫Love☆Quester	250
2736	1300000000000102093	Player 1008490157	249
2737	1000000000000050550	ロール	243
2738	1000000000000098165	ダニャー	240
2738	1500000000000000045	クロス	240
2738	1500000000000061278	マンソン	240
2741	1400000000000093529	famanto	236
2742	600000000000099532	志	233
2743	600000000000101165	Aqua Angel	232
2743	1400000000000001983	rachetx-jp	232
2745	1300000000000038201	みつき	226
2746	800000000000093462	ひびき	225
2747	500000000000056555	ゆうき	224
2748	500000000000073802	味噌汁	219
2749	1200000000000101261	すふ	217
2750	300000000000096983	カイマン	214
2751	700000000000091625	きのみん	212
2752	100000000000100712	ケイイチ	208
2753	600000000000003417	まぁ☆Яuмiﾁｬﾝ☆*。少しずつ少しずつですが(>.<)	202
2753	800000000000097589	ゆ～い	202
2755	1000000000000097278	くろしば	200
2756	300000000000079831	サフラン	192
2756	500000000000008521	ゆう☆	192
2756	800000000000079860	ライト	192
2756	1400000000000049036	律	192
2760	1300000000000101480	Player 1008280013	182
2761	100000000000052346	さゆぽ	180
2761	100000000000099569	ショー	180
2761	200000000000003325	ポチョムキ	180
2761	1200000000000010793	喜助	180
2765	300000000000101283	Player 1008499587	179
2766	400000000000099341	ぶらぶら	178
2767	600000000000100793	ひなた	173
2768	800000000000094717	多軌	155
2769	400000000000101101	Player 1007767940	152
2770	1000000000000098816	たなぎ	151
2771	1300000000000100160	碓氷美樹	149
2772	1500000000000098104	ジャクソン5	147
2773	300000000000038643	(^_－)－☆	141
2774	1300000000000102074	とかちすかとかちす	134
2775	900000000000062125	あ	131
2776	79705	37分(みなみんC)	128
2776	96677	Schall	128
2776	500000000000100581	Me†e	128
2776	500000000000100904	Usui7406	128
2776	600000000000039051	ろん@友だち募集	128
2776	600000000000098055	なす	128
2776	1100000000000005986	ズッキーニ	128
2776	1100000000000022736	3ba	128
2784	200000000000008030	たなおろし	124
2784	200000000000093866	デネブ	124
2784	1200000000000100633	登(のぼり)	124
2787	400000000000006929	ナオ	120
2787	400000000000083889	やとり	120
2787	500000000000055739	RD	120
2787	1200000000000000578	トロマス	120
2791	100000000000099119	ゆっこ	119
2792	300000000000021196	夏バテ	117
2793	1500000000000101041	Player 1008279679	116
2794	800000000000059723	うほ丸	104
2795	1500000000000035694	たけさん	98
2796	91661	＊あいり＊アバコン達成！投票ありがとうございました( ･?∀･? )	83
2796	101659	てってこ	83
2798	1100000000000009521	たぬき	80
2799	200000000000101973	Player 1008479810	79
2799	900000000000100950	prash	79
2801	900000000000085139	えふわん	70
2802	600000000000099901	あい	68
2803	1100000000000101247	Player 1008418859	67
2804	1300000000000053656	インフェルノ	65
2805	200000000000018252	manbo	64
2805	200000000000037781	KEI	64
2805	200000000000038463	アスファﾍ( ＊´ｖ`＊ﾍ)))～	64
2805	300000000000006132	チャイコフ	64
2805	300000000000052115	じょう	64
2805	300000000000088749	クロチャー	64
2805	400000000000004137	カラ	64
2805	700000000000002000	aster	64
2805	1000000000000015411	マクサス	64
2805	1000000000000084262	ぞのっち	64
2805	1100000000000006815	せつり	64
2805	1300000000000050178	松平友一	64
2805	1500000000000004543	へっぽこ	64
2805	1500000000000007387	cocoa	64
2819	1500000000000071790	アキ	62
2820	300000000000085080	Player 1004994435	61
2821	8118	K-AX P	60
2821	100000000000023419	やよい	60
2821	400000000000077813	Joe	60
2821	400000000000099611	Jing-Kai	60
2821	500000000000006094	馬超	60
2821	700000000000000923	はずむ	60
2821	700000000000023441	ネコショウ	60
2821	700000000000099090	Player 1007144167	60
2821	800000000000037061	PRケイ	60
2821	1100000000000003479	ちひろ	60
2821	1200000000000001642	ふぁーぜ	60
2821	1200000000000100965	Player 1008383308	60
2821	1400000000000100939	マリルン	60
2821	1500000000000001087	tong	60
2835	400000000000099997	Player 1007871316	52
2835	600000000000057632	よし	52
2837	500000000000098215	Player 1006980005	50
2837	900000000000097810	ΒерныЙ von	50
2839	900000000000101004	shota0608	48
2840	1100000000000101481	??	44
2841	200000000000001978	大黒天ですが、何か？	42
2842	200000000000101520	くみこP	39
2843	600000000000101590	Player 1008501302	38
2844	500000000000097820	Player 1006883413	34
2845	101710	あたびす	32
2845	500000000000100190	夕緋	32
2847	1500000000000099998	シム	31
2848	400000000000101453	Player 1008516564	29
2849	400000000000101449	あかなし	24
2850	1100000000000085280	ゆかな	22
2850	1300000000000101612	暇猫	22
2852	600000000000002408	sayuta	19
2853	100000000000087963	いもにすた	18
2853	400000000000097638	よしたけ	18
2855	1100000000000101418	オールマイト	15
2856	1100000000000101243	明日香	11
2857	300000000000101314	Player 1008507859	9
2858	200000000000004428	白皇$この、破廉恥カンカンが!!$	8
2859	200000000000000116	ブルーオーシャン	7
2860	98235	あいさす	6
2860	101811	Player 1008502592	6
2860	400000000000058552	PLUM	6
2860	1100000000000099578	sces88000	6
2860	1500000000000100178	nakahiro1006	6
2865	400000000000099417	筑摩	5
2866	101828	Player 1008507824	3
2866	100000000000101626	Player 1008485169	3
2866	300000000000096783	￥_￥	3
2866	300000000000101297	Player 1008503331	3
2866	300000000000101309	Player 1008507027	3
2866	800000000000054243	れん	3
2866	800000000000094652	Player 1006187816	3
2866	1200000000000101278	Player 1008510092	3
2866	1500000000000055781	けー	3
2875	400000000000099396	stackoverflow	2
2876	101301	あおうま	1
2876	400000000000081208	spica	1
2876	500000000000086841	いろは	1
2876	1100000000000037109	やまだいＰ	1
2876	1100000000000038052	ohon	1
